{"_id":{"$oid":"5cb100f765752c086c259d05"},"chapman_code":"ENG","county_description":"England","county_coordinator":"Captainkirk","county_coordinator_lower_case":"captainkirk","previous_county_coordinator":"Captainkirk","u_at":{"$date":"2019-04-12T21:19:51.310Z"},"c_at":{"$date":"2019-04-12T21:19:51.310Z"}}
{"_id":{"$oid":"5cb100f765752c086c259d06"},"chapman_code":"BDF","county_description":"Bedfordshire","county_coordinator":"Captainkirk","county_coordinator_lower_case":"captainkirk","previous_county_coordinator":"Captainkirk","u_at":{"$date":"2019-04-12T21:19:51.321Z"},"c_at":{"$date":"2019-04-12T21:19:51.321Z"}}
{"_id":{"$oid":"5cb100f765752c086c259d07"},"chapman_code":"BRK","county_description":"Berkshire","county_coordinator":"Captainkirk","county_coordinator_lower_case":"captainkirk","previous_county_coordinator":"Captainkirk","u_at":{"$date":"2019-04-12T21:19:51.333Z"},"c_at":{"$date":"2019-04-12T21:19:51.333Z"}}
{"_id":{"$oid":"5cb100f765752c086c259d08"},"chapman_code":"BKM","county_description":"Buckinghamshire","county_coordinator":"Captainkirk","county_coordinator_lower_case":"captainkirk","previous_county_coordinator":"Captainkirk","u_at":{"$date":"2019-04-12T21:19:51.345Z"},"c_at":{"$date":"2019-04-12T21:19:51.345Z"}}
{"_id":{"$oid":"5cb100f765752c086c259d09"},"chapman_code":"CAM","county_description":"Cambridgeshire","county_coordinator":"Captainkirk","county_coordinator_lower_case":"captainkirk","previous_county_coordinator":"Captainkirk","u_at":{"$date":"2019-04-12T21:19:51.357Z"},"c_at":{"$date":"2019-04-12T21:19:51.357Z"}}
{"_id":{"$oid":"5cb100f765752c086c259d0a"},"chapman_code":"CHS","county_description":"Cheshire","county_coordinator":"Captainkirk","county_coordinator_lower_case":"captainkirk","previous_county_coordinator":"Captainkirk","u_at":{"$date":"2019-04-12T21:19:51.369Z"},"c_at":{"$date":"2019-04-12T21:19:51.369Z"}}
{"_id":{"$oid":"5cb100f765752c086c259d0b"},"chapman_code":"CON","county_description":"Cornwall","county_coordinator":"Captainkirk","county_coordinator_lower_case":"captainkirk","previous_county_coordinator":"Captainkirk","u_at":{"$date":"2019-04-12T21:19:51.381Z"},"c_at":{"$date":"2019-04-12T21:19:51.381Z"}}
{"_id":{"$oid":"5cb100f765752c086c259d0c"},"chapman_code":"CUL","county_description":"Cumberland","county_coordinator":"Captainkirk","county_coordinator_lower_case":"captainkirk","previous_county_coordinator":"Captainkirk","u_at":{"$date":"2019-04-12T21:19:51.392Z"},"c_at":{"$date":"2019-04-12T21:19:51.392Z"}}
{"_id":{"$oid":"5cb100f765752c086c259d0d"},"chapman_code":"DBY","county_description":"Derbyshire","county_coordinator":"Captainkirk","county_coordinator_lower_case":"captainkirk","previous_county_coordinator":"Captainkirk","u_at":{"$date":"2019-04-12T21:19:51.404Z"},"c_at":{"$date":"2019-04-12T21:19:51.404Z"}}
{"_id":{"$oid":"5cb100f765752c086c259d0e"},"chapman_code":"DEV","county_description":"Devon","county_coordinator":"Captainkirk","county_coordinator_lower_case":"captainkirk","previous_county_coordinator":"Captainkirk","u_at":{"$date":"2019-04-12T21:19:51.416Z"},"c_at":{"$date":"2019-04-12T21:19:51.416Z"}}
{"_id":{"$oid":"5cb100f765752c086c259d0f"},"chapman_code":"DOR","county_description":"Dorset","county_coordinator":"Captainkirk","county_coordinator_lower_case":"captainkirk","previous_county_coordinator":"Captainkirk","u_at":{"$date":"2019-04-12T21:19:51.428Z"},"c_at":{"$date":"2019-04-12T21:19:51.428Z"}}
{"_id":{"$oid":"5cb100f765752c086c259d10"},"chapman_code":"DUR","county_description":"Durham","county_coordinator":"Captainkirk","county_coordinator_lower_case":"captainkirk","previous_county_coordinator":"Captainkirk","u_at":{"$date":"2019-04-12T21:19:51.440Z"},"c_at":{"$date":"2019-04-12T21:19:51.440Z"}}
{"_id":{"$oid":"5cb100f765752c086c259d11"},"chapman_code":"ESS","county_description":"Essex","county_coordinator":"Captainkirk","county_coordinator_lower_case":"captainkirk","previous_county_coordinator":"Captainkirk","u_at":{"$date":"2019-04-12T21:19:51.452Z"},"c_at":{"$date":"2019-04-12T21:19:51.452Z"}}
{"_id":{"$oid":"5cb100f765752c086c259d12"},"chapman_code":"GLS","county_description":"Gloucestershire","county_coordinator":"Captainkirk","county_coordinator_lower_case":"captainkirk","previous_county_coordinator":"Captainkirk","u_at":{"$date":"2019-04-12T21:19:51.464Z"},"c_at":{"$date":"2019-04-12T21:19:51.464Z"}}
{"_id":{"$oid":"5cb100f765752c086c259d13"},"chapman_code":"HAM","county_description":"Hampshire","county_coordinator":"Captainkirk","county_coordinator_lower_case":"captainkirk","previous_county_coordinator":"Captainkirk","u_at":{"$date":"2019-04-12T21:19:51.476Z"},"c_at":{"$date":"2019-04-12T21:19:51.476Z"}}
{"_id":{"$oid":"5cb100f765752c086c259d14"},"chapman_code":"HEF","county_description":"Herefordshire","county_coordinator":"Captainkirk","county_coordinator_lower_case":"captainkirk","previous_county_coordinator":"Captainkirk","u_at":{"$date":"2019-04-12T21:19:51.488Z"},"c_at":{"$date":"2019-04-12T21:19:51.488Z"}}
{"_id":{"$oid":"5cb100f765752c086c259d15"},"chapman_code":"HRT","county_description":"Hertfordshire","county_coordinator":"Captainkirk","county_coordinator_lower_case":"captainkirk","previous_county_coordinator":"Captainkirk","u_at":{"$date":"2019-04-12T21:19:51.500Z"},"c_at":{"$date":"2019-04-12T21:19:51.500Z"}}
{"_id":{"$oid":"5cb100f765752c086c259d16"},"chapman_code":"HUN","county_description":"Huntingdonshire","county_coordinator":"Captainkirk","county_coordinator_lower_case":"captainkirk","previous_county_coordinator":"Captainkirk","u_at":{"$date":"2019-04-12T21:19:51.512Z"},"c_at":{"$date":"2019-04-12T21:19:51.512Z"}}
{"_id":{"$oid":"5cb100f765752c086c259d17"},"chapman_code":"IOW","county_description":"Isle of Wight","county_coordinator":"Captainkirk","county_coordinator_lower_case":"captainkirk","previous_county_coordinator":"Captainkirk","u_at":{"$date":"2019-04-12T21:19:51.525Z"},"c_at":{"$date":"2019-04-12T21:19:51.525Z"}}
{"_id":{"$oid":"5cb100f765752c086c259d18"},"chapman_code":"KEN","county_description":"Kent","county_coordinator":"Captainkirk","county_coordinator_lower_case":"captainkirk","previous_county_coordinator":"Captainkirk","u_at":{"$date":"2019-04-12T21:19:51.536Z"},"c_at":{"$date":"2019-04-12T21:19:51.536Z"}}
{"_id":{"$oid":"5cb100f765752c086c259d19"},"chapman_code":"LAN","county_description":"Lancashire","county_coordinator":"Captainkirk","county_coordinator_lower_case":"captainkirk","previous_county_coordinator":"Captainkirk","u_at":{"$date":"2019-04-12T21:19:51.549Z"},"c_at":{"$date":"2019-04-12T21:19:51.549Z"}}
{"_id":{"$oid":"5cb100f765752c086c259d1a"},"chapman_code":"LEI","county_description":"Leicestershire","county_coordinator":"Captainkirk","county_coordinator_lower_case":"captainkirk","previous_county_coordinator":"Captainkirk","u_at":{"$date":"2019-04-12T21:19:51.561Z"},"c_at":{"$date":"2019-04-12T21:19:51.561Z"}}
{"_id":{"$oid":"5cb100f765752c086c259d1b"},"chapman_code":"LIN","county_description":"Lincolnshire","county_coordinator":"Captainkirk","county_coordinator_lower_case":"captainkirk","previous_county_coordinator":"Captainkirk","u_at":{"$date":"2019-04-12T21:19:51.573Z"},"c_at":{"$date":"2019-04-12T21:19:51.573Z"}}
{"_id":{"$oid":"5cb100f765752c086c259d1c"},"chapman_code":"LND","county_description":"London (City)","county_coordinator":"Captainkirk","county_coordinator_lower_case":"captainkirk","previous_county_coordinator":"Captainkirk","u_at":{"$date":"2019-04-12T21:19:51.585Z"},"c_at":{"$date":"2019-04-12T21:19:51.585Z"}}
{"_id":{"$oid":"5cb100f765752c086c259d1d"},"chapman_code":"MDX","county_description":"Middlesex","county_coordinator":"Captainkirk","county_coordinator_lower_case":"captainkirk","previous_county_coordinator":"Captainkirk","u_at":{"$date":"2019-04-12T21:19:51.596Z"},"c_at":{"$date":"2019-04-12T21:19:51.596Z"}}
{"_id":{"$oid":"5cb100f765752c086c259d1e"},"chapman_code":"NFK","county_description":"Norfolk","county_coordinator":"Captainkirk","county_coordinator_lower_case":"captainkirk","previous_county_coordinator":"Captainkirk","u_at":{"$date":"2019-04-12T21:19:51.608Z"},"c_at":{"$date":"2019-04-12T21:19:51.608Z"}}
{"_id":{"$oid":"5cb100f765752c086c259d1f"},"chapman_code":"NTH","county_description":"Northamptonshire","county_coordinator":"Captainkirk","county_coordinator_lower_case":"captainkirk","previous_county_coordinator":"Captainkirk","u_at":{"$date":"2019-04-12T21:19:51.621Z"},"c_at":{"$date":"2019-04-12T21:19:51.621Z"}}
{"_id":{"$oid":"5cb100f765752c086c259d20"},"chapman_code":"NBL","county_description":"Northumberland","county_coordinator":"Captainkirk","county_coordinator_lower_case":"captainkirk","previous_county_coordinator":"Captainkirk","u_at":{"$date":"2019-04-12T21:19:51.632Z"},"c_at":{"$date":"2019-04-12T21:19:51.632Z"}}
{"_id":{"$oid":"5cb100f765752c086c259d21"},"chapman_code":"NTT","county_description":"Nottinghamshire","county_coordinator":"Captainkirk","county_coordinator_lower_case":"captainkirk","previous_county_coordinator":"Captainkirk","u_at":{"$date":"2019-04-12T21:19:51.644Z"},"c_at":{"$date":"2019-04-12T21:19:51.644Z"}}
{"_id":{"$oid":"5cb100f765752c086c259d22"},"chapman_code":"OXF","county_description":"Oxfordshire","county_coordinator":"Captainkirk","county_coordinator_lower_case":"captainkirk","previous_county_coordinator":"Captainkirk","u_at":{"$date":"2019-04-12T21:19:51.656Z"},"c_at":{"$date":"2019-04-12T21:19:51.656Z"}}
{"_id":{"$oid":"5cb100f765752c086c259d23"},"chapman_code":"RUT","county_description":"Rutland","county_coordinator":"Captainkirk","county_coordinator_lower_case":"captainkirk","previous_county_coordinator":"Captainkirk","u_at":{"$date":"2019-04-12T21:19:51.668Z"},"c_at":{"$date":"2019-04-12T21:19:51.668Z"}}
{"_id":{"$oid":"5cb100f765752c086c259d24"},"chapman_code":"SAL","county_description":"Shropshire","county_coordinator":"Captainkirk","county_coordinator_lower_case":"captainkirk","previous_county_coordinator":"Captainkirk","u_at":{"$date":"2019-04-12T21:19:51.680Z"},"c_at":{"$date":"2019-04-12T21:19:51.680Z"}}
{"_id":{"$oid":"5cb100f765752c086c259d25"},"chapman_code":"SOM","county_description":"Somerset","county_coordinator":"Captainkirk","county_coordinator_lower_case":"captainkirk","previous_county_coordinator":"Captainkirk","u_at":{"$date":"2019-04-12T21:19:51.693Z"},"c_at":{"$date":"2019-04-12T21:19:51.693Z"}}
{"_id":{"$oid":"5cb100f765752c086c259d26"},"chapman_code":"STS","county_description":"Staffordshire","county_coordinator":"Captainkirk","county_coordinator_lower_case":"captainkirk","previous_county_coordinator":"Captainkirk","u_at":{"$date":"2019-04-12T21:19:51.705Z"},"c_at":{"$date":"2019-04-12T21:19:51.705Z"}}
{"_id":{"$oid":"5cb100f765752c086c259d27"},"chapman_code":"SFK","county_description":"Suffolk","county_coordinator":"Captainkirk","county_coordinator_lower_case":"captainkirk","previous_county_coordinator":"Captainkirk","u_at":{"$date":"2019-04-12T21:19:51.716Z"},"c_at":{"$date":"2019-04-12T21:19:51.716Z"}}
{"_id":{"$oid":"5cb100f765752c086c259d28"},"chapman_code":"SRY","county_description":"Surrey","county_coordinator":"Captainkirk","county_coordinator_lower_case":"captainkirk","previous_county_coordinator":"Captainkirk","u_at":{"$date":"2019-04-12T21:19:51.728Z"},"c_at":{"$date":"2019-04-12T21:19:51.728Z"}}
{"_id":{"$oid":"5cb100f765752c086c259d29"},"chapman_code":"SSX","county_description":"Sussex","county_coordinator":"Captainkirk","county_coordinator_lower_case":"captainkirk","previous_county_coordinator":"Captainkirk","u_at":{"$date":"2019-04-12T21:19:51.741Z"},"c_at":{"$date":"2019-04-12T21:19:51.741Z"}}
{"_id":{"$oid":"5cb100f765752c086c259d2a"},"chapman_code":"WAR","county_description":"Warwickshire","county_coordinator":"Captainkirk","county_coordinator_lower_case":"captainkirk","previous_county_coordinator":"Captainkirk","u_at":{"$date":"2019-04-12T21:19:51.752Z"},"c_at":{"$date":"2019-04-12T21:19:51.752Z"}}
{"_id":{"$oid":"5cb100f765752c086c259d2b"},"chapman_code":"WES","county_description":"Westmorland","county_coordinator":"Captainkirk","county_coordinator_lower_case":"captainkirk","previous_county_coordinator":"Captainkirk","u_at":{"$date":"2019-04-12T21:19:51.765Z"},"c_at":{"$date":"2019-04-12T21:19:51.765Z"}}
{"_id":{"$oid":"5cb100f765752c086c259d2c"},"chapman_code":"WIL","county_description":"Wiltshire","county_coordinator":"Captainkirk","county_coordinator_lower_case":"captainkirk","previous_county_coordinator":"Captainkirk","u_at":{"$date":"2019-04-12T21:19:51.776Z"},"c_at":{"$date":"2019-04-12T21:19:51.776Z"}}
{"_id":{"$oid":"5cb100f765752c086c259d2d"},"chapman_code":"WOR","county_description":"Worcestershire","county_coordinator":"Captainkirk","county_coordinator_lower_case":"captainkirk","previous_county_coordinator":"Captainkirk","u_at":{"$date":"2019-04-12T21:19:51.789Z"},"c_at":{"$date":"2019-04-12T21:19:51.789Z"}}
{"_id":{"$oid":"5cb100f765752c086c259d2e"},"chapman_code":"YKS","county_description":"Yorkshire","county_coordinator":"Captainkirk","county_coordinator_lower_case":"captainkirk","previous_county_coordinator":"Captainkirk","u_at":{"$date":"2019-04-12T21:19:51.800Z"},"c_at":{"$date":"2019-04-12T21:19:51.800Z"}}
{"_id":{"$oid":"5cb100f765752c086c259d2f"},"chapman_code":"ERY","county_description":"Yorkshire, East Riding","county_coordinator":"Captainkirk","county_coordinator_lower_case":"captainkirk","previous_county_coordinator":"Captainkirk","u_at":{"$date":"2019-04-12T21:19:51.812Z"},"c_at":{"$date":"2019-04-12T21:19:51.812Z"}}
{"_id":{"$oid":"5cb100f765752c086c259d30"},"chapman_code":"NRY","county_description":"Yorkshire, North Riding","county_coordinator":"Captainkirk","county_coordinator_lower_case":"captainkirk","previous_county_coordinator":"Captainkirk","u_at":{"$date":"2019-04-12T21:19:51.829Z"},"c_at":{"$date":"2019-04-12T21:19:51.829Z"}}
{"_id":{"$oid":"5cb100f765752c086c259d31"},"chapman_code":"WRY","county_description":"Yorkshire, West Riding","county_coordinator":"Captainkirk","county_coordinator_lower_case":"captainkirk","previous_county_coordinator":"Captainkirk","u_at":{"$date":"2019-04-12T21:19:51.841Z"},"c_at":{"$date":"2019-04-12T21:19:51.841Z"}}
{"_id":{"$oid":"5cb100f765752c086c259d32"},"chapman_code":"CHI","county_description":"Channel Islands","county_coordinator":"Captainkirk","county_coordinator_lower_case":"captainkirk","previous_county_coordinator":"Captainkirk","u_at":{"$date":"2019-04-12T21:19:51.853Z"},"c_at":{"$date":"2019-04-12T21:19:51.853Z"}}
{"_id":{"$oid":"5cb100f765752c086c259d33"},"chapman_code":"ALD","county_description":"Alderney","county_coordinator":"Captainkirk","county_coordinator_lower_case":"captainkirk","previous_county_coordinator":"Captainkirk","u_at":{"$date":"2019-04-12T21:19:51.865Z"},"c_at":{"$date":"2019-04-12T21:19:51.865Z"}}
{"_id":{"$oid":"5cb100f765752c086c259d34"},"chapman_code":"GSY","county_description":"Guernsey","county_coordinator":"Captainkirk","county_coordinator_lower_case":"captainkirk","previous_county_coordinator":"Captainkirk","u_at":{"$date":"2019-04-12T21:19:51.877Z"},"c_at":{"$date":"2019-04-12T21:19:51.877Z"}}
{"_id":{"$oid":"5cb100f765752c086c259d35"},"chapman_code":"JSY","county_description":"Jersey","county_coordinator":"Captainkirk","county_coordinator_lower_case":"captainkirk","previous_county_coordinator":"Captainkirk","u_at":{"$date":"2019-04-12T21:19:51.889Z"},"c_at":{"$date":"2019-04-12T21:19:51.889Z"}}
{"_id":{"$oid":"5cb100f765752c086c259d36"},"chapman_code":"IOM","county_description":"Isle of Man","county_coordinator":"Captainkirk","county_coordinator_lower_case":"captainkirk","previous_county_coordinator":"Captainkirk","u_at":{"$date":"2019-04-12T21:19:51.901Z"},"c_at":{"$date":"2019-04-12T21:19:51.901Z"}}
{"_id":{"$oid":"5cb100f765752c086c259d37"},"chapman_code":"SRK","county_description":"Sark","county_coordinator":"Captainkirk","county_coordinator_lower_case":"captainkirk","previous_county_coordinator":"Captainkirk","u_at":{"$date":"2019-04-12T21:19:51.913Z"},"c_at":{"$date":"2019-04-12T21:19:51.913Z"}}
{"_id":{"$oid":"5cb100f765752c086c259d38"},"chapman_code":"EWS","county_description":"England and Wales Shipping","county_coordinator":"Captainkirk","county_coordinator_lower_case":"captainkirk","previous_county_coordinator":"Captainkirk","u_at":{"$date":"2019-04-12T21:19:51.925Z"},"c_at":{"$date":"2019-04-12T21:19:51.925Z"}}
{"_id":{"$oid":"5cb100f765752c086c259d39"},"chapman_code":"WLS","county_description":"Wales","county_coordinator":"Captainkirk","county_coordinator_lower_case":"captainkirk","previous_county_coordinator":"Captainkirk","u_at":{"$date":"2019-04-12T21:19:51.937Z"},"c_at":{"$date":"2019-04-12T21:19:51.937Z"}}
{"_id":{"$oid":"5cb100f765752c086c259d3a"},"chapman_code":"AGY","county_description":"Anglesey","county_coordinator":"Captainkirk","county_coordinator_lower_case":"captainkirk","previous_county_coordinator":"Captainkirk","u_at":{"$date":"2019-04-12T21:19:51.949Z"},"c_at":{"$date":"2019-04-12T21:19:51.949Z"}}
{"_id":{"$oid":"5cb100f765752c086c259d3b"},"chapman_code":"BRE","county_description":"Brecknockshire","county_coordinator":"Captainkirk","county_coordinator_lower_case":"captainkirk","previous_county_coordinator":"Captainkirk","u_at":{"$date":"2019-04-12T21:19:51.960Z"},"c_at":{"$date":"2019-04-12T21:19:51.960Z"}}
{"_id":{"$oid":"5cb100f765752c086c259d3c"},"chapman_code":"CAE","county_description":"Caernarfonshire","county_coordinator":"Captainkirk","county_coordinator_lower_case":"captainkirk","previous_county_coordinator":"Captainkirk","u_at":{"$date":"2019-04-12T21:19:51.973Z"},"c_at":{"$date":"2019-04-12T21:19:51.973Z"}}
{"_id":{"$oid":"5cb100f765752c086c259d3d"},"chapman_code":"CGN","county_description":"Cardiganshire","county_coordinator":"Captainkirk","county_coordinator_lower_case":"captainkirk","previous_county_coordinator":"Captainkirk","u_at":{"$date":"2019-04-12T21:19:51.984Z"},"c_at":{"$date":"2019-04-12T21:19:51.984Z"}}
{"_id":{"$oid":"5cb100f765752c086c259d3e"},"chapman_code":"CMN","county_description":"Carmarthenshire","county_coordinator":"Captainkirk","county_coordinator_lower_case":"captainkirk","previous_county_coordinator":"Captainkirk","u_at":{"$date":"2019-04-12T21:19:51.996Z"},"c_at":{"$date":"2019-04-12T21:19:51.996Z"}}
{"_id":{"$oid":"5cb100f865752c086c259d3f"},"chapman_code":"CWD","county_description":"Clwyd","county_coordinator":"Captainkirk","county_coordinator_lower_case":"captainkirk","previous_county_coordinator":"Captainkirk","u_at":{"$date":"2019-04-12T21:19:52.008Z"},"c_at":{"$date":"2019-04-12T21:19:52.008Z"}}
{"_id":{"$oid":"5cb100f865752c086c259d40"},"chapman_code":"DEN","county_description":"Denbighshire","county_coordinator":"Captainkirk","county_coordinator_lower_case":"captainkirk","previous_county_coordinator":"Captainkirk","u_at":{"$date":"2019-04-12T21:19:52.020Z"},"c_at":{"$date":"2019-04-12T21:19:52.020Z"}}
{"_id":{"$oid":"5cb100f865752c086c259d41"},"chapman_code":"DFD","county_description":"Dyfed","county_coordinator":"Captainkirk","county_coordinator_lower_case":"captainkirk","previous_county_coordinator":"Captainkirk","u_at":{"$date":"2019-04-12T21:19:52.032Z"},"c_at":{"$date":"2019-04-12T21:19:52.032Z"}}
{"_id":{"$oid":"5cb100f865752c086c259d42"},"chapman_code":"FLN","county_description":"Flintshire","county_coordinator":"Captainkirk","county_coordinator_lower_case":"captainkirk","previous_county_coordinator":"Captainkirk","u_at":{"$date":"2019-04-12T21:19:52.044Z"},"c_at":{"$date":"2019-04-12T21:19:52.044Z"}}
{"_id":{"$oid":"5cb100f865752c086c259d43"},"chapman_code":"GLA","county_description":"Glamorgan","county_coordinator":"Captainkirk","county_coordinator_lower_case":"captainkirk","previous_county_coordinator":"Captainkirk","u_at":{"$date":"2019-04-12T21:19:52.056Z"},"c_at":{"$date":"2019-04-12T21:19:52.056Z"}}
{"_id":{"$oid":"5cb100f865752c086c259d44"},"chapman_code":"MGM","county_description":"Mid Glamorgan","county_coordinator":"Captainkirk","county_coordinator_lower_case":"captainkirk","previous_county_coordinator":"Captainkirk","u_at":{"$date":"2019-04-12T21:19:52.068Z"},"c_at":{"$date":"2019-04-12T21:19:52.068Z"}}
{"_id":{"$oid":"5cb100f865752c086c259d45"},"chapman_code":"SGM","county_description":"South Glamorgan","county_coordinator":"Captainkirk","county_coordinator_lower_case":"captainkirk","previous_county_coordinator":"Captainkirk","u_at":{"$date":"2019-04-12T21:19:52.080Z"},"c_at":{"$date":"2019-04-12T21:19:52.080Z"}}
{"_id":{"$oid":"5cb100f865752c086c259d46"},"chapman_code":"WGM","county_description":"West Glamorgan","county_coordinator":"Captainkirk","county_coordinator_lower_case":"captainkirk","previous_county_coordinator":"Captainkirk","u_at":{"$date":"2019-04-12T21:19:52.092Z"},"c_at":{"$date":"2019-04-12T21:19:52.092Z"}}
{"_id":{"$oid":"5cb100f865752c086c259d47"},"chapman_code":"GNT","county_description":"Gwent","county_coordinator":"Captainkirk","county_coordinator_lower_case":"captainkirk","previous_county_coordinator":"Captainkirk","u_at":{"$date":"2019-04-12T21:19:52.104Z"},"c_at":{"$date":"2019-04-12T21:19:52.104Z"}}
{"_id":{"$oid":"5cb100f865752c086c259d48"},"chapman_code":"GWN","county_description":"Gwynedd","county_coordinator":"Captainkirk","county_coordinator_lower_case":"captainkirk","previous_county_coordinator":"Captainkirk","u_at":{"$date":"2019-04-12T21:19:52.116Z"},"c_at":{"$date":"2019-04-12T21:19:52.116Z"}}
{"_id":{"$oid":"5cb100f865752c086c259d49"},"chapman_code":"MER","county_description":"Merionethshire","county_coordinator":"Captainkirk","county_coordinator_lower_case":"captainkirk","previous_county_coordinator":"Captainkirk","u_at":{"$date":"2019-04-12T21:19:52.128Z"},"c_at":{"$date":"2019-04-12T21:19:52.128Z"}}
{"_id":{"$oid":"5cb100f865752c086c259d4a"},"chapman_code":"MON","county_description":"Monmouthshire","county_coordinator":"Captainkirk","county_coordinator_lower_case":"captainkirk","previous_county_coordinator":"Captainkirk","u_at":{"$date":"2019-04-12T21:19:52.140Z"},"c_at":{"$date":"2019-04-12T21:19:52.140Z"}}
{"_id":{"$oid":"5cb100f865752c086c259d4b"},"chapman_code":"MGY","county_description":"Montgomeryshire","county_coordinator":"Captainkirk","county_coordinator_lower_case":"captainkirk","previous_county_coordinator":"Captainkirk","u_at":{"$date":"2019-04-12T21:19:52.152Z"},"c_at":{"$date":"2019-04-12T21:19:52.152Z"}}
{"_id":{"$oid":"5cb100f865752c086c259d4c"},"chapman_code":"PEM","county_description":"Pembrokeshire","county_coordinator":"Captainkirk","county_coordinator_lower_case":"captainkirk","previous_county_coordinator":"Captainkirk","u_at":{"$date":"2019-04-12T21:19:52.164Z"},"c_at":{"$date":"2019-04-12T21:19:52.164Z"}}
{"_id":{"$oid":"5cb100f865752c086c259d4d"},"chapman_code":"POW","county_description":"Powys","county_coordinator":"Captainkirk","county_coordinator_lower_case":"captainkirk","previous_county_coordinator":"Captainkirk","u_at":{"$date":"2019-04-12T21:19:52.176Z"},"c_at":{"$date":"2019-04-12T21:19:52.176Z"}}
{"_id":{"$oid":"5cb100f865752c086c259d4e"},"chapman_code":"RAD","county_description":"Radnorshire","county_coordinator":"Captainkirk","county_coordinator_lower_case":"captainkirk","previous_county_coordinator":"Captainkirk","u_at":{"$date":"2019-04-12T21:19:52.188Z"},"c_at":{"$date":"2019-04-12T21:19:52.188Z"}}
{"_id":{"$oid":"5cb100f865752c086c259d4f"},"chapman_code":"SCT","county_description":"Scotland","county_coordinator":"Captainkirk","county_coordinator_lower_case":"captainkirk","previous_county_coordinator":"Captainkirk","u_at":{"$date":"2019-04-12T21:19:52.200Z"},"c_at":{"$date":"2019-04-12T21:19:52.200Z"}}
{"_id":{"$oid":"5cb100f865752c086c259d50"},"chapman_code":"ABD","county_description":"Aberdeenshire","county_coordinator":"Captainkirk","county_coordinator_lower_case":"captainkirk","previous_county_coordinator":"Captainkirk","u_at":{"$date":"2019-04-12T21:19:52.212Z"},"c_at":{"$date":"2019-04-12T21:19:52.212Z"}}
{"_id":{"$oid":"5cb100f865752c086c259d51"},"chapman_code":"ANS","county_description":"Angus (Forfarshire)","county_coordinator":"Captainkirk","county_coordinator_lower_case":"captainkirk","previous_county_coordinator":"Captainkirk","u_at":{"$date":"2019-04-12T21:19:52.225Z"},"c_at":{"$date":"2019-04-12T21:19:52.225Z"}}
{"_id":{"$oid":"5cb100f865752c086c259d52"},"chapman_code":"ARL","county_description":"Argyllshire","county_coordinator":"Captainkirk","county_coordinator_lower_case":"captainkirk","previous_county_coordinator":"Captainkirk","u_at":{"$date":"2019-04-12T21:19:52.236Z"},"c_at":{"$date":"2019-04-12T21:19:52.236Z"}}
{"_id":{"$oid":"5cb100f865752c086c259d53"},"chapman_code":"AYR","county_description":"Ayrshire","county_coordinator":"Captainkirk","county_coordinator_lower_case":"captainkirk","previous_county_coordinator":"Captainkirk","u_at":{"$date":"2019-04-12T21:19:52.248Z"},"c_at":{"$date":"2019-04-12T21:19:52.248Z"}}
{"_id":{"$oid":"5cb100f865752c086c259d54"},"chapman_code":"BAN","county_description":"Banffshire","county_coordinator":"Captainkirk","county_coordinator_lower_case":"captainkirk","previous_county_coordinator":"Captainkirk","u_at":{"$date":"2019-04-12T21:19:52.260Z"},"c_at":{"$date":"2019-04-12T21:19:52.260Z"}}
{"_id":{"$oid":"5cb100f865752c086c259d55"},"chapman_code":"BEW","county_description":"Berwickshire","county_coordinator":"Captainkirk","county_coordinator_lower_case":"captainkirk","previous_county_coordinator":"Captainkirk","u_at":{"$date":"2019-04-12T21:19:52.272Z"},"c_at":{"$date":"2019-04-12T21:19:52.272Z"}}
{"_id":{"$oid":"5cb100f865752c086c259d56"},"chapman_code":"BOR","county_description":"Borders","county_coordinator":"Captainkirk","county_coordinator_lower_case":"captainkirk","previous_county_coordinator":"Captainkirk","u_at":{"$date":"2019-04-12T21:19:52.283Z"},"c_at":{"$date":"2019-04-12T21:19:52.283Z"}}
{"_id":{"$oid":"5cb100f865752c086c259d57"},"chapman_code":"BUT","county_description":"Bute","county_coordinator":"Captainkirk","county_coordinator_lower_case":"captainkirk","previous_county_coordinator":"Captainkirk","u_at":{"$date":"2019-04-12T21:19:52.296Z"},"c_at":{"$date":"2019-04-12T21:19:52.296Z"}}
{"_id":{"$oid":"5cb100f865752c086c259d58"},"chapman_code":"CAI","county_description":"Caithness","county_coordinator":"Captainkirk","county_coordinator_lower_case":"captainkirk","previous_county_coordinator":"Captainkirk","u_at":{"$date":"2019-04-12T21:19:52.308Z"},"c_at":{"$date":"2019-04-12T21:19:52.308Z"}}
{"_id":{"$oid":"5cb100f865752c086c259d59"},"chapman_code":"CEN","county_description":"Central","county_coordinator":"Captainkirk","county_coordinator_lower_case":"captainkirk","previous_county_coordinator":"Captainkirk","u_at":{"$date":"2019-04-12T21:19:52.320Z"},"c_at":{"$date":"2019-04-12T21:19:52.320Z"}}
{"_id":{"$oid":"5cb100f865752c086c259d5a"},"chapman_code":"CLK","county_description":"Clackmannanshire","county_coordinator":"Captainkirk","county_coordinator_lower_case":"captainkirk","previous_county_coordinator":"Captainkirk","u_at":{"$date":"2019-04-12T21:19:52.331Z"},"c_at":{"$date":"2019-04-12T21:19:52.331Z"}}
{"_id":{"$oid":"5cb100f865752c086c259d5b"},"chapman_code":"DGY","county_description":"Dumfries and Galloway","county_coordinator":"Captainkirk","county_coordinator_lower_case":"captainkirk","previous_county_coordinator":"Captainkirk","u_at":{"$date":"2019-04-12T21:19:52.344Z"},"c_at":{"$date":"2019-04-12T21:19:52.344Z"}}
{"_id":{"$oid":"5cb100f865752c086c259d5c"},"chapman_code":"DFS","county_description":"Dumfriesshire","county_coordinator":"Captainkirk","county_coordinator_lower_case":"captainkirk","previous_county_coordinator":"Captainkirk","u_at":{"$date":"2019-04-12T21:19:52.355Z"},"c_at":{"$date":"2019-04-12T21:19:52.355Z"}}
{"_id":{"$oid":"5cb100f865752c086c259d5d"},"chapman_code":"DNB","county_description":"Dunbartonshire","county_coordinator":"Captainkirk","county_coordinator_lower_case":"captainkirk","previous_county_coordinator":"Captainkirk","u_at":{"$date":"2019-04-12T21:19:52.367Z"},"c_at":{"$date":"2019-04-12T21:19:52.367Z"}}
{"_id":{"$oid":"5cb100f865752c086c259d5e"},"chapman_code":"ELN","county_description":"East Lothian","county_coordinator":"Captainkirk","county_coordinator_lower_case":"captainkirk","previous_county_coordinator":"Captainkirk","u_at":{"$date":"2019-04-12T21:19:52.379Z"},"c_at":{"$date":"2019-04-12T21:19:52.379Z"}}
{"_id":{"$oid":"5cb100f865752c086c259d5f"},"chapman_code":"FIF","county_description":"Fife","county_coordinator":"Captainkirk","county_coordinator_lower_case":"captainkirk","previous_county_coordinator":"Captainkirk","u_at":{"$date":"2019-04-12T21:19:52.391Z"},"c_at":{"$date":"2019-04-12T21:19:52.391Z"}}
{"_id":{"$oid":"5cb100f865752c086c259d60"},"chapman_code":"GMP","county_description":"Grampian","county_coordinator":"Captainkirk","county_coordinator_lower_case":"captainkirk","previous_county_coordinator":"Captainkirk","u_at":{"$date":"2019-04-12T21:19:52.403Z"},"c_at":{"$date":"2019-04-12T21:19:52.403Z"}}
{"_id":{"$oid":"5cb100f865752c086c259d61"},"chapman_code":"HLD","county_description":"Highland","county_coordinator":"Captainkirk","county_coordinator_lower_case":"captainkirk","previous_county_coordinator":"Captainkirk","u_at":{"$date":"2019-04-12T21:19:52.415Z"},"c_at":{"$date":"2019-04-12T21:19:52.415Z"}}
{"_id":{"$oid":"5cb100f865752c086c259d62"},"chapman_code":"INV","county_description":"Inverness-shire","county_coordinator":"Captainkirk","county_coordinator_lower_case":"captainkirk","previous_county_coordinator":"Captainkirk","u_at":{"$date":"2019-04-12T21:19:52.427Z"},"c_at":{"$date":"2019-04-12T21:19:52.427Z"}}
{"_id":{"$oid":"5cb100f865752c086c259d63"},"chapman_code":"KCD","county_description":"Kincardineshire","county_coordinator":"Captainkirk","county_coordinator_lower_case":"captainkirk","previous_county_coordinator":"Captainkirk","u_at":{"$date":"2019-04-12T21:19:52.439Z"},"c_at":{"$date":"2019-04-12T21:19:52.439Z"}}
{"_id":{"$oid":"5cb100f865752c086c259d64"},"chapman_code":"KRS","county_description":"Kinross-shire","county_coordinator":"Captainkirk","county_coordinator_lower_case":"captainkirk","previous_county_coordinator":"Captainkirk","u_at":{"$date":"2019-04-12T21:19:52.451Z"},"c_at":{"$date":"2019-04-12T21:19:52.451Z"}}
{"_id":{"$oid":"5cb100f865752c086c259d65"},"chapman_code":"KKD","county_description":"Kirkcudbrightshire","county_coordinator":"Captainkirk","county_coordinator_lower_case":"captainkirk","previous_county_coordinator":"Captainkirk","u_at":{"$date":"2019-04-12T21:19:52.463Z"},"c_at":{"$date":"2019-04-12T21:19:52.463Z"}}
{"_id":{"$oid":"5cb100f865752c086c259d66"},"chapman_code":"LKS","county_description":"Lanarkshire","county_coordinator":"Captainkirk","county_coordinator_lower_case":"captainkirk","previous_county_coordinator":"Captainkirk","u_at":{"$date":"2019-04-12T21:19:52.475Z"},"c_at":{"$date":"2019-04-12T21:19:52.475Z"}}
{"_id":{"$oid":"5cb100f865752c086c259d67"},"chapman_code":"LTN","county_description":"Lothian","county_coordinator":"Captainkirk","county_coordinator_lower_case":"captainkirk","previous_county_coordinator":"Captainkirk","u_at":{"$date":"2019-04-12T21:19:52.487Z"},"c_at":{"$date":"2019-04-12T21:19:52.487Z"}}
{"_id":{"$oid":"5cb100f865752c086c259d68"},"chapman_code":"MLN","county_description":"Midlothian","county_coordinator":"Captainkirk","county_coordinator_lower_case":"captainkirk","previous_county_coordinator":"Captainkirk","u_at":{"$date":"2019-04-12T21:19:52.499Z"},"c_at":{"$date":"2019-04-12T21:19:52.499Z"}}
{"_id":{"$oid":"5cb100f865752c086c259d69"},"chapman_code":"MOR","county_description":"Morayshire","county_coordinator":"Captainkirk","county_coordinator_lower_case":"captainkirk","previous_county_coordinator":"Captainkirk","u_at":{"$date":"2019-04-12T21:19:52.511Z"},"c_at":{"$date":"2019-04-12T21:19:52.511Z"}}
{"_id":{"$oid":"5cb100f865752c086c259d6a"},"chapman_code":"NAI","county_description":"Nairnshire","county_coordinator":"Captainkirk","county_coordinator_lower_case":"captainkirk","previous_county_coordinator":"Captainkirk","u_at":{"$date":"2019-04-12T21:19:52.523Z"},"c_at":{"$date":"2019-04-12T21:19:52.523Z"}}
{"_id":{"$oid":"5cb100f865752c086c259d6b"},"chapman_code":"OKI","county_description":"Orkney Isles","county_coordinator":"Captainkirk","county_coordinator_lower_case":"captainkirk","previous_county_coordinator":"Captainkirk","u_at":{"$date":"2019-04-12T21:19:52.535Z"},"c_at":{"$date":"2019-04-12T21:19:52.535Z"}}
{"_id":{"$oid":"5cb100f865752c086c259d6c"},"chapman_code":"OKI","county_description":"Orkney Isles","county_coordinator":"Captainkirk","county_coordinator_lower_case":"captainkirk","previous_county_coordinator":"Captainkirk","u_at":{"$date":"2019-04-12T21:19:52.547Z"},"c_at":{"$date":"2019-04-12T21:19:52.547Z"}}
{"_id":{"$oid":"5cb100f865752c086c259d6d"},"chapman_code":"PEE","county_description":"Peeblesshire","county_coordinator":"Captainkirk","county_coordinator_lower_case":"captainkirk","previous_county_coordinator":"Captainkirk","u_at":{"$date":"2019-04-12T21:19:52.559Z"},"c_at":{"$date":"2019-04-12T21:19:52.559Z"}}
{"_id":{"$oid":"5cb100f865752c086c259d6e"},"chapman_code":"PER","county_description":"Perthshire","county_coordinator":"Captainkirk","county_coordinator_lower_case":"captainkirk","previous_county_coordinator":"Captainkirk","u_at":{"$date":"2019-04-12T21:19:52.571Z"},"c_at":{"$date":"2019-04-12T21:19:52.571Z"}}
{"_id":{"$oid":"5cb100f865752c086c259d6f"},"chapman_code":"RFW","county_description":"Renfrewshire","county_coordinator":"Captainkirk","county_coordinator_lower_case":"captainkirk","previous_county_coordinator":"Captainkirk","u_at":{"$date":"2019-04-12T21:19:52.583Z"},"c_at":{"$date":"2019-04-12T21:19:52.583Z"}}
{"_id":{"$oid":"5cb100f865752c086c259d70"},"chapman_code":"ROC","county_description":"Ross and Cromarty","county_coordinator":"Captainkirk","county_coordinator_lower_case":"captainkirk","previous_county_coordinator":"Captainkirk","u_at":{"$date":"2019-04-12T21:19:52.595Z"},"c_at":{"$date":"2019-04-12T21:19:52.595Z"}}
{"_id":{"$oid":"5cb100f865752c086c259d71"},"chapman_code":"ROX","county_description":"Roxburghshire","county_coordinator":"Captainkirk","county_coordinator_lower_case":"captainkirk","previous_county_coordinator":"Captainkirk","u_at":{"$date":"2019-04-12T21:19:52.608Z"},"c_at":{"$date":"2019-04-12T21:19:52.608Z"}}
{"_id":{"$oid":"5cb100f865752c086c259d72"},"chapman_code":"SEL","county_description":"Selkirkshire","county_coordinator":"Captainkirk","county_coordinator_lower_case":"captainkirk","previous_county_coordinator":"Captainkirk","u_at":{"$date":"2019-04-12T21:19:52.619Z"},"c_at":{"$date":"2019-04-12T21:19:52.619Z"}}
{"_id":{"$oid":"5cb100f865752c086c259d73"},"chapman_code":"SHI","county_description":"Shetland Isles","county_coordinator":"Captainkirk","county_coordinator_lower_case":"captainkirk","previous_county_coordinator":"Captainkirk","u_at":{"$date":"2019-04-12T21:19:52.631Z"},"c_at":{"$date":"2019-04-12T21:19:52.631Z"}}
{"_id":{"$oid":"5cb100f865752c086c259d74"},"chapman_code":"SHI","county_description":"Shetland Isles","county_coordinator":"Captainkirk","county_coordinator_lower_case":"captainkirk","previous_county_coordinator":"Captainkirk","u_at":{"$date":"2019-04-12T21:19:52.643Z"},"c_at":{"$date":"2019-04-12T21:19:52.643Z"}}
{"_id":{"$oid":"5cb100f865752c086c259d75"},"chapman_code":"STI","county_description":"Stirlingshire","county_coordinator":"Captainkirk","county_coordinator_lower_case":"captainkirk","previous_county_coordinator":"Captainkirk","u_at":{"$date":"2019-04-12T21:19:52.655Z"},"c_at":{"$date":"2019-04-12T21:19:52.655Z"}}
{"_id":{"$oid":"5cb100f865752c086c259d76"},"chapman_code":"STD","county_description":"Strathclyde","county_coordinator":"Captainkirk","county_coordinator_lower_case":"captainkirk","previous_county_coordinator":"Captainkirk","u_at":{"$date":"2019-04-12T21:19:52.667Z"},"c_at":{"$date":"2019-04-12T21:19:52.667Z"}}
{"_id":{"$oid":"5cb100f865752c086c259d77"},"chapman_code":"SUT","county_description":"Sutherland","county_coordinator":"Captainkirk","county_coordinator_lower_case":"captainkirk","previous_county_coordinator":"Captainkirk","u_at":{"$date":"2019-04-12T21:19:52.679Z"},"c_at":{"$date":"2019-04-12T21:19:52.679Z"}}
{"_id":{"$oid":"5cb100f865752c086c259d78"},"chapman_code":"TAY","county_description":"Tayside","county_coordinator":"Captainkirk","county_coordinator_lower_case":"captainkirk","previous_county_coordinator":"Captainkirk","u_at":{"$date":"2019-04-12T21:19:52.691Z"},"c_at":{"$date":"2019-04-12T21:19:52.691Z"}}
{"_id":{"$oid":"5cb100f865752c086c259d79"},"chapman_code":"WLN","county_description":"West Lothian","county_coordinator":"Captainkirk","county_coordinator_lower_case":"captainkirk","previous_county_coordinator":"Captainkirk","u_at":{"$date":"2019-04-12T21:19:52.702Z"},"c_at":{"$date":"2019-04-12T21:19:52.702Z"}}
{"_id":{"$oid":"5cb100f865752c086c259d7a"},"chapman_code":"WIS","county_description":"Western Isles","county_coordinator":"Captainkirk","county_coordinator_lower_case":"captainkirk","previous_county_coordinator":"Captainkirk","u_at":{"$date":"2019-04-12T21:19:52.714Z"},"c_at":{"$date":"2019-04-12T21:19:52.714Z"}}
{"_id":{"$oid":"5cb100f865752c086c259d7b"},"chapman_code":"WIG","county_description":"Wigtownshire","county_coordinator":"Captainkirk","county_coordinator_lower_case":"captainkirk","previous_county_coordinator":"Captainkirk","u_at":{"$date":"2019-04-12T21:19:52.726Z"},"c_at":{"$date":"2019-04-12T21:19:52.726Z"}}
{"_id":{"$oid":"5cb100f865752c086c259d7c"},"chapman_code":"SCS","county_description":"Scottish Shipping","county_coordinator":"Captainkirk","county_coordinator_lower_case":"captainkirk","previous_county_coordinator":"Captainkirk","u_at":{"$date":"2019-04-12T21:19:52.738Z"},"c_at":{"$date":"2019-04-12T21:19:52.738Z"}}
