{"_id":{"$oid":"5cb100f565752c086c259d02"},"country_coordinator":"Captainkirk","country_coordinator_lower_case":"captainkirk","country_code":"England","country_description":"England","counties_included":["ENG","BDF","BRK","BKM","CAM","CHS","CON","CUL","DBY","DEV","DOR","DUR","ESS","GLS","HAM","HEF","HRT","HUN","IOW","KEN","LAN","LEI","LIN","LND","MDX","NFK","NTH","NBL","NTT","OXF","RUT","SAL","SOM","STS","SFK","SRY","SSX","WAR","WES","WIL","WOR","YKS","ERY","NRY","WRY","CHI","ALD","GSY","JSY","IOM","SRK","EWS"],"u_at":{"$date":"2019-04-12T21:19:49.215Z"},"c_at":{"$date":"2019-04-12T21:19:49.215Z"}}
{"_id":{"$oid":"5cb100f565752c086c259d03"},"country_coordinator":"Captainkirk","country_coordinator_lower_case":"captainkirk","previous_country_coordinator":"Captainkirk","country_code":"Wales","country_description":"Wales","counties_included":["WLS","AGY","BRE","CAE","CGN","CMN","CWD","DEN","DFD","FLN","GLA","MGM","SGM","WGM","GNT","GWN","MER","MON","MGY","PEM","POW","RAD"],"u_at":{"$date":"2019-04-12T21:19:49.227Z"},"c_at":{"$date":"2019-04-12T21:19:49.227Z"}}
{"_id":{"$oid":"5cb100f565752c086c259d04"},"country_coordinator":"Captainkirk","country_coordinator_lower_case":"captainkirk","country_code":"Scotland","country_description":"Scotland","counties_included":["SCT","ABD","ANS","ARL","AYR","BAN","BEW","BOR","BUT","CAI","CEN","CLK","DGY","DFS","DNB","ELN","FIF","GMP","HLD","INV","KCD","KRS","KKD","LKS","LTN","MLN","MOR","NAI","OKI","OKI","PEE","PER","RFW","ROC","ROX","SEL","SHI","SHI","STI","STD","SUT","TAY","WLN","WIS","WIG","SCS"],"u_at":{"$date":"2019-04-12T21:19:49.239Z"},"c_at":{"$date":"2019-04-12T21:19:49.239Z"}}
