{"_id":{"$oid":"5722e036f493fd9e88000116"},"denomination":"Baptist - Scottish2","notes":"","u_at":{"$date":"2016-12-11T10:01:39.340Z"},"c_at":{"$date":"2016-04-29T04:16:54.596Z"}}
{"_id":{"$oid":"5722e011f493fd9e88000112"},"denomination":"Baptist","notes":"","u_at":{"$date":"2016-04-29T04:16:17.772Z"},"c_at":{"$date":"2016-04-29T04:16:17.772Z"}}
{"_id":{"$oid":"5722e086f493fd9e8800011e"},"denomination":"Bible Christian","notes":"","u_at":{"$date":"2016-04-29T04:18:14.164Z"},"c_at":{"$date":"2016-04-29T04:18:14.164Z"}}
{"_id":{"$oid":"5722e0acf493fd9e88000122"},"denomination":"Cemetery","notes":"Public Cemetery","u_at":{"$date":"2016-04-29T04:18:52.996Z"},"c_at":{"$date":"2016-04-29T04:18:52.996Z"}}
{"_id":{"$oid":"5722e06bf493fd9e8800011c"},"denomination":"Bethel","notes":"","u_at":{"$date":"2016-04-29T04:17:47.338Z"},"c_at":{"$date":"2016-04-29T04:17:47.338Z"}}
{"_id":{"$oid":"5722e0c0f493fd9e88000124"},"denomination":"Christadelphian","notes":"","u_at":{"$date":"2016-04-29T04:19:12.630Z"},"c_at":{"$date":"2016-04-29T04:19:12.630Z"}}
{"_id":{"$oid":"5722e0d3f493fd9e88000126"},"denomination":"Christian Fellowship","notes":"","u_at":{"$date":"2016-04-29T04:19:31.122Z"},"c_at":{"$date":"2016-04-29T04:19:31.122Z"}}
{"_id":{"$oid":"5722e0f6f493fd9e88000128"},"denomination":"Christ Scientist","notes":"First Church of Christ Scientist","u_at":{"$date":"2016-04-29T04:20:06.310Z"},"c_at":{"$date":"2016-04-29T04:20:06.310Z"}}
{"_id":{"$oid":"5722e116f493fd9e8800012a"},"denomination":"Church in Wales","notes":"","u_at":{"$date":"2016-04-29T04:20:38.566Z"},"c_at":{"$date":"2016-04-29T04:20:38.566Z"}}
{"_id":{"$oid":"5722e126f493fd9e8800012c"},"denomination":"Church of Christ","notes":"","u_at":{"$date":"2016-04-29T04:20:54.443Z"},"c_at":{"$date":"2016-04-29T04:20:54.443Z"}}
{"_id":{"$oid":"5722e16ef493fd9e88000130"},"denomination":"Church of God","notes":"","u_at":{"$date":"2016-04-29T04:22:06.047Z"},"c_at":{"$date":"2016-04-29T04:22:06.047Z"}}
{"_id":{"$oid":"5722e137f493fd9e8800012e"},"denomination":"Church of England","notes":"C of E","u_at":{"$date":"2016-04-29T04:21:32.515Z"},"c_at":{"$date":"2016-04-29T04:21:11.147Z"}}
{"_id":{"$oid":"5722dfeaf493fd9e8800010e"},"denomination":"Anglican","notes":"","u_at":{"$date":"2016-04-29T04:15:38.514Z"},"c_at":{"$date":"2016-04-29T04:15:38.514Z"}}
{"_id":{"$oid":"5722dfcdf493fd9e8800010c"},"denomination":"7th Day Adventist","notes":"","u_at":{"$date":"2016-04-29T04:15:09.034Z"},"c_at":{"$date":"2016-04-29T04:15:09.034Z"}}
{"_id":{"$oid":"5722e21cf493fd9e8800013c"},"denomination":"Ebenezer","notes":"Countess of Huntingdon's denomination","u_at":{"$date":"2016-04-29T04:25:00.721Z"},"c_at":{"$date":"2016-04-29T04:25:00.721Z"}}
{"_id":{"$oid":"5722e057f493fd9e8800011a"},"denomination":"Baptist - Welsh","notes":"","u_at":{"$date":"2016-04-29T04:17:27.840Z"},"c_at":{"$date":"2016-04-29T04:17:27.840Z"}}
{"_id":{"$oid":"5722e1b2f493fd9e88000138"},"denomination":"Dissenting","notes":"","u_at":{"$date":"2016-04-29T04:23:14.247Z"},"c_at":{"$date":"2016-04-29T04:23:14.247Z"}}
{"_id":{"$oid":"5722e1a2f493fd9e88000136"},"denomination":"Congregational","notes":"","u_at":{"$date":"2016-04-29T04:22:58.427Z"},"c_at":{"$date":"2016-04-29T04:22:58.427Z"}}
{"_id":{"$oid":"5722e23df493fd9e88000140"},"denomination":"Episcopal","notes":"","u_at":{"$date":"2016-04-29T04:25:33.460Z"},"c_at":{"$date":"2016-04-29T04:25:33.460Z"}}
{"_id":{"$oid":"5722e24af493fd9e88000142"},"denomination":"Episcopal - Reformed","notes":"","u_at":{"$date":"2016-04-29T04:25:46.623Z"},"c_at":{"$date":"2016-04-29T04:25:46.623Z"}}
{"_id":{"$oid":"5722e17ff493fd9e88000132"},"denomination":"Church of Jesus Christ of Latter Day Saints","notes":"","u_at":{"$date":"2016-04-29T04:22:23.077Z"},"c_at":{"$date":"2016-04-29T04:22:23.077Z"}}
{"_id":{"$oid":"5722dffff493fd9e88000110"},"denomination":"Apostolic","notes":"","u_at":{"$date":"2016-04-29T04:15:59.437Z"},"c_at":{"$date":"2016-04-29T04:15:59.437Z"}}
{"_id":{"$oid":"5722e192f493fd9e88000134"},"denomination":"Church of Scotland","notes":"","u_at":{"$date":"2016-04-29T04:22:42.262Z"},"c_at":{"$date":"2016-04-29T04:22:42.262Z"}}
{"_id":{"$oid":"5722e258f493fd9e88000146"},"denomination":"Evangelical","notes":"","u_at":{"$date":"2016-04-29T04:26:00.466Z"},"c_at":{"$date":"2016-04-29T04:26:00.466Z"}}
{"_id":{"$oid":"5722e26af493fd9e88000148"},"denomination":"Free Church","notes":"","u_at":{"$date":"2016-04-29T04:26:18.375Z"},"c_at":{"$date":"2016-04-29T04:26:18.375Z"}}
{"_id":{"$oid":"5722e278f493fd9e8800014a"},"denomination":"Gospel","notes":"","u_at":{"$date":"2016-04-29T04:26:32.631Z"},"c_at":{"$date":"2016-04-29T04:26:32.631Z"}}
{"_id":{"$oid":"5722e287f493fd9e8800014c"},"denomination":"Greek Orthodox","notes":"","u_at":{"$date":"2016-04-29T04:26:47.233Z"},"c_at":{"$date":"2016-04-29T04:26:47.233Z"}}
{"_id":{"$oid":"5722e2adf493fd9e8800014f"},"denomination":"Jehovah's Witness","notes":"","u_at":{"$date":"2016-04-29T04:27:25.390Z"},"c_at":{"$date":"2016-04-29T04:27:25.390Z"}}
{"_id":{"$oid":"5722e29df493fdb274000010"},"denomination":"Humanist","notes":"","u_at":{"$date":"2016-04-29T04:27:09.592Z"},"c_at":{"$date":"2016-04-29T04:27:09.592Z"}}
{"_id":{"$oid":"5722e327f493fd9e8800015f"},"denomination":"Methodist - Primitive","notes":"","u_at":{"$date":"2016-04-29T04:29:27.609Z"},"c_at":{"$date":"2016-04-29T04:29:27.609Z"}}
{"_id":{"$oid":"5722e2e1f493fd9e88000157"},"denomination":"Methodist - Bethesda Primitive","notes":"","u_at":{"$date":"2016-04-29T04:28:17.816Z"},"c_at":{"$date":"2016-04-29T04:28:17.816Z"}}
{"_id":{"$oid":"5722e2bcf493fd9e88000151"},"denomination":"Jewish","notes":"","u_at":{"$date":"2016-04-29T04:27:40.311Z"},"c_at":{"$date":"2016-04-29T04:27:40.311Z"}}
{"_id":{"$oid":"5722e2fff493fd9e8800015b"},"denomination":"Methodist - Independent","notes":"","u_at":{"$date":"2016-04-29T04:28:47.882Z"},"c_at":{"$date":"2016-04-29T04:28:47.882Z"}}
{"_id":{"$oid":"5722e36cf493fd9e88000165"},"denomination":"Methodist - United Reformed","notes":"","u_at":{"$date":"2016-04-29T04:30:36.578Z"},"c_at":{"$date":"2016-04-29T04:30:36.578Z"}}
{"_id":{"$oid":"5722e024f493fd9e88000114"},"denomination":"Baptist - Particular","notes":"","u_at":{"$date":"2016-04-29T04:16:36.484Z"},"c_at":{"$date":"2016-04-29T04:16:36.484Z"}}
{"_id":{"$oid":"5722e37cf493fd9e88000167"},"denomination":"Methodist - Wesleyan","notes":"","u_at":{"$date":"2016-04-29T04:30:52.146Z"},"c_at":{"$date":"2016-04-29T04:30:52.146Z"}}
{"_id":{"$oid":"5722e348f493fd9e88000161"},"denomination":"Methodist - United Free ","notes":"","u_at":{"$date":"2016-04-29T04:30:00.613Z"},"c_at":{"$date":"2016-04-29T04:30:00.613Z"}}
{"_id":{"$oid":"5722e38cf493fd9e88000169"},"denomination":"Methodist - Wesleyan Reform","notes":"","u_at":{"$date":"2016-04-29T04:31:08.475Z"},"c_at":{"$date":"2016-04-29T04:31:08.475Z"}}
{"_id":{"$oid":"5722e3b2f493fd9e8800016d"},"denomination":"Nazarene","notes":"","u_at":{"$date":"2016-04-29T04:31:46.525Z"},"c_at":{"$date":"2016-04-29T04:31:46.525Z"}}
{"_id":{"$oid":"5722e39cf493fd9e8800016b"},"denomination":"Moravian","notes":"","u_at":{"$date":"2016-04-29T04:31:24.900Z"},"c_at":{"$date":"2016-04-29T04:31:24.900Z"}}
{"_id":{"$oid":"5722e3c2f493fd9e8800016f"},"denomination":"New Jerusalem","notes":"","u_at":{"$date":"2016-04-29T04:32:02.489Z"},"c_at":{"$date":"2016-04-29T04:32:02.489Z"}}
{"_id":{"$oid":"5722e35bf493fd9e88000163"},"denomination":"Methodist - United Providence","notes":"","u_at":{"$date":"2016-04-29T04:30:19.386Z"},"c_at":{"$date":"2016-04-29T04:30:19.386Z"}}
{"_id":{"$oid":"5722e2f1f493fd9e88000159"},"denomination":"Methodist - Calvinistic ","notes":"","u_at":{"$date":"2016-04-29T04:28:33.118Z"},"c_at":{"$date":"2016-04-29T04:28:33.118Z"}}
{"_id":{"$oid":"5722e2d0f493fd9e88000153"},"denomination":"Methodist","notes":"","u_at":{"$date":"2016-04-29T04:28:00.364Z"},"c_at":{"$date":"2016-04-29T04:28:00.364Z"}}
{"_id":{"$oid":"5722e3d1f493fd9e88000171"},"denomination":"New Life","notes":"","u_at":{"$date":"2016-04-29T04:32:17.753Z"},"c_at":{"$date":"2016-04-29T04:32:17.753Z"}}
{"_id":{"$oid":"5722e3e4f493fd9e88000175"},"denomination":"Orthodox","notes":"","u_at":{"$date":"2016-04-29T04:32:36.857Z"},"c_at":{"$date":"2016-04-29T04:32:36.857Z"}}
{"_id":{"$oid":"5722e314f493fd9e8800015d"},"denomination":"Methodist - New Connexion","notes":"","u_at":{"$date":"2016-04-29T04:29:08.672Z"},"c_at":{"$date":"2016-04-29T04:29:08.672Z"}}
{"_id":{"$oid":"5722e49af493fd9e88000193"},"denomination":"Roman Catholic","notes":"","u_at":{"$date":"2016-04-29T04:35:38.187Z"},"c_at":{"$date":"2016-04-29T04:35:38.187Z"}}
{"_id":{"$oid":"5722e405f493fd9e8800017b"},"denomination":"Pentecostal","notes":"","u_at":{"$date":"2016-04-29T04:33:09.488Z"},"c_at":{"$date":"2016-04-29T04:33:09.488Z"}}
{"_id":{"$oid":"5722e4a9f493fd3848000001"},"denomination":"Russian Orthodox","notes":"","u_at":{"$date":"2016-04-29T04:35:53.966Z"},"c_at":{"$date":"2016-04-29T04:35:53.966Z"}}
{"_id":{"$oid":"5722e4b9f493fd9e88000198"},"denomination":"Salem","notes":"","u_at":{"$date":"2016-04-29T04:36:09.592Z"},"c_at":{"$date":"2016-04-29T04:36:09.592Z"}}
{"_id":{"$oid":"5722e48af493fd9e8800018f"},"denomination":"Quaker (Society of Friends)","notes":"","u_at":{"$date":"2016-04-29T04:35:22.515Z"},"c_at":{"$date":"2016-04-29T04:35:22.515Z"}}
{"_id":{"$oid":"5722e476f493fd9e8800018d"},"denomination":"Protestant Dissenters","notes":"","u_at":{"$date":"2016-04-29T04:35:02.914Z"},"c_at":{"$date":"2016-04-29T04:35:02.914Z"}}
{"_id":{"$oid":"5722e4c8f493fd9e8800019a"},"denomination":"Salvation Army","notes":"","u_at":{"$date":"2016-04-29T04:36:24.233Z"},"c_at":{"$date":"2016-04-29T04:36:24.233Z"}}
{"_id":{"$oid":"5722e4d8f493fd9e8800019c"},"denomination":"Spiritualist","notes":"","u_at":{"$date":"2016-04-29T04:36:40.257Z"},"c_at":{"$date":"2016-04-29T04:36:40.257Z"}}
{"_id":{"$oid":"5722e4e7f493fd9e8800019e"},"denomination":"Swedenborgian","notes":"","u_at":{"$date":"2016-04-29T04:36:55.130Z"},"c_at":{"$date":"2016-04-29T04:36:55.130Z"}}
{"_id":{"$oid":"5722e506f493fd9e880001a2"},"denomination":"UNKNOWN","notes":"","u_at":{"$date":"2016-04-29T04:37:26.618Z"},"c_at":{"$date":"2016-04-29T04:37:26.618Z"}}
{"_id":{"$oid":"5722e4f6f493fd9e880001a0"},"denomination":"Tabernacle","notes":"","u_at":{"$date":"2016-04-29T04:37:10.636Z"},"c_at":{"$date":"2016-04-29T04:37:10.636Z"}}
{"_id":{"$oid":"5722e526f493fdb274000012"},"denomination":"Wesleyan","notes":"","u_at":{"$date":"2016-04-29T04:37:58.488Z"},"c_at":{"$date":"2016-04-29T04:37:58.488Z"}}
{"_id":{"$oid":"5722e516f493fd9e880001a4"},"denomination":"Unitarian","notes":"","u_at":{"$date":"2016-04-29T04:37:42.984Z"},"c_at":{"$date":"2016-04-29T04:37:42.984Z"}}
{"_id":{"$oid":"5722e547f493fd9e880001a9"},"denomination":"Zionist","notes":"","u_at":{"$date":"2016-04-29T04:38:31.245Z"},"c_at":{"$date":"2016-04-29T04:38:31.245Z"}}
{"_id":{"$oid":"5722e3f4f493fd9e88000177"},"denomination":"OTHER","notes":"State denomination after the Dedication","u_at":{"$date":"2016-04-29T04:33:51.854Z"},"c_at":{"$date":"2016-04-29T04:32:52.467Z"}}
{"_id":{"$oid":"5722e536f493fd9e880001a7"},"denomination":"Wesleyan - Free","notes":"","u_at":{"$date":"2016-04-29T04:38:14.946Z"},"c_at":{"$date":"2016-04-29T04:38:14.946Z"}}
{"_id":{"$oid":"5722e454f493fd9e88000187"},"denomination":"Presbyterian - English","notes":"","u_at":{"$date":"2016-04-29T04:34:28.454Z"},"c_at":{"$date":"2016-04-29T04:34:28.454Z"}}
{"_id":{"$oid":"5722e464f493fd9e88000189"},"denomination":"Presbyterian - United","notes":"","u_at":{"$date":"2016-04-29T04:34:44.379Z"},"c_at":{"$date":"2016-04-29T04:34:44.379Z"}}
{"_id":{"$oid":"5722e440f493fd9e88000183"},"denomination":"Presbyterian","notes":"","u_at":{"$date":"2016-04-29T04:34:08.419Z"},"c_at":{"$date":"2016-04-29T04:34:08.419Z"}}
{"_id":{"$oid":"5722e55ef493fd9e880001ab"},"denomination":"Zoar","notes":"","u_at":{"$date":"2016-04-29T04:38:54.421Z"},"c_at":{"$date":"2016-04-29T04:38:54.421Z"}}
{"_id":{"$oid":"5812335ef493fd4841985e0d"},"denomination":"Methodist - Trinity","notes":"","u_at":{"$date":"2016-10-27T17:03:26.064Z"},"c_at":{"$date":"2016-10-27T17:03:26.064Z"}}
{"_id":{"$oid":"5722e5d9f493fdb274000013"},"denomination":"Methodist - Zionist","notes":"","u_at":{"$date":"2016-04-29T04:40:57.497Z"},"c_at":{"$date":"2016-04-29T04:40:57.497Z"}}
{"_id":{"$oid":"5815d729f493fd4f106ce0f2"},"denomination":"Methodist - Bethel","notes":"","u_at":{"$date":"2016-10-30T11:19:05.687Z"},"c_at":{"$date":"2016-10-30T11:19:05.687Z"}}
{"_id":{"$oid":"5813349ef493fd0349711b5c"},"denomination":"Independent","notes":"","u_at":{"$date":"2016-10-28T11:22:21.612Z"},"c_at":{"$date":"2016-10-28T11:21:02.711Z"}}
{"_id":{"$oid":"5815d751f493fd4f106ce0f7"},"denomination":"Methodist - Bethel Primitive","notes":"","u_at":{"$date":"2016-10-30T11:19:45.679Z"},"c_at":{"$date":"2016-10-30T11:19:45.679Z"}}
{"_id":{"$oid":"5815d79ef493fd4f106ce0fb"},"denomination":"Zion - Primitive","notes":"","u_at":{"$date":"2016-10-30T11:21:02.337Z"},"c_at":{"$date":"2016-10-30T11:21:02.337Z"}}
{"_id":{"$oid":"5815d779f493fd4f106ce0f8"},"denomination":"Trinity Reformed","notes":"","u_at":{"$date":"2016-10-30T11:20:25.706Z"},"c_at":{"$date":"2016-10-30T11:20:25.706Z"}}
{"_id":{"$oid":"5c40c19465752c32b0e03c1d"},"denomination":"testing","notes":"","u_at":{"$date":"2019-01-17T17:55:32.240Z"},"c_at":{"$date":"2019-01-17T17:55:32.240Z"}}
