{"_id":{"$oid":"531a1117231040d7ef000004"},"c_at":{"$date":"2014-03-07T18:33:59.282Z"},"previous_syndicate_coordinator":"Admin-Wales","syndicate_code":"Wales - Glen Jenkins","syndicate_coordinator":"kirkjames","syndicate_coordinator_lower_case":"kirkjames","syndicate_description":"","syndicate_notes":"","u_at":{"$date":"2018-12-16T17:50:58.944Z"},"accepting_transcribers":true,"changing_name":false,"previous_syndicate_code":"Wales - Howard Evans"}
{"_id":{"$oid":"531a1117231040d7ef000010"},"syndicate_code":"Devon - John Pingram","syndicate_coordinator":"Devonian","syndicate_coordinator_lower_case":"devonian","u_at":{"$date":"2016-07-27T11:25:09.856Z"},"c_at":{"$date":"2014-03-07T18:33:59.314Z"},"accepting_transcribers":false,"changing_name":false,"syndicate_description":"","syndicate_notes":"","previous_syndicate_code":"Devon"}
{"_id":{"$oid":"531a1117231040d7ef00000c"},"syndicate_code":"England, Rest of - Doreen Olds","syndicate_coordinator":"deo123","syndicate_coordinator_lower_case":"deo123","u_at":{"$date":"2015-10-22T14:13:54.004Z"},"c_at":{"$date":"2014-03-07T18:33:59.305Z"},"accepting_transcribers":true,"changing_name":false,"syndicate_description":"Covers BKM,DBY,CON,CUL,WES,WOR,ERY","syndicate_notes":"","previous_syndicate_code":"Rest of England- Doreen"}
{"_id":{"$oid":"531a1117231040d7ef000012"},"syndicate_code":"Herefordshire - Lindie Prior ","syndicate_coordinator":"Dragonfly","syndicate_coordinator_lower_case":"dragonfly","u_at":{"$date":"2014-11-26T16:05:31.042Z"},"c_at":{"$date":"2014-03-07T18:33:59.320Z"},"accepting_transcribers":false,"changing_name":false,"syndicate_description":"","syndicate_notes":"","previous_syndicate_code":"Herefordshire"}
{"_id":{"$oid":"531a1117231040d7ef000013"},"syndicate_code":"Somerset - Jackie James","syndicate_coordinator":"SOMCoord","syndicate_coordinator_lower_case":"somcoord","u_at":{"$date":"2016-02-26T22:04:00.563Z"},"c_at":{"$date":"2014-03-07T18:33:59.322Z"},"accepting_transcribers":false,"changing_name":false,"syndicate_description":"Somerset","syndicate_notes":"","previous_syndicate_code":"Somerset - Diana Rogers","previous_syndicate_coordinator":"DSR"}
{"_id":{"$oid":"531a1117231040d7ef000001"},"syndicate_code":"Berkshire - John Slann","syndicate_coordinator":"88476","syndicate_coordinator_lower_case":"88476","u_at":{"$date":"2014-11-26T15:52:23.696Z"},"c_at":{"$date":"2014-03-07T18:33:59.271Z"},"accepting_transcribers":false,"changing_name":false,"syndicate_description":"","syndicate_notes":"","previous_syndicate_code":"Berkshire"}
{"_id":{"$oid":"531a1117231040d7ef000014"},"syndicate_code":"Cheshire - Emma Treloar","syndicate_coordinator":"emmajayne","syndicate_coordinator_lower_case":"emmajayne","u_at":{"$date":"2014-11-26T16:00:01.057Z"},"c_at":{"$date":"2014-03-07T18:33:59.326Z"},"accepting_transcribers":false,"changing_name":false,"syndicate_description":"","syndicate_notes":"","previous_syndicate_code":"Cheshire"}
{"_id":{"$oid":"531a1117231040d7ef000016"},"syndicate_code":"Banffshire - Margaret Shand","syndicate_coordinator":"Gamrie","syndicate_coordinator_lower_case":"gamrie","u_at":{"$date":"2014-11-26T15:51:19.949Z"},"c_at":{"$date":"2014-03-07T18:33:59.331Z"},"accepting_transcribers":false,"changing_name":false,"syndicate_description":"","syndicate_notes":"","previous_syndicate_code":"Banffshire"}
{"_id":{"$oid":"531a1117231040d7ef000017"},"syndicate_code":"Hertfordshire - Mick Claxton","syndicate_coordinator":"Mick","syndicate_coordinator_lower_case":"mick","u_at":{"$date":"2016-02-01T07:30:58.366Z"},"c_at":{"$date":"2014-03-07T18:33:59.334Z"},"accepting_transcribers":true,"changing_name":false,"syndicate_description":"","syndicate_notes":"Was Glenis Barton","previous_syndicate_coordinator":"Glenis","previous_syndicate_code":"Hertfordshire - Glenis Barton"}
{"_id":{"$oid":"531a1117231040d7ef00001a"},"syndicate_code":"Kent - Sue Hawkins","syndicate_coordinator":"hawkinssm","syndicate_coordinator_lower_case":"hawkinssm","u_at":{"$date":"2014-11-25T08:08:45.287Z"},"c_at":{"$date":"2014-03-07T18:33:59.348Z"},"accepting_transcribers":true,"changing_name":false,"syndicate_description":"","syndicate_notes":"","previous_syndicate_code":"Kent"}
{"_id":{"$oid":"531a1117231040d7ef000018"},"syndicate_code":"Leicestershire and  Rutland - Doreen Olds","syndicate_coordinator":"deo123","syndicate_coordinator_lower_case":"deo123","u_at":{"$date":"2015-08-12T12:47:53.656Z"},"c_at":{"$date":"2014-03-07T18:33:59.337Z"},"accepting_transcribers":false,"changing_name":false,"syndicate_description":"","syndicate_notes":"","previous_syndicate_code":"Leicestershire and  Rutland - John Holiston","previous_syndicate_coordinator":"coordjohnh"}
{"_id":{"$oid":"531a1117231040d7ef00001b"},"syndicate_code":"Isle of Man","syndicate_coordinator":"REGManager","syndicate_coordinator_lower_case":"regmanager","u_at":{"$date":"2016-09-15T05:22:59.853Z"},"c_at":{"$date":"2014-03-07T18:33:59.352Z"},"accepting_transcribers":false,"changing_name":false,"syndicate_description":"","syndicate_notes":"","previous_syndicate_code":"Isle of Man - Naomi Haworth","previous_syndicate_coordinator":"Haworth"}
{"_id":{"$oid":"531a1117231040d7ef000002"},"syndicate_code":"Yorkshire, North Riding - Linda Railton","syndicate_coordinator":"Adnil","syndicate_coordinator_lower_case":"adnil","u_at":{"$date":"2015-08-02T09:08:37.733Z"},"c_at":{"$date":"2014-03-07T18:33:59.276Z"},"accepting_transcribers":false,"changing_name":false,"syndicate_description":"","syndicate_notes":"","previous_syndicate_code":"North Riding Yorkshire"}
{"_id":{"$oid":"531a1117231040d7ef000005"},"syndicate_code":"Northamptonshire - Anna  Rufer","syndicate_coordinator":"AMSA","syndicate_coordinator_lower_case":"amsa","u_at":{"$date":"2016-03-23T09:28:33.816Z"},"c_at":{"$date":"2014-03-07T18:33:59.285Z"},"accepting_transcribers":false,"changing_name":false,"syndicate_description":"","syndicate_notes":"","previous_syndicate_code":"Northamptonshire"}
{"_id":{"$oid":"531a1117231040d7ef000003"},"accepting_transcribers":false,"c_at":{"$date":"2014-03-07T18:33:59.279Z"},"previous_syndicate_coordinator":"alsibk","syndicate_code":"Yorkshire, West Riding - Ali Hill","syndicate_coordinator":"testuser2","syndicate_coordinator_lower_case":"testuser2","syndicate_description":"West Yorkshire","syndicate_notes":"","u_at":{"$date":"2017-04-24T00:05:26.268Z"},"changing_name":false,"previous_syndicate_code":"West Riding Yorkshire"}
{"_id":{"$oid":"531a1117231040d7ef00001f"},"syndicate_code":"Derbyshire \u0026 Nottinghamshire - John Turton","syndicate_coordinator":"JHT","syndicate_coordinator_lower_case":"jht","u_at":{"$date":"2016-07-14T13:45:16.957Z"},"c_at":{"$date":"2014-03-07T18:33:59.366Z"},"accepting_transcribers":true,"changing_name":false,"syndicate_description":"","syndicate_notes":"","previous_syndicate_code":"Nottinghamshire - John Turton"}
{"_id":{"$oid":"531a1117231040d7ef000006"},"syndicate_code":"East Lothian - Margaret MacIntosh","syndicate_coordinator":"bunothan","syndicate_coordinator_lower_case":"bunothan","u_at":{"$date":"2016-02-09T11:43:57.164Z"},"c_at":{"$date":"2014-03-07T18:33:59.288Z"},"accepting_transcribers":false,"changing_name":false,"syndicate_description":"Scotland, East Lothian","syndicate_notes":"","previous_syndicate_code":"East Lothian"}
{"_id":{"$oid":"531a1117231040d7ef000026"},"syndicate_code":"Middlesex and London - Kyran Payne","syndicate_coordinator":"Kyran","syndicate_coordinator_lower_case":"kyran","u_at":{"$date":"2015-10-27T00:48:13.414Z"},"c_at":{"$date":"2014-03-07T18:33:59.391Z"},"accepting_transcribers":false,"changing_name":false,"syndicate_description":"","syndicate_notes":"","previous_syndicate_code":"Middlesex"}
{"_id":{"$oid":"531a1117231040d7ef000027"},"syndicate_code":"Lancashire - Jo Summerfield","syndicate_coordinator":"ManCity","syndicate_coordinator_lower_case":"mancity","u_at":{"$date":"2015-06-22T12:12:22.436Z"},"c_at":{"$date":"2014-03-07T18:33:59.486Z"},"accepting_transcribers":true,"changing_name":false,"syndicate_description":"","syndicate_notes":"","previous_syndicate_code":"Lancashire - Jo Sommerfield"}
{"_id":{"$oid":"531a1117231040d7ef000029"},"c_at":{"$date":"2014-03-07T18:33:59.494Z"},"previous_syndicate_coordinator":"marypark","syndicate_code":"Cambs and Hunts - Mary Korna","syndicate_coordinator":"MaryKay","syndicate_coordinator_lower_case":"marykay","syndicate_description":"Cambridgeshire and Huntingdonshire","syndicate_notes":"","u_at":{"$date":"2015-11-01T14:02:42.415Z"},"accepting_transcribers":false,"changing_name":false,"previous_syndicate_code":"Cambs, Beds and Hunts - Mary Korna"}
{"_id":{"$oid":"531a1117231040d7ef000023"},"syndicate_code":"Norfolk and Suffolk - Julie Harold","syndicate_coordinator":"testuser2","syndicate_coordinator_lower_case":"testuser2","u_at":{"$date":"2017-04-24T00:10:05.876Z"},"c_at":{"$date":"2014-03-07T18:33:59.380Z"},"accepting_transcribers":false,"changing_name":false,"syndicate_description":"","syndicate_notes":"","previous_syndicate_code":"Norfolk, Suffolk and Essex - Julie Harold","previous_syndicate_coordinator":"JulieHarold"}
{"_id":{"$oid":"531a1117231040d7ef000021"},"accepting_transcribers":false,"c_at":{"$date":"2014-03-07T18:33:59.373Z"},"previous_syndicate_coordinator":"sc1","syndicate_code":"Wiltshire - Jim Parsons","syndicate_coordinator":"jimpyfrome","syndicate_coordinator_lower_case":"jimpyfrome","syndicate_description":"Wiltshire","syndicate_notes":"","u_at":{"$date":"2014-11-26T16:20:45.461Z"},"changing_name":false,"previous_syndicate_code":"Wiltshire"}
{"_id":{"$oid":"531a1117231040d7ef000020"},"syndicate_code":"Gloucestershire - Doreen Olds","syndicate_coordinator":"deo123","syndicate_coordinator_lower_case":"deo123","u_at":{"$date":"2015-11-04T06:56:31.860Z"},"c_at":{"$date":"2014-03-07T18:33:59.369Z"},"accepting_transcribers":false,"changing_name":false,"syndicate_description":"","syndicate_notes":"","previous_syndicate_code":"Gloucestershire - Jim Heath","previous_syndicate_coordinator":"jimanderin"}
{"_id":{"$oid":"531a1117231040d7ef000009"},"syndicate_code":"Hampshire, Dorset, IoW and Channel Isles - Bob Wilkins","syndicate_coordinator":"capn-bob","syndicate_coordinator_lower_case":"capn-bob","u_at":{"$date":"2016-02-15T15:19:04.459Z"},"c_at":{"$date":"2014-03-07T18:33:59.296Z"},"accepting_transcribers":true,"changing_name":false,"syndicate_description":"","syndicate_notes":"","previous_syndicate_code":"Hampshire, Dorset and Channel Isles - Bob Wilkins"}
{"_id":{"$oid":"531a1117231040d7ef00002c"},"syndicate_code":"Ayrshire - Mick Claxton","syndicate_coordinator":"Mick1952","syndicate_coordinator_lower_case":"mick1952","u_at":{"$date":"2014-11-26T15:50:52.950Z"},"c_at":{"$date":"2014-03-07T18:33:59.505Z"},"accepting_transcribers":false,"changing_name":false,"syndicate_description":"","syndicate_notes":"","previous_syndicate_code":"Ayrshire"}
{"_id":{"$oid":"531a1117231040d7ef00002d"},"syndicate_code":"Durham - Amanda Doyle","syndicate_coordinator":"milliemoll","syndicate_coordinator_lower_case":"milliemoll","u_at":{"$date":"2016-05-04T13:02:24.988Z"},"c_at":{"$date":"2014-03-07T18:33:59.508Z"},"accepting_transcribers":false,"changing_name":false,"syndicate_description":"","syndicate_notes":"","previous_syndicate_code":"Durham"}
{"_id":{"$oid":"531a1117231040d7ef000022"},"syndicate_code":"Staffordshire - Michael Clarke","syndicate_coordinator":"STSCoord","syndicate_coordinator_lower_case":"stscoord","u_at":{"$date":"2016-08-25T08:10:55.129Z"},"c_at":{"$date":"2014-03-07T18:33:59.377Z"},"accepting_transcribers":false,"changing_name":false,"syndicate_description":"All of Staffordshire","syndicate_notes":"Was Jon Maxfield","previous_syndicate_code":"Staffordshire - Jon Maxfield","previous_syndicate_coordinator":"MikeNL"}
{"_id":{"$oid":"531a1117231040d7ef00002b"},"syndicate_code":"Lincolnshire - Mick Claxton","syndicate_coordinator":"Mick","syndicate_coordinator_lower_case":"mick","u_at":{"$date":"2014-11-25T08:16:28.811Z"},"c_at":{"$date":"2014-03-07T18:33:59.501Z"},"accepting_transcribers":true,"changing_name":false,"syndicate_description":"","syndicate_notes":"","previous_syndicate_code":"Lincolnshire"}
{"_id":{"$oid":"531a1117231040d7ef00002e"},"syndicate_code":"Peebles - Nicky Young ","syndicate_coordinator":"nickyy","syndicate_coordinator_lower_case":"nickyy","u_at":{"$date":"2014-11-26T16:17:04.891Z"},"c_at":{"$date":"2014-03-07T18:33:59.513Z"},"accepting_transcribers":false,"changing_name":false,"syndicate_description":"","syndicate_notes":"","previous_syndicate_code":"Peebles"}
{"_id":{"$oid":"531a1117231040d7ef000033"},"accepting_transcribers":false,"c_at":{"$date":"2014-03-07T18:33:59.531Z"},"syndicate_code":"Overseas","syndicate_coordinator":"REGManager","syndicate_coordinator_lower_case":"regmanager","syndicate_description":"","syndicate_notes":"","u_at":{"$date":"2014-08-09T04:31:27.319Z"}}
{"_id":{"$oid":"531a1117231040d7ef000031"},"accepting_transcribers":false,"c_at":{"$date":"2014-03-07T18:33:59.523Z"},"syndicate_code":"GENManager","syndicate_coordinator":"REGManager","syndicate_coordinator_lower_case":"regmanager","syndicate_description":"","syndicate_notes":"","u_at":{"$date":"2014-08-09T04:31:05.188Z"}}
{"_id":{"$oid":"531a1117231040d7ef000034"},"syndicate_code":"Oxfordshire - Eric Booker","syndicate_coordinator":"kirkdawson","syndicate_coordinator_lower_case":"kirkdawson","u_at":{"$date":"2015-11-13T21:58:13.782Z"},"c_at":{"$date":"2014-03-07T18:33:59.534Z"},"accepting_transcribers":false,"syndicate_description":"Oxfordshire","syndicate_notes":"EricB testing","previous_syndicate_coordinator":"sc1","changing_name":false,"previous_syndicate_code":"Oxfordshire"}
{"_id":{"$oid":"531a1117231040d7ef000032"},"syndicate_code":"Ireland","syndicate_coordinator":"REGManager","syndicate_coordinator_lower_case":"regmanager","u_at":{"$date":"2015-02-17T12:16:22.537Z"},"c_at":{"$date":"2014-03-07T18:33:59.527Z"},"accepting_transcribers":false,"changing_name":false,"syndicate_description":"","syndicate_notes":""}
{"_id":{"$oid":"531a1117231040d7ef000035"},"accepting_transcribers":false,"c_at":{"$date":"2014-03-07T18:33:59.537Z"},"syndicate_code":"Unknown","syndicate_coordinator":"REGManager","syndicate_coordinator_lower_case":"regmanager","syndicate_description":"","syndicate_notes":"","u_at":{"$date":"2014-08-09T04:32:02.989Z"}}
{"_id":{"$oid":"531a1117231040d7ef00003a"},"syndicate_code":"Shropshire - Tasman Stewart","syndicate_coordinator":"SafeBoy","syndicate_coordinator_lower_case":"safeboy","u_at":{"$date":"2014-11-25T08:21:54.763Z"},"c_at":{"$date":"2014-03-07T18:33:59.552Z"},"accepting_transcribers":true,"changing_name":false,"syndicate_description":"","syndicate_notes":"","previous_syndicate_code":"Shropshire"}
{"_id":{"$oid":"531a1117231040d7ef00003d"},"syndicate_code":"Surrey and Sussex - Steve Biggs","syndicate_coordinator":"steveroland","syndicate_coordinator_lower_case":"steveroland","u_at":{"$date":"2015-10-22T20:13:01.473Z"},"c_at":{"$date":"2014-03-07T18:33:59.562Z"},"accepting_transcribers":true,"changing_name":false,"syndicate_description":"","syndicate_notes":"","previous_syndicate_code":"Surrey"}
{"_id":{"$oid":"531a1117231040d7ef000037"},"syndicate_code":"Scotland, Rest of - Sue Hawkins","syndicate_coordinator":"REGScotland","syndicate_coordinator_lower_case":"regscotland","u_at":{"$date":"2015-03-09T14:00:14.734Z"},"c_at":{"$date":"2014-03-07T18:33:59.543Z"},"accepting_transcribers":false,"changing_name":false,"syndicate_description":"","syndicate_notes":"","previous_syndicate_code":"Rest of Scotland"}
{"_id":{"$oid":"53e5a480eca9eb1e7f000001"},"accepting_transcribers":true,"syndicate_code":"General","syndicate_coordinator":"EricD","syndicate_description":"","syndicate_notes":"","syndicate_coordinator_lower_case":"ericd","u_at":{"$date":"2016-12-09T12:32:26.811Z"},"c_at":{"$date":"2014-08-09T04:33:04.415Z"},"changing_name":false}
{"_id":{"$oid":"53e5a49deca9ebf2b2000001"},"accepting_transcribers":false,"c_at":{"$date":"2014-08-09T04:33:33.984Z"},"previous_syndicate_coordinator":"ericb","syndicate_code":"Technical","syndicate_coordinator":"EricD","syndicate_coordinator_lower_case":"ericd","syndicate_description":"","syndicate_notes":"","u_at":{"$date":"2015-10-25T23:12:57.219Z"},"changing_name":false}
{"_id":{"$oid":"54743a23e93790fbed000001"},"accepting_transcribers":false,"syndicate_code":"Training - Jo Summerfield","syndicate_coordinator":"ManCity","syndicate_description":"Volunbteers undergoing training - Work will not go into the database","syndicate_notes":"","changing_name":false,"syndicate_coordinator_lower_case":"mancity","u_at":{"$date":"2015-08-13T10:43:01.023Z"},"c_at":{"$date":"2014-11-25T08:13:23.842Z"}}
{"_id":{"$oid":"548e8f73e937908ee6000001"},"accepting_transcribers":false,"syndicate_code":"Somerset - Assistant Yvonne Scrivener","syndicate_coordinator":"SOMCoord","syndicate_description":"Somerset UserID for all SOM Coordinators","syndicate_notes":"","changing_name":false,"syndicate_coordinator_lower_case":"somcoord","u_at":{"$date":"2015-07-28T13:22:31.798Z"},"c_at":{"$date":"2014-12-15T07:36:19.706Z"},"previous_syndicate_code":"Somerset - Assistant Yvopnne Scrivener","previous_syndicate_coordinator":"YvonneScrivener"}
{"_id":{"$oid":"548e8ed4e93790f94c000001"},"accepting_transcribers":false,"syndicate_code":"Kent - Assistant Jen Sheehan","syndicate_coordinator":"Jen","syndicate_description":"Kent assistant to Sue Hawkins","syndicate_notes":"","changing_name":false,"syndicate_coordinator_lower_case":"jen","u_at":{"$date":"2014-12-15T07:33:40.871Z"},"c_at":{"$date":"2014-12-15T07:33:40.871Z"}}
{"_id":{"$oid":"55cc7445f493fd36ae000a5f"},"accepting_transcribers":true,"syndicate_code":"Anywhere - Transcribe for any county","syndicate_coordinator":"ManCity","syndicate_description":"A general syndicate for anyone willing to do any work","syndicate_notes":"","changing_name":false,"syndicate_coordinator_lower_case":"mancity","u_at":{"$date":"2015-08-28T09:25:08.253Z"},"c_at":{"$date":"2015-08-13T10:41:09.809Z"},"previous_syndicate_coordinator":"REGManager"}
{"_id":{"$oid":"55c35e9bf493fd8a65000f60"},"accepting_transcribers":false,"syndicate_code":"Cumberland - John Holiston","syndicate_coordinator":"coordjohnh","syndicate_description":"Cumberland and Cumbria","syndicate_notes":"","changing_name":false,"syndicate_coordinator_lower_case":"coordjohnh","u_at":{"$date":"2015-08-06T13:18:19.453Z"},"c_at":{"$date":"2015-08-06T13:18:19.453Z"}}
{"_id":{"$oid":"55e1a276f493fdd30c0007b4"},"accepting_transcribers":true,"syndicate_code":"Bedfordshire - Bev Bonning","syndicate_coordinator":"bevb","syndicate_description":"Bedfordshire","syndicate_notes":",,,,,,,,,,,,,,,,,,","changing_name":false,"syndicate_coordinator_lower_case":"bevb","u_at":{"$date":"2019-01-19T20:12:22.885Z"},"c_at":{"$date":"2015-08-29T12:15:50.448Z"},"previous_syndicate_code":"Bedfordshore - Bev Bonning"}
{"_id":{"$oid":"57332a1f33045b4cff00014e"},"accepting_transcribers":true,"syndicate_code":"Any questions? Ask us.","syndicate_coordinator":"C.C Syndicate","syndicate_description":"For a volunteer who wants to know more before deciding on which Syndicate.","syndicate_notes":"","changing_name":false,"syndicate_coordinator_lower_case":"c.c syndicate","u_at":{"$date":"2016-08-06T14:06:26.897Z"},"c_at":{"$date":"2016-05-11T12:48:31.620Z"},"previous_syndicate_coordinator":"CommsCoord"}
{"_id":{"$oid":"531a1117231040d7ef00003c"},"syndicate_code":"Warwickshire - Ken Davies","syndicate_coordinator":"SpanishKen","syndicate_coordinator_lower_case":"spanishken","u_at":{"$date":"2015-10-26T07:51:31.045Z"},"c_at":{"$date":"2014-03-07T18:33:59.559Z"},"accepting_transcribers":true,"changing_name":false,"syndicate_description":"","syndicate_notes":"","previous_syndicate_code":"Warwickshire"}
{"_id":{"$oid":"531a1117231040d7ef000040"},"syndicate_code":"Northumberland - Eric Wealleans","syndicate_coordinator":"nejws05","syndicate_coordinator_lower_case":"nejws05","u_at":{"$date":"2016-09-12T07:01:55.814Z"},"c_at":{"$date":"2014-03-07T18:33:59.572Z"},"accepting_transcribers":false,"changing_name":false,"syndicate_description":"","syndicate_notes":"","previous_syndicate_code":"Northumberland - Susan Marr","previous_syndicate_coordinator":"susiem"}
{"_id":{"$oid":"531a1117231040d7ef000039"},"syndicate_code":"Caithness-shire - Rosemary Skea","syndicate_coordinator":"Roseskea","syndicate_coordinator_lower_case":"roseskea","u_at":{"$date":"2014-11-26T15:52:53.086Z"},"c_at":{"$date":"2014-03-07T18:33:59.550Z"},"accepting_transcribers":false,"changing_name":false,"syndicate_description":"","syndicate_notes":"","previous_syndicate_code":"Caithness-shire"}
{"_id":{"$oid":"57da2fb5f493fd611ca2f9d8"},"accepting_transcribers":true,"syndicate_code":"Essex - Julie  Harold","syndicate_coordinator":"JHarold","syndicate_description":"Essex County","syndicate_notes":"","changing_name":false,"syndicate_coordinator_lower_case":"jharold","u_at":{"$date":"2016-09-15T11:55:26.788Z"},"c_at":{"$date":"2016-09-15T05:20:53.723Z"},"previous_syndicate_coordinator":"JulieHarold"}
{"_id":{"$oid":"574ec43bf493fd10350001ce"},"accepting_transcribers":false,"syndicate_code":"Somerset - Assistant David Hartley","syndicate_coordinator":"drh123","syndicate_description":"Somerset Assistant Coordinator","syndicate_notes":"","changing_name":false,"syndicate_coordinator_lower_case":"drh123","u_at":{"$date":"2016-06-02T08:53:04.495Z"},"c_at":{"$date":"2016-06-01T11:17:15.610Z"},"previous_syndicate_code":"Somerset Wells area - David Hartley"}
{"_id":{"$oid":"53e5a4d4eca9eba571000001"},"accepting_transcribers":false,"syndicate_code":"Researcher","syndicate_coordinator":"EricD","syndicate_description":"","syndicate_notes":"","syndicate_coordinator_lower_case":"ericd","u_at":{"$date":"2015-08-13T08:41:01.479Z"},"c_at":{"$date":"2014-08-09T04:34:28.634Z"},"changing_name":false}
