{"_id":{"$oid":"5cf7f4c165752c76888c2917"},"skill_level":"Unspecified","number_of_files":0,"number_of_records":0,"person_role":"technical","email_address_valid":true,"userid_messages":[],"userid_feedback_replies":{},"new_transcription_agreement":"Unknown","email_address_validity_change_message":[],"secondary_role":["transcriber"],"person_forename":"Shem","person_surname":"Moore","email_address":"shemjmoore@hotmail.co.uk","alternate_email_address":"","address":"Devon","telephone_number":"","fiche_reader":false,"do_not_acknowledge_me":false,"acknowledge_with_pseudo_name":false,"pseudo_name":"","no_processing_messages":false,"userid":"shemJM","syndicate":"Technical","transcription_agreement":false,"technical_agreement":false,"research_agreement":false,"sign_up_date":{"$date":"2019-06-05T16:58:41.709Z"},"active":true,"password":"wk3gNttGeCJjIm+IgsfI/w","password_confirmation":"wk3gNttGeCJjIm+IgsfI/w","email_address_last_confirmned":{"$date":"2019-06-05T16:58:41.709Z"},"u_at":{"$date":"2019-06-05T16:58:41.771Z"},"c_at":{"$date":"2019-06-05T16:58:41.771Z"},"userid_lower_case":"shemjm"}
{"_id":{"$oid":"5462b404e937907d700000b1"},"skill_level":"Learning","number_of_files":20,"number_of_records":7886,"person_role":"system_administrator","person_surname":"Dawson","userid":"Captainkirk","password":"yHt4rwirqmqD5lyOHdOeRQ","email_address":"kirk.dawson@freeukgenealogy.org.uk","disabled":0,"active":true,"person_forename":"Kirk","fiche_reader":false,"address":"Canada","submitter_number":"1968","syndicate":"Norfolk and Suffolk - Julie Harold","sign_up_date":{"$date":"2014-06-13T18:28:16.000Z"},"previous_syndicate":"Norfolk and Suffolk - Julie Harold","digest":"c1d4d4e0d8283095a2821171207db9fe","syndicate_groups":[],"county_groups":null,"country_groups":null,"last_upload":{"$date":"2019-04-30T21:02:11.000Z"},"skill_notes":null,"transcription_agreement":"Declined","technical_agreement":null,"research_agreement":null,"u_at":{"$date":"2019-05-25T20:33:18.721Z"},"c_at":{"$date":"2014-11-12T01:12:36.878Z"},"userid_lower_case":"captainkirk","telephone_number":"","disabled_reason":"","email_address_valid":true,"email_address_last_confirmned":{"$date":"2019-05-19T23:10:01.989Z"},"no_processing_messages":false,"userid_messages":["5c49f49c65752c067cff69bf","5c54fa5565752cd6141a9395","5c54fa6665752cd6141a9398","5c58730365752c5ad817bebe","5c62ed8865752c64109065ec","5c57480d65752c3f2cc9d88f","5ce9a68a65752c4300e9491d"],"userid_feedback_replies":{},"new_transcription_agreement":"Unknown","email_address_validity_change_message":[],"secondary_role":[],"alternate_email_address":"","do_not_acknowledge_me":false,"acknowledge_with_pseudo_name":false,"pseudo_name":""}