+INFO,kirk.dawson@freereg.org.uk,PASSWORD,SEQUENCED,BAPTISMS,Windows-1252
#,CCC,June Ford,Norfolk and Suffolk - Julie Harold,NFKACLBA.CSV,04-Nov-08
#,CREDIT,June Ford,
#,01-Feb-2019,,
+LDS
NFK,Acle,St Edmund TR,"",1 Dec 1784,"",M*ary 12,?,Samuel,Elizabeth,BALDE,TAITE,"","","","",""
NFK,Acle,St Edmund TR,"",1 Nov 1784,"",M*ary 5,?,Samuel,Elizabeth,BALDE,TAITE,"","","","",""
NFK,Acle,St Edmund TR,"",1 Oct 1784,"",M*ary 16,F,Samuel,Elizabeth,BALDE,TAITE,"","","","",""
NFK,Acle,St Edmund TR,"",1 Oct 1784,"",M*ary 13,?,Samuel,Elizabeth,BALDE,TAITE,"","","","",""
NFK,Acle,St Edmund TR,"",1 Feb 1784,"",M*ary 14,?,Samuel,Elizabeth,BALDE,TAITE,"","","","",""
NFK,Acle,St Edmund TR,"",1 Nov 1784,"",M*ary 5,?,Samuel,Elizabeth,BALDE,TAITE,"","","","",""
NFK,Acle,St Edmund TR,"",1 jun 1784,"",M*ary 15,?,Samuel,Elizabeth,BALDE,TAITE,"","","","",""
NFK,Acle,St Edmund TR,"",13 Jan 1814,25 Feb 1815,Jane,F,David,"",DOE,"","","","","",""
NFK,Acle,St Edmund TR,"",1 Dec 1784,"",M*ary 11,F,Samuel,Elizabeth,BALDE,TAITE,"","","","",""
NFK,Acle,St Edmund TR,"",1 Mar 1784,"",M*ary 13,?,Samuel,Elizabeth,BALDE,TAITE,"","","","",""
