+INFO,ejones4404@talktalk.net,password,SEQUENCED,BAPTISMS,
#,CCC,Eric Dickens,Anglesey,AGYAMBBA.CSV,43102
#,CREDIT,Emrys Jones,ejones4404@talktalk.net
#,02-Jan-2018,Chapel Baprtism Register,Transcribed by Emrys Jones and donated with permission,,
+LDS
AGY,Amlwch,Bethesda OT,1,26 May 1807,31 May 1807,Cathrine,,William,Mary,ROBERTS,DAVID,Amlwch,Shoemaker,[Mother Status: Spinster] [Father's Parish: Amlwch] [Mother's parish before marriage: Llangefni] [In what parish born: Amlwch] [Where baptised: Dwelling House] [By whom baptised: Rev. William Lloyd] ,,
AGY,Amlwch,Bethesda OT,2,7 Aug 1807,28 Aug 1807,William,,William,Jane,MORRIS,EVANS,Ty Elizabeth Wen,Dresser of Copper Ore,[Mother Status: Spinster] [Father's Parish: Amlwch] [Mother's parish before marriage: Llanidan] [In what parish born: Amlwch] [Where baptised: Capel Mawr] [By whom baptised: Rev. Thomas Charles] ,,
AGY,Amlwch,Bethesda OT,3,13 Sep 1807,16 Oct 1807,Mary,,Robert,Margaret,THOMAS,PRICHARD,Burwen,Labourer,[Mother Status: Spinster] [Father's Parish: Pentraeth] [Mother's parish before marriage: Llanfechell] [In what parish born: Amlwch] [Where baptised: Capel Mawr] [By whom baptised: Rev. William Lloyd] ,,
AGY,Amlwch,Bethesda OT,4,7 Jan 1808,26 Jan 1808,Ebenezer,,Robert,Ann,JONES,EVANS,Amlwch,Carpenter,[Mother Status: Spinster] [Father's Parish: Amlwch] [Mother's parish before marriage: Amlwch] [In what parish born: Amlwch] [Where baptised: Capel Mawr] [By whom baptised: Rev. William Lloyd] ,,
AGY,Amlwch,Bethesda OT,5,5 Feb 1808,25 Feb 1808,Samuel,,William,Ellin,JONES,WILLIAMS,Amlwch,Butcher,[Mother Status: Spinster] [Father's Parish: Amlwch] [Mother's parish before marriage: Llanbadrig] [In what parish born: Amlwch] [Where baptised: Capel Mawr] [By whom baptised: Rev. William Lloyd] ,,
AGY,Amlwch,Bethesda OT,6,28 Apr 1808,7 May 1808,William,,William,Catherine,WILLIAMS,PRICHARD,Amlwch,Coal Merchant,[Mother Status: Widow] [Father's Parish: Amlwch] [Mother's parish before marriage: Amlwch] [In what parish born: Amlwch] [Where baptised: Capel Mawr] [By whom baptised: Rev. William Lloyd] ,,
AGY,Amlwch,Bethesda OT,7,6 Jun 1808,15 Jul 1808,Ebenezer,,Richard,Ann,JONES,PRICHARD,Amlwch,Saddler,[Mother Status: Spinster] [Father's Parish: Amlwch] [Mother's parish before marriage: Llanwenllwyfo] [In what parish born: Amlwch] [Where baptised: Dwelling House] [By whom baptised: Rev. John Evans] ,,
AGY,Amlwch,Bethesda OT,8,5 Feb 1809,3 Mar 1809,William,,John,Ellen,PRICHARD,BROADHEAD,Amlwch,Merchant,[Mother Status: Spinster] [Father's Parish: Amlwch] [Mother's parish before marriage: Llanbadrig] [In what parish born: Amlwch] [Where baptised: Capel Mawr] [By whom baptised: Rev. William Lloyd] ,,