+INFO,kirk.dawson.bc@gmail.com,PASSWORD,SEQUENCED,BURIALS,Windows-1252
#,CCC,Terence Parr,Norfolk,CONGWNBU.CSV,18-Jul-2013
#,CREDIT,,
#,24-Sep-2015,LDS Bur 1909-1959,
+LDS
CON,Gwinear,St Gwiner  ,13,18 Nov 1909,James,"","","","",THOMAS,75,Union Workhouse Redruth,"","",3
CON,Gwinear,St Gwiner  ,7,06 Oct 1909,Bessie,"","","","",DENNIS,35,Roseworthy,"","",2
CON,Gwinear,St Gwiner  ,9,19 Oct 1909,Albert,"","","","",HANCOCK,2m,Roseworthy,"","",3
CON,Gwinear,St Gwiner  ,10,04 Nov 1909,Tom,"","","","",HAMPTON,9m,Gwinear Downs,"","",3
CON,Gwinear,St Gwiner  ,22,22 Feb 1910,Mary,"","","","",STEVENS,74,Lanyon,"","",4
CON,Gwinear,St Gwiner  ,24,17 Mar 1910,Grace,"","","","",DOBLE,"",Carnhell Green,"","",4
CON,Gwinear,St Gwiner  ,30,07 May 1910,Richard,"","","","",SOUTHCOTT,70,Wall,"","",5
CON,Gwinear,St Gwiner  ,33,23 May 1910,William,"","","","",DUNN,70,Devoral,"","",6
CON,Gwinear,St Gwiner  ,6,05 Oct 1909,Michael,"","","","",GRIBBEN,75,Fraddam,"",1,2
CON,Gwinear,St Gwiner  ,11,07 Nov 1909,Louisa,"","","","",JAMES,71,St. Erth Praze,"","",3
CON,Gwinear,St Gwiner  ,12,14 Nov 1909,Mary Ann,"","","","",PENLERICK,75,No Town,"","",3
CON,Gwinear,St Gwiner  ,14,26 Nov 1909,Mary Annie,"","","","",HANCOCK,41,Roseworthy,"","",3
CON,Gwinear,St Gwiner  ,15,05 Dec 1909,Charles,"","","","",VIVIAN,54,Connor Downs Gwithian,Killed by machinery t*,"",3
CON,Gwinear,St Gwiner  ,16,23 Dec 1909,William,"","","","",MIDDLIN,71,Church Town,"","",3
CON,Gwinear,St Gwiner  ,19,31 Jan 1910,James,"","","","",RICHARDS,71,Castle Hayle Phillack,"","",4
CON,Gwinear,St Gwiner  ,20,31 Jan 1910,Elizabeth,"","","","",ROGERS,86,William Street Camborne,"","",4
CON,Gwinear,St Gwiner  ,23,21 Feb 1910,"","","","","",NANCARROW,48h,Tregotha,The male child of James Nancarrow. Unbaptised,"",4
CON,Gwinear,St Gwiner  ,25,30 Mar 1910,Hervin,"","","","",WILLIAMS,24,Heilon,Died from bicycle accident,"",5
CON,Gwinear,St Gwiner  ,26,02 Apr 1910,Bridget,"","","","",BACKELL,79,Gwinear Downs,"","",5
CON,Gwinear,St Gwiner  ,28,19 Apr 1910,Mary,"","","","",GRIBBEN,60,Fraddam Gwinear,"","",5
CON,Gwinear,St Gwiner  ,31,10 May 1910,Elizabeth,"","","","",ANDREWS,83,Redruth Workhouse,"","",5
CON,Gwinear,St Gwiner  ,32,10 May 1910,Elizabeth Warren,"","","","",WHITE,79,Reawla,"","",5
CON,Gwinear,St Gwiner  ,34,23 Jun 1910,David,"","","","",NOBLE,71,Wall,"","",6
CON,Gwinear,St Gwiner  ,35,04 Jul 1910,Gladys,"","","","",ROWE,11,Redruth Hospital,Burial certified by Weslayan minister,"",6
CON,Gwinear,St Gwiner  ,36,06 Jul 1910,Grace,"","","","",HENDRA,54,Carnhell Green,"","",6
CON,Gwinear,St Gwiner  ,37,17 Jul 1910,Edwin James,"","","","",RICHARDS,73,Gwinear Downs,"","",6
CON,Gwinear,St Gwiner  ,38,19 Aug 1910,Matilda,"","","","",HOCKING,60,Rosewarne Lane,"","",6
CON,Gwinear,St Gwiner  ,39,21 Aug 1910,James,"","","","",GILLARD,72,Connor Downs,"","",6
CON,Gwinear,St Gwiner  ,40,06 Sep 1910,Mary,"","","","",PHEBY,82,Reawla,"","",6
CON,Gwinear,St Gwiner  ,41,06 Sep 1910,Mary Eveline,"","","","",WHITE,27,Wall,"","",7
CON,Gwinear,St Gwiner  ,42,02 Oct 1910,Caroline,"","","","",COCK,71,Connor Downs Gwinear,"","",7
CON,Gwinear,St Gwiner  ,43,03 Nov 1910,Edward John,"","","","",SOWELL,71,Carnhell Green,"","",7
CON,Gwinear,St Gwiner  ,44,04 Jan 1911,William,"","","","",WIVELL,59,Carnhell Green,"","",7
CON,Gwinear,St Gwiner  ,45,07 Jan 1911,Martha,"","","","",VIVIAN,58,Connor Downs ( Gwithian),"","",7
CON,Gwinear,St Gwiner  ,46,14 Jan 1911,Nicholas,"","","","",COCK,68,Workhouse Redruth,"","",7
CON,Gwinear,St Gwiner  ,47,08 Feb 1911,Mary,"","","","",ROBINSON,83,Condurrow Camborne,"","",7
CON,Gwinear,St Gwiner  ,48,12 Feb 1911,William James,"","","","",HAMPTON,26d,Devoral,"","",7
CON,Gwinear,St Gwiner  ,49,02 Mar 1911,Grace,"","","","",OATS,91,Wall,"","",8
CON,Gwinear,St Gwiner  ,50,09 Mar 1911,Richard,"","","","",GOLDSWORTHY,66,St. Erth Church Town,"","",8
CON,Gwinear,St Gwiner  ,51,06 Apr 1911,Elizabeth Gladys,"","","","",ARTHUR,21,Carnhell Green,"","",8
CON,Gwinear,St Gwiner  ,52,07 Apr 1911,Ada Trembath,"","","","",NANCARROW,34,Tregotha,"","",8
CON,Gwinear,St Gwiner  ,53,08 Apr 1911,Grace,"","","","",PHILLIPS,66,Carloose,"","",8
CON,Gwinear,St Gwiner  ,54,12 May 1911,Eliza,"","","","",KNEEBONE,80,Church Town,"","",8
CON,Gwinear,St Gwiner  ,55,23 May 1911,Mary,"","","","",RICHARDS,76,Reawla Gwinear,"","",8
CON,Gwinear,St Gwiner  ,56,26 Jun 1911,Garfield,"","","","",WILLIAMS,3m,Roseworthy,"","",8
CON,Gwinear,St Gwiner  ,57,08 Aug 1911,Thomas,"","","","",THOMAS,62,Trivanin Farm Gwithian,"","",9
CON,Gwinear,St Gwiner  ,58,15 Aug 1911,Clifford Henry,"","","","",HARRIS,14m,Wall,Certified by Wesleyan Minister,"",9
CON,Gwinear,St Gwiner  ,59,21 Sep 1911,Ann,"","","","",INGRAM,70,Leedstown (Crowan),"","",9
CON,Gwinear,St Gwiner  ,60,30 Sep 1911,Edward John,"","","","",RODDA,57,Reawla,"","",9
CON,Gwinear,St Gwiner  ,61,07 Oct 1911,Thomas,"","","","",VINCENT,75,Troon Camborne,"","",9
CON,Gwinear,St Gwiner  ,62,25 Oct 1911,Andrew James,"","","","",GLASSON,3m,Roseworthy,"","",9
CON,Gwinear,St Gwiner  ,63,08 Nov 1911,Vincent David,"","","","",MIDDLIN,24,Carnhell Green,"","",9
CON,Gwinear,St Gwiner  ,64,03 Dec 1911,Percy Melville,"","","","",ROSEWARNE,32,Shaft Downs,"","",9
CON,Gwinear,St Gwiner  ,65,28 Nov 1911,William John,"","","","",CURNOW,4,Carnhell Green,"","",10
CON,Gwinear,St Gwiner  ,66,13 Dec 1911,Ada,"","","","",ROUT,24,Connor Downs ( Gwythian),"","",10
CON,Gwinear,St Gwiner  ,67,16 Dec 1911,Flossy Norma,"","","","",STAPLETON,8m,Rosewarne Lane,"","",10
CON,Gwinear,St Gwiner  ,68,21 Dec 1911,George Quilter,"","","","",JOHNS,10d,Wheal Alfred Phillack,"","",10
CON,Gwinear,St Gwiner  ,69,15 Jan 1912,Annie Maud,"","","","",HANCOCK,16,Roseworthy,"","",10
CON,Gwinear,St Gwiner  ,70,04 Jan 1912,Maria,"","","","",BUCKTHOUGHT,91,Carnhell Green,"","",10
CON,Gwinear,St Gwiner  ,72,03 Dec 1912,Alice,"","","","",EUSTACE,70,Phillack Moor,"","",10
CON,Gwinear,St Gwiner  ,73,26 Feb 1912,Mary Manfred Ann,"","","","",GLASSON,27,Roseworthy,"","",11
CON,Gwinear,St Gwiner  ,74,09 Mar 1912,Leonard Charles,"","","","",RULE,6,Angarrack Phillack,"","",11
CON,Gwinear,St Gwiner  ,71,30 Jan 1912,Clarissa,"","","","",CLARKE,18,Wall,"","",10
CON,Gwinear,St Gwiner  ,75,17 Mar 1912,Peter,"","","","",WILLIAMS,37,Noonvares Crowan,"","",11
CON,Gwinear,St Gwiner  ,76,03 Apr 1912,Thomas Mac*e,"","","","",NOELL,70,Devoral,"","",11
CON,Gwinear,St Gwiner  ,77,20 Apr 1912,Eliza,"","","","",TAYLOR,67,Noonvares Crowan,"","",11
CON,Gwinear,St Gwiner  ,78,12 May 1912,Peter Willey,"","","","",HARRIS,62,Wall,Certified by Wesleyan minister,"",11
CON,Gwinear,St Gwiner  ,80,17 Jun 1912,Caroline Jane,"","","","",WILLIAMS,82,Nancemellin Mill Gwithian,"","",11
CON,Gwinear,St Gwiner  ,81,20 Jun 1912,Mary Jane,"","","","",JONES,46,Oak Farm Gwythian,"","",12
CON,Gwinear,St Gwiner  ,82,04 Jun 1912,Cecil Gordon,"","","","",MOON,2m,Penhale Moor Gwynear,"","",12
CON,Gwinear,St Gwiner  ,83,29 Jun 1912,James,"","","","",BRAY,65,Reawla Gwinear,"","",12
CON,Gwinear,St Gwiner  ,79,12 Jun 1912,Henry,"","","","",SYMONS,76,Reawla,"","",11
CON,Gwinear,St Gwiner  ,86,03 Oct 1912,Henry,"","","","",ROWE,52,Trenawin,"","",12
CON,Gwinear,St Gwiner  ,87,15 Oct 1912,James,"","","","",HAMMILL,66,Gwinear Downs,"","",12
CON,Gwinear,St Gwiner  ,84,02 Jul 1912,John,"","","","",WILLIAMS,1d,Wall,"","",12
CON,Gwinear,St Gwiner  ,85,11 Jul 1912,Annie,"","","","",HAMPTON,21,Leedstown,"","",12
CON,Gwinear,St Gwiner  ,88,04 Nov 1912,Frederick Henry,"","","","",BLEWETT,4d,Penhale Moor,"","",12
CON,Gwinear,St Gwiner  ,89,25 Nov 1912,Peter,"","","","",PEARCE,80,Tregidden St Martin,"","",13
CON,Gwinear,St Gwiner  ,90,12 Dec 1912,John,"","","","",ANDREWS,77,Redruth Workhouse Illogan,"","",13
CON,Gwinear,St Gwiner  ,93,19 Jan 1913,Hetty,"","","","",VARKER,43,Fraddam,"","",13
CON,Gwinear,St Gwiner  ,106,08 Aug 1913,Simeon,"","","","",SPURR,63,Bodmin,"","",15
CON,Gwinear,St Gwiner  ,91,06 Jan 1913,Mary,"","","","",WILLIAMS,41,Connor Downs Gwithian,"","",13
CON,Gwinear,St Gwiner  ,92,08 Jan 1913,Eliza Lauretta,"","","","",PERRY,67,St. Gwinear Vicarage,"","",13
CON,Gwinear,St Gwiner  ,94,06 Jan 1913,Georgina,"","","","",MICHELL,30,Carnhell Green,"","",13
CON,Gwinear,St Gwiner  ,95,22 Jan 1913,Ethel,"","","","",NICCHALL,18,Carnhell Green,"","",13
CON,Gwinear,St Gwiner  ,96,29 Jan 1913,Richard Arthur,"","","","",BERRIMAN,26,Tregotha,"","",13
CON,Gwinear,St Gwiner  ,97,05 Feb 1913,Frances,"","","","",PADDY,88,Church Town,"","",14
CON,Gwinear,St Gwiner  ,98,07 Feb 1913,Mary,"","","","",HEATHER,85,The Workhouse Helston,"","",14
CON,Gwinear,St Gwiner  ,99,20 Feb 1913,John,"","","","",VEAL,59,Connor Downs ( Gwythian),Certified by Wesleyan Minister,"",14
CON,Gwinear,St Gwiner  ,100,28 Mar 1913,Thomas,"","","","",TIPPETT,64,Wheal Clowance,"","",14
CON,Gwinear,St Gwiner  ,101,03 Apr 1913,Jane Martin,"","","","",DAVEY,80,Clinton Road Redruth,"","",14
CON,Gwinear,St Gwiner  ,102,27 Apr 1913,Ellen,"","","","",STAPLETON,42,Church Town,"","",14
CON,Gwinear,St Gwiner  ,103,01 May 1913,William,"","","","",FAULL,69,Relistian,"","",14
CON,Gwinear,St Gwiner  ,104,07 Jul 1913,George,"","","","",EUSTICE,82,Bezurrell,"","",14
CON,Gwinear,St Gwiner  ,105,15 Jul 1913,George,"","","","",DIMST[AO]N,9d,Hathebidion,"","",15
CON,Gwinear,St Gwiner  ,107,17 Aug 1913,William John,"","","","",LUGG,44,Ventonleague Phillack,"","",15
CON,Gwinear,St Gwiner  ,108,24 Sep 1913,Mary Ann,"","","","",POOLEY,85,Lanner Gwennap,"","",15
CON,Gwinear,St Gwiner  ,109,01 Nov 1913,David,"","","","",HENDRA,60,Carnhell Green,"","",15
CON,Gwinear,St Gwiner  ,110,02 Nov 1913,Violet,"","","","",GUNN,2d,Shaft Downs,"","",15
CON,Gwinear,St Gwiner  ,111,05 Nov 1913,Martha,"","","","",BENNETTS,85,Angarrack Phillack,"","",15
CON,Gwinear,St Gwiner  ,112,09 Nov 1913,George Donald,"","","","",HAMILTON,6w,Leedstown Crowan,"","",15
CON,Gwinear,St Gwiner  ,113,06 Dec 1913,Elizabeth Ann,"","","","",JENKYN,87,Angarrack Phillack,"","",16
CON,Gwinear,St Gwiner  ,114,13 Dec 1913,John Harvey,"","","","",ARTHUR,68,Angarrack Phillack,"","",16
CON,Gwinear,St Gwiner  ,115,18 Dec 1913,Sally,"","","","",KELYNACK,80,Reawla,"","",16
CON,Gwinear,St Gwiner  ,116,03 Jan 1914,Joseph,"","","","",SMITHERSON,3h,Penhale Moor,"","",16
CON,Gwinear,St Gwiner  ,117,07 Jan 1914,Caroline,"","","","",ROWE,13,Herland,"","",16
CON,Gwinear,St Gwiner  ,118,07 Feb 1914,Florence Irene,"","","","",NICHOLLS,4m,Relistian,"","",16
CON,Gwinear,St Gwiner  ,119,16 Feb 1914,John,"","","","",WILLIAMS,10,Roseworthy,"","",16
CON,Gwinear,St Gwiner  ,120,11 Mar 1914,Wilfred,"","","","",STRIKE,10m,Church Town,"","",16
CON,Gwinear,St Gwiner  ,121,22 Mar 1914,Elizabeth Ann,"","","","",BUCKTHOUGHT,64,Carnhell Green,"","",17
CON,Gwinear,St Gwiner  ,122,01 Apr 1914,Charles,"","","","",WHITE,86,Reawla,"","",17
CON,Gwinear,St Gwiner  ,123,06 Apr 1914,William Richard,"","","","",NICHOLLS,3,Relistian,"","",17
CON,Gwinear,St Gwiner  ,124,06 Apr 1914,Ellen Tregie,"","","","",TAYLOR,66,Wall,"","",17
CON,Gwinear,St Gwiner  ,125,28 Apr 1914,Sally,"","","","",WILLIAMS,77,Nancemellyn Gwithian,"","",17
CON,Gwinear,St Gwiner  ,126,23 May 1914,Susan Ann,"","","","",ROWE,54,Roseworthy,"","",17
CON,Gwinear,St Gwiner  ,127,08 Jul 1914,John Walter,"","","","",COOK,15,Carloose,"","",17
CON,Gwinear,St Gwiner  ,128,25 Jul 1914,Edwin,"","","","",VETHANOWETH,80,Angarrack Phillack,"","",17
CON,Gwinear,St Gwiner  ,129,31 Jul 1914,James,"","","","",PHILLIPS,68,Reawla Gwinear,"","",18
CON,Gwinear,St Gwiner  ,130,26 Aug 1914,Thomas,"","","","",MITCHELL,82,Leedstown,"","",18
CON,Gwinear,St Gwiner  ,131,27 Sep 1914,David,"","","","",PHILLIPS,49,Church Town,"","",18
CON,Gwinear,St Gwiner  ,132,01 Dec 1914,Horace,"","","","",GUNN,3d,Shaft Downs,"","",18
CON,Gwinear,St Gwiner  ,133,01 Dec 1914,John,"","","","",GILBERT,76,Carnhell Green,"","",18
CON,Gwinear,St Gwiner  ,134,10 Dec 1914,William John,"","","","",ROWE,56,Trenawin,"","",18
CON,Gwinear,St Gwiner  ,135,10 Dec 1914,James,"","","","",HAMPTON,66,Gwinear Downs,"","",18
CON,Gwinear,St Gwiner  ,137,04 Feb 1915,Richard Leopold,"","","","",COOK,12,Carloose,"","",19
CON,Gwinear,St Gwiner  ,139,03 Mar 1915,Paul Carlyon,"","","","",PHILLIPS,5,Carloose,"","",19
CON,Gwinear,St Gwiner  ,140,07 Mar 1915,William,"","","","",CHINN,65,Gwinear Lane,"","",19
CON,Gwinear,St Gwiner  ,136,26 Jan 1915,Francis,"","","","",JEWELL,79,Reawla,"","",18
CON,Gwinear,St Gwiner  ,141,08 Mar 1915,John,"","","","",WILLIAMS,72,Trenerth Hill,"","",19
CON,Gwinear,St Gwiner  ,142,15 Mar 1915,William John Redvers,"","","","",MARTIN,4m,Leedstown,"","",19
CON,Gwinear,St Gwiner  ,138,03 Mar 1915,Thomas,"","","","",EVA,64,Penhale,"","",19
CON,Gwinear,St Gwiner  ,143,18 Mar 1915,Joseph,"","","","",MUTE,58,County Asylum Bodmin,"","",19
CON,Gwinear,St Gwiner  ,144,30 Mar 1915,Tobias,"","","","",MITCHELL,63,Rosewarne Lane,"","",19
CON,Gwinear,St Gwiner  ,145,07 Apr 1915,Jane,"","","","",TRIPP,77,Wall,"","",20
CON,Gwinear,St Gwiner  ,146,08 Apr 1915,Beatrice Florence,"","","","",PEARCE,19,Neath Farm,"","",20
CON,Gwinear,St Gwiner  ,147,11 Apr 1915,Martha,"","","","",KNEEBONE,67,Church Town,"","",20
CON,Gwinear,St Gwiner  ,148,06 May 1915,George,"","","","",NANCARROW,80,Shaft Downs,"","",20
CON,Gwinear,St Gwiner  ,149,21 Jul 1915,Wilfred John,"","","","",BALDOCK,3d,Carnhell Green,"","",20
CON,Gwinear,St Gwiner  ,155,25 Oct 1915,Elizabeth,"","","","",TAYLOR,79,Wall,"","",21
CON,Gwinear,St Gwiner  ,160,12 Feb 1916,Minnie,"","","","",BOSENCE,6m,Wall,"","",21
CON,Gwinear,St Gwiner  ,150,29 Jul 1915,Jane,"","","","",NANCARROW,78,Shaft Downs,"","",20
CON,Gwinear,St Gwiner  ,151,25 Sep 1915,Alfred,"","","","",THOMAS,2,Angarrack Phillack,"","",20
CON,Gwinear,St Gwiner  ,152,01 Oct 1915,Ethel,"","","","",SMITHERSON,1d,Penhale Moor,"","",20
CON,Gwinear,St Gwiner  ,153,16 Oct 1915,Jennjfer,"","","","",GRIBBLE,82,Carnhell Green,"","",21
CON,Gwinear,St Gwiner  ,154,24 Oct 1915,Thomas,"","","","",MITCHELL,52,Rosewarne Lane,"","",21
CON,Gwinear,St Gwiner  ,156,26 Dec 1915,Dorothy May,"","","","",PAYNE,19m,Fraddam,"","",21
CON,Gwinear,St Gwiner  ,157,16 Jan 1916,Beatrice,"","","","",RULE,15d,Angarrack Hill Phillack,"","",21
CON,Gwinear,St Gwiner  ,158,01 Feb 1916,James,"","","","",MITCHELL,76,Carloose,"","",21
CON,Gwinear,St Gwiner  ,159,06 Feb 1916,Elizabeth,"","","","",GONINAN,78,Connor Downs ( Gwythian),"","",21
CON,Gwinear,St Gwiner  ,161,17 Feb 1916,James Henry,"","","","",HARRIS,55,County Asylum,"","",22
CON,Gwinear,St Gwiner  ,162,26 Feb 1916,Richard,"","","","",PASCOE,28,Carnhell Green,"","",22
CON,Gwinear,St Gwiner  ,164,22 Mar 1916,John,"","","","",LEE,9m,Roseworthy,"","",22
CON,Gwinear,St Gwiner  ,163,19 Mar 1916,Joseph,"","","","",SYMONS,67,Dranneck,"","",22
CON,Gwinear,St Gwiner  ,165,15 Apr 1916,Annie Elizabeth,"","","","",WILLIAMS,40,Wall,"","",22
CON,Gwinear,St Gwiner  ,166,21 Apr 1916,Jane Julia,"","","","",SEARLE,83,Relistian,"","",22
CON,Gwinear,St Gwiner  ,167,27 Apr 1916,Susan Rosewarne,"","","","",BURALL,86,Newquay Cornwall,"","",22
CON,Gwinear,St Gwiner  ,168,19 Jul 1916,Edith May,"","","","",COCK,13m,Gwinear Downs Gwithian,"","",22
CON,Gwinear,St Gwiner  ,169,29 Jul 1916,Caroline,"","","","",RICHARDS,61,St. Erth,"","",23
CON,Gwinear,St Gwiner  ,171,19 Sep 1916,Richard,"","","","",KNEEBONE,65,Rosewarne Lane,"","",23
CON,Gwinear,St Gwiner  ,172,29 Sep 1916,Mary,"","","","",SAMPSON,52,Trevaskis Farm,"","",23
CON,Gwinear,St Gwiner  ,173,06 Dec 1916,Elizabeth Roberts,"","","","",PARKIN,69,Tappard,"","",23
CON,Gwinear,St Gwiner  ,174,07 Dec 1916,Ann,"","","","",PHILLIPS,63,Ponsanooth,"","",23
CON,Gwinear,St Gwiner  ,170,09 Aug 1916,John,"","","","",RAPSON,64,Reawalla,"","",23
CON,Gwinear,St Gwiner  ,175,11 Dec 1916,Francis,"","","","",HOCKING,44,Mennor Downs,"","",23
CON,Gwinear,St Gwiner  ,176,18 Dec 1916,Amelia,"","","","",SEADDON,67,Tremayne Crowan,"","",23
CON,Gwinear,St Gwiner  ,177,24 Dec 1916,George James,"","","","",PERRY,50,Connor Downs Gwithian,"","",24
CON,Gwinear,St Gwiner  ,178,06 Jan 1917,Sarah Ann,"","","","",MITCHELL,70,Church Town,"","",24
CON,Gwinear,St Gwiner  ,179,08 Jan 1917,William,"","","","",JOHNS,85,Carnhell Green,"","",24
CON,Gwinear,St Gwiner  ,180,10 Jan 1917,Elizabeth,"","","","",RULE,78,Connor Downs Gwithian,"","",24
CON,Gwinear,St Gwiner  ,181,23 Jan 1917,Jjohn Henry,"","","","",HOCKING,67,Reawla,"","",24
CON,Gwinear,St Gwiner  ,182,18 Mar 1917,John,"","","","",THOMAS,53,Roseworthy,"","",24
CON,Gwinear,St Gwiner  ,183,20 Mar 1917,Richard Cultun,"","","","",CURTIS,9d,Weeth Farm,"","",24
CON,Gwinear,St Gwiner  ,184,05 Apr 1917,William Henry,"","","","",VARKER,52,Fraddam,"","",24
CON,Gwinear,St Gwiner  ,185,05 Apr 1917,James,"","","","",THOMAS,75,Reawla,"","",25
CON,Gwinear,St Gwiner  ,186,11 Apr 1917,Norah Grace Dermott,"","","","",NOBLE,29,Shaft Downs,"","",25
CON,Gwinear,St Gwiner  ,187,26 Apr 1917,Richard,"","","","",HARRIS,50,Deverel Gwinear,"","",25
CON,Gwinear,St Gwiner  ,188,11 May 1916,Ann,"","","","",HOLMAN,80,Carnhell Green,"","",25
CON,Gwinear,St Gwiner  ,189,02 Jun 1917,Eliza Louise,"","","","",BUCKTHOUGHT,48,Carnhell Green,"","",25
CON,Gwinear,St Gwiner  ,190,12 Jun 1917,Elizabeth,"","","","",GRAY,51,Roseworthy,"","",25
CON,Gwinear,St Gwiner  ,191,14 Jun 1917,Mary Anna,"","","","",VARKER,14,Fraddam,"","",25
CON,Gwinear,St Gwiner  ,192,02 Jul 1917,John,"","","","",WILSON,94,Tappard,"","",25
CON,Gwinear,St Gwiner  ,193,03 Jul 1917,Ellen,"","","","",WHEAR,72,Copperhouse Phillack,"","",26
CON,Gwinear,St Gwiner  ,194,11 Jul 1917,John Thomas,"","","","",GREGORY,71,Newlyn Paul,"","",26
CON,Gwinear,St Gwiner  ,195,28 Jul 1917,Catherine Annie May,"","","","",VIGUS,3,Reawla,"","",26
CON,Gwinear,St Gwiner  ,196,09 Aug 1917,Kate,"","","","",VIGUS,23,Reawla,Certified by Chaplain to Lord Bishop of Lincoln,"",26
CON,Gwinear,St Gwiner  ,197,02 Oct 1917,Elizabeth,"","","","",BRYANT,78,Connor Downs,"","",26
CON,Gwinear,St Gwiner  ,198,07 Oct 1917,Mary,"","","","",BANFIELD,29,Noonvares Crowan,"","",26
CON,Gwinear,St Gwiner  ,199,23 Oct 1917,Mary,"","","","",RICHARDS,53,Miners Hospital Redruth,"","",26
CON,Gwinear,St Gwiner  ,200,08 Nov 1917,Mary Jane,"","","","",JONES,73,Carnhell Green,"","",26
CON,Gwinear,St Gwiner  ,201,16 Nov 1917,Sarah Ann,"","","","",PENHALE,63,Leedstown Crowan,"","",27
CON,Gwinear,St Gwiner  ,202,18 Nov 1917,William Henry,"","","","",IRELAND,71,Carnhell Green,"","",27
CON,Gwinear,St Gwiner  ,203,20 Nov 1917,William,"","","","",ARTHUR,79,Copperhouse,"","",27
CON,Gwinear,St Gwiner  ,204,12 Dec 1917,Emily,"","","","",DENNIS,58,Alexandra Nursing Home Camborne,"","",27
CON,Gwinear,St Gwiner  ,205,15 Dec 1917,Jane,"","","","",GLASSON,52,_rntilance Illogan,"","",27
CON,Gwinear,St Gwiner  ,206,22 Dec 1917,Emily Cecilia,"","","","",COCK,26,Connor Downs Gwithian,"","",27
CON,Gwinear,St Gwiner  ,207,30 Dec 1917,William Richard,"","","","",STRIKE,37,Church Town,"","",27
CON,Gwinear,St Gwiner  ,208,06 Jan 1918,William,"","","","",PARKIN,93,Tappard,"","",27
CON,Gwinear,St Gwiner  ,209,14 Jan 1918,Richard,"","","","",GRIBBLE,66,Penponds,"","",28
CON,Gwinear,St Gwiner  ,210,15 Jan 1918,Elizabeth Richards,"","","","",NOBLE,77,Shaft Downs,"","",28
CON,Gwinear,St Gwiner  ,211,15 Jan 1918,Ida Jewell,"","","","",LESTER,2d,Goneva,"","",28
CON,Gwinear,St Gwiner  ,212,25 Feb 1918,Edward,"","","","",HARVEY,18,Royal Naval Hospital Truro,"","",28
CON,Gwinear,St Gwiner  ,213,22 Mar 1918,Mary Thomas,"","","","",BURRALL,86,Tregwella Newquay,"","",28
CON,Gwinear,St Gwiner  ,214,01 Apr 1918,Lydia Mary,"","","","",PETHICK,3m,Shaft Downs,"","",28
CON,Gwinear,St Gwiner  ,215,29 Apr 1918,Edith Maud,"","","","",IRELAND,18,Carnhell Green,"","",28
CON,Gwinear,St Gwiner  ,216,13 May 1918,Elizabeth,"","","","",EUSTICE,3d,Pendower Phillack,"","",28
CON,Gwinear,St Gwiner  ,217,15 May 1918,Francis William John,"","","","",VIGUS,18m,Reawlla,"","",29
CON,Gwinear,St Gwiner  ,218,21 May 1918,Doris Mary,"","","","",NOTT,14m,Reawla,"","",29
CON,Gwinear,St Gwiner  ,219,04 Jun 1918,Elizabeth Bosisto,"","","","",PEARCE,83,Church Town,"","",29
CON,Gwinear,St Gwiner  ,220,25 Jun 1917,Elizabeth Ann,"","","","",JAMES,82,Barn Street Liskeard,"","",29
CON,Gwinear,St Gwiner  ,221,27 Jun 1918,Richard,"","","","",SHUGG,68,Fraddam,"","",29
CON,Gwinear,St Gwiner  ,222,09 Jul 1918,Christiana Green,"","","","",GOLDSWORTHY,63,Wall,"","",29
CON,Gwinear,St Gwiner  ,225,07 Aug 1918,Margaret,"","","","",UREN,83,Commercial Road Phillack East,"","",30
CON,Gwinear,St Gwiner  ,226,25 Aug 1918,Mary Edwards,"","","","",MIDDLIN,84,34 Foundry Square Hayle,"","",30
CON,Gwinear,St Gwiner  ,227,11 Sep 1918,Edward John,"","","","",RALPH,60,Reawla,"","",30
CON,Gwinear,St Gwiner  ,228,25 Sep 1918,Ann,"","","","",WILLIAMS,84,Reawla,"","",30
CON,Gwinear,St Gwiner  ,223,10 Jul 1918,Jane,"","","","",CURNOW,57,Fraddam,"","",29
CON,Gwinear,St Gwiner  ,224,04 Aug 1918,Nanny,"","","","",GREET,84,Reawla,"","",29
CON,Gwinear,St Gwiner  ,229,08 Nov 1918,Cordelia,"","","","",JOHNS,40,The Workhouse Illogan,"","",30
CON,Gwinear,St Gwiner  ,230,16 Nov 1918,James Edwin,"","","","",LAWRANCE,12,Weeth Farm,"","",30
CON,Gwinear,St Gwiner  ,231,19 Nov 1918,Richard Charles,"","","","",QUICK,2m,Connor Downs Gwithian,"","",30
CON,Gwinear,St Gwiner  ,232,30 Nov 1918,Elizabeth,"","","","",BOSENCE,26,The Workhouse Illogan,"","",30
CON,Gwinear,St Gwiner  ,233,01 Dec 1918,Mary Jane,"","","","",PERRY,19,Connor Downs ( Gwythian),"","",31
CON,Gwinear,St Gwiner  ,234,08 Dec 1918,Percival,"","","","",JONES,33,Coswinsawsin,"","",31
CON,Gwinear,St Gwiner  ,235,28 Dec 1918,Annie Maria,"","","","",BOULDEN,53,Lunatic Asylum Bodmin,"","",31
CON,Gwinear,St Gwiner  ,236,09 Jan 1919,Stephen,"","","","",SAMPSON,59,Carnhell Green,"","",31
CON,Gwinear,St Gwiner  ,237,29 Jan 1919,Hannah,"","","","",SCANTLEBURY,77,Fraddam,"","",31
CON,Gwinear,St Gwiner  ,238,08 Feb 1919,Burgess Mary,"","","","",WHITE,4m,Reawla,"","",31
CON,Gwinear,St Gwiner  ,239,13 Feb 1919,William Thomas,"","","","",STRICK,57,Cathebedron,"","",31
CON,Gwinear,St Gwiner  ,240,19 Feb 1919,James,"","","","",NOBLE,39,Noonvares Crowan,"","",31
CON,Gwinear,St Gwiner  ,242,29 Mar 1919,Carlos Henry,"","","","",WILLIAMS,23,Roseworthy,"","",32
CON,Gwinear,St Gwiner  ,243,11 May 1919,Mary,"","","","",WILLIAMS,66,Carnhell Green,"","",32
CON,Gwinear,St Gwiner  ,244,11 May 1919,Samuel Keast,"","","","",SCANTLEBURY,74,Fraddam,"","",32
CON,Gwinear,St Gwiner  ,241,20 Feb 1919,Grace,"","","","",POOLEY,85,Reawla,"","",32
CON,Gwinear,St Gwiner  ,256,29 Dec 1919,John,"","","","",JAMES,3,Devoral,"","",33
CON,Gwinear,St Gwiner  ,245,20 May 1919,Matthew,"","","","",MORRIS,73,Wall,Certified by Wesleyan minister,"",32
CON,Gwinear,St Gwiner  ,246,29 May 1919,Jacob,"","","","",LONG,73,Carnhell Green,"","",32
CON,Gwinear,St Gwiner  ,247,04 Jun 1919,Mary,"","","","",SYMONS,53,Carnhell Green,"","",32
CON,Gwinear,St Gwiner  ,248,04 Jun 1919,Elizabeth Ann,"","","","",FLOYD,83,Carnhell Green,"","",32
CON,Gwinear,St Gwiner  ,249,01 Aug 1919,Florence Isabel,"","","","",IRELAND,15,Carnhell Green,"","",33
CON,Gwinear,St Gwiner  ,250,09 Aug 1919,John,"","","","",LAMBRICK,71,Gare Lamorran,"","",33
CON,Gwinear,St Gwiner  ,251,05 Sep 1919,Caroline,"","","","",THOMAS,69,Reawla House,"","",33
CON,Gwinear,St Gwiner  ,252,04 Oct 1919,Alma,"","","","",HICKS,64,Treweek Farm Stithians,"","",33
CON,Gwinear,St Gwiner  ,253,07 Nov 1919,John Henry,"","","","",ROWE,75,Carnhell Green,"","",33
CON,Gwinear,St Gwiner  ,254,04 Dec 1919,Samuel,"","","","",JOHNS,76,Connor Downs Gwithian,"","",33
CON,Gwinear,St Gwiner  ,255,27 Dec 1919,Herbert Bennett,"","","","",COCKING,11,Church Town,"","",33
CON,Gwinear,St Gwiner  ,257,07 Jan 1920,Ronald,"","","","",SMITHERAM,26d,Penhale Moor,"","",34
CON,Gwinear,St Gwiner  ,258,27 Jan 1920,Grace Jane Thomas,"","","","",HUTHNANCE,74,Church Town,"","",34
CON,Gwinear,St Gwiner  ,259,16 Feb 1920,James,"","","","",HARVEY,57,Foundry Hill St Erth,"","",34
CON,Gwinear,St Gwiner  ,260,20 Feb 1920,Bessie,"","","","",THOMAS,54,Connor Downs Gwithian,"","",34
CON,Gwinear,St Gwiner  ,261,27 Feb 1920,Lena May,"","","","",HOCKING,4d,Reawla,"","",34
CON,Gwinear,St Gwiner  ,262,06 Mar 1920,Mary Jane,"","","","",COLLINS,86,Reawla,"","",34
CON,Gwinear,St Gwiner  ,263,19 Mar 1920,Mary,"","","","",BURGESS,78,Veryan,"","",34
CON,Gwinear,St Gwiner  ,264,03 Apr 1920,Eliza,"","","","",UREN,92,Trevassack Phillack East,"","",34
CON,Gwinear,St Gwiner  ,265,10 Apr 1920,Michell,"","","","",FLOYD,48,Carnhell Green,"","",35
CON,Gwinear,St Gwiner  ,266,12 May 1920,Mary,"","","","",MITCHELL,82,Leedstown Crowan,"","",35
CON,Gwinear,St Gwiner  ,267,17 May 1920,Joseph,"","","","",BARNES,34,Wall,"","",35
CON,Gwinear,St Gwiner  ,268,27 May 1920,Charles Ewert,"","","","",FRANCIS,21,Wall,"","",35
CON,Gwinear,St Gwiner  ,269,29 May 1920,Emma,"","","","",MOORE,44,St. Ives Cornwall,"","",35
CON,Gwinear,St Gwiner  ,270,16 Jun 1920,George,"","","","",LAITY,60,Pockinghume Farm,"","",35
CON,Gwinear,St Gwiner  ,271,08 Jul 1920,Bertha,"","","","",DENNIS,41,Carnhell Green,"","",35
CON,Gwinear,St Gwiner  ,272,09 Sep 1920,John Thomas,"","","","",PHILLIPS,76,Teignmouth S Devon,"","",35
CON,Gwinear,St Gwiner  ,273,20 Sep 1920,Elizabeth Ann,"","","","",EUSTICE,88,Bezurrell,"","",36
CON,Gwinear,St Gwiner  ,274,07 Oct 1920,Isabella,"","","","",JOHNS,71,St. Day,"","",36
CON,Gwinear,St Gwiner  ,275,30 Oct 1920,Elizabeth Jane,"","","","",MITCHELL,58,Leedstown Crowan,"","",36
CON,Gwinear,St Gwiner  ,276,27 Nov 1920,Joseph Henry,"","","","",BRAY,43,Reawla,"","",36
CON,Gwinear,St Gwiner  ,277,30 Dec 1920,James Henry,"","","","",THOMAS,47,Trenerth,"","",36
CON,Gwinear,St Gwiner  ,278,01 Jan 1921,William Charles,"","","","",JAMES,9,Devoral,"","",36
CON,Gwinear,St Gwiner  ,279,05 Jan 1921,James Henry,"","","","",NICHOLLS,10d,Relistian,"","",36
CON,Gwinear,St Gwiner  ,281,19 Feb 1921,Elizabeth Beatrice,"","","","",STAPLETON,35,Barripper Camborne,"","",37
CON,Gwinear,St Gwiner  ,282,27 Feb 1921,Kenneth,"","","","",BYRNE,8m,Leedstown Crowan,"","",37
CON,Gwinear,St Gwiner  ,283,02 Mar 1921,Irene,"","","","",DENNIS,11m,Roseworthy,"","",37
CON,Gwinear,St Gwiner  ,280,06 Jan 1921,Lily,"","","","",GREY,14,Roseworthy,"","",36
CON,Gwinear,St Gwiner  ,286,29 May 1921,Thomas,"","","","",FRANCIS,61,Wall,"","",37
CON,Gwinear,St Gwiner  ,284,02 May 1921,Elizabeth,"","","","",SOUTHATT,77,Carnhell Green,"","",37
CON,Gwinear,St Gwiner  ,285,20 Apr 1921,Elizabeth Ann,"","","","",DUNN,78,Devoral,"","",37
CON,Gwinear,St Gwiner  ,287,30 May 1921,Lavinia,"","","","",THOMAS,87,Goneva Farm Wall,"","",37
CON,Gwinear,St Gwiner  ,288,11 Jun 1921,Evelyn,"","","","",CURNOW,28,Carnhell Green,"","",37
CON,Gwinear,St Gwiner  ,290,27 Jul 1921,Edith,"","","","",MICHELL,62,Carnhell Green,"","",38
CON,Gwinear,St Gwiner  ,291,04 Aug 1921,William,"","","","",GRIBBLE,47,Prussia Cove St Hilary,"","",38
CON,Gwinear,St Gwiner  ,292,10 Aug 1921,Elizabeth Annie,"","","","",PASCOE,51,Fraddam Gwinear,"","",38
CON,Gwinear,St Gwiner  ,293,27 Sep 1921,Margaret,"","","","",MAY,94,Connerton Farm Gwithian,"","",38
CON,Gwinear,St Gwiner  ,289,10 Jul 1921,William,"","","","",JAMES,60,Reawla,"","",38
CON,Gwinear,St Gwiner  ,294,02 Nov 1921,John Henry,"","","","",RICKARD,67,Connerton Farm Gwithian,"","",38
CON,Gwinear,St Gwiner  ,295,26 Nov 1921,Alice,"","","","",BERRYMAN,67,Hoe Downs,"","",38
CON,Gwinear,St Gwiner  ,296,09 Dec 1921,Elizabeth,"","","","",KNEEBONE,73,Rosewarne Lane,"","",38
CON,Gwinear,St Gwiner  ,297,07 Jan 1922,William,"","","","",SANDRY,77,St. Ives Cornwall,"","",39
CON,Gwinear,St Gwiner  ,298,07 Jan 1922,John,"","","","",KNEEBONE,76,Rosewarne Lane,"","",39
CON,Gwinear,St Gwiner  ,299,03 Feb 1922,Susannah,"","","","",BARAGWENETH,90,Carnhell Green,"","",39
CON,Gwinear,St Gwiner  ,300,23 Feb 1922,Margaret Ann,"","","","",HOCKING,66,Church Town,"","",39
CON,Gwinear,St Gwiner  ,301,07 Mar 1922,Elizabeth,"","","","",OATES,74,Fraddam,"","",39
CON,Gwinear,St Gwiner  ,302,11 Mar 1922,Bessie,"","","","",PERRY,4h,Church Town,"","",39
CON,Gwinear,St Gwiner  ,303,11 Mar 1922,Samuel John,"","","","",TREVILLION,63,Shaft Downs,"","",39
CON,Gwinear,St Gwiner  ,304,16 Apr 1922,William,"","","","",WILLIAMS,82,Lenyon Lane,"","",39
CON,Gwinear,St Gwiner  ,305,18 Apr 1922,John Rail,"","","","",EVA,2m,Roseworthy Barton,"","",40
CON,Gwinear,St Gwiner  ,306,02 May 1922,John Hanbly,"","","","",MICHELL,69,Carnhell Green,"","",40
CON,Gwinear,St Gwiner  ,307,17 May 1922,Martha,"","","","",SANDREY,77,St. Ives Cornwall,"","",40
CON,Gwinear,St Gwiner  ,308,26 May 1922,Caroline,"","","","",GORMAN,69,Connor Downs Gwithian,"","",40
CON,Gwinear,St Gwiner  ,309,31 May 1922,Philip Donald Daly,"","","","",THOMAS,9w,Carnhell Green,"","",40
CON,Gwinear,St Gwiner  ,310,31 May 1922,John,"","","","",JAMES,6h,Church Town,"","",40
CON,Gwinear,St Gwiner  ,311,31 Jul 1922,Lucinda,"","","","",IRELAND,40,Carnhell Green,"","",40
CON,Gwinear,St Gwiner  ,312,02 Sep 1922,William Thomas,"","","","",GREET,41,Carnhell Green,"","",40
CON,Gwinear,St Gwiner  ,314,27 Oct 1922,Frances,"","","","",HARRY,83,Carnhell Green,"","",41
CON,Gwinear,St Gwiner  ,316,20 Nov 1922,Elizabeth Ann,"","","","",SYMMS,79,Reawla,"","",41
CON,Gwinear,St Gwiner  ,317,24 Dec 1922,Edward Matthis,"","","","",LOWMAN,48,Church Town,"","",41
CON,Gwinear,St Gwiner  ,313,07 Oct 1922,Thomas,"","","","",UREN,12,Wall,"","",41
CON,Gwinear,St Gwiner  ,315,27 Oct 1922,Emily,"","","","",ROWE,67,Dinas Farm,"","",41
CON,Gwinear,St Gwiner  ,318,08 Jan 1923,Elizabeth,"","","","",PEARCE,87,Phillack East,"","",41
CON,Gwinear,St Gwiner  ,319,21 Feb 1923,James Thomas,"","","","",TRIPP,12d,Carloose,"","",41
CON,Gwinear,St Gwiner  ,320,01 Mar 1923,John,"","","","",JONES,75,Sand Cot Camborne,"","",41
CON,Gwinear,St Gwiner  ,321,07 Mar 1923,Augusta Elizabeth Shepherd,"","","","",LAMBRICK,78,TresillianSt Erme,"","",42
CON,Gwinear,St Gwiner  ,322,10 Mar 1923,Tryphena?,"","","","",GREET,65,Carnhell Green,"","",42
CON,Gwinear,St Gwiner  ,323,04 Apr 1923,John,"","","","",BARKELL,59,Connor Downs,"","",42
CON,Gwinear,St Gwiner  ,325,13 May 1923,Lilian,"","","","",THOMAS,25,Trenerth Bridge,"","",42
CON,Gwinear,St Gwiner  ,326,28 May 1923,Mary,"","","","",OATES,70,Givealanvellau Camborne,"","",42
CON,Gwinear,St Gwiner  ,327,18 Jun 1923,Louisa Mabel,"","","","",MARTIN,22,Church Town,"","",42
CON,Gwinear,St Gwiner  ,328,26 Jun 1923,Elizabeth,"","","","",MIDDLIN,73,Wall,Certified by Wesleyan Minister,"",42
CON,Gwinear,St Gwiner  ,324,26 Apr 1923,Sarah,"","","","",ELLIS,85,Reawla,"","",42
CON,Gwinear,St Gwiner  ,329,08 Jul 1923,Ellen,"","","","",DENNIS,75,Roseworthy,"","",43
CON,Gwinear,St Gwiner  ,330,09 Jul 1923,Mary Ann,"","","","",HAMPTON,66,Leedstown,"","",43
CON,Gwinear,St Gwiner  ,331,25 Jul 1923,Benjamin George,"","","","",VIVIAN,81,Connor Downs,"","",43
CON,Gwinear,St Gwiner  ,332,25 Sep 1923,Margery,"","","","",COOK,18m,Shaft Downs,"","",43
CON,Gwinear,St Gwiner  ,333,15 Oct 1923,Dorothy,"","","","",PROUT,82,Church Town Gwinear,"","",43
CON,Gwinear,St Gwiner  ,334,15 Oct 1923,John James,"","","","",MITCHELL,77,Church Town Gwinear,"","",43
CON,Gwinear,St Gwiner  ,335,12 Nov 1923,William Herbert,"","","","",COOK,11,Shaft Downs,"","",43
CON,Gwinear,St Gwiner  ,336,17 Nov 1923,Richard,"","","","",OLIVEY,84,Rosewarne Gwinear,"","",43
CON,Gwinear,St Gwiner  ,337,08 Dec 1923,Samuel James,"","","","",RICHARDS,45,Tregotha Gwinear,Coroner's Order,"",44
CON,Gwinear,St Gwiner  ,338,22 Dec 1923,Mary Eliane,"","","","",HOSKING,13,Carnhell Green,"","",44
CON,Gwinear,St Gwiner  ,339,28 Jan 1924,Charles,"","","","",TREWERN,66,Lanyon Gate Gwinear,"","",44
CON,Gwinear,St Gwiner  ,340,06 Mar 1924,Edgar Leslie,"","","","",ARTHUR,23,Carloose,"","",44
CON,Gwinear,St Gwiner  ,341,08 Mar 1924,William John,"","","","",KNEEBONE,54,Wall,"","",44
CON,Gwinear,St Gwiner  ,342,26 Mar 1924,Elizabeth,"","","","",WILLIAMS,57,Gwinear,"","",44
CON,Gwinear,St Gwiner  ,343,26 Apr 1924,Mariana,"","","","",POLKINGHOME,19,Church Town Gwinear,"","",44
CON,Gwinear,St Gwiner  ,344,08 May 1924,Mary Jane,"","","","",TREVORROW,45,Reawla,Certified by Wesleyan Minister,"",44
CON,Gwinear,St Gwiner  ,345,21 May 1924,Mary Grace,"","","","",JONES,73,Mennor Downs,"","",45
CON,Gwinear,St Gwiner  ,346,01 Jun 1924,John,"","","","",HAMPTON,71,Trenerth Hill,"","",45
CON,Gwinear,St Gwiner  ,347,23 Jun 1924,Rosina,"","","","",VIVIAN,66,Connor Downs,"","",45
CON,Gwinear,St Gwiner  ,348,08 Jul 1924,Frances Selina,"","","","",JAMES,57,16 Reawla,"","",45
CON,Gwinear,St Gwiner  ,349,18 Jul 1924,Eliza,"","","","",TRIPPCONEY,68,Trenerth Farm,"","",45
CON,Gwinear,St Gwiner  ,350,22 Jul 1924,Jane Angwin,"","","","",RODDA,64,26 Reawla Gwinear,"","",45
CON,Gwinear,St Gwiner  ,351,25 Aug 1924,Herbert Charles,"","","","",LUXTON,38,Wall Gwinear,"","",45
CON,Gwinear,St Gwiner  ,352,27 Aug 1924,John,"","","","",CURTIS,*,Carnhell Green Gwinear,"","",45
CON,Gwinear,St Gwiner  ,353,04 Oct 1924,John,"","","","",HICKS,78,Treweege Stithians,"","",46
CON,Gwinear,St Gwiner  ,354,08 Oct 1924,William James,"","","","",ARTHUR,64,Carloose,"","",46
CON,Gwinear,St Gwiner  ,356,01 Jan 1925,Catherine,"","","","",MATTHEWS,83,Rosewarne Lane Gwinear,"","",46
CON,Gwinear,St Gwiner  ,357,13 Jan 1925,John,"","","","",SMITHERAM,78,Angarrack Phillack East,"","",46
CON,Gwinear,St Gwiner  ,358,13 Jan 1925,William,"","","","",TREWHELLA,44,Wall Gwinear,"","",46
CON,Gwinear,St Gwiner  ,355,21 Oct 1924,Edwin,"","","","",KEMP,33,Deveral,"","",46
CON,Gwinear,St Gwiner  ,372,23 Feb 1926,Annie,"","","","",CARKEEK,60,Hayle,"","",48
CON,Gwinear,St Gwiner  ,359,08 Jun 1925,Alice Mary,"","","","",RALPH,46,Fraddam Gwinear,"","",46
CON,Gwinear,St Gwiner  ,360,15 Jun 1925,Herbert,"","","","",EUSTICE,27,Praze St. Erth,"","",46
CON,Gwinear,St Gwiner  ,361,20 Aug 1925,Herbert Arthur,"","","","",ROSEWARNE,69,Coswinsawsen Gwinear,"","",47
CON,Gwinear,St Gwiner  ,362,09 Sep 1925,John,"","","","",WILLIAMS,56,Reawla Gwinear,"","",47
CON,Gwinear,St Gwiner  ,363,20 Sep 1925,Mary Jane,"","","","",ANDREWS,78,Church Town Gwinear,"","",47
CON,Gwinear,St Gwiner  ,364,13 Nov 1925,Henry,"","","","",WHITE,58,Carnhell Green Gwinear,"","",47
CON,Gwinear,St Gwiner  ,365,07 Dec 1925,William,"","","","",CURNOW,73,Shaft Downs Gwinear,"","",47
CON,Gwinear,St Gwiner  ,366,19 Dec 1925,Margaretta,"","","","",BRAY,73,28 Reawla Gwinear,"","",47
CON,Gwinear,St Gwiner  ,367,23 Dec 1925,Eliza Jane,"","","","",COOK,54,Church Town Gwinear,"","",47
CON,Gwinear,St Gwiner  ,368,02 Jan 1926,Mary,"","","","",UREN,60,Plumas Villas Connor Downs Gwithian,"","",47
CON,Gwinear,St Gwiner  ,369,16 Jan 1926,Arthur John,"","","","",PERRY,83,The Vicarage Gwinear,"","",48
CON,Gwinear,St Gwiner  ,370,29 Jan 1926,John,"","","","",EVA,77,Parc Venton Gwinear,"","",48
CON,Gwinear,St Gwiner  ,371,06 Feb 1926,Sophia Alice,"","","","",PERRY,41,The Vicarage St. Gwinear,"","",48
CON,Gwinear,St Gwiner  ,373,06 Mar 1926,Esther,"","","","",UREN,62,19 Reawla Gwinear,"","",48
CON,Gwinear,St Gwiner  ,374,27 Mar 1926,Elizabeth,"","","","",DUDLEY,70,Carlose Farm Gwinear,"","",48
CON,Gwinear,St Gwiner  ,375,04 Apr 1926,Thomas John,"","","","",MITCHELL,10,Leedstown,"","",48
CON,Gwinear,St Gwiner  ,376,06 Apr 1926,Sarah Ann,"","","","",ARTHUR,55,Carnhell Green Gwinear,"","",48
CON,Gwinear,St Gwiner  ,377,02 May 1926,Eliza,"","","","",BRAY,88,Carnhell Green Gwinear,"","",49
CON,Gwinear,St Gwiner  ,378,08 May 1926,Zachariah,"","","","",HOLMAN,69,Carnhell Green St. Gwinear,"","",49
CON,Gwinear,St Gwiner  ,379,13 May 1926,Elizabeth May,"","","","",PENGLASS,58,Carnhell Green St. Gwinear,"","",49
CON,Gwinear,St Gwiner  ,380,18 May 1926,Richard Cyril,"","","","",SMITHERAM,9m,Cathebedron St. Gwinear,"","",49
CON,Gwinear,St Gwiner  ,381,26 May 1926,Anne Elizabeth,"","","","",EVA,62,Parc Venton St. Gwinear,"","",49
CON,Gwinear,St Gwiner  ,382,15 Jul 1926,Eliza Jane,"","","","",IRELAND,35,Wall Road S Gwinear,"","",49
CON,Gwinear,St Gwiner  ,383,22 Aug 1926,Ralph,"","","","",HAMPTON,42,Gwinear Downs St. Gwinear,"","",49
CON,Gwinear,St Gwiner  ,384,02 Sep 1926,Thomas,"","","","",WILLS,3,Trenerth St. Gwinear,"","",49
CON,Gwinear,St Gwiner  ,385,21 Sep 1926,Jane,"","","","",JONES,75,Angarrack Phillack,"","",50
CON,Gwinear,St Gwiner  ,386,10 Nov 1926,Frank,"","","","",CARTHEW,72,Roseworthy St. Gwinear,"","",50
CON,Gwinear,St Gwiner  ,387,13 Nov 1926,Mary Ann,"","","","",SCADDEN,88,Wall St. Gwinear,"","",50
CON,Gwinear,St Gwiner  ,388,23 Nov 1926,Charles Richards,"","","","",ROSEWARNE,78,Lanyon St. Gwinear,"","",50
CON,Gwinear,St Gwiner  ,389,04 Dec 1926,Elizabeth Ann,"","","","",THOMAS,82,Praze Crowan,"","",50
CON,Gwinear,St Gwiner  ,390,09 Dec 1926,Edwin,"","","","",DALE,82,Mount Whistle Tehidy Illogan,"","",50
CON,Gwinear,St Gwiner  ,392,11 Feb 1927,Jane,"","","","",WHITFORD,82,Praze St. Erth,"","",50
CON,Gwinear,St Gwiner  ,393,24 Feb 1927,Catherine,"","","","",TIPPETT,88,17 Scowlands Tuckingmill,"","",51
CON,Gwinear,St Gwiner  ,394,02 Apr 1927,Alfred Edward,"","","","",STEVENS,58,Cornwall Mental Hospital (Bodmin),"","",51
CON,Gwinear,St Gwiner  ,391,19 Jan 1927,Beatrice,"","","","",PHILLIPS,45,The Cottage Hospital Caloose,Died at the Cottage Hospital Caloose,"",50
CON,Gwinear,St Gwiner  ,395,09 Apr 1927,Samuel John,"","","","",TEMBY,54,Carnhell Green St. Gwinear,"","",51
CON,Gwinear,St Gwiner  ,396,12 May 1927,Leonora,"","","","",IRELAND,74,Wall Road S Gwinear,"","",51
CON,Gwinear,St Gwiner  ,397,30 May 1927,Sarah Ann,"","","","",VIAL,81,Fraddam Row St. Gwinear,"","",51
CON,Gwinear,St Gwiner  ,398,07 Jun 1927,Mary,"","","","",CURNOW,19,Carnhell Green St. Gwinear,"","",51
CON,Gwinear,St Gwiner  ,399,24 Jun 1927,Christiana Arthur,"","","","",HAMPTON,77,Leedstown Crowan,"","",51
CON,Gwinear,St Gwiner  ,400,16 Jul 1927,Charles Henry,"","","","",BLEWETT,21,Weeth St. Gwinear,"","",51
CON,Gwinear,St Gwiner  ,401,19 Jul 1927,Mary Anne,"","","","",PHILLIPS,76,Connor Downs St. Gwithian,"","",52
CON,Gwinear,St Gwiner  ,402,06 Aug 1927,Rowena Agnes,"","","","",DENNIS,43,Roseworthy St. Gwinear,"","",52
CON,Gwinear,St Gwiner  ,403,11 Aug 1927,Florence May,"","","","",REED,26,Church Town St. Gwinear,"","",52
CON,Gwinear,St Gwiner  ,404,31 Aug 1927,"","","","","",COLLICK,2d,Roseworthy St. Gwinear,The unnamed child of John COLLICK (unbaptised),"",52
CON,Gwinear,St Gwiner  ,405,19 Sep 1927,Mary Ann,"","","","",OATES,69,Barncross Place Illogan,"","",52
CON,Gwinear,St Gwiner  ,406,29 Sep 1927,Elizabeth Mitchell,"","","","",PHILLIPS,61,Carloose St. Gwinear,"","",52
CON,Gwinear,St Gwiner  ,407,13 Oct 1927,Peter Thomas,"","","","",JOHNS,31,Drannack Cottage Phillack,"","",52
CON,Gwinear,St Gwiner  ,408,23 Oct 1927,William Thomas,"","","","",BANFIELD,62,Reawla St. Gwinear,"","",52
CON,Gwinear,St Gwiner  ,409,03 Nov 1927,Elizabeth Ann,"","","","",RODDA,65,Carnarthen Moor Illogan,"","",53
CON,Gwinear,St Gwiner  ,410,31 Dec 1927,William John,"","","","",SEARCH,54,Church Town St. Gwinear,"","",53
CON,Gwinear,St Gwiner  ,415,16 Feb 1928,Nora Jane,"","","","",MITCHELL,16,Reawla St. Gwinear,Certified by Wesleyan minister,"",53
CON,Gwinear,St Gwiner  ,425,26 Nov 1928,Billy,"","","","",COLLICK,4,Roseworthy,Died Isolation Hospital W. Illogan,"",55
CON,Gwinear,St Gwiner  ,445,14 Jan 1930,William Hubert,"","","","",HOSKING,20,Wall St. Gwinear,Died at Nursing Home Camborne,"",57
CON,Gwinear,St Gwiner  ,443,08 Nov 1929,Paul,"","","","",TREVILLION,2y9m,Wall St.Gwinear,Coroner's inquest. Death caused by shock after being burned,"",57
CON,Gwinear,St Gwiner  ,453,27 Aug 1930,Richard,"","","","",WHITE,25,College Street Camborne,Killed whilst riding a Motor Cycle. Given as about 25 years. Coroner's order for burial after inquest.,"",58
CON,Gwinear,St Gwiner  ,457,05 Nov 1930,Sarah Ann,"","","","",TREGENZA?,77,Gwinear Lane St. Gwinear,Died at The Nursing Home Camborne,"",59
CON,Gwinear,St Gwiner  ,460,18 Dec 1930,Susan,"","","","",POOLEY,73,Rosewarne St. Gwinear,Died at the Nursing Home Truro,"",59
CON,Gwinear,St Gwiner  ,461,28 Dec 1930,Clarence Leslie,"","","","",IRELAND,20,Recently of Gwinear,Died at Kimberley Park Road Falmouth,"",59
CON,Gwinear,St Gwiner  ,463,23 Jan 1931,Frederick George,"","","","",DUNN,72,Carnhell Green St. Gwinear,Certified by Wesleyan minister,"",59
CON,Gwinear,St Gwiner  ,476,03 Dec 1931,Edward,"","","","",POOLEY,82,Reawla St. Gwinear,Died at Barncoose Place,"",61
CON,Gwinear,St Gwiner  ,480,19 Mar 1932,Beatrice,"","","","",WILLS,33,Reawla St. Gwinear,Miners Ton*'s Hospital Redruth,"",61
CON,Gwinear,St Gwiner  ,497,07 May 1933,Alica Emma,"","","","",NEWTON,66,Carnhell Green St. Gwinear,Died at St. Michael's Hospital. Certified by Wesleyan Minister,"",64
CON,Gwinear,St Gwiner  ,503,23 Dec 1933,Elizabeth Catherine,"","","","",GOLDSWORTHY,78,Truthwall St. Crowan,"","",64
CON,Gwinear,St Gwiner  ,506,12 Feb 1934,Elizabeth,"","","","",RULE,68,Wall St. Gwinear,Certified by Wesleyan Minister,"",65
CON,Gwinear,St Gwiner  ,508,19 Feb 1934,Mary Jane,"","","","",HAWKINS,66,Churchtown St. Gwinear,Died at Women's Hospital Redruth,"",65
CON,Gwinear,St Gwiner  ,509,24 Feb 1934,Mary,"","","","",RAPSON,17,Reawla St. Gwinear,Died at Women's Hospital Redruth,"",65
CON,Gwinear,St Gwiner  ,512,29 Mar 1934,Cyril,"","","","",HICKS,31,Reawla St. Gwinear,Certified by Wesleyan Minister,"",65
CON,Gwinear,St Gwiner  ,510,03 Mar 1934,Marion Joan,"","","","",WHEAR,7,Reawla St. Gwinear,Died at St. Michael's Hospital Hayle. Certified by Wesleyan Minister,"",65
CON,Gwinear,St Gwiner  ,520,11 Oct 1934,Selina,"","","","",SAMPSON,73,18 Auckland Rd Devonport,Formerly of this parish,"",66
CON,Gwinear,St Gwiner  ,522,24 Nov 1934,Richard Sims,"","","","",PHILLIPS,77,51 Crave Avenue Isleworth Middlesex,Formerly of St. Gwinear,"",67
CON,Gwinear,St Gwiner  ,524,11 Dec 1934,Emily Jane,"","","","",HICKS,72,Leedstown Crowan,Formerly of St. Gwinear. Certified by Wesleyan minister,"",67
CON,Gwinear,St Gwiner  ,530,05 Jun 1935,Ruby Mildred,"","","","",HOPKINS,25,St. Gwinear,Certified by Wesleyan minister. Died at Keskey's Farm St. Erth,"",68
CON,Gwinear,St Gwiner  ,531,16 Aug 1935,James,"","","","",POOLEY,78,Wall St.Gwinear,Registration mistake put right after making duplicate certificate 26 Oct 1935,"",68
CON,Gwinear,St Gwiner  ,556,23 Mar 1937,"","","","","",SYDHOLM,1d,Churchtown St. Gwinear,"First name given as ""baby"", age as 15 minutes","",71
CON,Gwinear,St Gwiner  ,566,11 Sep 1937,James Frederick,"","","","",WILLIAMS,33,Gwinear Lane Gwinear,Certified by Methodist minister,"",72
CON,Gwinear,St Gwiner  ,585,03 Jan 1939,Annie,"","","","",ANDREWARTHA,86,Reawla St. Gwinear,Died at Roskear Nursing Home,"",75
CON,Gwinear,St Gwiner  ,583,01 Dec 1938,Mary Elizabeth,"","","","",RICHARDS,59,Penhalervick Farm St. Stithians,Formerly of Tregotha St. Gwinear,"",74
CON,Gwinear,St Gwiner  ,587,18 Jan 1939,Stephen John,"","","","",WILLIAMS,72,Bay View Connor Downs St. Gwithian,"","",75
CON,Gwinear,St Gwiner  ,588,25 Jan 1939,David,"","","","",PASCOE,72,Fraddam St. Gwinear,Died at Miners' Hospital Redruth,"",75
CON,Gwinear,St Gwiner  ,590,21 Feb 1939,Jane,"","","","",WARNE,38,Probus,Formerly St. Gwinear. Died at Royal Cornwall Infirmary Truro,"",75
CON,Gwinear,St Gwiner  ,591,23 Feb 1939,Elizabeth,"","","","",EUSTICE,74,35 Tolcarne StreetCamborne,Formerly of Tregotha St. Gwinear,"",75
CON,Gwinear,St Gwiner  ,593,08 Apr 1939,Eliza Jane,"","","","",HOCKING,78,St Gwinear,At the Infirmary Redruth,"",76
CON,Gwinear,St Gwiner  ,598,02 Jun 1939,John Henry,"","","","",SMITHERAM,73,The Mill Nancemelling St. Gwinear nr. Camborne,"","",76
CON,Gwinear,St Gwiner  ,600,04 Aug 1939,Richard James,"","","","",TREVARTHEN,60,Bramble Lane Carnhell Green St. Gwinear,"","",76
CON,Gwinear,St Gwiner  ,597,28 May 1939,Edward Jennings,"","","","",MICHELL,79,Carnhell Green St. Gwinear,Certified by Methodist minister,"",76
CON,Gwinear,St Gwiner  ,601,25 Aug 1939,Jane,"","","","",MITCHELL,6d,7 Wall Rd,Died at the Women's Hospital Redruth,"",77
CON,Gwinear,St Gwiner  ,602,11 Nov 1939,Alfred James,"","","","",SAMPSON,81,Glen View Penryn,Formerly of St. Gwinear,"",77
CON,Gwinear,St Gwiner  ,606,20 Jan 1940,Laura,"","","","",WILLIAMS,63,1 Myrtle Cottage Carnhell Green St. Gwinear,"","",77
CON,Gwinear,St Gwiner  ,611,06 Mar 1940,Elizabeth Ann Brown,"","","","",JAMES,88,Carnhell Green St. Gwinear,"","",78
CON,Gwinear,St Gwiner  ,613,09 Apr 1940,Annie Reynolds,"","","","",DENNIS,77,Formerly of St. Gwinear,Roskear Nursing Home Camborne,"",78
CON,Gwinear,St Gwiner  ,614,10 Apr 1940,Elizabeth Ann,"","","","",HARRIS,87,Chycoose Hicks Mill Gwennap,Certified by Methodist minister,"",78
CON,Gwinear,St Gwiner  ,615,04 Sep 1940,Lily Maud,"","","","",HOCKING,28,Shaft's Down St. Gwinear,Died at Women's Hospital Redruth,"",78
CON,Gwinear,St Gwiner  ,612,04 Apr 1940,William Sampson,"","","","",JORDAN,78,16 Hughville Street Camborne,Certified by Methodist minister,"",78
CON,Gwinear,St Gwiner  ,622,06 Mar 1941,William Thomas Rickard,"","","","",OATES,85,42 College Street Camborne,"","",79
CON,Gwinear,St Gwiner  ,621,08 Feb 1941,Geoffery,"","","","",PASCOE,9,Shaft Downs St. Gwinear,Died at 22 Basset Road Camborne. Certified by Methodist minister,"",79
CON,Gwinear,St Gwiner  ,628,26 Aug 1941,Thomas,"","","","",STEPHENS,76,Rosewarne Lane St. Gwinear,"Died at Cornwall Mental Hospital, Bodmin","",80
CON,Gwinear,St Gwiner  ,635,29 Mar 1942,Ann,"","","","",SPURR,85,Tuckingmill Camborne,Certified by Methodist minister,"",81
CON,Gwinear,St Gwiner  ,636,26 May 1942,Margaret Jane,"","","","",HOSKING,72,Wall St. Gwinear,Certified by Methodist minister,"",81
CON,Gwinear,St Gwiner  ,638,11 Jun 1942,John Sampson,"","","","",GEORGE,87,Goldsithney Perranuthnoe,Formerly of St. Gwinear,"",81
CON,Gwinear,St Gwiner  ,634,15 Feb 1942,Ernest,"","","","",MITCHELL,57,Reawla St. Gwinear,Died at Predannack Works Grade Ruan. Certified by Methodist minister,"",81
CON,Gwinear,St Gwiner  ,639,14 Jun 1942,Margaret Ann,"","","","",FIDOCK,36,22 Reawla St. Gwinear,Certfied by Methodist minister,"",81
CON,Gwinear,St Gwiner  ,640,21 Jul 1942,Kate,"","","","",HARRIS,75,Reawla St. Gwinear,Died at Women's Hospital Redruth,"",81
CON,Gwinear,St Gwiner  ,637,07 Jun 1942,Joseph Henry,"","","","",WHITE,53,Rosewarne Lane Wall St. Gwinear,Killed in Motor Accident at Camborne. Coroner's Order for Burial. Certified by Methodist Minister,"",81
CON,Gwinear,St Gwiner  ,646,11 Jan 1943,Lottie,"","","","",JONES,42,78 Meneage Street Helston,Formerly of St; Gwinear,"",82
CON,Gwinear,St Gwiner  ,651,27 Jun 1943,Edward,"","","","",REPSON,52,Leedstown Crowan,Coroners Order for Burial,"",83
CON,Gwinear,St Gwiner  ,649,12 May 1943,Francis Stephen,"","","","",FERRETT,56,Coswinsawsin,Died at Mennor Downs St. Gwinear. Certified by Roman Catholic priest,"",83
CON,Gwinear,St Gwiner  ,653,09 Oct 1943,William Thomas,"","","","",JAMES,59,St. Erth Praze,Died at St. Michael's Hospital Hayle,"",83
CON,Gwinear,St Gwiner  ,659,03 Feb 1944,Clara Courbury,"","","","",WILLIAMS,70,Bay ViewTerrace Connor Downs St. Gwithian,"","",84
CON,Gwinear,St Gwiner  ,661,27 Jun 1944,Richard,"","","","",HOCKING,85,Stennack Gardens St Ives,Formerly of St. Gwinear,"",84
CON,Gwinear,St Gwiner  ,669,21 Feb 1945,William Henry,"","","","",BASSETT,43,Churchtown St. Gwinear,At St. Michael's Hospital Hayle,"",85
CON,Gwinear,St Gwiner  ,670,10 Mar 1945,Leonard,"","","","",GOLDSWORTHY,37,Sithney,At Cornwall Mental Hospital Bodmin. Coroner's Order for Burial,"",85
CON,Gwinear,St Gwiner  ,674,17 Jul 1945,Eldred,"","","","",DUNN,84,Phillack Hayle,Died at St. Michael's Hospital Hayle,"",86
CON,Gwinear,St Gwiner  ,675,26 Jul 1945,John,"","","","",JONES,70,St. Gwinear,Died at Miners' Hospital Redruth,"",86
CON,Gwinear,St Gwiner  ,676,10 Aug 1945,William George,"","","","",MITCHELL,1w,Churchtown St. Gwinear,Unbaptised,"",86
CON,Gwinear,St Gwiner  ,679,26 Dec 1945,Robert James,"","","","",WILLIAMS,59,St. Gwinear,Died at Mount View Madron,"",86
CON,Gwinear,St Gwiner  ,680,19 Jan 1946,Jane Ellis,"","","","",HOSKING,78,Parc Tye Wall St. Gwinear,Certified by Methodist minister,"",86
CON,Gwinear,St Gwiner  ,684,22 May 1946,John Henry,"","","","",WILLIAMS,58,Meadow Studio Flats Trewarveneth Street Newlyn West,Formerly of St. Gwinear,"",87
CON,Gwinear,St Gwiner  ,695,19 Mar 1947,Emily,"","","","",LAITY,82,Clifton Villa Truro,Certified by Methodist minister,"",88
CON,Gwinear,St Gwiner  ,708,25 Oct 1948,Thomas L,"","","","",CHINN,74,Miner's Hospital Redruth,Of Carnhell Green St. Gwinear,"",90
CON,Gwinear,St Gwiner  ,713,29 Mar 1949,Sarah Ann,"","","","",WILSON,85,5 Vean Terrace Camborne,Certified by Methodist minister,"",91
CON,Gwinear,St Gwiner  ,714,24 Apr 1949,William John,"","","","",JAMES,61,Churchtown St. Gwinear,Certified by Methodist minister. Died in Miners' Hospital Redruth,"",91
CON,Gwinear,St Gwiner  ,719,21 Jun 1949,Mary,"","","","",RODDA,59,28 Reawla St. Gwinear,(Died at) Women's Hospital St. Gwinear,"",91
CON,Gwinear,St Gwiner  ,716,22 May 1949,Eliza,"","","","",CHINN,83,1 Barncoose Place Illogan,Certified by Methodist minister. Of Carnhell Green St. Gwinear,"",91
CON,Gwinear,St Gwiner  ,726,24 Apr 1950,Emma Jane,"","","","",WHITE,87,Carnhell Green St. Gwinear,(Died at) Women's Hospital Redruth,"",92
CON,Gwinear,St Gwiner  ,723,23 Dec 1949,John Donovan,"","","","",HOSKING,82,1 Commercial Road Hayle,Formerly of St. Gwinear. Certified by Methodist minister,"",92
CON,Gwinear,St Gwiner  ,724,04 Feb 1950,Ethel Jane,"","","","",SYMONS,60,Avonsdale House Connor Downs Hayle,(Died at) The Women's Hospital Redruth,"",92
CON,Gwinear,St Gwiner  ,728,14 Jun 1950,Martha Jane,"","","","",NOBLE,89,3 Station Road Carnhell Green St. Gwinear,"","",92
CON,Gwinear,St Gwiner  ,731,20 Oct 1950,Sarah Jane Arnold,"","","","",HARVEY,84,7 MillÂ° Hayle,Died at Mountview Hospital Madron,"",93
CON,Gwinear,St Gwiner  ,730,19 Aug 1950,Thomas Leonard,"","","","",SMITHERAM,61,The Bungalow Carnhell Green St. Gwinear,Certified by Methodist minister,"",93
CON,Gwinear,St Gwiner  ,735,27 Jan 1951,Louisa Jane,"","","","",KNEEBONE,78,Wall St. Gwinear,Certified by Methodist minister,"",93
CON,Gwinear,St Gwiner  ,736,30 Jan 1951,Margaret,"","","","",NOBLE,96,Camborne,(Died at) Women's Hospital Redruth. Certified by Methodist minister,"",93
CON,Gwinear,St Gwiner  ,737,07 Feb 1951,Charity Ann,"","","","",WILLIAMS,84,Rosewarne Road Wall St. Gwinear,Certified by Methodist minister,"",94
CON,Gwinear,St Gwiner  ,741,13 Dec 1951,Mary Anna,"","","","",JONES,83,Deverol Farm Gwinearl,Coroner's Order for Burial,"",94
CON,Gwinear,St Gwiner  ,752,29 Apr 1953,Joseph,"","","","",EVERITT,63,78a Meneage Street Helston,Of St Gwinear,"",95
CON,Gwinear,St Gwiner  ,751,29 Apr 1953,William John,"","","","",MITCHELL,84,Leedstown,(Died at) Redruth Mental Hospital. Formerly of St. Gwinear,"",95
CON,Gwinear,St Gwiner  ,753,05 Jun 1953,Emily May Louisa Ann,"","","","",LUXTON,74,14 Ma[gy]n* Road Tuckingmill Camborne,Formerly of this Parish,"",96
CON,Gwinear,St Gwiner  ,760,05 May 1954,Annie Grace,"","","","",RALPH,64,"Rosewarne Terrace, Wall",Certified by Methodist minister,"",96
CON,Gwinear,St Gwiner  ,765,05 Oct 1954,Charles Lewis,"","","","",ROSEWARNE,70,Chy-an-Goon Gwinear Rd Hayle Cornwall,"","",97
CON,Gwinear,St Gwiner  ,778,07 Jan 1956,Lucille Annie,"","","","",WHITE,63,"Tygwyn Llan-y-Creudden Aberystwyth N, Wales","","",99
CON,Gwinear,St Gwiner  ,433,30 May 1929,Frederick Oswald,"","","","",BANFIELD,3h,Reawla St. Gwinear,Unbaptized,"",56
CON,Gwinear,St Gwiner  ,411,31 Dec 1927,John,"","","","",SYMONS,71,Knave-go-by Camborne,"","",53
CON,Gwinear,St Gwiner  ,412,18 Jan 1928,William,"","","","",PASCOE,70,Carnhell Green St. Gwinear,"","",53
CON,Gwinear,St Gwiner  ,413,23 Jan 1928,Matthew,"","","","",TREWHELLA,76,Trenerth St. Gwinear,"","",53
CON,Gwinear,St Gwiner  ,414,01 Feb 1928,Alice,"","","","",SYMONS,52,Deverel St. Gwinear,"","",53
CON,Gwinear,St Gwiner  ,416,28 Feb 1928,Richard Garfield,"","","","",WHITE,31,Wall St. Gwinear,"","",53
CON,Gwinear,St Gwiner  ,417,07 Mar 1928,Elizabeth,"","","","",GORING,94,Rose Cottage St. Gwinear,"","",54
CON,Gwinear,St Gwiner  ,418,12 Mar 1928,Martha Holman,"","","","",BENNETTS,67,Angarrack Phillack,"","",54
CON,Gwinear,St Gwiner  ,419,18 Apr 1928,Margaretta,"","","","",RICKARD,69,Connorton Farm St. Gwinear,"","",54
CON,Gwinear,St Gwiner  ,420,08 Jun 1928,William,"","","","",HOCKING,65,Gwinear Downs St. Gwinear,"","",54
CON,Gwinear,St Gwiner  ,421,12 Jun 1928,Kate,"","","","",MITCHELL,92,St. Gwinear,"","",54
CON,Gwinear,St Gwiner  ,422,07 Aug 1928,Ivy Lydia,"","","","",SEARCH,30,Rosewarne Lane St. Gwinear,"","",54
CON,Gwinear,St Gwiner  ,423,02 Oct 1928,Henry Hathnance,"","","","",STEPHENS,68,St. Ives Cornwall,"","",54
CON,Gwinear,St Gwiner  ,424,08 Nov 1928,Joseph Arthur,"","","","",JAMES,45,Carnhell Green St. Gwinear,"","",54
CON,Gwinear,St Gwiner  ,426,28 Nov 1928,Thomas,"","","","",GLASSON,76,Carrnmullock Stithians,"","",55
CON,Gwinear,St Gwiner  ,427,15 Dec 1928,Bessie,"","","","",STEPHENS,59,Carnhell Green St. Gwinear,"","",55
CON,Gwinear,St Gwiner  ,428,19 Dec 1928,Emily Jane,"","","","",ROSEWARNE,87,Wall St. Gwinear,"","",55
CON,Gwinear,St Gwiner  ,429,02 Feb 1929,Jane,"","","","",LUKE,84,Carnhell Green St. Gwinear,"","",55
CON,Gwinear,St Gwiner  ,430,20 Feb 1929,Elizabeth,"","","","",ROSEWARNE,74,Coswinsawsin St. Gwinear,"","",55
CON,Gwinear,St Gwiner  ,431,27 Apr 1929,John Hedley,"","","","",KNEEBONE,51,Reawla St. Gwinear,"","",55
CON,Gwinear,St Gwiner  ,432,01 May 1929,Jane,"","","","",WILLIAMS,77,1 Barncoose Place Illogan,"","",55
CON,Gwinear,St Gwiner  ,434,31 May 1929,Mary,"","","","",VIAL,89,Fraddam St. Gwinear,"","",56
CON,Gwinear,St Gwiner  ,435,16 Jul 1929,Elizabeth Ann,"","","","",WILLIAMS,72,Church Town St. Gwinear,"","",56
CON,Gwinear,St Gwiner  ,436,22 Jul 1929,William,"","","","",WALTERS,69,Wall St. Gwinear,"","",56
CON,Gwinear,St Gwiner  ,437,25 Jul 1929,Ellen Jane,"","","","",WALTERS,71,Wall St. Gwinear,"","",56
CON,Gwinear,St Gwiner  ,438,27 Aug 1929,Ernest Russell,"","","","",COOK,13,Shaft Downs St. Gwinear,"","",56
CON,Gwinear,St Gwiner  ,465,03 Mar 1931,Elizabeth,"","","","",STEVENS,69,28 Bedford Road St. Ives,Late of Carnhell. Formerly of St. Gwinear,"",60
CON,Gwinear,St Gwiner  ,439,28 Aug 1929,Harry Gaze,"","","","",HOCKING,49,Reawla St. Gwinear,"","",56
CON,Gwinear,St Gwiner  ,440,16 Sep 1929,Ivy Irene,"","","","",DUNSTAN,24,Weeth Farm St. Gwinear,"","",56
CON,Gwinear,St Gwiner  ,441,23 Sep 1929,Matilda,"","","","",ROWE,67,Trenawin Farm St. Gwinear,"","",57
CON,Gwinear,St Gwiner  ,442,16 Oct 1929,Vera,"","","","",KNEEBONE,7m,Reawla St. Gwinear,"","",57
CON,Gwinear,St Gwiner  ,444,12 Nov 1929,Jane,"","","","",COLLICK,2d,Roseworthy St. Gwinear,Unbaptized,"",57
CON,Gwinear,St Gwiner  ,446,18 Jan 1930,Elizabeth Ann,"","","","",RODDA,75,Carloose St. Gwinear,"","",57
CON,Gwinear,St Gwiner  ,447,17 Feb 1930,Lilian Mary,"","","","",MITCHELL,18m,Wall St. Gwinear,"","",57
CON,Gwinear,St Gwiner  ,448,31 Mar 1930,Rachel,"","","","",OLIVEY,82,Wall St. Gwinear,"","",57
CON,Gwinear,St Gwiner  ,449,26 Apr 1930,Sarah,"","","","",GILBERT,75,Connor Downs St. Gwithian,"","",58
CON,Gwinear,St Gwiner  ,450,10 Jun 1930,Thomas,"","","","",TRIPPCONEY,71,Trenerth St. Gwinear,"","",58
CON,Gwinear,St Gwiner  ,451,17 Jun 1930,Thomas,"","","","",PLANT,78,Church Town St. Gwinear,"","",58
CON,Gwinear,St Gwiner  ,452,23 Jul 1930,James Edwin,"","","","",LAWRANCE,66,Weeth St. Gwinear,"","",58
CON,Gwinear,St Gwiner  ,454,03 Sep 1930,Richard,"","","","",MATTHEWS,89,Rosewarne Lane St. Gwinear,"","",58
CON,Gwinear,St Gwiner  ,455,14 Sep 1930,Elizabeth,"","","","",ARTHUR,1m,Gwinear Downs St. Gwinear,"","",58
CON,Gwinear,St Gwiner  ,456,24 Sep 1930,Harry,"","","","",WHITFORD,79,St. Erth Praze St. Erth,"","",58
CON,Gwinear,St Gwiner  ,458,08 Nov 1930,Arthur Bernard,"","","","",TRIPP,2w,Carloose St. Gwinear,"","",59
CON,Gwinear,St Gwiner  ,459,21 Nov 1930,Mary Jane,"","","","",CLARK,68,Reawla St. Gwinear,"","",59
CON,Gwinear,St Gwiner  ,462,12 Jan 1931,Eliza,"","","","",MITCHELL,74,Wall Road St. Gwinear,"","",59
CON,Gwinear,St Gwiner  ,464,28 Jan 1931,Elizabeth,"","","","",PELLOW,75,Mennear Downs St. Gwinear,"","",59
CON,Gwinear,St Gwiner  ,466,23 Mar 1931,Henry,"","","","",DENNIS,87,23 Laity Road Troon Camborne,"","",60
CON,Gwinear,St Gwiner  ,467,15 Apr 1931,Louie,"","","","",EUSTICE,28,Tregotha St. Gwinear,"","",60
CON,Gwinear,St Gwiner  ,468,25 Apr 1931,Martha,"","","","",GLASSON,77,Carnvallock Stithians,"","",60
CON,Gwinear,St Gwiner  ,485,25 Jul 1932,Florence,"","","","",VEAL,51,Carnhell Green St. Gwinear,Certified by Wesleyan Minister,"",62
CON,Gwinear,St Gwiner  ,469,03 Jul 1931,Marjorie,"","","","",JOHNS,18,16 Reawla St. Gwinear,"","",60
CON,Gwinear,St Gwiner  ,470,10 Aug 1931,Charity Webber,"","","","",JAMES,74,21 Reawla St. Gwinear,"","",60
CON,Gwinear,St Gwiner  ,471,05 Sep 1931,Mary Jane,"","","","",GILLARD,94,Connor Downs St. Gwithian,"","",60
CON,Gwinear,St Gwiner  ,472,26 Sep 1931,Mavis,"","","","",BYRNE,5m,Church Town St. Gwinear,"","",60
CON,Gwinear,St Gwiner  ,473,06 Oct 1931,David James,"","","","",NOBLE,58,Penhale Moors St. Gwynear,"","",61
CON,Gwinear,St Gwiner  ,474,28 Oct 1931,William Ralph,"","","","",STAPLETON,68,Churchtown St. Gwinear,"","",61
CON,Gwinear,St Gwiner  ,475,10 Nov 1931,Lorina?,"","","","",TREGLOWN,47,Wall Road St. Gwinear,"","",61
CON,Gwinear,St Gwiner  ,477,02 Jan 1932,William Heenry,"","","","",WILLIAMS,74,Churchtown St. Gwinear,"","",61
CON,Gwinear,St Gwiner  ,478,01 Feb 1932,John,"","","","",HARRIS,68,Fraddam St. Gwinear,"","",61
CON,Gwinear,St Gwiner  ,479,06 Feb 1932,Joseph,"","","","",HICKS,65,Reawla St. Gwinear,"","",61
CON,Gwinear,St Gwiner  ,481,30 Mar 1932,Mary,"","","","",SPARGO,90,Wall St. Gwinear,"","",62
CON,Gwinear,St Gwiner  ,482,17 Jun 1932,Eliza Jane,"","","","",GEORGE,68,Rosewarne Lane St. Gwinear,"","",62
CON,Gwinear,St Gwiner  ,483,04 Jul 1932,William George,"","","","",TREGLOWN,71,Wall Road St. Gwinear,"","",62
CON,Gwinear,St Gwiner  ,484,23 Jul 1932,Lily,"","","","",LUKE,49,Parbola St. Gwinear,"","",62
CON,Gwinear,St Gwiner  ,486,03 Sep 1932,Pamela Jean,"","","","",WILLIAMS,2w,Roseworthy St. Gwinear,"","",62
CON,Gwinear,St Gwiner  ,487,20 Sep 1932,Matthew Angove,"","","","",WILLIAMS,78,Carnhell Green St. Gwinear,"","",62
CON,Gwinear,St Gwiner  ,488,22 Sep 1932,Jane,"","","","",WHITE,76,Wall Road St. Gwinear,"","",62
CON,Gwinear,St Gwiner  ,489,04 Oct 1932,James Wesley,"","","","",CARNOW,73,Fraddam Farm St. Gwinear,"","",63
CON,Gwinear,St Gwiner  ,490,03 Dec 1932,Alfred,"","","","",RODDA,67,Carloose St. Gwinear,"","",63
CON,Gwinear,St Gwiner  ,491,16 Dec 1932,Grace,"","","","",ARTHUR,79,CopperTerrace Hayle,"","",63
CON,Gwinear,St Gwiner  ,492,24 Dec 1932,Ellen,"","","","",HENDRA,79,Wall Road St. Gwinear,"","",63
CON,Gwinear,St Gwiner  ,493,04 Jan 1933,Sarah Ann,"","","","",CURTIS,77,Carnhell Green St. Gwinear,"","",63
CON,Gwinear,St Gwiner  ,494,14 Feb 1933,Eliza,"","","","",BLEWETT,58,Weeth Farm St. Gwinear,"","",63
CON,Gwinear,St Gwiner  ,529,03 Jun 1935,John,"","","","",GREET,80,Wall Road St. Gwinear,Certified by Wesleyan minister,"",68
CON,Gwinear,St Gwiner  ,533,26 Dec 1935,Charles Luxon,"","","","",BUCKTHOUGHT,84,Carnhell Green St. Gwinear,"","",68
CON,Gwinear,St Gwiner  ,495,07 Mar 1933,Hubert,"","","","",SMITHERAM,9,The Bungalow Carnhell Green,"","",63
CON,Gwinear,St Gwiner  ,496,21 Apr 1933,James,"","","","",TRELVAR,80,Drannack Mill St. Gwinear,"","",63
CON,Gwinear,St Gwiner  ,498,11 May 1933,Alexander,"","","","",ROWE,78,Lenilin St. Gwinear,"","",64
CON,Gwinear,St Gwiner  ,499,10 Jul 1933,Barbara Joan,"","","","",PELLOW,3,Churchtown St. Gwinear,"","",64
CON,Gwinear,St Gwiner  ,500,26 Aug 1933,Jane,"","","","",SANDIFORD,73,Roseworthy Barton St. Gwinear,"","",64
CON,Gwinear,St Gwiner  ,501,21 Sep 1933,Esther,"","","","",RICHARDS,92,Shaft Downs St. Gwinear,"","",64
CON,Gwinear,St Gwiner  ,502,18 Oct 1933,Catherine,"","","","",SMITHCOTT,86,Wall St. Gwinear,"","",64
CON,Gwinear,St Gwiner  ,504,08 Jan 1934,Stephen,"","","","",CARKEEK,78,"Fore Street, Phillack East (Hayle)","","",64
CON,Gwinear,St Gwiner  ,505,16 Jan 1934,Edith Lilian,"","","","",MITCHELL,48,Churchtown St. Gwinear,"","",65
CON,Gwinear,St Gwiner  ,507,15 Feb 1934,Elizabeth Ann,"","","","",MITCHELL,89,8 Reawla St. Gwinear,"","",65
CON,Gwinear,St Gwiner  ,511,10 Mar 1934,Annie,"","","","",HARRIS,70,Fraddam Row St. Gwinear,"","",65
CON,Gwinear,St Gwiner  ,513,09 Apr 1934,John,"","","","",HARVEY,74,3 Foundry Hill Hayle,"","",66
CON,Gwinear,St Gwiner  ,514,02 May 1934,John,"","","","",EUSTICE,69,Tregotha St. Gwinear,"","",66
CON,Gwinear,St Gwiner  ,515,08 Jun 1934,Emma,"","","","",TREVARTHEN,47,Wall St. Gwinear,"","",66
CON,Gwinear,St Gwiner  ,516,07 Jul 1934,Arthur,"","","","",SMITH,52,106 College Street Camborne,"","",66
CON,Gwinear,St Gwiner  ,539,08 Apr 1936,Irene,"","","","",FIDOCK,26,Carnhell St. Gwinear,Died at St. Michael's Hospital Hayle,"",69
CON,Gwinear,St Gwiner  ,517,09 Jul 1934,Annie,"","","","",HARVEY,70,Wall St. Gwinear,"","",66
CON,Gwinear,St Gwiner  ,541,17 Jul 1936,William,"","","","",MITCHELL,48,Carnhell Green St. Gwinear,Coroner's Order for Burial,"",69
CON,Gwinear,St Gwiner  ,518,01 Aug 1934,John,"","","","",HARVEY,78,Henver St. Gwinear,"","",66
CON,Gwinear,St Gwiner  ,519,08 Aug 1934,Jane,"","","","",SHUGG,87,10 Trelissick Terrace St. Erth Hayle,"","",66
CON,Gwinear,St Gwiner  ,521,14 Nov 1934,Joyce,"","","","",EVA,12,Roseworthy Barton St. Gwinear,"","",67
CON,Gwinear,St Gwiner  ,543,03 Sep 1936,Emma,"","","","",JOHNS,92,Connor Downs St. Gwithian,Coroner's Order for Burial,"",69
CON,Gwinear,St Gwiner  ,523,29 Nov 1934,John,"","","","",ARTHUR,69,Fraddam Row St. Gwinear,"","",67
CON,Gwinear,St Gwiner  ,525,12 Dec 1934,Eliza May,"","","","",GILBERT,33,Churchtown St. Gwinear,"","",67
CON,Gwinear,St Gwiner  ,526,07 Jan 1935,Thomas Hendra,"","","","",STAPLETON,69,Churchtown St. Gwinear,"","",67
CON,Gwinear,St Gwiner  ,527,09 Mar 1935,Mary Jane,"","","","",CROFT,68,York House St. Gwinear,"","",67
CON,Gwinear,St Gwiner  ,528,21 May 1935,Elizabeth Jane,"","","","",RAPSON,76,Wheal Mary Leedstown Crowan,"","",67
CON,Gwinear,St Gwiner  ,561,18 Jun 1937,James,"","","","",WALTERS,45,Carnhell Green,"Died at St. Michael's Hospital, Hayle","",72
CON,Gwinear,St Gwiner  ,563,01 Jul 1937,Francis John,"","","","",COOK,9,Church Town Gwinear,At Miners Hospital,"",72
CON,Gwinear,St Gwiner  ,532,29 Oct 1935,Charlotte Jane,"","","","",WILLIAMS,80,78 Meneage Street Helston,"","",68
CON,Gwinear,St Gwiner  ,534,31 Dec 1935,Serena,"","","","",ARTHUR,89,The Nook Angarrack Phillack,"","",68
CON,Gwinear,St Gwiner  ,560,04 Jun 1937,John,"","","","",JOHNS,53,12 Reawla,"","",71
CON,Gwinear,St Gwiner  ,535,11 Jan 1936,Thomas,"","","","",HARRIS,67,8 Reawla St. Gwinear,"","",68
CON,Gwinear,St Gwiner  ,536,30 Jan 1936,Sarah Jane,"","","","",MORRIS,90,Wall St. Gwinear,"","",68
CON,Gwinear,St Gwiner  ,537,24 Feb 1936,Henry,"","","","",HOCKING,2d,1 Reawla St. Gwinear,Unbaptised,"",69
CON,Gwinear,St Gwiner  ,571,20 Oct 1937,Maggie Curnow,"","","","",DUNN,47,Wall St. Gwinear,Certified by Methodist minister,"",73
CON,Gwinear,St Gwiner  ,538,15 Mar 1936,Doris,"","","","",ROWE,23,Ramsgate Camborne,"","",69
CON,Gwinear,St Gwiner  ,540,09 Jun 1936,Frederick John,"","","","",IRELAND,63,3 Penmere Hill Falmouth,"","",69
CON,Gwinear,St Gwiner  ,572,22 Jan 1938,Elizabeth,"","","","",SOUTHCOTT,81,Wall Road St. Gwinear,Certified by Methodist minister,"",73
CON,Gwinear,St Gwiner  ,542,23 Aug 1936,Harriet,"","","","",KELYNACK,84,Carnhell Road St. Gwinear,"","",69
CON,Gwinear,St Gwiner  ,544,08 Sep 1936,Grace,"","","","",ROWE,84,Carnhell Green St. Gwinear,"","",69
CON,Gwinear,St Gwiner  ,545,12 Sep 1936,Emily,"","","","",WILLIAMS,71,Relistian St. Gwinear,"","",70
CON,Gwinear,St Gwiner  ,546,16 Sep 1936,William John,"","","","",STRIKE,6m,S Erth Praze St. Erth,"","",70
CON,Gwinear,St Gwiner  ,547,29 Oct 1936,Frances,"","","","",FLOYD,66,Carnhell Green St. Gwinear,"","",70
CON,Gwinear,St Gwiner  ,548,14 Nov 1936,Robert James,"","","","",TRUDGEON,60,Hoe Downs St. Gwinear,"","",70
CON,Gwinear,St Gwiner  ,549,14 Nov 1936,William John Clapp,"","","","",LANE,60,Roseworthy St. Gwinear,"","",70
CON,Gwinear,St Gwiner  ,550,16 Jan 1937,Ethel,"","","","",WILLIAMS,45,Gwinear,"","",70
CON,Gwinear,St Gwiner  ,551,23 Jan 1937,Annie Jane,"","","","",TOYE,72,The Bungalow Fraddam Crowan,"","",70
CON,Gwinear,St Gwiner  ,552,26 Jan 1937,Elizabeth Jane,"","","","",HOPKINS,72,Church Town Gwinear,"","",70
CON,Gwinear,St Gwiner  ,553,18 Feb 1937,William,"","","","",PROUT,86,Connor Downs Gwithian,"","",71
CON,Gwinear,St Gwiner  ,554,18 Feb 1937,Eliza Ellen,"","","","",RODDA,68,Bogorno Wendron Keriain,"","",71
CON,Gwinear,St Gwiner  ,555,09 Apr 1937,Sarah,"","","","",PHILLIPS,82,Henver Gwinear,"","",71
CON,Gwinear,St Gwiner  ,557,01 May 1937,Mary Ann,"","","","",PROUT,87,Connor Downs Gwithian,"","",71
CON,Gwinear,St Gwiner  ,558,10 May 1937,Mary Jane,"","","","",EVA,82,Connor Downs Gwithian,"","",71
CON,Gwinear,St Gwiner  ,559,22 May 1937,Christian Jane,"","","","",JAMES,71,St. Erth Praze St. Erth,"","",71
CON,Gwinear,St Gwiner  ,562,23 Jun 1937,William Thomas,"","","","",HARVEY,42,Carloose Gwinear,"","",72
CON,Gwinear,St Gwiner  ,564,03 Jul 1937,Amelia,"","","","",TREVILLION,80,Relistian St. Gwinear,"","",72
CON,Gwinear,St Gwiner  ,565,16 Aug 1937,William Stephen,"","","","",HUTHNANCE,49,Church Town St. Gwinear,"","",72
CON,Gwinear,St Gwiner  ,567,29 Sep 1937,John Richard,"","","","",DENNIS,61,Roseworthy St. Gwinear,"","",72
CON,Gwinear,St Gwiner  ,568,02 Oct 1937,Grace,"","","","",WREN,62,Rosewarne Road Gwinear,"","",72
CON,Gwinear,St Gwiner  ,569,05 Oct 1937,Ernest,"","","","",TRIPP,50,Dirty Pool St Erth Hayle,"","",73
CON,Gwinear,St Gwiner  ,570,16 Oct 1937,William,"","","","",PRISIDDER?,75,Cathebedron St. Gwinear,"","",73
CON,Gwinear,St Gwiner  ,573,24 Jan 1938,Mary,"","","","",EVA,51,Roseworthy Barton St. Gwinear,"","",73
CON,Gwinear,St Gwiner  ,574,13 Feb 1938,Leonora,"","","","",JAMES,19,Ramsgate Camborne,"","",73
CON,Gwinear,St Gwiner  ,575,02 Mar 1938,Caroline,"","","","",ROWE,73,Carnhell Green St. Gwinear,"","",73
CON,Gwinear,St Gwiner  ,576,16 Apr 1938,Archibald,"","","","",THOMAS,78,Goneva Farm St. Gwinear,"","",73
CON,Gwinear,St Gwiner  ,577,21 Apr 1938,Frances Susan,"","","","",BECKERLEY,77,Churchtown St. Gwinear,"","",74
CON,Gwinear,St Gwiner  ,578,08 Jun 1938,William Henry,"","","","",JAMES,58,Miners Hospital Redruth,"","",74
CON,Gwinear,St Gwiner  ,579,08 Jul 1938,Mary Mayne,"","","","",NOELL,55,Fraddam St. Gwinear,"","",74
CON,Gwinear,St Gwiner  ,623,15 Apr 1941,Marlene Gillian,"","","","",WHEAR,4,Wall St.Gwinear,Died at Emergency Isolation Hospital Truro. Certified by Methodist minister,"",79
CON,Gwinear,St Gwiner  ,580,21 Jul 1938,Thomas William,"","","","",JAMES,80,10 Seaview Terrace Camborne,"","",74
CON,Gwinear,St Gwiner  ,581,30 Aug 1938,Alma Banfield,"","","","",HICKS,56,Penhalvean Stithians,"","",74
CON,Gwinear,St Gwiner  ,582,31 Oct 1938,Elizabeth Mary,"","","","",HOCKLING,85,Rosewarne Road St. Gwinear,"","",74
CON,Gwinear,St Gwiner  ,584,03 Dec 1938,Algernon Walton,"","","","",HATCH,68,Penhale Moor St. Gwynear,"","",74
CON,Gwinear,St Gwiner  ,586,07 Jan 1939,Ellen Mary,"","","","",TREGLOWN,77,Wall Road St. Gwinear,"","",75
CON,Gwinear,St Gwiner  ,589,14 Feb 1939,James,"","","","",CURNOW,88,Carnhell Green St. Gwinear,"","",75
CON,Gwinear,St Gwiner  ,592,18 Mar 1939,Ellen Jane,"","","","",LUGG,69,Jubilee Villa Ventonleague Hayle,"","",75
CON,Gwinear,St Gwiner  ,594,18 Apr 1939,Esther,"","","","",JORDAN,77,16 Hughville Street Camborne,"","",76
CON,Gwinear,St Gwiner  ,595,26 Apr 1939,Robert John,"","","","",HOPKINS,75,Rose Cottage St. Gwinear,"","",76
CON,Gwinear,St Gwiner  ,596,23 May 1939,Sarah Ann,"","","","",VARKER,78,Fraddam St. Gwinear,"","",76
CON,Gwinear,St Gwiner  ,599,14 Jun 1939,Samuel,"","","","",ARTHUR,76,Carnhell Green St. Gwinear,"","",76
CON,Gwinear,St Gwiner  ,603,09 Dec 1939,Julia Ann,"","","","",TREWERN,80,Lanyon Gate St. Gwinear,"","",77
CON,Gwinear,St Gwiner  ,648,10 May 1943,Alan Michael,"","","","",HOCKING,9m,Gaven[gy]au Fraddam St. Columb Major,"","",82
CON,Gwinear,St Gwiner  ,604,09 Jan 1940,Mary Louisa,"","","","",WILLIAMS,61,17 Reawla St. Gwinear,"","",77
CON,Gwinear,St Gwiner  ,605,13 Jan 1940,Grace,"","","","",RICHARDS,77,Castle Kayle Hayle,"","",77
CON,Gwinear,St Gwiner  ,607,23 Jan 1940,Minnie,"","","","",HOCKING,74,6 Wall Vean Reawla St Gwinear,"","",77
CON,Gwinear,St Gwiner  ,608,05 Feb 1940,Lionel Rashleigh,"","","","",THOMAS,48,26 Reawla St. Gwinear,"","",77
CON,Gwinear,St Gwiner  ,609,19 Feb 1940,Henry Davis Harris,"","","","",STRIKE,1m,8 Reawla St. Gwinear,"","",78
CON,Gwinear,St Gwiner  ,610,24 Feb 1940,Mary Hannah,"","","","",JAMES,81,13 Reawla St. Gwinear,"","",78
CON,Gwinear,St Gwiner  ,616,16 Sep 1940,Benjamin,"","","","",RALPH,75,Fraddam St. Gwinear,"","",78
CON,Gwinear,St Gwiner  ,617,02 Oct 1940,Elizabeth Jane,"","","","",MITCHELL,56,Leedstown Crowan,"","",79
CON,Gwinear,St Gwiner  ,618,04 Feb 1941,James Henry,"","","","",RODDA,78,28 Reawla St. Gwinear,"","",79
CON,Gwinear,St Gwiner  ,619,15 Feb 1941,Elizabeth Ann,"","","","",PASCOE,81,Deverel St. Gwinear,"","",79
CON,Gwinear,St Gwiner  ,620,15 Feb 1941,William Henry,"","","","",UREN,67,Rosewarne Lane St. Gwinear,"","",79
CON,Gwinear,St Gwiner  ,624,28 Apr 1941,William,"","","","",TRATHEN,79,Leedstown Crowan,"","",79
CON,Gwinear,St Gwiner  ,625,03 May 1941,Thomas,"","","","",PASCOE,83,Deverel St. Gwinear,"","",80
CON,Gwinear,St Gwiner  ,626,25 May 1941,Emily,"","","","",TREWHELLA,80,Trenerth St. Gwinear,"","",80
CON,Gwinear,St Gwiner  ,627,25 Jun 1941,Ann Maria,"","","","",WHITE,80,Rosewarne Terrace St. Gwinear,"","",80
CON,Gwinear,St Gwiner  ,629,12 Oct 1941,Selina,"","","","",DUNN,82,Wall St.Gwinear,"","",80
CON,Gwinear,St Gwiner  ,630,04 Nov 1941,Lavinia Jane,"","","","",RALPH,83,Wall St.Gwinear,"","",80
CON,Gwinear,St Gwiner  ,631,08 Nov 1941,David Thomas,"","","","",NOBLE,26,6 Reawla St. Gwinear,"","",80
CON,Gwinear,St Gwiner  ,632,11 Dec 1941,Ethel,"","","","",BERRIMAN,53,Edward Hain Hospital St. Ives,"","",80
CON,Gwinear,St Gwiner  ,633,27 Dec 1941,John,"","","","",RICHARDS,84,Castle Kayle Phillack (Hayle),"","",81
CON,Gwinear,St Gwiner  ,641,26 Jul 1942,William,"","","","",POLKINGHORNE,67,Church Town St. Gwinear,"","",82
CON,Gwinear,St Gwiner  ,642,04 Aug 1942,Myra Aguilla Clare,"","","","",TONKIN,67,Connor Downs St. Gwithian,"","",82
CON,Gwinear,St Gwiner  ,643,01 Sep 1942,Eric Reginald,"","","","",HAMPTON,1m,Carloose St. Gwinear,"","",82
CON,Gwinear,St Gwiner  ,644,08 Sep 1942,Emily May,"","","","",KITTO,32,Trenerth St. Gwinear,"","",82
CON,Gwinear,St Gwiner  ,645,25 Nov 1942,Elizabeth Hannah Knight,"","","","",ROWE,64,Reawla St. Gwinear,"","",82
CON,Gwinear,St Gwiner  ,647,10 Feb 1943,Grace Jennings,"","","","",THOMAS,42,Trenerth Farm St. Gwinear,"","",82
CON,Gwinear,St Gwiner  ,650,22 May 1943,William Henry,"","","","",ANDREW,77,Wall Road St. Gwinear,"","",83
CON,Gwinear,St Gwiner  ,689,16 Oct 1946,Mary Jane,"","","","",THOMAS,83,Mayfield Scorrier,Formerly of St. Gwinear,"",88
CON,Gwinear,St Gwiner  ,652,21 Aug 1943,Martha Mary,"","","","",OATES,74,Churchtown St. Gwinear,"","",83
CON,Gwinear,St Gwiner  ,654,19 Oct 1943,Elizabeth Ann,"","","","",FRANCIS,83,Wall St. Gwinear,"","",83
CON,Gwinear,St Gwiner  ,691,04 Jan 1947,Bertha,"","","","",IRELAND,69,78a Meneage Street Helston,Of St. Gwinear,"",88
CON,Gwinear,St Gwiner  ,655,17 Nov 1943,William,"","","","",HOSKING,70,Michigan Villa Wall St. Gwinear,"","",83
CON,Gwinear,St Gwiner  ,656,01 Dec 1943,Mary Jane,"","","","",PASCOE,84,Carnhell Farm St. Gwinear,"","",83
CON,Gwinear,St Gwiner  ,657,15 Dec 1943,George,"","","","",WILLIAMS,84,Rosewarne Road St. Gwinear,"","",84
CON,Gwinear,St Gwiner  ,658,29 Dec 1943,Mary Jane,"","","","",HARRIS,80,Carnhell Green St. Gwinear,"","",84
CON,Gwinear,St Gwiner  ,660,12 Apr 1944,Eliza J,"","","","",TRATHEN,87,78a Meneage Street Helston,"","",84
CON,Gwinear,St Gwiner  ,696,07 Jul 1947,Doris,"","","","",HAMPTON,39,St. Gwinear,Died at Women's Hospital Redruth,"",88
CON,Gwinear,St Gwiner  ,662,11 Jul 1944,Ellen,"","","","",CURNOW,92,Carnhell Green St. Gwinear,"","",84
CON,Gwinear,St Gwiner  ,663,19 Aug 1944,Edward John,"","","","",HAMPTON,61,Sea View Carloose St. Gwinear,"","",84
CON,Gwinear,St Gwiner  ,664,06 Sep 1944,Eliza Jane,"","","","",HATCH,80,Penhale Moor St. Gwynear,"","",84
CON,Gwinear,St Gwiner  ,665,28 Oct 1944,John Stewart,"","","","",JONES,39,1 Barncoose Place Illogan,"","",85
CON,Gwinear,St Gwiner  ,700,01 Jan 1948,Catherine Annie,"","","","",EDWARDS,74,Wall St.Gwinear,"Formerly of Praze, Crowan","",89
CON,Gwinear,St Gwiner  ,666,06 Jan 1945,Alfreda,"","","","",DUNN,82,Bendowers Farm Hayle Phillack,"","",85
CON,Gwinear,St Gwiner  ,703,07 Apr 1948,Richard Lory,"","","","",THOMAS,81,Mayfield Scorrier,Formerly of Cathebdron Gwinear,"",89
CON,Gwinear,St Gwiner  ,667,24 Jan 1945,Emily,"","","","",JONES,84,1 Barncoose Place Illogan,"","",85
CON,Gwinear,St Gwiner  ,668,16 Feb 1945,William Thomas,"","","","",BECKERLEY,82,Trenerth St. Gwinear,"","",85
CON,Gwinear,St Gwiner  ,671,09 May 1945,Edith,"","","","",RICHARDS,62,Carnhell Green St. Gwinear,"","",85
CON,Gwinear,St Gwiner  ,672,30 May 1945,Julia Janet,"","","","",MICHELL,68,Carnhell Green St. Gwinear,"","",85
CON,Gwinear,St Gwiner  ,673,11 Jun 1945,Thomas John,"","","","",EVA,58,Avondale Connor Downs Gwithian,"","",86
CON,Gwinear,St Gwiner  ,677,28 Sep 1945,Elizabeth Jane,"","","","",THOMAS,70,26 Reawla St. Gwinear,"","",86
CON,Gwinear,St Gwiner  ,678,20 Nov 1945,Beatrice Faung,"","","","",TRELOAR,72,Drannack Mill St. Gwinear,"","",86
CON,Gwinear,St Gwiner  ,681,30 Jan 1946,Sarah Ann,"","","","",TIPPETT,82,Wheal Clowance St. Gwinear,"","",87
CON,Gwinear,St Gwiner  ,720,21 Jul 1949,Jane,"","","","",FIELDHOUSE,20,Carnhell Arch St. Gwinear,At Royal Cornwall Infirmary Truro,"",91
CON,Gwinear,St Gwiner  ,682,27 Mar 1946,Edward Pooley,"","","","",EUSTICE,59,Tappard Fraddam St. Gwinear,"","",87
CON,Gwinear,St Gwiner  ,683,25 Apr 1946,Richard,"","","","",WHITE,66,Rosewarne Road St. Gwinear,"","",87
CON,Gwinear,St Gwiner  ,685,13 Jun 1946,Mary Ann,"","","","",LUKE,73,Carnhell Green St. Gwinear,"","",87
CON,Gwinear,St Gwiner  ,686,03 Sep 1946,Michael,"","","","",NOBLE,5d,Highlanes Crowan,Unbaptised,"",87
CON,Gwinear,St Gwiner  ,687,04 Oct 1946,Georgina,"","","","",CARKECK,61,Penhale Bungalow St. Gwinear,"","",87
CON,Gwinear,St Gwiner  ,688,09 Oct 1946,Eliza Ann,"","","","",HAMPTON,74,Reawla St. Gwinear,"","",87
CON,Gwinear,St Gwiner  ,690,17 Dec 1946,Annie,"","","","",TRUDGEON,77,Cathebedron Cross St. Gwinear,"","",88
CON,Gwinear,St Gwiner  ,692,10 Jan 1947,George,"","","","",MITCHELL,85,Carloose St. Gwinear,"","",88
CON,Gwinear,St Gwiner  ,693,18 Feb 1947,Sarah Ann,"","","","",HAMMILL,92,8 Caldwill Road Penzance,"","",88
CON,Gwinear,St Gwiner  ,694,03 Mar 1947,Harry,"","","","",HATHNANCE,77,Churchtown St. Gwinear,"","",88
CON,Gwinear,St Gwiner  ,697,20 Aug 1947,Mabel,"","","","",TREVILLIAN,66,Relistian Vean St. Gwinear,"","",89
CON,Gwinear,St Gwiner  ,698,27 Sep 1947,Thomas,"","","","",HICKS,66,Penhalvean Stithians Redruth,"","",89
CON,Gwinear,St Gwiner  ,699,19 Nov 1947,Mary Susan,"","","","",TRIPP,67,Woodlea Angarrack Mylor,"","",89
CON,Gwinear,St Gwiner  ,701,19 Jan 1948,John,"","","","",EDWARDS,83,St. Gwinear,"Formerly of Praze, Crowan","",89
CON,Gwinear,St Gwiner  ,744,24 Jun 1952,Mary Eleanor,"","","","",SEARCH,84,48 Drump Road Redruth,Formerly of St. Gwinear,"",94
CON,Gwinear,St Gwiner  ,702,13 Mar 1948,Richard,"","","","",ROWE,84,Hoe Downs Farm St. Gwinear,"","",89
CON,Gwinear,St Gwiner  ,704,05 Jul 1948,Maud May,"","","","",FIELDHOUSE,50,Carnhell Arch St. Gwinear,"","",89
CON,Gwinear,St Gwiner  ,705,10 Jul 1948,Mary Elizabeth,"","","","",HARVEY,89,Henver Farm St. Gwinear,"","",90
CON,Gwinear,St Gwiner  ,706,07 Aug 1948,Rosina Gladys,"","","","",HAMPTON,61,Sea View Carloose St. Gwinear,"","",90
CON,Gwinear,St Gwiner  ,707,16 Sep 1948,James Kalter,"","","","",ANDREWS,78,Rosewarne Terrace St. Gwinear,"","",90
CON,Gwinear,St Gwiner  ,709,14 Dec 1948,Thomas John,"","","","",HOCKING,60,12 Reawla St. Gwinear,"","",90
CON,Gwinear,St Gwiner  ,710,24 Dec 1948,George,"","","","",TONKIN,77,Trenoweth Praze Crowan,"","",90
CON,Gwinear,St Gwiner  ,711,01 Jan 1949,Edward James,"","","","",HAMPTON,77,27 Reawla St. Gwinear,"","",90
CON,Gwinear,St Gwiner  ,712,29 Jan 1949,Richard,"","","","",JAMES,79,Carn Vean Tregalorran Redruth,"","",90
CON,Gwinear,St Gwiner  ,715,21 May 1949,Edwin Ernest,"","","","",OATES,79,Churchtown St. Gwinear,"","",91
CON,Gwinear,St Gwiner  ,717,28 May 1949,Mary Caroline,"","","","",ARTHUR,88,Carloose St. Gwinear,"","",91
CON,Gwinear,St Gwiner  ,718,04 Jun 1949,Winifred Mary,"","","","",ROWE,35,2 Wall Vean St. Gwinear,"","",91
CON,Gwinear,St Gwiner  ,721,17 Nov 1949,Thomas John,"","","","",JEWELL,45,Feamen Farm Connor Downs,"","",92
CON,Gwinear,St Gwiner  ,763,02 Jun 1954,Ida Isabella,"","","","",PERRY,76,St Gwinear Church Farm,Died at St Lawrence Hos Bodmin,"",97
CON,Gwinear,St Gwiner  ,722,10 Dec 1949,Mary Sampson,"","","","",TIPPETT,53,Bolt Gate St. Gwinear,"","",92
CON,Gwinear,St Gwiner  ,725,11 Mar 1950,Mary,"","","","",MITCHELL,83,Carnhell Arch (Barripper) St Gwinear,"","",92
CON,Gwinear,St Gwiner  ,727,11 Jun 1950,Richard,"","","","",CLEMENS,44,8 Reawla St. Gwinear,"","",92
CON,Gwinear,St Gwiner  ,729,19 Aug 1950,Lilian Daniel,"","","","",HARVEY,64,Henver Farm St. Gwinear,"","",93
CON,Gwinear,St Gwiner  ,732,27 Dec 1950,John,"","","","",HOCKING,99,Rosewarne Road St. Gwinear,"","",93
CON,Gwinear,St Gwiner  ,733,06 Jan 1951,Mary,"","","","",NOELL,89,Fraddam Farm St. Gwinear,"","",93
CON,Gwinear,St Gwiner  ,734,01 Jan 1951,Henrietta Annie,"","","","",ST_RE,79,23 Reawla St. Gwinear,"","",93
CON,Gwinear,St Gwiner  ,738,04 Mar 1951,Eric Gordon,"","","","",CLEMENS,15,8 Reawla Wall St. Gwinear,"","",94
CON,Gwinear,St Gwiner  ,739,01 May 1951,Bessie,"","","","",COCKING,69,3 Wall Vean St. Gwinear,"","",94
CON,Gwinear,St Gwiner  ,740,07 Aug 1951,Millicent May,"","","","",ROWE,47,Leman Farm St. Gwinear,"","",94
CON,Gwinear,St Gwiner  ,742,26 Jan 1952,Brian John,"","","","",HAMPTON,5,27 Reawla Gwinear,"","",94
CON,Gwinear,St Gwiner  ,743,14 Apr 1952,Caroline,"","","","",SMITHERAM,87,Nancemelling Farm Camborne,"","",94
CON,Gwinear,St Gwiner  ,745,14 Oct 1952,Amelia Cornish,"","","","",THOMAS,85,Lower Goneva Wall St. Gwinear,"","",95
CON,Gwinear,St Gwiner  ,746,22 Oct 1952,Louise,"","","","",REPSON,69,9 Reawla St. Gwinear,"","",95
CON,Gwinear,St Gwiner  ,747,24 Dec 1952,Lillia,"","","","",JONES,78,Carnhell Green St. Gwinear,"","",95
CON,Gwinear,St Gwiner  ,748,15 Jan 1953,James Eddy,"","","","",THOMAS,50,Trenerth Leedstown St. Gwinear,"","",95
CON,Gwinear,St Gwiner  ,749,27 Jan 1953,James Henry,"","","","",BLEWITT,78,2 Polkinghorn Cottages Gwinear,"","",95
CON,Gwinear,St Gwiner  ,750,28 Jan 1953,Ruth Thomas,"","","","",HARVEY,96,Carloose Fraddam St. Gwinear,"","",95
CON,Gwinear,St Gwiner  ,754,26 Oct 1953,Eliza Jane,"","","","",HAMPTON,67,Burnt Downs Leedstown Crowan,"","",96
CON,Gwinear,St Gwiner  ,755,28 Nov 1953,Christian Jane,"","","","",HAMPTON,71,Reawla Gwinear,"","",96
CON,Gwinear,St Gwiner  ,756,01 Feb 1954,Elizabeth Ellen,"","","","",MITCHELL,79,Rosehill Leedstown Crowan,"","",96
CON,Gwinear,St Gwiner  ,757,02 Feb 1954,David,"","","","",NOBLE,70,Relistian Vean Gwinear,"","",96
CON,Gwinear,St Gwiner  ,758,23 Feb 1954,Thomas,"","","","",LUKE,78,Parbola Farm Gwinear,"","",96
CON,Gwinear,St Gwiner  ,759,28 Apr 1954,Louisa,"","","","",GREET,79,Barncoose Hospital Illogan,"","",96
CON,Gwinear,St Gwiner  ,761,14 May 1954,Margaret Ann,"","","","",HICKS,68,Penhalvean Stithians,"","",97
CON,Gwinear,St Gwiner  ,762,01 Jun 1954,John,"","","","",TIPPETT,67,78a Meneage Street Helston,"","",97
CON,Gwinear,St Gwiner  ,764,11 Aug 1954,Ada,"","","","",COOK,81,Shaft Downs Gwinear,"","",97
CON,Gwinear,St Gwiner  ,766,17 Nov 1954,Charles,"","","","",MITCHELL,69,68 Drump Road Redruth,"","",97
CON,Gwinear,St Gwiner  ,767,11 Dec 1954,Melitta,"","","","",GLASSON,74,Onithian Farm St Agnes,"","",97
CON,Gwinear,St Gwiner  ,768,20 Dec 1954,Edward,"","","","",HATHNANCE,78,S. Gwinear Churchtown,"","",97
CON,Gwinear,St Gwiner  ,769,03 Jan 1955,Angus John,"","","","",RULE,71,Gwinear Churchtown,"","",98
CON,Gwinear,St Gwiner  ,770,04 Jan 1955,Beatrice Maud,"","","","",JEWELL,72,Trallis Row Connor Downs Hayle,"","",98
CON,Gwinear,St Gwiner  ,771,24 Jan 1955,Charles John,"","","","",PHILLIPS,78,Carloose Gwinear,"","",98
CON,Gwinear,St Gwiner  ,772,21 Feb 1955,Ada Jane,"","","","",RHODDA,71,28 Reawla Gwinear Hayle,"","",98
CON,Gwinear,St Gwiner  ,773,18 Mar 1955,Beatrice Emily,"","","","",HAMPTON,44,Gwinear Downs,"","",98
CON,Gwinear,St Gwiner  ,774,28 Mar 1955,Mary Jane,"","","","",HATHNANCE,82,S. Gwinear Churchtown,"","",98
CON,Gwinear,St Gwiner  ,775,23 Apr 1955,Herbert Henry,"","","","",WHITE,61,The Elms Carnhell Green,"","",98
CON,Gwinear,St Gwiner  ,776,14 May 1955,Francis John,"","","","",STAPLETON,64,S. Gwinear Churchtown,"","",98
CON,Gwinear,St Gwiner  ,779,23 Jan 1956,Emily,"","","","",NOBLE,89,Gwinear Lane,"","",99
CON,Gwinear,St Gwiner  ,780,25 Jan 1956,Amy Berriman,"","","","",HATHNANCE,66,St Gwinear Church Town,"","",99
CON,Gwinear,St Gwiner  ,781,26 Jan 1956,Herbert,"","","","",COCKING,76,Wall Vean S. Gwinear,"","",99
CON,Gwinear,St Gwiner  ,782,07 Feb 1956,Vivian,"","","","",FRELOUR,66,Drannack Mill,"","",99
CON,Gwinear,St Gwiner  ,783,25 Feb 1956,William Henry,"","","","",RAPSON,72,9 Reawla Gwinear,"","",99
CON,Gwinear,St Gwiner  ,787,18 Dec 1956,Winifred,"","","","",BAWDEN,70,28 Dolcoath Rd Camborne,"","",100
CON,Gwinear,St Gwiner  ,784,24 Apr 1956,George Leslie,"","","","",COOK,51,"","","",99
CON,Gwinear,St Gwiner  ,788,21 Jan 1957,Alexander,"","","","",ROWE,91,Reawla House Gwinear Hayle,"","",100
CON,Gwinear,St Gwiner  ,789,26 Jan 1957,David Terance,"","","","",HAMPTON,2,Lower Cargenwen Farm Crowan,"","",100
CON,Gwinear,St Gwiner  ,790,31 Jan 1957,[HZ]elen,"","","","",JAMES,61,3 Station Road Carnhell Green,"","",100
CON,Gwinear,St Gwiner  ,791,05 Apr 1957,Samuel Henry Rail,"","","","",EVA,75,Roseworthy Barton Roseworthy,"","",100
CON,Gwinear,St Gwiner  ,792,12 Apr 1957,Eddie Carlyon,"","","","",PHILLIPS,46,Carloose,"","",100
CON,Gwinear,St Gwiner  ,777,11 Jun 1955,Elsie Sophia,"","","","",MICHELL,55,"Michlyn"", Carnhell Green Camborne",Certified by Methodist minister,"",99
CON,Gwinear,St Gwiner  ,785,28 Apr 1956,Doris Winifred,"","","","",ARTHUR,67,Station Rd Carnhell Green Gwinear,"","",100
CON,Gwinear,St Gwiner  ,793,14 May 1957,Alice Maud Mary,"","","","",SCONE,65,Reawla,"","",101
CON,Gwinear,St Gwiner  ,794,19 Jun 1957,Grace Mitchell,"","","","",RODDA,83,Fraddam Hayle,"","",101
CON,Gwinear,St Gwiner  ,795,22 Jun 1957,Edith Annie,"","","","",ARTHUR,65,Carnhell Green,"","",101
CON,Gwinear,St Gwiner  ,796,03 Aug 1957,Frederick,"","","","",LUKE,75,Parbola Farm Gwinear Hayle,"","",101
CON,Gwinear,St Gwiner  ,797,15 Aug 1957,Julia,"","","","",RAPSON,71,3 Reawla Gwinear Hayle,"","",101
CON,Gwinear,St Gwiner  ,786,05 Sep 1956,Elenor Harry,"","","","",TRUDGEON,88,Little Glowith Farm Kenwyn Truro,"","",100
CON,Gwinear,St Gwiner  ,798,31 Aug 1957,Josiah,"","","","",JAMES,67,3 Station Road Carnhell Green,"","",101
CON,Gwinear,St Gwiner  ,799,16 Sep 1957,Clara,"","","","",KNEEBONE,"",Austin Villa Wall Road Gwinear,"","",101
CON,Gwinear,St Gwiner  ,800,12 Oct 1957,Elizabeth,"","","","",EVA,41,__or*pies Rd Camborne,"","",101
CON,Gwinear,St Gwiner  ,2,11 Dec 1957,Richard Henry,"","","","",PHILLIPS,76,78a Meneage Street Helston,"","",103
CON,Gwinear,St Gwiner  ,3,27 Dec 1957,Emily Jane Ann,"","","","",MITCHELL,64,Dranneck Gwinear,"","",103
CON,Gwinear,St Gwiner  ,4,25 Feb 1958,Rhoda,"","","","",PERRY,79,Gwinear Churchtown,"","",103
CON,Gwinear,St Gwiner  ,6,07 Mar 1958,Prudence Jane,"","","","",BANFIELD,93,106 College Street Camborne,"","",103
CON,Gwinear,St Gwiner  ,7,14 Mar 1958,Mary,"","","","",KNEEBONE,84,23 Reawla,"","",103
CON,Gwinear,St Gwiner  ,8,02 Apr 1958,Samuel John,"","","","",PETHICK,78,Leedstown Crowan,"","",103
CON,Gwinear,St Gwiner  ,9,05 Apr 1958,Thomas George,"","","","",WILLIAMS,82,Carnhell Green,"","",104
CON,Gwinear,St Gwiner  ,10,30 May 1958,Lillie,"","","","",WILLIAMS,79,Drannack Mill,"","",104
CON,Gwinear,St Gwiner  ,11,31 May 1958,James Henry,"","","","",ROWE,79,1 Reawla,"","",104
CON,Gwinear,St Gwiner  ,12,06 Jun 1956,Elizabeth Mary,"","","","",WHITE,70,8 Station Rd Carnhell Green,"","",104
CON,Gwinear,St Gwiner  ,1,28 Nov 1957,Arthur,"","","","",EUSTICE,63,Fargyes Farm Gunwalloe/13 Station Road Carnhell Green,Certified by Methodist minister,"",103
CON,Gwinear,St Gwiner  ,13,02 Aug 1958,Edward,"","","","",HATCH,59,Wall Vean,"","",104
CON,Gwinear,St Gwiner  ,14,14 Aug 1958,Eliza Ann,"","","","",LOWMAN,79,3 Gwinear Churchtown,"","",104
CON,Gwinear,St Gwiner  ,15,28 Aug 1958,Clara Evangelina,"","","","",ROWLING,71,Homefield House Wall Road,"","",104
CON,Gwinear,St Gwiner  ,16,23 Nov 1958,Albert Edward,"","","","",WARD,70,29 Reawla Gwinear,"","",104
CON,Gwinear,St Gwiner  ,19,29 Dec 1958,William George,"","","","",COOK,85,Ce[l_]cis House,"","",105
CON,Gwinear,St Gwiner  ,20,17 Jan 1959,James Henry,"","","","",KNEEBONE,82,Austin Villa Carnhell Greenr,"","",105
CON,Gwinear,St Gwiner  ,21,25 Mar 1959,George Henry,"","","","",MITCHELL,85,Dean Farm Leedstown,"","",105
CON,Gwinear,St Gwiner  ,22,06 Apr 1959,Ada Jane,"","","","",NOELL,73,Fraddam Farm Hayle,"","",105
CON,Gwinear,St Gwiner  ,23,28 Aug 1959,Elizabeth Ann,"","","","",WHITE,76,Carn View Black Rock Crowan,"","",105
CON,Gwinear,St Gwiner  ,24,12 Sep 1959,Mabel Hendra,"","","","",RULE,75,Gwinear Churchtown,"","",105
CON,Gwinear,St Gwiner  ,25,14 Sep 1959,Frederick,"","","","",WILLIAMS,83,Lanyon Cottages Gwinear,"","",106
CON,Gwinear,St Gwiner  ,28,28 Oct 1959,Olive,"","","","",SYMONS,58,35 Carn Brea Lane Pool,"","",106
CON,Gwinear,St Gwiner  ,5,05 Mar 1958,Edward John,"","","","",RALPH,68,Rosewarne Terrace Wall Hayle,Certified by Methodist minister,"",103
CON,Gwinear,St Gwiner  ,1,26 Jul 1909,Sarah Jane,"","","","",HOCKING,21,Church Town,"","",2
CON,Gwinear,St Gwiner  ,17,06 Dec 1958,William Thomas,"","","","",SYMONS,87,10 Wall Vean Gwinear,Certified by Methodist minister,"",105
CON,Gwinear,St Gwiner  ,18,07 Dec 1958,Lillie Jane,"","","","",LUKE,87,Parbola Farm,Certified by Methodist minister,"",105
CON,Gwinear,St Gwiner  ,26,27 Sep 1959,Susan,"","","","",ANDREWS,77,Rosewarne Road Wall Gwinear,Certified by Methodist minister,"",106
CON,Gwinear,St Gwiner  ,27,20 Oct 1959,Grace Annie,"","","","",TREGORRINGK,67,6 Station Road Carnhell Green Camborne,Certified by Methodist minister,"",106
