+INFO,kirk.dawson@freereg.org.uk,PASSWORD,SEQUENCED,BAPTISMS,UTF-8
#,CCC,Eric Booker,Norfolk and Suffolk - Julie Harold,DEVTEST3BA.csv,09-Nov-2018
#,CREDIT,,
#,23-Nov-2018,Images by E B,
+LDS
DEV,Harpford,St Gregory PR,647,"",* May 1854,samuel,M,samuel,mary,PILE,"",harpford,Yeoman,"","",""
DEV,Harpford,St Gregory PR,642,"",16 Nov 1853,mary ann,F,Henry,mary ann,PRING,"",harpford,Yeoman,"","",""
DEV,Harpford,St Gregory PR,644,"",26 Jan 1854,joanna carter,F,thomas,mary,HOLMES,"",harpford,Labourer,"","",""
DEV,Harpford,St Gregory PR,645,"",26 Jan 1854,john anton,M,"",mary jane,"",HITCHCOCK,harpford,"","spinster. Abode is Southern Town, Harpford.","",""
DEV,Harpford,St Gregory PR,646,"",7 May 1854,selina,F,james,mary,GAY,"",harpford,gipsey,"","",""
DEV,Harpford,St Gregory PR,643,13 Jan 1816,15 Dec 1853,tom,M,james,sarah,CARTER,"",harpford,Yeoman,"","",""
DEV,Harpford,St Gregory PR,77,13 Jan 1616,"",Thomas,M,Willam,"",RITCHIW,"","","","","",""
DEV,Harpford,St Gregory PR,77,13 Jan 1816,15 Dec 1959,Thomas,M,Willam,"",RITCHIW,"","","","","",""
DEV,Harpford,St Gregory PR,77,13 Jan 1816,15 Dec 1853,Thomas,M,Willam,"",RITCHIW,"","","","","",""
DEV,Harpford,St Gregory PR,77,13 Jan 1816,15 Dec 1853,Thomas,M,David,"",RITCHIW,"","","","","",""
DEV,Harpford,St Gregory PR,77,"",13 Jan 1816,Thomas,M,David,"",RITCHIW,"","","","","",""
DEV,Harpford,St Gregory PR,456,"",15 Dec 1959,Thomas,M,David,"",RITCHIW,"","","","","",""
DEV,Harpford,St Gregory PR,777,"",15 Dec 1999,Thomas,M,David,"",RITCHIW,"","","","","",""
DEV,Harpford,St Gregory PR,777,"",15 Dec 1999,Thomas,M,David,"",RITCHIW,"","","","","",""
