+INFO,kirk.dawson@freereg.org.uk,PASSWORD,SEQUENCED,MARRIAGES,Windows-1252
#,CCC,Pat Greethams,Norfolk and Suffolk - Julie Harold,ESSBREMA.CSV,07-May-09
#,CREDIT,"",""
#,26-Apr-2019,D-P362-1-1,corrected by Julie Harold 26 Jan 2019
+LDS
ESS,Brentwood,St Thomas PR,"",21 Jun 1696,Robert,COLLINS,"","",Widower,Farmer,"",Mary,BANES,"","",Widow,Farmer,"","","","","","","","",S1,F2,"",Married In Brentwood Chappel By Licence duplicated record for other witnesses,"",""
ESS,Brentwood,St Thomas PR,"",21 Jun 1696,Robert,COLLINS,"","",Widower,Farmer,"",Mary,BANES,"","",Widow,Farmer,"","","","","","","",F3,S3,"","",Married In Brentwood Chappel By Licence,"",""
ESS,Brentwood,St Thomas PR,"",03 Oct 1695,John,SMITH,"","",Bachelor,"",East Hoxidon ?,Jane,BAYMAN,"","",Spinster,"",West Hoxidon ?,"","","","","","","","","","",Married In Brentwood Chappel,"",""
ESS,Brentwood,St Thomas PR,"",29 Nov 1695,William,BIRD,"","",Bachelor,"",Stanford Rivers ?,Ruth,GOWER,"","",Spinster,"",Kelvedon,"","","","","","","","","","",Married In Brentwood Chappel By Licence,"",""
ESS,Brentwood,St Thomas PR,"",05 Dec 1695,Joseph,MILLER,"","",Widower,"",Great Bursted,Sarah,HUKE,"","",Spinster,"",Little Bursted,"","","","","","","","","","",Married In Brentwood Chappel,"",""
ESS,Brentwood,St Thomas PR,"",19 Dec 1695,John,ADAMS,"","",Bachelor,"",Danbury,Mary,STEPHENS,"","",Widow,"",Blanmore ?,"","","","","","","","","","",Married In Brentwood Chappel,"",""
ESS,Brentwood,St Thomas PR,"",15 Jun 1696,Jeremiah,WOOD,"","",Bachelor,"",Southveal ?,Martha,PERCY,"","","","",Little Maxly ?,"","","","","","","","","","",Married In Brentwood Chappel,"",""
ESS,Brentwood,St Thomas PR,"",03 Jun 1697,John,INGRAM,"",Leydon Hills ?,"","","",Mary,HO*,"",Leydon Hills ?,"","","","","","","","","","","","","","","",""
ESS,Brentwood,St Thomas PR,"",07 Jul 1697,Thomas,GLY,"","",Bachelor,"",Rochford,Cordelia,BEARD,"","",Spinster,"",Ba*ing,"","","","","","","","","","","","",""
ESS,Brentwood,St Thomas PR,"",27 Sep 1697,Hugo,ANDERSON,"","",Bachelor,"","",Ann,SPRINGFIELD,"","",Spinster,"","","","","","","","","","","","","","",""
ESS,Brentwood,St Thomas PR,"",07 Oct 1697,Edward,WYLLYS,"","","",Rector Of Gingrave ?,"",Mary,RHODES,"","",Spinster,"","","","","","","","","","","","","","",""
ESS,Brentwood,St Thomas PR,"",21 Oct 1697,Thomas,BROWNE,"","","","",Great Warley,Susanna,RIDGWAY,"","","","",Upminster,"","","","","","","","","","",Married In Brentwood Chappel,"",""
ESS,Brentwood,St Thomas PR,"",11 Nov 1697,George,BAREFOOT,"","","","","",Elizabeth,DEREHAM,"","","","","","","","","","","","","","","",Married In Brentwood Chappel,"",""
ESS,Brentwood,St Thomas PR,"",04 Dec 1697,Joseph,BUTTERFEILD,"","",Bachelor,"","",Mary,POOLEY,"","",Spinster,"","","","","","","","","","","","","","",""
ESS,Brentwood,St Thomas PR,"",27 Dec 1697,William,BRIGHT,"",Chadwell,Bachelor,"","",Mary,BEST,"","",Widow,"","","","","","","","","","","","","","",""
ESS,Brentwood,St Thomas PR,"",05 Jan 1697/8,*mer,BULLIN,"","",Bachelor,"",Preston Lancashire,Ruth,ROTHERAM,"","",Spinster,"",Brentwood,"","","","","","","","","","","","",""
ESS,Brentwood,St Thomas PR,"",09 Oct 1698,John,MASON,"","",Bachelor,Weaver,"",Mary,SHERWOOD,"","",Spinster,"","","","","","","","","","","","","","",""
ESS,Brentwood,St Thomas PR,"",14 Feb 1698/9,George,MOUNTFORD,"","",Bachelor,Baker,Upminster,Elizabeth,BARNS,"","",Spinster,"",Brentwood,"","","","","","","","","","","","",""
ESS,Brentwood,St Thomas PR,"",17 Feb 1698/9,James,PORTER,"","",Bachelor,Butcher,Shinfeild ?,Mary,COX,"",Southweale,Spinster,"","","","","","","","","","","","","","",""
ESS,Brentwood,St Thomas PR,"",11 Apr 1699,Richard,JENNINGS,"","",Bachelor,Cordwainer,Great Burstead,Judith,MAFFA,"","",Spinster,"",Brentwood,"","","","","","","","","","","","",""
ESS,Brentwood,St Thomas PR,"",24 Aug 1700,Joseph,BI*,"","",Bachelor,Apothecary ?,Backchurch London,*,DINGLY,"","",Spinster,"",Wapping Middlesex,"","","","","","","","","","","","",""
ESS,Brentwood,St Thomas PR,"",25 Aug 1700,John,PORTER,"",Otp,Bachelor,Butcher,"",*,CROW,"",Otp,Spinster,"","","","","","","","","","","","","","",""
ESS,Brentwood,St Thomas PR,"",26 Apr 1701,John,ENGLISH,"",Abridge ?,Bachelor,Husbandman,Essex,Rebecca,CRUMP,"",Abridge ?,Spinster,"",Essex,"","","","","","","","","","","","",""
ESS,Brentwood,St Thomas PR,"",08 May 1701,John,WALKER,"",Little Warley ?,Bachelor,Yeoman,Essex,Mary,CONVERS,"",*lett,Spinster,"",*or*,"","","","","","","","","","","","",""
ESS,Brentwood,St Thomas PR,"",08 Jun 1701,John,COLE,"",St Olave SouthwarkSurry,Bachelor,"","",*,CHURCHLY,"",St Olave Southwark Surry,Spinster,"","","","","","","","","","","","","","",""
ESS,Brentwood,St Thomas PR,"",29 Jul 1701,Robert,BELL,"",Brentwood Southweale,Bachelor,Linnen Draper,"",Lydia,THEOBALD,"",Brentwood Southweale,Spinster,"","","","","","","","","","","","","","",""
ESS,Brentwood,St Thomas PR,"",29 Jul 1701,John,DICKSON,"","",Bachelor,Linnen Draper,*ford Essex,Susanna,MILES,"","",Spinster,"",Chigwell,"","","","","","","","","","","","",""
ESS,Brentwood,St Thomas PR,"",29 Dec 1701,William,PRENTICE,"",Gingrave,Widower,Labourer,"",Mary,WEBB,"",Brentwood Southweale,Widow,"","","","","","","","","","","","","","",""
ESS,Brentwood,St Thomas PR,"",12 May 1702,Isaac,HEARD,"",Brentwood Southweale,Bachelor,Gardiner,"",Elizabeth,DUFFEILD,"",Brentwood Southweale,Spinster,"","","","","","","","","","","","","","",""
ESS,Brentwood,St Thomas PR,"",13 Jul 1702,Timothy,COOPER,"",Heyaning ?,Bachelor,Taylour,"",Anne,WALKER,"",Heyaning ?,Spinster,"","","","","","","","","","","","","","",""
ESS,Brentwood,St Thomas PR,"",13 Jan 1702/3,Henry,WILLIAMS,"",Brookestreet Southweale,Bachelor,Labourer,"",Sarah,COMBERS,"",Brookestreet Southweale,Widow,"","","","","","","","","","","","","","",""
ESS,Brentwood,St Thomas PR,"",06 Apr 1727,Samuel,DOWSET,"",Ramsdon Bellhouse,"","","",Mary,BURDOCK,"",Laindon,"","","","","","","","","","","","","",Married In Brentwood Chapel By Licence,"",""
ESS,Brentwood,St Thomas PR,"",25 Dec 1743,Peter,WHITWELL,"","","","","",Elizabeth,HAYES,"","","","","","","","","","","","","","","","","",""
ESS,Brentwood,St Thomas PR,"",23 Aug 1747,David,EVANS,"","","","","",Mary,PRITHY,"","","","","","","","","","","","","","","","","",""
ESS,Brentwood,St Thomas PR,"",27 Dec 1747,John,GASBIRD,"","","",Soldier,"",Mary,TERRI*,"","","","","","","","","","","","","","","","","",""
ESS,Brentwood,St Thomas PR,"",30 Sep 1748,Henry,NORRIS,"","","","",Norton Bardwell ?,Mary,ELLAND,"","","","","","","","","","","","","","","","","",""
ESS,Brentwood,St Thomas PR,"",10 Aug 1749,Richard,UNISON,"","","","","",Sarah,NEWMAN,"","","","","","","","","","","","","","","","","",""
ESS,Brentwood,St Thomas PR,"",26 Dec 1740,James,MARTIN,"","","","","",Mary,SIBTHORP,"","","","","","","","","","","","","","","","","",""
ESS,Brentwood,St Thomas PR,"",01 Dec 1749,William,TURNER,"","","","",Chipping Ongre ?,Martha,FREEMAN,"","","","",East Horndon ?,"","","","","","","","","","",Married In Brentwood Chapel By Licence,"",""
ESS,Brentwood,St Thomas PR,"",25 Nov 1753,Thomas,SMITH,"",Laingdon Hills Essex,Bachelor,"","",Susannah,NOTTAGE,"",Stock Essex ?,Spinster,"","","","","","","","","","","","",Married In Brentwood Chapel By Licence,"",""
ESS,Brentwood,St Thomas PR,"",31 Jun 1695,F3,PEREY,"","",Bachelor,Servant,Havestock,Jane,GOOSE,"","",Spinster,Servant,Kelvedon,"","","","","","",David,DAWSON,Andrew,DAWSON,Married In Brentwood Chappel By Licence duplicated record for other witnesses,"",""
ESS,Brentwood,St Thomas PR,"",31 Jun 1695,F3,PEREY,"","",Bachelor,Servant,Havestock,Jane,GOOSE,"","",Spinster,Servant,Kelvedon,"","","","","","",Krista,DAWSON,James,DAWSON,Married In Brentwood Chappel By Licence duplicated record for other witnesses,"",""
ESS,Brentwood,St Thomas PR,"",31 Jun 1695,F3,PEREY,"","",Bachelor,Servant,Havestock,Jane,GOOSE,"","",Spinster,Servant,Kelvedon,"","","","","","",Joan,DAWSON,David,DAWSON,Married In Brentwood Chappel By Licence duplicated record for other witnesses,"",""
ESS,Brentwood,St Thomas PR,"",31 Jun 1695,F3,PEREY,"","",Bachelor,Servant,Havestock,Jane,GOOSE,"","",Spinster,Servant,Kelvedon,"","","","","","",jane,DAWSON,kathy,WILSON,Married In Brentwood Chappel By Licence,"",""
