+INFO,kirk.dawson@freereg.org.uk,PASSWORD,SEQUENCED,BURIALS,Windows-1252
#,CCC,June Ford,Norfolk and Suffolk - Julie Harold,NFKACLBU.CSV,12-Oct-2008
#,CREDIT,June Ford,
#,07-Jan-2019,"",""
+LDS
NFK,Acle,St Edmund AT,"","",Emma,wife of,Joseph,"",BIRT,BIRT,"","","","",""
NFK,Acle,St Edmund AT,"",7 Aug 1805,Mary,single woman,"","","",FOWLER,"","","","",""
NFK,Acle,St Edmund AT,"",24 Aug 1805,Thomas,widower,"","","",MERRISON,"","","","",""
NFK,Acle,St Edmund AT,"",17 Sep 1805,Elizabeth,widow,"","","",LIFFEN,"","","","",""
NFK,Acle,St Edmund AT,"",24 Sep 1805,George,married man,"","","",DUFFLE,"","","","",""
NFK,Acle,St Edmund AT,"",3 Mar 1806,Elizabeth,widow,"","","",HALES,"","","","",""
NFK,Acle,St Edmund AT,"",27 Apr *,Mary,wife,Edward,"",CHAMBERLAINE,CHAMBERLAINE,"","","","",""
NFK,Acle,St Edmund AT,"",03 May *,Philip,son,Peter,Alice,DRAKE,DRAKE,"","","","",""
NFK,Acle,St Edmund AT,"",03 May *,Thomas,son,Robt,Thamax,GILES,GILES,"","","","",""
NFK,Acle,St Edmund AT,"",25 May *,Richard,son,Robt,Thamar,GILES,GILES,"","","","",""
NFK,Acle,St Edmund AT,"",03 Jun *,Susan,wife,Thomas,"",REEDER,REEDER,"","","","",""
NFK,Acle,St Edmund AT,"",09 Jul *,Thomas,"","","","",PALMER,"","","","",""
NFK,Acle,St Edmund AT,"",18 Jul *,Judith,"","","","",DOLLEMAN,"","",Single Woman,"",""
NFK,Acle,St Edmund AT,"",26 Aug *,Mariony,wife,Richard,"",BROWNE,BROWNE,"","","","",""
NFK,Acle,St Edmund AT,"",06 Sep *,William,son,John,Elizabeth,BARNES,BARNES,"","","","",""
NFK,Acle,St Edmund AT,"",28 Sep *,Timothy,"","","","",THORNLEY,"","","","",""
NFK,Acle,St Edmund AT,"",29 Sep *,John,son,Robt,Elizabeth,TAILOUR,TAILOUR,"","","","",""
NFK,Acle,St Edmund AT,"",* Oct *,?,"","","","",BROWNE,"","","","",""
NFK,Acle,St Edmund AT,"",28 Oct *,?,sonrichard,"","",FOXINGOLD,"","","","","",""
NFK,Acle,St Edmund AT,"",29 Oct *,?,"",William,"",?,?,"","","","",""
NFK,Acle,St Edmund AT,"",29 Oct *,Robt,son,"",Margarett,CHESMAN,CHESMAN,"","","","",""
NFK,Acle,St Edmund AT,"",3 Nov *,Margarett,"","",Mary,WITLOOKE,WITLOOKE,"","","","",""
NFK,Acle,St Edmund AT,"",18 Nov *,?,"",John,"",COWELL,COWELL,"","","","",""
NFK,Acle,St Edmund AT,"",20 Nov *,Ralph,"","","","",SMITH,"","","","",""
NFK,Acle,St Edmund AT,"",12 Dec *,Edward,"","","","",COOKE,"","","","",""
NFK,Acle,St Edmund AT,"",17 Dec *,Richard,"","","","",HORNIGOLD,"","","","",""
NFK,Acle,St Edmund AT,"",19 Dec *,Margaret,"","","","",HOBERT,"","","","",""
NFK,Acle,St Edmund AT,"",20 Dec *,John,"","",Anne,BIRD,BIRD,"","","","",""
NFK,Acle,St Edmund AT,"",7 Jan *,Richard,"","","","",SWANN,"","","","",""
NFK,Acle,St Edmund AT,"",17 Jan *,Elizabeth,"",William,"",BROWNE,BROWNE,"","","","",""
NFK,Acle,St Edmund AT,"",24 Jan *,John,"","","","",YONGER,"","","","",""
NFK,Acle,St Edmund AT,"",30 Jan *,Joane,"","","","",POUND,"","","","",""
NFK,Acle,St Edmund AT,"",11 Feb *,Robt,"","","","",ELLINGTON,"","","","",""
NFK,Acle,St Edmund AT,"",15 Feb *,Philip,"",Robt,Eliza,TAILOUR,TAILOUR,"","","","",""
NFK,Acle,St Edmund AT,"",* Feb *,Thomas,"",Thomas,Cisily,LEAFY,LEAFYE,"","","","",""
NFK,Acle,St Edmund AT,"",24 Feb *,Edward,"",Thomas,Susan,COOPER,COOPER,"","","","",""
NFK,Acle,St Edmund AT,"",3 May 1665,William,"","","","",BUL**ONTE,"","","","",""
NFK,Acle,St Edmund AT,"",25 Jun 1665,John,"","","","",BROWN,"","","","",""
NFK,Acle,St Edmund AT,"",12 Jul 1665,William,"","","","",DOW,"","","","",""
NFK,Acle,St Edmund AT,"",12 Sep 1665,Tho,"","","","",CHURCH,"","","","",""
NFK,Acle,St Edmund AT,"",12 Oct 1665,Henry,"",John,"","",HABRIGTON,"","","","",""
NFK,Acle,St Edmund AT,"",20 Oct 1665,Thomasin,"","","","",DOW,"","","","",""
NFK,Acle,St Edmund AT,"",28 Oct 1665,William,"","","","",TUCK,"","","","",""
NFK,Acle,St Edmund AT,"",30 Oct 1665,**mond,"","","","",WATERNE,"","","","",""
NFK,Acle,St Edmund AT,"",20 Nov 1665,John,"","","","",DAY,"","","","",""
NFK,Acle,St Edmund AT,"",30 Nov 1665,Robert,"","","","",WATERNE,"","","","",""
NFK,Acle,St Edmund AT,"",4 Dec 1665,Ann,"","","","",WYLY,"","","","",""
NFK,Acle,St Edmund AT,"",2 Mar 1665,Charles,"","","","",HOOY,"","","","",""
NFK,Acle,St Edmund AT,"",19 Mar 1665,John,"","","","",SMALL,"","","","",""
NFK,Acle,St Edmund AT,"",10 Jun 1666,Susan,"","","","",SPOONER,"","","","",""
NFK,Acle,St Edmund AT,"",30 Aug 1666,Henry,"","","","",FITS,"","",A Child,"",""
NFK,Acle,St Edmund AT,"",2 Sep 1666,John,"","","","",DAY,"","","","",""
NFK,Acle,St Edmund AT,"",15 Sep 1666,Francis?,"","","","",POPE,"","",A Child,"",""
NFK,Acle,St Edmund AT,"",8 Sep 1666,Tho,"","","","",BROOK,"","",A *yed Man,"",""
NFK,Acle,St Edmund AT,"",12 Oct 1666,Elizabeth,"","","","",APLETON,"","",A Child,"",""
NFK,Acle,St Edmund AT,"",20 Oct 1666,Eliz,"","","","",EDEN,"","",A Child,"",""
NFK,Acle,St Edmund AT,"",23 Oct 1666,Margaret,"","","","",MYLS,"","",A Child,"",""
NFK,Acle,St Edmund AT,"",26 Oct 1666,Helen,"","","","",BUTTERFORD,"","","","",""
NFK,Acle,St Edmund AT,"",29 Oct 1666,Roger,"","","","",BURTON,"",Burbinghame,"","",""
NFK,Acle,St Edmund AT,"",10 Dec 1666,Tho,"","","","",*RONS,"","","","",""
NFK,Acle,St Edmund AT,"",26 Dec 1666,Margaret,"","","","",HODS,"","","","",""
NFK,Acle,St Edmund AT,"",30 Dec 1666,Thomas,"","","","",HOATS,"","","","",""
NFK,Acle,St Edmund AT,"",30 Dec 1666,Mary,"","","","",RICHES,"","","","",""
NFK,Acle,St Edmund AT,"",9 Jan 1666,John,"","","","",ANDERSON,"","","","",""
NFK,Acle,St Edmund AT,"",9 Jan 1666,Will,"","","","",CHINGHS,"","",A Child,"",""
NFK,Acle,St Edmund AT,"",12 Jan 1666,John,"","","","",CHURCH,"","","","",""
NFK,Acle,St Edmund AT,"",15 Jan 1666,Eliz,"","","","",BUTTINGHAM,"","","","",""
NFK,Acle,St Edmund AT,"",23 Jan 1666,Eliz,"","","","",GLAZIER,"","","","",""
NFK,Acle,St Edmund AT,"",22 Feb 1666,Eliz,"","","","",HOLMS,"","","","",""
NFK,Acle,St Edmund AT,"",19 Mar 1666,Mary,"","","","",DOW,"","","","",""
NFK,Acle,St Edmund AT,"",27 Apr 1668,John,"","","","",RICHES,"","","","",""
NFK,Acle,St Edmund AT,"",31 Jul 1668,Bridget,daughter,Robert,"","",BROWN,"","","","",""
NFK,Acle,St Edmund AT,"",2 Aug 1668,Mary,daughter,Will,"","",*YBAH,"","","","",""
NFK,Acle,St Edmund AT,"",9 Aug 1668,Anne,"","","","",BARBER,"","","","",""
NFK,Acle,St Edmund AT,"",30 Aug 1668,Alexander,"","","","",KIRBY,"","","","",""
NFK,Acle,St Edmund AT,"",2 Sep 1668,Barbara,daughter,Tho,"","",RULE,"","","","",""
NFK,Acle,St Edmund AT,"",25 Sep 1668,Eliz,"","","","",RIX,"","","","",""
NFK,Acle,St Edmund AT,"",7 Oct 1668,Attwell,"","","","",HORNER,"","","","",""
NFK,Acle,St Edmund AT,"",7 Oct 1668,John,son,Rob,"","",LUSCO,"","","","",""
NFK,Acle,St Edmund AT,"",15 Oct 1668,John,son,John,"","",MILAME,"","","","",""
NFK,Acle,St Edmund AT,"",20 Oct 1668,Alice,"","","","",BILL,"","",Widow,"",""
NFK,Acle,St Edmund AT,"",21 Oct 1668,Judith,wife,Tho,"","",HORNER,"","","","",""
NFK,Acle,St Edmund AT,"",14 Dec 1668,Anne,"","","","",ARRS,"","",Out Of Bridewell,"",""
NFK,Acle,St Edmund AT,"",18 Jan 1669,William,"","","","",NICOLS,"","","","",""
NFK,Acle,St Edmund AT,"",25 Jan 1669,Christopher,"","","","",COOPER,"","","","",""
NFK,Acle,St Edmund AT,"",6 Feb 1669,Thomas,son,Francis,"","",HARPER,"","","","",""
NFK,Acle,St Edmund AT,"",5 Mar 1669,Elizabeth,"","","","",THEOB<,"","","","",""
NFK,Acle,St Edmund AT,"",15 Apr 1669,Margaret,"","","","",GOODWINE,"","","","",""
NFK,Acle,St Edmund AT,"",20 Apr 1669,Robert,son,Rob,"","",BROWNE,"","","","",""
NFK,Acle,St Edmund AT,"",29 Apr 1669,Lidia,"","","","",ANDERSON,"","","","",""
NFK,Acle,St Edmund AT,"",30 May 1669,Samuell,"","","","",CARDELL,"","","","",""
NFK,Acle,St Edmund AT,"",8 Jun 1669,Will,son,John,"","",BROWNE,"","","","",""
NFK,Acle,St Edmund AT,"",3 Jul 1669,Lucy,"","","","",SMITH,"","","","",""
NFK,Acle,St Edmund AT,"",25 Jul 1669,William,son,Tho,"","",DUN,"","","","",""
NFK,Acle,St Edmund AT,"",10 Aug 1669,Francis,"","","","",COOPER,"","","","",""
NFK,Acle,St Edmund AT,"",26 Aug 1669,George,"","","","",COOPER,"","","","",""
NFK,Acle,St Edmund AT,"",2 Oct 1669,Lucy,daughter,Willm,"","",WALTERNE,"","","","",""
NFK,Acle,St Edmund AT,"",10 Oct 1669,Mary,wife,Charles,"","",GRIMINGHAME,"","","","",""
NFK,Acle,St Edmund AT,"",12 Oct 1669,Tho,son,John,"","",COVE,"","","","",""
NFK,Acle,St Edmund AT,"",18 Oct 1669,Philip,son,Philip,"","",PALMER,"","","","",""
NFK,Acle,St Edmund AT,"",30 Nov 1669,Lucy,"","","","",SYBAH,"","","","",""
NFK,Acle,St Edmund AT,"",4 Dec 1669,Dorothy,wife,Henry,"","",WATLING,"","","","",""
NFK,Acle,St Edmund AT,"",12 Dec 1669,Susanna,"","","","",WATERS,"","","","",""
NFK,Acle,St Edmund AT,"",12 Dec 1669,Mary,daughter,Will,"","",GLAZIER,"","","","",""
NFK,Acle,St Edmund AT,"",24 Dec 1669,Mary,wife,William,"","",ALBOROUGH,"","","","",""
NFK,Acle,St Edmund AT,"",27 Dec 1669,Ruby,daughter,David,"","",REYNER,"","","","",""
NFK,Acle,St Edmund AT,"",28 Dec 1669,Anne,daughter,Tho,"","",RULE,"","","","",""
NFK,Acle,St Edmund AT,"",14 Jan 1670,Sarah,"","","","",SMITH,"","",Widow,"",""
NFK,Acle,St Edmund AT,"",22 Jan 1670,John,"","","","",BURTON,"","","","",""
NFK,Acle,St Edmund AT,"",24 Jan 1670,Robert,"","","","",WELLS,"","",Junior,"",""
NFK,Acle,St Edmund AT,"",24 Jan 1670,John,son,Richard,"","",WARD,"","",Twins,"",""
NFK,Acle,St Edmund AT,"",24 Jan 1670,Margaret,daughter,Richard,"","",WARD,"","",Twins,"",""
NFK,Acle,St Edmund AT,"",30 Jan 1670,Richard,"","","","",ABS,"","","","",""
NFK,Acle,St Edmund AT,"",7 Feb 1670,Amy,wife,Rich,"","",ABS,"","","","",""
NFK,Acle,St Edmund AT,"",18 Feb 1670,Henry,"","","","",WATLING,"","","","",""
NFK,Acle,St Edmund AT,"",20 Feb 1670,Anne,"","","","",BROOKS,"","",Widow,"",""
NFK,Acle,St Edmund AT,"",25 Feb 1670,Mary,daughter,Tho,"","",RICHES,"","","","",""
NFK,Acle,St Edmund AT,"",4 Mar 1670,Mary,"","","","",BURTON,"","","","",""
NFK,Acle,St Edmund AT,"",6 Mar 1670,Mathew,"","","","",PALMER,"","","","",""
NFK,Acle,St Edmund AT,"",24 Mar 1670,Thomas,"","","","",DUN,"","","","",""
NFK,Acle,St Edmund AT,"",3 Jun 1670,Mary,"","","","",*YOUD,"","","","",""
NFK,Acle,St Edmund AT,"",5 Jun 1670,Elizabeth,"","","","",COATS,"","","","",""
NFK,Acle,St Edmund AT,"",7 Jun 1670,John,"","","","",MELANIE,"","","","",""
NFK,Acle,St Edmund AT,"",26 Jun 1670,Joh,"","","","",BURY,"","","","",""
NFK,Acle,St Edmund AT,"",1 Jul 1670,Mary,"","","","",BULLILOUTE,"","","","",""
NFK,Acle,St Edmund AT,"",8 Jul 1670,Philip,"","","","",HUNN,"","","","",""
NFK,Acle,St Edmund AT,"",15 Jul 1670,Anne,"","","","",FOSTER,"","","","",""
NFK,Acle,St Edmund AT,"",26 Jul 1670,John,"","","","",TOLLIN,"","","","",""
NFK,Acle,St Edmund AT,"",24 Jul 1670,Ruber,"","","","",HARISON,"","","","",""
NFK,Acle,St Edmund AT,"",23 Aug 1670,Elizabeth,"","","","",COATS,"","","","",""
NFK,Acle,St Edmund AT,"",1 Sep 1670,Alice,"","","","",SMITH,"","","","",""
NFK,Acle,St Edmund AT,"",3 Sep 1670,Richard,"","","","",KIDMAN,"","","","",""
NFK,Acle,St Edmund AT,"",15 Sep 1670,Mary,"","","","",LEGGAT,"","","","",""
NFK,Acle,St Edmund AT,"",24 Sep 1670,John,"","","","",FOSTER,"","","","",""
NFK,Acle,St Edmund AT,"",16 Oct 1670,John,"","","","",HABERSTONE,"","","","",""
NFK,Acle,St Edmund AT,"",17 Oct 1670,Anne,"","","","",BROWNE,"","","","",""
NFK,Acle,St Edmund AT,"",2 Nov 1670,Elizabeth,"","","","",MILANIE,"","","","",""
NFK,Acle,St Edmund AT,"",28 Dec 1670,Richard,"","","","",FURBANCK,"","","","",""
NFK,Acle,St Edmund AT,"",23 Jan 1671,Elizabeth,"","","","",BULLILOUTE,"","","","",""
NFK,Acle,St Edmund AT,"",25 Jan 1671,Cilely,"","","","",WATERS,"","","","",""
NFK,Acle,St Edmund AT,"",25 Jan 1671,Adrie,"","","","",WATERS,"","","","",""
NFK,Acle,St Edmund AT,"",22 Mar 1671,Edmond,"","","","",FIT,"","","","",""
NFK,Acle,St Edmund AT,"",26 Mar 1672,Tho,"","","","",LEGGET,"","","","",""
NFK,Acle,St Edmund AT,"",12 Apr 1672,Eliz,"","","","",WATTS,"","","","",""
NFK,Acle,St Edmund AT,"",10 Apr 1672,Tho,"","","","",BROWNE,"","","","",""
NFK,Acle,St Edmund AT,"",12 Apr 1672,Mary,"","","","",HUN,"","","","",""
NFK,Acle,St Edmund AT,"",14 Apr 1672,John,"","","","",FURBANCK,"","","","",""
NFK,Acle,St Edmund AT,"",1 May 1672,Rob,"","","","",RYALL,"","","","",""
NFK,Acle,St Edmund AT,"",10 May 1672,Elizabeth,"","","","",WARD,"","","","",""
NFK,Acle,St Edmund AT,"",4 Jul 1672,Mary,"","","","",SWANTON,"","","","",""
NFK,Acle,St Edmund AT,"",14 Jul 1672,Elizabeth,"","","","",HOOPE,"","","","",""
NFK,Acle,St Edmund AT,"",14 Jul 1672,Elizabeth,"","","","",EMS,"","","","",""
NFK,Acle,St Edmund AT,"",25 Aug 1672,John,"","","","",G*MINGHAME,"","","","",""
NFK,Acle,St Edmund AT,"",14 Sep 1672,Charles,"","","","",GIMINGHAME,"","","","",""
NFK,Acle,St Edmund AT,"",21 Sep 1672,Theophilus,"","","","",OBY,"","","","",""
NFK,Acle,St Edmund AT,"",20 Oct 1672,Anne,"","","","",NORFAR,"","","","",""
NFK,Acle,St Edmund AT,"",18 Nov 1672,William,"","","","",BARBER,"","","","",""
NFK,Acle,St Edmund AT,"",20 Jan 1673,Mary,"","","","",WATTARNE,"","","","",""
NFK,Acle,St Edmund AT,"",6 Feb 1673,George,"","","","",HUNNE,"","","","",""
NFK,Acle,St Edmund AT,"",3 Mar 1673,William,son,Wil,"","",PALMER,"","","","",""
NFK,Acle,St Edmund AT,"",4 Jun 1675,Eliza,"","","","",RAYNOR,"","","","",""
NFK,Acle,St Edmund AT,"",9 Sep 1675,Tho,"","","","",**YNES,"","","","",""
NFK,Acle,St Edmund AT,"",16 Sep 1675,Eliza,"","","","",*ONN,"","","","",""
NFK,Acle,St Edmund AT,"",23 Sep 1675,Eliza,"","","","",BALL,"","",A Stranger,"",""
NFK,Acle,St Edmund AT,"",13 Nov 1675,Mary,"","","","",WIGG,"","","","",""
NFK,Acle,St Edmund AT,"",18 Nov 1675,Dorothy,"","","","",NORFOR,"","","","",""
NFK,Acle,St Edmund AT,"",18 Nov 1675,Mary,"","","","",WIGG,"","","","",""
NFK,Acle,St Edmund AT,"",19 Nov 1675,Tho,"","","","",RULE,"","",Rector,"",""
NFK,Acle,St Edmund AT,"",25 Nov 1675,Margaret,daughter,?,?,?,?,"","","","",""
NFK,Acle,St Edmund AT,"",6 Feb 1676,Sary,"","","","",*****RY,"","","","",""
NFK,Acle,St Edmund AT,"",29 Mar 1676,Margaret,wife,Edward,"","",BULTITUDE,"","","","",""
NFK,Acle,St Edmund AT,"",19 Apr 1676,Edmund,"","","","",EMS,"","","","",""
NFK,Acle,St Edmund AT,"",2 Apr 1676,Nicholas,"","","","",COATS,"","","","",""
NFK,Acle,St Edmund AT,"",22 Apr 1676,Joseph,"","","","",TOMSON,"","","","",""
NFK,Acle,St Edmund AT,"",9 May 1676,Edward,"","","","",BULTITUDE,"","",In Burials But Says Baptised,"",""
NFK,Acle,St Edmund AT,"",15 Jul 1676,Philodelphia,"","","","",WOODS,"","","","",""
NFK,Acle,St Edmund AT,"",14 Sep 1676,William,"","","","",WATERS,"","","","",""
NFK,Acle,St Edmund AT,"",16 Sep 1676,Thomas,son,Job,Ann,"",JENKENSON,"","","","",""
NFK,Acle,St Edmund AT,"",22 Sep 1676,Ann,"","","","",THACKSTER,"","",Widow,"",""
NFK,Acle,St Edmund AT,"",17 Oct 1676,Elizabeth,daughter,Thomas,Elizabeth,"",LEGGET,"","","","",""
NFK,Acle,St Edmund AT,"",17 Oct 1676,Elizabeth,daughter,Thomas,Ann,"",HUGGUNGS,"","","","",""
NFK,Acle,St Edmund AT,"",28 Oct 1676,Henry,"",William,Christian,"",GLAZIER,"","","","",""
NFK,Acle,St Edmund AT,"",30 Oct 1676,Thomas,son,William,Christian,"",GLAZIER,"","","","",""
NFK,Acle,St Edmund AT,"",14 Nov 1676,Ann,daughter,Timothy,Elizabeth,"",KIRBY,"","","","",""
NFK,Acle,St Edmund AT,"",14 Nov 1676,Francis,daughter,Edmund,Francis,"",EMS,"","","","",""
NFK,Acle,St Edmund AT,"",1 Dec 1676,Elizabeth,"","","","",SMITH,"","",Widow,"",""
NFK,Acle,St Edmund AT,"",7 Dec 1676,Ffrancis,"","","","",HARPER,"","","","",""
NFK,Acle,St Edmund AT,"",15 Dec 1676,Samuel,son,"",Mary,HARWOOD,HARWOOD,"","",And Of The People,"",""
NFK,Acle,St Edmund AT,"",16 Dec 1676,Mathew,son,Mathew,Mary,"",FIFE,"","","","",""
NFK,Acle,St Edmund AT,"",27 Dec 1676,William,"","","","",HODGE,"","","","",""
NFK,Acle,St Edmund AT,"",2 Feb 1677,William,son,William,"","",READER,"","","","",""
NFK,Acle,St Edmund AT,"",2 Apr 1677,Ann,daughter,Robert,"","",FFEN,"","","","",""
NFK,Acle,St Edmund AT,"",7 Apr 1677,William,"","","","",HUGUNGS,"","","","",""
NFK,Acle,St Edmund AT,"",26 Apr 1677,John,"","","","",GLAZIER,"","","","",""
NFK,Acle,St Edmund AT,"",5 Jun 1677,Mary,wife,Edw,"","",WIN,"","","","",""
NFK,Acle,St Edmund AT,"",9 Jun 1677,Ann,wife,William,"","",READ,"","","","",""
NFK,Acle,St Edmund AT,"",26 Mar 1677,William,son,Theodor,"","",OBY,"","","","",""
NFK,Acle,St Edmund AT,"",19 Oct 1677,Ann,daughter,"",Ann,CARTER,CARTER,"","",Of The People,"",""
NFK,Acle,St Edmund AT,"",8 Nov 1677,Elizabeth,"","","","",CAMP,"","","","",""
NFK,Acle,St Edmund AT,"",31 Dec 1677,Mary,daughter,Samuel,Mary,"",GOULD,"","","","",""
NFK,Acle,St Edmund AT,"",9 Jan 1678,Thomas,"","","","",ALBORROW,"","","","",""
NFK,Acle,St Edmund AT,"",2 Feb 1678,Richard,"","","","",WATTERN,"","","","",""
NFK,Acle,St Edmund AT,"",21 Feb 1678,Susanna,daughter,William,"","",SYBALL,"","","","",""
NFK,Acle,St Edmund AT,"",1 Mar 1678,Elizabeth,"","","","",SARCINET,"","","","",""
NFK,Acle,St Edmund AT,"",8 Apr 1678,Robert,"","","","",BROWN,"","","","",""
NFK,Acle,St Edmund AT,"",2 Apr 1678,Robert,son,Robert,"","",ROIALL,"","","","",""
NFK,Acle,St Edmund AT,"",6 Jul 1678,Rebekeh,daughter,John,Dorothy,"",NORFOR,"","","","",""
NFK,Acle,St Edmund AT,"",18 Jul 1678,"","","","","",GOLDWORTH,"","",Widdow,"",""
NFK,Acle,St Edmund AT,"",28 Jul 1678,George,son,William,Rebekeh,"",FFRANCIS,"","","","",""
NFK,Acle,St Edmund AT,"",21 Jul 1678,Mary,daughter,William,"","",BURY,"","","","",""
NFK,Acle,St Edmund AT,"",29 Aug 1678,John,daughter,"",Mary,STANHAM,MARYSON,"","",& Of The People,"",""
NFK,Acle,St Edmund AT,"",25 Oct 1678,Mary,wife,David,"","",RAINER,"","","","",""
NFK,Acle,St Edmund AT,"",27 Oct 1678,William,son,Thomas,Elizabeth,"",HUNT,"","","","",""
NFK,Acle,St Edmund AT,"",28 Oct 1678,Elizabeth,daughter,Robert,Ann,"",FFEN,"","","","",""
NFK,Acle,St Edmund AT,"",3 Nov 1678,Samuel,"","","","",CAULDER,"","","","",""
NFK,Acle,St Edmund AT,"",17 Nov 1678,Thomas,son,James,"","",BONNIFIELD,"","","","",""
NFK,Acle,St Edmund AT,"",3 Jan 1679,Nicholas,"","","","",BRIGHTMAN,"","","","",""
NFK,Acle,St Edmund AT,"",4 Jan 1679,Ellingham,son,Thomas,"","",RIALL,"","","","",""
NFK,Acle,St Edmund AT,"",19 Jan 1679,Elizabeth,daughter,Thomas,Ann,"",COATS,"","","","",""
NFK,Acle,St Edmund AT,"",22 Jan 1679,Robert,son,Thomas,Elizabeth,"",LEGGETE,"","","","",""
NFK,Acle,St Edmund AT,"",7 Feb 1679,Jean,wife,Robert,"","",GREEN,"","","","",""
NFK,Acle,St Edmund AT,"",16 Feb 1679,Thomas,"","","","",DAINS,"","","","",""
NFK,Acle,St Edmund AT,"",23 Mar 1679,Thomas,son,William,Ann,"",ALLBORROW,"","","","",""
NFK,Acle,St Edmund AT,"",2 Apr 1690,Ann,"","","","",LEATHER,"","","","",""
NFK,Acle,St Edmund AT,"",11 Apr 1690,Ffrancis,"","","","",NEWTON,"","","","",""
NFK,Acle,St Edmund AT,"",18 Jun 1690,Samuel,"","","","",GAULLY,"","","","",""
NFK,Acle,St Edmund AT,"",1 Jul 1690,William,"","","","",DUCKET,"","","","",""
NFK,Acle,St Edmund AT,"",28 Oct 1690,Ann,"","","","",ADKINS,"","","","",""
NFK,Acle,St Edmund AT,"",20 May 1690,Timothy,"","","","",BARBER,"","","","",""
NFK,Acle,St Edmund AT,"",24 Nov 1690,Beniamin,"","","","",CUTTING,"","","","",""
NFK,Acle,St Edmund AT,"",16 Jan 1691,Robert,"","","","",CAT,"","","","",""
NFK,Acle,St Edmund AT,"",9 Mar 1691,Sarah,"","","","",HAN,"","","","",""
NFK,Acle,St Edmund AT,"",10 Mar 1691,Bethia,"","","","",LINDO,"","","","",""
NFK,Acle,St Edmund AT,"",12 Mar 1691,Ffrancis,"","","","",ELL**WAY,"","","","",""
NFK,Acle,St Edmund AT,"",13 Mar 1691,Elizabeth,"","","","",NORFOR,"","","","",""
NFK,Acle,St Edmund AT,"",30 Mar 1694,Samuell,"","","","",GOLDWAY,"","","","",""
NFK,Acle,St Edmund AT,"",1 May 1694,Henry,"","","","",BROMFIELD,"","","","",""
NFK,Acle,St Edmund AT,"",17 May 1694,Thomas,"","","","",WRIGHT,"","","","",""
NFK,Acle,St Edmund AT,"",29 May 1694,Elizabeth,"","","","",WRIGHT,"","","","",""
NFK,Acle,St Edmund AT,"",14 Jun 1694,Elizabeth,"","","","",WELLS,"","","","",""
NFK,Acle,St Edmund AT,"",9 Mar 1695,Robert,"","","","",CLARK,"","","","",""
NFK,Acle,St Edmund AT,"",9 Mar 1695,Thomas,"","","","",CLARK,"","","","",""
NFK,Acle,St Edmund AT,"",15 Mar 1695,Mary,"","","","",RISING,"","","","",""
NFK,Acle,St Edmund AT,"",19 May 1696,John,"","","","",GIPSON,"","","","",""
NFK,Acle,St Edmund AT,"",3 Jul 1696,Ann,"","","","",THIRKITTLE,"","","","",""
NFK,Acle,St Edmund AT,"",8 Jul 1696,Elizabeth,"","","","",COOKE,"","","","",""
NFK,Acle,St Edmund AT,"",4 Aug 1696,Susan,"","","","",YOUNG,"","","","",""
NFK,Acle,St Edmund AT,"",10 Oct 1696,Mary,"","","","",LEEDS,"","","","",""
NFK,Acle,St Edmund AT,"",12 Dec 1696,Elizabeth,"","","","",LAWN,"","","","",""
NFK,Acle,St Edmund AT,"",14 Jan 1697,John,"","","","",HOWS,"","","","",""
NFK,Acle,St Edmund AT,"",7 Mar 1697,John,"","","","",EDEN,"","","","",""
NFK,Acle,St Edmund AT,"",13 Mar 1697,Susan,"","","","",BOLDEROW,"","","","",""
NFK,Acle,St Edmund AT,"",24 Mar 1697,Mary,"","","","",BRINFIELD,"","","","",""
NFK,Acle,St Edmund AT,"",3 Apr 1697,Rebecckh,"","","","",ELGOOD,"","","","",""
NFK,Acle,St Edmund AT,"",13 Apr 1697,Edmond,"","","","",BOLDEROW,"","","","",""
NFK,Acle,St Edmund AT,"",19 May 1697,Ann,"","","","",GIFFINS,"","","","",""
NFK,Acle,St Edmund AT,"",1 Jun 1697,Edward,"","","","",PALMER,"","","","",""
NFK,Acle,St Edmund AT,"",2 Jun 1697,Katherine,"","","","",WARD,"","","","",""
NFK,Acle,St Edmund AT,"",13 May 1697,Mary,"","","","",NOBLE,"","","","",""
NFK,Acle,St Edmund AT,"",20 May 1697,Hannah,"","","","",COTTIES,"","","","",""
NFK,Acle,St Edmund AT,"",15 Aug 1697,Michael,"","","","",LAMBERT,"","","","",""
NFK,Acle,St Edmund AT,"",15 Aug 1697,James,"","","","",THIRKITTLE,"","","","",""
NFK,Acle,St Edmund AT,"",20 Aug 1697,John,"","","","",NORFOR,"","","","",""
NFK,Acle,St Edmund AT,"",23 Aug 1697,John,"","","","",DAN,"","","","",""
NFK,Acle,St Edmund AT,"",4 Sep 1697,Margaret,"","","","",CLARKE,"","","","",""
NFK,Acle,St Edmund AT,"",28 Sep 1697,Martha,"","","","",DUN,"","","","",""
NFK,Acle,St Edmund AT,"",9 Nov 1697,William,"","","","",FFRANCIS,"","","","",""
NFK,Acle,St Edmund AT,"",20 Nov 1697,Thomas,"","","","",WRIGHT,"","","","",""
NFK,Acle,St Edmund AT,"",1 Jan 1698,Ann,"","","","",WARNER,"","","","",""
NFK,Acle,St Edmund AT,"",16 Jan 1698,Rebeccah,"","","","",TILO,"","","","",""
NFK,Acle,St Edmund AT,"",24 Jan 1698,Elizabeth,"","","","",SHOVELL,"","","","",""
NFK,Acle,St Edmund AT,"",28 Feb 1698,Joane,"","","","",WARNS,"","","","",""
NFK,Acle,St Edmund AT,"",9 Apr 1700,Nicholas,son,Nicholas,"","",COATS,"","","","",""
NFK,Acle,St Edmund AT,"",28 Jun 1700,John,"","","","",READ,"","","","",""
NFK,Acle,St Edmund AT,"",22 Jul 1700,Mary,"","","","",READ,"","","","",""
NFK,Acle,St Edmund AT,"",7 Oct 1700,William,"","","","",NEWTON,"","","","",""
NFK,Acle,St Edmund AT,"",14 Oct 1700,John,"","","","",WILLIAMSON,"","","","",""
NFK,Acle,St Edmund AT,"",8 Jul 1702,Susan,daughter,William,Susan,"",HAWKINS,"","",Father Carpenter,"",""
NFK,Acle,St Edmund AT,"",12 Jul 1702,Elizabeth,daughter,John,Ann,"",EASTON,"","",Father Labourer,"",""
NFK,Acle,St Edmund AT,"",12 Jul 1702,Sarah,daughter,John,Ann,"",EASTON,"","",Father Labourer,"",""
NFK,Acle,St Edmund AT,"",22 Aug 1702,Joseph,"","","","",GIFFIN,"","",A Carpenter,"",""
NFK,Acle,St Edmund AT,"",4 Oct 1702,Elizabeth,daughter,William,Elizabeth,"",SMITH,"","",Father Taylor,"",""
NFK,Acle,St Edmund AT,"",30 Oct 1702,Ann,daughter,Francis,Sarah,"",CROSE,"","",Father Bucher,"",""
NFK,Acle,St Edmund AT,"",20 Nov 1702,Thomas,"","","","",SMITH,"","",Labourer,"",""
NFK,Acle,St Edmund AT,"",14 Jan 1703,John,"","","","",BARRET,"","",Prisoner In Bridewell,"",""
NFK,Acle,St Edmund AT,"",11 Feb 1703,Matthew,son,John,Frances,"",HUN,"","",Father Labourer,"",""
NFK,Acle,St Edmund AT,"",27 Apr 1703,Thomas,"","","","",NORFOR JUNIOR,"","","","",""
NFK,Acle,St Edmund AT,"",8 May 1703,Robert,son,Matthew,Elizabeth,"",TIBE?,"","","","",""
NFK,Acle,St Edmund AT,"",30 Jul 1703,Mary,"","","","",ELLET,"","","","",""
NFK,Acle,St Edmund AT,"",30 Dec 1703,Nicholas,son,Thomas,"","",COATS,"","",*oo P*sonall,"",""
NFK,Acle,St Edmund AT,"",8 Jan 1704,Elizabeth,"","","","",BARBER,"","",Widow,"",""
NFK,Acle,St Edmund AT,"",17 Feb 1704,Mary,daughter,Robert,Sarah,"",HOLMES,"","","","",""
NFK,Acle,St Edmund AT,"",14 May 1704,John,son,Francis,Phillip,"",SHEPHERD,"","","","",""
NFK,Acle,St Edmund AT,"",17 May 1704,William,"","","","",LAWN,"","",Colledioner?,"",""
NFK,Acle,St Edmund AT,"",19 Apr 1704,John,husband,"",Ann,"",WILBY,"","","","",""
NFK,Acle,St Edmund AT,"",18 Aug 1704,John,"","","","",ELLET,"","",Colledioner?,"",""
NFK,Acle,St Edmund AT,"",11 Sep 1704,Henry,"","","","",SMITH,"","",Colledioner?,"",""
NFK,Acle,St Edmund AT,"",19 Sep 1704,Sarah,"","","","",LINDO,"","",Colledioner?,"",""
NFK,Acle,St Edmund AT,"",22 Oct 1704,Susan,"","","","",BROWN,"","",Colledioner?,"",""
NFK,Acle,St Edmund AT,"",13 Dec 1704,William,"","","","",MATTHEWS,"","",Children,"",""
NFK,Acle,St Edmund AT,"",13 Dec 1704,Thomas,"","","","",MATTHEWS,"","",Children,"",""
NFK,Acle,St Edmund AT,"",8 Jan 1707,Brigget,"","","","",CAUSY,"","",Widow,"",""
NFK,Acle,St Edmund AT,"",22 Nov 1706,Margaret,"","","","",MACKY,"","",A Child,"",""
NFK,Acle,St Edmund AT,"",3 Jan 1707,Timothy,"","","","",HUGGINGS,"","",A Child,"",""
NFK,Acle,St Edmund AT,"",26 Jan 1707,William,"","","","",HUN,"","",A Child,"",""
NFK,Acle,St Edmund AT,"",13 Feb 1707,Ann,wife,Thomas,"","",WORTS,"","","","",""
NFK,Acle,St Edmund AT,"",14 Apr 1707,Joseph,"","","","",WARNER,"","",Labourer,"",""
NFK,Acle,St Edmund AT,"",4 Apr 1707,Ann,"","","","",EA***,"","",A Child,"",""
NFK,Acle,St Edmund AT,"",4 Jul 1707,George,"","","","",WOODS,"","",A Child,"",""
NFK,Acle,St Edmund AT,"",8 Sep 1707,Susan,"","","","",EASTON,"","",A Child,"",""
NFK,Acle,St Edmund AT,"",7 Sep 1707,Elizabeth,"","","","",WHITTON,"","",A Child,"",""
NFK,Acle,St Edmund AT,"",6 Oct 1707,Prudence,"","","","",COATS,"","",A Child,"",""
NFK,Acle,St Edmund AT,"",21 Aug 1707,Ann,"","","","",HAWKINS,"","",A Child,"",""
NFK,Acle,St Edmund AT,"",12 Oct 1707,Elizabeth,"","","","",HARRISON,"","",A Child,"",""
NFK,Acle,St Edmund AT,"",12 Feb 1708,William,"","","","",BONSLING,"","",A Child,"",""
NFK,Acle,St Edmund AT,"",5 Nov 1707,Robert,"","","","",DONNY,"",Lingwood,"","",""
NFK,Acle,St Edmund AT,"",4 Jan 1708,Susan,"","","","",OBEY,"",Wick**town,"","",""
NFK,Acle,St Edmund AT,"",20 Jan 1708,Mary,"","","","",SHEPHERD,"","",A Child,"",""
NFK,Acle,St Edmund AT,"",6 Feb 1708,Sarah,"","","","",COATS,"","",A Child,"",""
NFK,Acle,St Edmund AT,"",10 Feb 1708,Tho,"","","","",KIRBY,"","",A Child,"",""
NFK,Acle,St Edmund AT,"",2 Apr 1709,George,"","","","",GOODWIN,"","","","",""
NFK,Acle,St Edmund AT,"",27 Apr 1709,Thomas,"","","","",OBYE,"","","","",""
NFK,Acle,St Edmund AT,"",29 May 1709,Mary,"","","","",EDEN,"","","","",""
NFK,Acle,St Edmund AT,"",16 May 1709,Phillis,"","","","",BARCHINENT,"","","","",""
NFK,Acle,St Edmund AT,"",20 Jun 1709,Susan,"","","","",EDEN,"","","","",""
NFK,Acle,St Edmund AT,"",24 Aug 1709,Edward,"","","","",LAMB,"","",Rector,"",""
NFK,Acle,St Edmund AT,"",4 Sep 1709,Anne,"","","","",PALEMR,"","","","",""
NFK,Acle,St Edmund AT,"",20 Oct 1709,Wm,son,John,"","",ROBINSON,"","","","",""
NFK,Acle,St Edmund AT,"",6 Dec 1709,Margt,daughter,Wm,"","",WARD,"","","","",""
NFK,Acle,St Edmund AT,"",11 Dec 1709,Thomas,"","","","",*OSSMAN,"","","","",""
NFK,Acle,St Edmund AT,"",1 Jan 1709,Elizabeth,daughter,Tho,"","",WORTS,"","","","",""
NFK,Acle,St Edmund AT,"",17 Jan 1710,Wm,"","","","",HUTT,"","","","",""
NFK,Acle,St Edmund AT,"",5 Feb 1710,Edmond,"","","","",FFOX,"","","","",""
NFK,Acle,St Edmund AT,"",10 Mar 1710,James,"","","","",COOKS,"","","","",""
NFK,Acle,St Edmund AT,"",20 Aug 1711,Mary,daughter,William,Eliz,"",SMITH,"","","","",""
NFK,Acle,St Edmund AT,"",7 Jan 1712,Eliz,daughter,Robert,Eliz,"",BULLMAN,"","","","",""
NFK,Acle,St Edmund AT,"",3 Mar 1712,William,son,John,Lydia,"",HUN,"","","","",""
NFK,Acle,St Edmund AT,"",3 Nov 1713,Sarah,wife,Campion,"","",CURTIS,"","","","",""
NFK,Acle,St Edmund AT,"",24 Dec 1713,Eliz,daughter,George,Mary,"",BECK,"","","","",""
NFK,Acle,St Edmund AT,"",19 Apr 1714,Mary,daughter,Thomas,Susan,"",BELSON,"","","","",""
NFK,Acle,St Edmund AT,"",29 Apr 1714,Thomas,"","","","",FFOSTER,"","","","",""
NFK,Acle,St Edmund AT,"",15 Aug 1714,Susan,wife,Henry,"","",HINDLE,"","","","",""
NFK,Acle,St Edmund AT,"",16 Nov 1714,John,"","","","",KING,"","","","",""
NFK,Acle,St Edmund AT,"",20 Nov 1714,Anne,daughter,John,Eliz,"",KING,"","",The Same John King As Previous Entry,"",""
NFK,Acle,St Edmund AT,"",15 Dec 1714,Elizabeth,wife,John,"","",KING,"","",The Same John King As Previous Entries,"",""
NFK,Acle,St Edmund AT,"",17 Jan 1715,Mary,wifeedward,"","","",BELSON,"","","","",""
NFK,Acle,St Edmund AT,"",17 Jan 1715,George,"","","","",WILBY,"","","","",""
NFK,Acle,St Edmund AT,"",4 Feb 1715,James,son,William,Mary,"",WATTERN,"","","","",""
NFK,Acle,St Edmund AT,"",4 Feb 1715,William,son,Thomas,Mary,"",LUBBOCK,"","","","",""
NFK,Acle,St Edmund AT,"",6 Feb 1715,Thomas,son,Tho,Mary,"",LUBBOCK,"","",The Same Father As Previous Entry,"",""
NFK,Acle,St Edmund AT,"",10 Feb 1715,Sarah,daughter,Ffrancis,Sarah,"",CROSS,"","","","",""
NFK,Acle,St Edmund AT,"",19 Feb 1715,John,son,Ffrancis,Sarah,"",CROSS,"","","","",""
NFK,Acle,St Edmund AT,"",1 Mar 1715,Elizabeth,wife,John,"","",RISING,"","","","",""
NFK,Acle,St Edmund AT,"",10 Apr 1716,William,"","","","",MINGY,"","","","",""
NFK,Acle,St Edmund AT,"",18 Apr 1716,Richard,"","","","",YOUNG,"","","","",""
NFK,Acle,St Edmund AT,"",22 Apr 1716,Anne,daughter,Will,Susan,"",HAWKINS,"","","","",""
NFK,Acle,St Edmund AT,"",18 May 1716,Thomas,son,Tho,Elizabeth,"",RUMP,"","","","",""
NFK,Acle,St Edmund AT,"",20 May 1716,Mary,"","","","",LAMB,"","","","",""
NFK,Acle,St Edmund AT,"",7 Jun 1716,Edward,son,Edward,Anne,"",HUN,"","","","",""
NFK,Acle,St Edmund AT,"",26 Jul 1716,Thomas,"","","","",WORTS,"","","","",""
NFK,Acle,St Edmund AT,"",7 Dec 1716,Philip,son,John,Susan,"",WASEY,"","","","",""
NFK,Acle,St Edmund AT,"",13 Dec 1716,William,"","","","",PALMER,"","","","",""
NFK,Acle,St Edmund AT,"",13 Dec 1716,Mary,wife,Joseph,"","",SEAMAN,"","","","",""
NFK,Acle,St Edmund AT,"",13 Dec 1716,Robert,"","","","",RANDAL,"","","","",""
NFK,Acle,St Edmund AT,"",16 Dec 1716,John,son,George,Mary,"",BECK,"","","","",""
NFK,Acle,St Edmund AT,"",17 Dec 1716,Anne,daughter,Rob,Eliz,"",BULMAN,"","","","",""
NFK,Acle,St Edmund AT,"",2 Feb 1717,Mary,"","","","",WORTS,"","","","",""
NFK,Acle,St Edmund AT,"",10 May 1717,Anne,daughter,John,Anne,"",HUN,"","","","",""
NFK,Acle,St Edmund AT,"",21 May 1717,George,son,Nicholas,Elizabeth,"",HUGGIN,"","","","",""
NFK,Acle,St Edmund AT,"",6 Jun 1717,William,son,Francis,Sarah,"",CROSS,"","","","",""
NFK,Acle,St Edmund AT,"",27 Jun 1717,Joshua,son,William,Elizabeth,"",REED,"","","","",""
NFK,Acle,St Edmund AT,"",18 Jul 1717,Alice,"",William,Elizabeth,"",BLAND,"","","","",""
NFK,Acle,St Edmund AT,"",28 Jul 1717,Elizabeth,daughter,John,Margaret,"",MACKAY,"","","","",""
NFK,Acle,St Edmund AT,"",29 Jul 1717,John,"","","","",WASEY,"","","","",""
NFK,Acle,St Edmund AT,"",29 Jul 1717,Mary,daughter,John,Anne,"",HUN,"","","","",""
NFK,Acle,St Edmund AT,"",11 Oct 1717,Anne,wife,John,"","",BARBER,"","","","",""
NFK,Acle,St Edmund AT,"",18 Jan 1718,John,"","","","",GOODINS,"","","","",""
NFK,Acle,St Edmund AT,"",16 Feb 1718,John,son,Robert,Elizabeth,"",BULMAN,"","","","",""
NFK,Acle,St Edmund AT,"",3 Mar 1718,Elizabeth,"","","","",JENKINSON,"","",Wodow,"",""
NFK,Acle,St Edmund AT,1,6 Jun 1726,Elizabeth,wife,Wm,"","",MATTHEWS,"","","","",""
NFK,Acle,St Edmund AT,2,28 Jun 1726,Anne,daughter,Thomas,Anne,"",BAKER,"","","","",""
NFK,Acle,St Edmund AT,3,26 Sep 1726,William,son,Wm,Esther,"",FITT,"","","","",""
NFK,Acle,St Edmund AT,4,27 Sep 1726,Abraham,son,Abraham,Mary,"",ALEXANDER,"","","","",""
NFK,Acle,St Edmund AT,5,22 Dec 1726,Susan,daughter,John,Susan,"",HUN,"","","","",""
NFK,Acle,St Edmund AT,6,2 Mar 1727,Thomas,"","","","",HARPER,"","","","",""
NFK,Acle,St Edmund AT,7,21 Mar 1727,Susan,"","","","",BILSON,"","","","",""
NFK,Acle,St Edmund AT,8,26 Jan 1727,Elizabeth,"","","","",EVANS,"","","","",""
NFK,Acle,St Edmund AT,9,7 Feb 1727,John,son,"",Eliz,"",EVANS,"","",Base Born Son,"",""
NFK,Acle,St Edmund AT,1,27 Apr 1729,Nicholas,"","","","",COATE,"","","","",""
NFK,Acle,St Edmund AT,2,6 May 1729,Robert,"","","","",TOWNSEND,"","","","",""
NFK,Acle,St Edmund AT,3,20 May 1729,Margaret,wife,Edward,"","",BILSON,"","","","",""
NFK,Acle,St Edmund AT,4,25 May 1729,Elizabeth,daughter,Henry,Elizabeth,"",SUTTON,"","","","",""
NFK,Acle,St Edmund AT,5,26 May 1729,Mary,daughter,Thomas,Prudence,"",SAHAMS,"","","","",""
NFK,Acle,St Edmund AT,6,27 May 1729,Henry,"","","","",SUTTON,"","","","",""
NFK,Acle,St Edmund AT,7,29 May 1729,Ann,daughter,Robert,Sarah,"",GOODWIN,"","","","",""
NFK,Acle,St Edmund AT,8,1 Jun 1729,Sarah,wife,Thomas,"","",PALMER,"","","","",""
NFK,Acle,St Edmund AT,9,9 Jun 1729,Lydia,wife,John,"","",HUNN,"","","","",""
NFK,Acle,St Edmund AT,10,15 Jun 1729,Margaret,daughter,"",Elizabeth,"",SMITH,"","",Mother A Widow,"",""
NFK,Acle,St Edmund AT,11,15 Jun 1729,Margaret,daughter,Christopher,Margaret,"",WRIGHT,"","","","",""
NFK,Acle,St Edmund AT,12,9 Jul 1729,Sarah,daughter,John,Elizabeth,"",BARBER,"","","","",""
NFK,Acle,St Edmund AT,13,1 Sep 1729,Mary,daughter,John,"","",BROWN,"","","","",""
NFK,Acle,St Edmund AT,14,28 Sep 1729,Thomas,son,John,Lydia,"",HUNN,"","","","",""
NFK,Acle,St Edmund AT,15,4 Oct 1729,Mary,"","","","",CLAPBOURN,"","","","",""
NFK,Acle,St Edmund AT,16,12 Oct 1729,George,"","","","",NEWBY,"","","","",""
NFK,Acle,St Edmund AT,17,24 Oct 1729,Lydia,"","","","",FITT,"","","","",""
NFK,Acle,St Edmund AT,18,3 Nov 1729,Elizabeth,wife,William,"","",HOWES,"","","","",""
NFK,Acle,St Edmund AT,19,3 Feb 1730,John,son,Robert,Ann,"",DIBOL,"","","","",""
NFK,Acle,St Edmund AT,20,12 Feb 1730,Susanna,"","","","",REEVE,"","","","",""
NFK,Acle,St Edmund AT,21,15 Feb 1730,Philip,son,Philip,Mary,"",READ,"","","","",""
NFK,Acle,St Edmund AT,22,6 Mar 1730,Sarah,wife,Thomas,"","",GOODWIN,"","","","",""
NFK,Acle,St Edmund AT,1,21 Apr 1730,Elizabeth,wife,John,"","",BEECH,"","","","",""
NFK,Acle,St Edmund AT,2,13 May 1730,Margaret,daughter,John,"","",BROWN,"","","","",""
NFK,Acle,St Edmund AT,3,4 Jun 1730,John,"","","","",PALGRAVE,"","","","",""
NFK,Acle,St Edmund AT,4,7 Jun 1730,Henry,"","","","",HARROLD,"","","","",""
NFK,Acle,St Edmund AT,5,7 Jun 1730,Sarah,daughter,Robert,"","",GOODWINE,"","","","",""
NFK,Acle,St Edmund AT,6,5 Jul 1730,Abraham,"","","","",ALEXANDER,"","","","",""
NFK,Acle,St Edmund AT,7,16 Jul 1730,Ann,daughter,Thomas,Ann,"",BAKER,"","","","",""
NFK,Acle,St Edmund AT,8,19 Jul 1730,Peral,son,Peral,Frances,"",FOSTER,"","","","",""
NFK,Acle,St Edmund AT,9,27 Jul 1730,Averilda,"","","","",FORSTER,"","","","",""
NFK,Acle,St Edmund AT,10,9 Sep 1730,Elizabeth,daughter,Francis,Elizabeth,"",BASPOLE,"","","","",""
NFK,Acle,St Edmund AT,11,10 Sep 1730,James,son,Henry,Martha,"",POYNTER,"","","","",""
NFK,Acle,St Edmund AT,12,5 Oct 1730,Thomas,son,Robert,Elizabeth,"",BULLY,"","","","",""
NFK,Acle,St Edmund AT,13,14 Oct 1730,Sarah,"","","","",CARVER,"","",Widow,"",""
NFK,Acle,St Edmund AT,14,19 Oct 1730,Rose,wife,Nathaniel,"","",GARRARD,"","","","",""
NFK,Acle,St Edmund AT,15,6 Dec 1730,Thomas,"","","","",WEBSTER,"","","","",""
NFK,Acle,St Edmund AT,16,20 Dec 1730,Elizabeth,daughter,Robert,Elizabeth,"",DOCKING,"","","","",""
NFK,Acle,St Edmund AT,17,27 Dec 1730,Ann,daughter,Nathaniel,"","",GARRARD,"","","","",""
NFK,Acle,St Edmund AT,18,15 Jan 1731,Ann,wife,James,"","",SMITH,"","","","",""
NFK,Acle,St Edmund AT,19,27 Jan 1731,Thomas,son,James,"","",SMITH,"","","","",""
NFK,Acle,St Edmund AT,20,24 Feb 1731,Mary,"","","","",RIVEL,"","",Widow,"",""
NFK,Acle,St Edmund AT,21,28 Feb 1731,Ann,wife,Henry,"","",CHAMBERLAIN,"","","","",""
NFK,Acle,St Edmund AT,1,17 May 1731,John,"","","","",WARNS,"","","","",""
NFK,Acle,St Edmund AT,2,27 Jun 1731,Martha,daughter,Robert,Elizabeth,"",HUGGINS,"","","","",""
NFK,Acle,St Edmund AT,3,29 Jun 1731,Mary,wife,James,"","",APPLETON,"","","","",""
NFK,Acle,St Edmund AT,4,5 Feb 1732,Mary,"","","","",WEBSTER,"","",Widow,"",""
NFK,Acle,St Edmund AT,5,5 Feb 1732,Rachel,wife,William,"","",WARD,"","","","",""
NFK,Acle,St Edmund AT,5,6 Feb 1732,Rand,son,Thomas,Anna Maria,"",LEATH,"","","","",""
NFK,Acle,St Edmund AT,"",3 May 1732,Robert,son,Robert,Ann,"",DIBOL,"","","","",""
NFK,Acle,St Edmund AT,"",16 Jun 1732,John,son,John,Eliz,"",DOCKING,"","","","",""
NFK,Acle,St Edmund AT,"",16 Jun 1732,Benjamin,son,Thomas,Alice,"",LINDO,"","","","",""
NFK,Acle,St Edmund AT,"",6 Aug 1732,John,son,James,Eliz,"",SMITH,"","","","",""
NFK,Acle,St Edmund AT,"",16 Aug 1732,Charles,"","","","",GILBERT,"","","","",""
NFK,Acle,St Edmund AT,"",21 Aug 1732,Ann,"","","","",MULLINGER,"","","","",""
NFK,Acle,St Edmund AT,"",4 Sep 1732,Martha,"","","","",HUDD,"","","","",""
NFK,Acle,St Edmund AT,"",26 Oct 1732,Henry,"","","","",CHAMBERLAIN,"","","","",""
NFK,Acle,St Edmund AT,"",29 Nov 1732,William,"","","","",MATTHEWS,"","","","",""
NFK,Acle,St Edmund AT,"",8 Dec 1732,Esther,wife,William,"","",FITT,"","","","",""
NFK,Acle,St Edmund AT,"",18 Jan 1733,Elizabeth,daughter,Robert,Eliz,"",HUGGINS,"","","","",""
NFK,Acle,St Edmund AT,"",25 Feb 1733,John,son,Henry,Mary,"",ANDREWS,"","","","",""
NFK,Acle,St Edmund AT,"",27 Feb 1733,Elizabeth,wife,John,"","",RICHES,"","","","",""
NFK,Acle,St Edmund AT,"",1 Mar 1733,Henry,son,Thomas,Ann,"",BAKER,"","","","",""
NFK,Acle,St Edmund AT,"",27 Mar 1733,William,"","","","",SPARGO,"","","","",""
NFK,Acle,St Edmund AT,"",24 Apr 1733,Frances,"","","","",ROBINSON,"","","","",""
NFK,Acle,St Edmund AT,"",3 Jun 1733,Martha,"","","","",KERSEY,"","","","",""
NFK,Acle,St Edmund AT,"",3 Aug 1733,Thomas,"","","","",LUBBOCK,"","","","",""
NFK,Acle,St Edmund AT,"",21 Aug 1733,Benjamin,son,Thomas,Alice,"",LINDO,"","","","",""
NFK,Acle,St Edmund AT,"",3 Sep 1733,Thomas,son,Thomas,Anna Maria,"",LEATH,"","","","",""
NFK,Acle,St Edmund AT,"",21 Sep 1733,Esther,daughter,William,Esther,"",FITT,"","","","",""
NFK,Acle,St Edmund AT,"",20 Oct 1733,Magdalene,"","","","",TOOK,"","",Widow,"",""
NFK,Acle,St Edmund AT,"",20 Oct 1733,Margaret,wife,John,"","",LARK,"","","","",""
NFK,Acle,St Edmund AT,"",11 Nov 1733,Henry,"","","","",POYNTER,"","","","",""
NFK,Acle,St Edmund AT,"",11 Nov 1733,Ann,daughter,John,"","",LARK,"","","","",""
NFK,Acle,St Edmund AT,"",20 Dec 1733,Hosea,"","","","",BASIL,"","","","",""
NFK,Acle,St Edmund AT,"",5 Feb 1734,William,"","","","",HAWKINS,"","","","",""
NFK,Acle,St Edmund AT,"",8 Feb 1734,Ann,wife,John,"","",NEAVE,"","","","",""
NFK,Acle,St Edmund AT,"",12 Mar 1734,Thomas,"","","","",GILBERT,"","","","",""
NFK,Acle,St Edmund AT,"",28 Aug 1735,William,son,Thomas,"","",PALMER,"","","","",""
NFK,Acle,St Edmund AT,"",28 Aug 1735,John,"","","","",DUCK,"","","","",""
NFK,Acle,St Edmund AT,"",21 Sep 1735,Mary,"","","","",SHINGLES,"","",Widow,"",""
NFK,Acle,St Edmund AT,"",29 Sep 1735,Abraham,son,William,Mary,"",FITT,"","","","",""
NFK,Acle,St Edmund AT,"",23 Oct 1735,Mary,daughter,Jerry,Alice,"",BERRY,"","","","",""
NFK,Acle,St Edmund AT,"",24 Oct 1735,Alice,wife,John,"","",ADKINS,"","","","",""
NFK,Acle,St Edmund AT,"",7 Nov 1735,Henry,"","","","",HUGGINS,"","","","",""
NFK,Acle,St Edmund AT,"",23 Nov 1735,Margaret,wife,John,"","",MACKEY,"","","","",""
NFK,Acle,St Edmund AT,"",20 Dec 1735,Thomas,"","","","",BURTON,"","","","",""
NFK,Acle,St Edmund AT,"",30 Dec 1735,Thomas,"","","","",ROBERTS,"","","","",""
NFK,Acle,St Edmund AT,"",31 Dec 1735,Thomas,"","","","",DENNY,"","","","",""
NFK,Acle,St Edmund AT,"",5 Feb 1736,Mary,daughter,Thomas,Ann,"",PIGGEN,"","","","",""
NFK,Acle,St Edmund AT,"",1 Mar 1736,Thomas,son,Thomas,Elizabeth,"",DRIVER,"","","","",""
NFK,Acle,St Edmund AT,"",30 Apr 1736,Robt,"","","","",HUGGINS,"","","","",""
NFK,Acle,St Edmund AT,"",8 May 1736,Andrew,"","","","",BROWN,"","","","",""
NFK,Acle,St Edmund AT,"",27 Apr 1738,Mary,wife,Thos,"","",NUDD,"","","","",""
NFK,Acle,St Edmund AT,"",2 May 1738,John,"","","","",ALEXANDER,"","","","",""
NFK,Acle,St Edmund AT,"",2 May 1738,Eliz,daughter,"",Eliz,"",CARVER,"","",Base Child,"",""
NFK,Acle,St Edmund AT,"",29 Jun 1738,Robt Brock,son,Thos,Anna Maria,"",LEATH,"","","","",""
NFK,Acle,St Edmund AT,"",14 Jun 1738,Frances,"","","","",CROSS,"","","","",""
NFK,Acle,St Edmund AT,"",1 Oct 1738,James,"","","","",KEMP,"","","","",""
NFK,Acle,St Edmund AT,"",27 Oct 1738,Elizabeth,"","","","",SMYTH,"","","","",""
NFK,Acle,St Edmund AT,"",27 Oct 1738,Willm,son,Willm,Mary,"",PEMBROOK,"","","","",""
NFK,Acle,St Edmund AT,"",24 Dec 1738,John,"","","","",MACKY,"","","","",""
NFK,Acle,St Edmund AT,"",6 Mar 1739,Robt,son,Thos,Mary,"",NUDD,"","","","",""
NFK,Acle,St Edmund AT,"",1 Mar 1739,Thos,son,Willm,Eliz,"",MACKY,"","","","",""
NFK,Acle,St Edmund AT,"",1 Apr 1739,Margery,"","","","",FORSTER,"","","","",""
NFK,Acle,St Edmund AT,"",20 Apr 1739,Sarah,daughter,Thos,Anna Maria,"",LEATH,"","","","",""
NFK,Acle,St Edmund AT,"",26 Jul 1740,Elizabeth,wife,James,"","",SMYTH,"","","","",""
NFK,Acle,St Edmund AT,"",11 Aug 1740,Willm,son,Thos,Eliz,"",SHINGLES,"","","","",""
NFK,Acle,St Edmund AT,"",18 Sep 1740,Susan,wife,Edward,"","",BELSON,"","","","",""
NFK,Acle,St Edmund AT,"",26 Nov 1740,George,son,Thos,Eliz,"",GIBBS,"","","","",""
NFK,Acle,St Edmund AT,"",3 Feb 1741,Ann,"","","","",SHELTLE,"","","","",""
NFK,Acle,St Edmund AT,"",17 Feb 1741,Margaret,"","","","",WARNES,"","","","",""
NFK,Acle,St Edmund AT,"",2 Apr 1741,Francis,"","","","",SHEPHERD,"","","","",""
NFK,Acle,St Edmund AT,"",25 May 1741,Ann,"","","","",GILBERT,"","","","",""
NFK,Acle,St Edmund AT,"",14 Jul 1741,Willm,son,Willm,Eliz,"",MIDDLETON,"","","","",""
NFK,Acle,St Edmund AT,"",6 Sep 1741,Elizabeth,"","","","",BURTON,"","","","",""
NFK,Acle,St Edmund AT,"",30 Oct 1741,Eliz,daughter,John,Eliz,"",EVERSON,"","","","",""
NFK,Acle,St Edmund AT,"",26 Nov 1741,Robert,"","","","",STRATFORD,"","","","",""
NFK,Acle,St Edmund AT,"",29 Nov 1741,John,"","","","",ROBINSON,"","","","",""
NFK,Acle,St Edmund AT,"",29 Nov 1741,Beatrix,daughter,John,"","",WACEY,"","","","",""
NFK,Acle,St Edmund AT,"",1 Jan 1742,Dorothy,daughter,Thos,"","",NUDD,"","","","",""
NFK,Acle,St Edmund AT,"",5 Jan 1742,Eliz,"","","","",BULLY,"","","","",""
NFK,Acle,St Edmund AT,"",10 Jan 1742,Alice,wife,Thos,"","",LINDO,"","","","",""
NFK,Acle,St Edmund AT,"",10 Jan 1742,Willm,son,"",Sarah,"",WERT,"","",Base Child,"",""
NFK,Acle,St Edmund AT,"",7 Feb 1742,Joseph,"","","","",SEAMAN,"","","","",""
NFK,Acle,St Edmund AT,"",11 Feb 1742,Nicholas,"","","","",EDEN,"","","","",""
NFK,Acle,St Edmund AT,"",17 Mar 1742,John,"","","","",WACEY,"","","","",""
NFK,Acle,St Edmund AT,"",27 Mar 1742,Lydia,daughter,Thos,Anna Maria,"",LEATH,"","","","",""
NFK,Acle,St Edmund AT,"",27 Mar 1742,John,"","","","",LARK,"","","","",""
NFK,Acle,St Edmund AT,"",12 Apr 1742,Mary,daughter,John,Ann,"",CHRISTMAS,"","","","",""
NFK,Acle,St Edmund AT,"",5 May 1743,Ellis,son,John,Mary,"",LINDSEY,"","","","",""
NFK,Acle,St Edmund AT,"",6 May 1743,Thomas,"","","","",DRIVER,"","","","",""
NFK,Acle,St Edmund AT,"",6 May 1743,Richard,"","","","",HANNUNT,"","","","",""
NFK,Acle,St Edmund AT,"",11 May 1743,Thomas,"","","","",FURRANCE,"","","","",""
NFK,Acle,St Edmund AT,"",29 May 1743,John,"","","","",COCKERIL,"","","","",""
NFK,Acle,St Edmund AT,"",31 May 1743,William,"","","","",SHARP,"","","","",""
NFK,Acle,St Edmund AT,"",12 Jun 1743,James,"","","","",APPLETON,"","",The Elder,"",""
NFK,Acle,St Edmund AT,"",19 Jun 1743,Eliz,wife,Samll,"","",WEST,"","","","",""
NFK,Acle,St Edmund AT,"",26 Jun 1743,Eliz,wife,Willm,"","",MACKEY,"","","","",""
NFK,Acle,St Edmund AT,"",29 Jun 1743,Edward,son,Thos,Mary,"",BRETT,"","","","",""
NFK,Acle,St Edmund AT,"",3 Jul 1743,Thomas,"","","","",BRETT,"","","","",""
NFK,Acle,St Edmund AT,"",9 Jul 1743,William,"","","","",SCARLET,"","","","",""
NFK,Acle,St Edmund AT,"",25 Aug 1743,Robert,"","","","",GOODWIN,"","","","",""
NFK,Acle,St Edmund AT,"",8 Sep 1743,Stephen,son,Stephen,Eliz,"",DAWSON,"","","","",""
NFK,Acle,St Edmund AT,"",10 Sep 1743,John,stephen,Eliz,"","",DAWSON,"","","","",""
NFK,Acle,St Edmund AT,"",10 Sep 1743,Isaac,son,John,Esther,"",KNIGHTS,"","","","",""
NFK,Acle,St Edmund AT,"",24 Sep 1743,George,son,John,Eliz,"",C*HY,"","","","",""
NFK,Acle,St Edmund AT,"",1 Oct 1743,Eliz,daughter,Willm,Mary,"",PEMBROOK,"","","","",""
NFK,Acle,St Edmund AT,"",23 Oct 1743,William,"","","","",ROSE,"","","","",""
NFK,Acle,St Edmund AT,"",8 Jan 1744,Charles,"","","","",HOLLYDAY,"","","","",""
NFK,Acle,St Edmund AT,"",11 Feb 1744,John,son,John,Dinah,"",GAP,"","","","",""
NFK,Acle,St Edmund AT,"",2 Mar 1744,Joseph,son,John,Dinah,"",GAP,"","","","",""
NFK,Acle,St Edmund AT,"",8 Mar 1744,Eliz,wife,James Junr,"","",APPLETON,"","","","",""
NFK,Acle,St Edmund AT,"",30 Mar 1744,John,"","","","",FISK,"","","","",""
NFK,Acle,St Edmund AT,"",10 Mar 1744,Ann,daughter,Samll,Susan,"",GEORGE,"","","","",""
NFK,Acle,St Edmund AT,"",13 May 1744,Sarah,wife,John,"","",BRAY,"","","","",""
NFK,Acle,St Edmund AT,"",14 May 1744,Thomas,son,Thos,Anna Maria,"",LEATHE,"","","","",""
NFK,Acle,St Edmund AT,"",29 Jun 1744,Arthur,"","","","",COOPER,"","","","",""
NFK,Acle,St Edmund AT,"",30 Jun 1744,Sarah,wife,Thomas,"","",BRETT,"","","","",""
NFK,Acle,St Edmund AT,"",23 Sep 1744,Mary,daughter,Thos,Mary,"",HARRIS,"","","","",""
NFK,Acle,St Edmund AT,"",17 Oct 1744,Rose,daughter,Willm,Mary,"",RICHES,"","","","",""
NFK,Acle,St Edmund AT,"",22 Oct 1744,Margaret,daughter,John,Eliz,"",SMYTH,"","","","",""
NFK,Acle,St Edmund AT,"",29 Oct 1744,Eliz,daughter,John,Eliz,"",SMYTH,"","","","",""
NFK,Acle,St Edmund AT,"",12 Nov 1744,John,son,Peter,Mary,"",DAWSON,"","","","",""
NFK,Acle,St Edmund AT,"",5 Dec 1744,Mary,"","","","",HASBERT,"","","","",""
NFK,Acle,St Edmund AT,"",22 Mar 1745,Catherine,wife,John,"","",JOLLY,"","","","",""
NFK,Acle,St Edmund AT,"",31 Mar 1745,Ann,"","","","",NEWTON,"","","","",""
NFK,Acle,St Edmund AT,"",2 Apr 1745,Thomas,"","","","",NUDD,"","","","",""
NFK,Acle,St Edmund AT,"",21 May 1745,Susan,daughter,Clowdsly,Sarah,"",FLAXMAN,"","","","",""
NFK,Acle,St Edmund AT,"",24 Oct 1745,Gilbert,"","","","",TOMSON,"","","","",""
NFK,Acle,St Edmund AT,"",24 Nov 1745,Mary,daughter,"",Elizabeth,"",BISHOP,"","","","",""
NFK,Acle,St Edmund AT,"",14 Dec 1745,Willm,"","","","",DURRELL,"","","","",""
NFK,Acle,St Edmund AT,"",11 Jan 1746,Chalres,son,Edward,Esther,"",BELSON,"","","","",""
NFK,Acle,St Edmund AT,"",22 Feb 1746,Hannah,daughter,Richd,Hannah,"",GIBBS,"","","","",""
NFK,Acle,St Edmund AT,"",28 Feb 1746,Lydia,"","","","",WILY,"","","","",""
NFK,Acle,St Edmund AT,"",2 Mar 1746,Ann,daughter,Anthony,Eliz,"",AIRES,"","","","",""
NFK,Acle,St Edmund AT,"",27 Sep 1747,Robert,son,John,Sarah,"",ROBINSON,"","","","",""
NFK,Acle,St Edmund AT,"",2 Oct 1747,Sarah,"","","","",COATES,"","",Widow,"",""
NFK,Acle,St Edmund AT,"",21 Oct 1747,Eliz,daughter,John,Ann,"",READ,"","","","",""
NFK,Acle,St Edmund AT,"",11 Oct 1747,John,son,John,Martha,"",FIELDING,"","","","",""
NFK,Acle,St Edmund AT,"",11 Oct 1747,Eliz,daughter,John,Mary,"",WHITETHEEAD,"","","","",""
NFK,Acle,St Edmund AT,"",18 Oct 1747,Stephen,"","","","",BUSTON,"","","","",""
NFK,Acle,St Edmund AT,"",3 Dec 1747,Francis,son,Willm,Mary,"",RICHES,"","","","",""
NFK,Acle,St Edmund AT,"",27 Dec 1747,John,son,John,Mary,"",HARRIS,"","","","",""
NFK,Acle,St Edmund AT,"",6 Jan 1748,Mary,wife,John,"","",WHITETHEEAD,"","","","",""
NFK,Acle,St Edmund AT,"",12 Jan 1748,Willm,son,John,Eliz,"",BISHOP,"","","","",""
NFK,Acle,St Edmund AT,"",14 Jan 1748,Sarah,wife,Jervis,"","",HILL,"","","","",""
NFK,Acle,St Edmund AT,"",3 Feb 1748,John,"","","","",FIELDING,"","","","",""
NFK,Acle,St Edmund AT,"",2 Mar 1748,Mary,"","","","",EDEN,"","","","",""
NFK,Acle,St Edmund AT,"",20 Mar 1748,Eliz,wife,Thos Dod,"","",CLERK,"","","","",""
NFK,Acle,St Edmund AT,"",20 Mar 1748,Francis,son,Nathaniel,Mary,"",MARKS,"","","","",""
NFK,Acle,St Edmund AT,"",21 Mar 1748,Ann,"","","","",NORTON,"","","","",""
NFK,Acle,St Edmund AT,"",27 Mar 1748,Ann,wife,Willm,"","",BOATWRIGHT,"","","","",""
NFK,Acle,St Edmund AT,"",27 Mar 1748,John,son,John,Mary,"",SEALES,"","","","",""
NFK,Acle,St Edmund AT,"",12 Jul 1747,Benjamin,son,John,Ann,"",CHRISTMAS,"","","","",""
NFK,Acle,St Edmund AT,"",30 Jul 1747,Mary,daughter,"",Sarah,"",ALLINS,"","","","",""
NFK,Acle,St Edmund AT,"",23 Aug 1747,Robert,son,Robert,Rose,"",NORFER,"","","","",""
NFK,Acle,St Edmund AT,"",1 Sep 1747,Charles,son,Philip,Eliz,"",SMYTH,"","","","",""
NFK,Acle,St Edmund AT,"",20 Sep 1747,Samll,son,Anthony,Eliz,"",AIRES,"","","","",""
NFK,Acle,St Edmund AT,"",26 Jun 1748,Martha,"","","","",RICHES,"","","","",""
NFK,Acle,St Edmund AT,"",25 Aug 1748,James,"","","","",SMYTH,"","","","",""
NFK,Acle,St Edmund AT,"",14 Sep 1748,Ann,wife,Thos,"","",PALMER,"","","","",""
NFK,Acle,St Edmund AT,"",27 Sep 1748,Mary,wife,Henry,"","",FEETHAM,"","","","",""
NFK,Acle,St Edmund AT,"",3 Nov 1748,Eliz,"","","","",COSSY,"","","","",""
NFK,Acle,St Edmund AT,"",13 Nov 1748,Susan,wife,Samll,"","",GORGE,"","","","",""
NFK,Acle,St Edmund AT,"",25 Nov 1748,Esther,"","","","",DAWSON,"","","","",""
NFK,Acle,St Edmund AT,"",15 Jan 1749,Stephen,"","","","",GRIFFIN,"","","","",""
NFK,Acle,St Edmund AT,"",13 Mar 1749,Susan,wife,John,"","",WRIGHT,"","","","",""
NFK,Acle,St Edmund AT,"",24 Apr 1749,Richard,"","","","",WARD,"","","","",""
NFK,Acle,St Edmund AT,"",8 May 1749,Eliz,"","","","",COATES,"","",Widow,"",""
NFK,Acle,St Edmund AT,"",8 May 1749,Mary,"","","","",DRANE,"","","","",""
NFK,Acle,St Edmund AT,"",21 May 1749,Ann,daughter,John,Mary,"",HARRIS,"","","","",""
NFK,Acle,St Edmund AT,"",19 Aug 1749,Robt,son,Robt,Ann,"",CROW,"","","","",""
NFK,Acle,St Edmund AT,"",8 Sep 1749,Lucy,"",Thos,Anna Maria,"",LEATHE,"","","","",""
NFK,Acle,St Edmund AT,"",11 Sep 1749,Samuel,son,John,Ann,"",LARK,"","","","",""
NFK,Acle,St Edmund AT,"",10 Oct 1749,Mary,daughter,Edmund,Sarah,"",SARK,"","","","",""
NFK,Acle,St Edmund AT,"",22 Oct 1749,Mary,daughter,Nat,Mary,"",MACK,"","","","",""
NFK,Acle,St Edmund AT,"",20 Dec 1749,Mary,daughter,George,Eliz,"",BAKER,"","","","",""
NFK,Acle,St Edmund AT,"",20 Dec 1749,Susanna,daughter,George,Eliz,"",BAKER,"","","","",""
NFK,Acle,St Edmund AT,"",20 Dec 1749,Ann,"",George,Eliz,"",BAKER,"","","","",""
NFK,Acle,St Edmund AT,"",1 Dec 1749,Ann,daughter,John,Margaret,"",BRAY,"","","","",""
NFK,Acle,St Edmund AT,"",5 Dec 1749,Stephen,son,John,Eliz,"",SMYTH,"","","","",""
NFK,Acle,St Edmund AT,"",5 Dec 1749,John,son,John,Eliz,"",SMYTH,"","","","",""
NFK,Acle,St Edmund AT,"",16 Jan 1750,John,son,Richard,Hannah,"",GIBBS,"","","","",""
NFK,Acle,St Edmund AT,"",1 Feb 1750,Willm,"","","","",TOMPSON,"","",A Stranger,"",""
NFK,Acle,St Edmund AT,"",2 May 1750,Willm,"","","","",BUCKINGHAM,"","","","",""
NFK,Acle,St Edmund AT,"",7 Aug 1750,Hannah,daughter,Richd,Hannah,"",GIBBS,"","","","",""
NFK,Acle,St Edmund AT,"",28 Oct 1750,Ann,"","","","",BONDBEE,"","",Widow,"",""
NFK,Acle,St Edmund AT,"",11 Jan 1751,Temperence,"","","","",BUNN,"","",Widow,"",""
NFK,Acle,St Edmund AT,"",1 Feb 1751,Sarah,daughter,Robert,Sarah,"",MARGETSON,"","","","",""
NFK,Acle,St Edmund AT,"",15 Mar 1751,Lucy,daughter,Thos,Anna Maria,"",LEATH,"","","","",""
NFK,Acle,St Edmund AT,"",5 Mar 1751,Henry,son,Henry,Eliz,"",WEST,"","","","",""
NFK,Acle,St Edmund AT,"",15 Mar 1751,Robt,"","","","",MARGETSON,"","","","",""
NFK,Acle,St Edmund AT,"",30 Apr 1754,Susan,daughter,Thomas,Anna Maria,"",LEATHE,"","","","",""
NFK,Acle,St Edmund AT,"",3 May 1754,Elizabeth,daughter,Simon,Winefred,"",MANN,"","","","",""
NFK,Acle,St Edmund AT,"",24 Jul 1754,Mary,daughter,"",Mary,"",GOODWYN,"",Base Born,"","",""
NFK,Acle,St Edmund AT,"",27 Aug 1754,Edward,"","","","",PALGRAVE,"","","","",""
NFK,Acle,St Edmund AT,"",8 Oct 1754,Elizabeth,daughter,John,Elizabeth,"",BISHOP,"","","","",""
NFK,Acle,St Edmund AT,"",3 Dec 1754,Elizabeth,daughter,Jeremiah,Judith,"",BERRY,"","","","",""
NFK,Acle,St Edmund AT,"",6 Dec 1754,Elizabeth,daughter,John,Lucy,"",SMYTH,"","","","",""
NFK,Acle,St Edmund AT,"",28 Dec 1754,John,son,Charles,Susan,"",BURDREY,"","","","",""
NFK,Acle,St Edmund AT,"",11 May 1755,Elizabeth,wife,John,"","",BISHOP,"","","","",""
NFK,Acle,St Edmund AT,"",13 Jul 1758,Willm,"","","","",HALL,"","","","",""
NFK,Acle,St Edmund AT,"",19 Jun 1758,Henry,"","","","",WEST,"","","","",""
NFK,Acle,St Edmund AT,"",7 Jan 1759,Eliz,"","","","",FLORA,"","","","",""
NFK,Acle,St Edmund AT,"",21 Jan 1759,Anthony,"","","","",AYRES,"","","","",""
NFK,Acle,St Edmund AT,"",23 Jan 1759,Isabella,"","","","",GREEN,"","","","",""
NFK,Acle,St Edmund AT,"",1 Feb 1759,Susanna,"","","","",THOMPSON,"","","","",""
NFK,Acle,St Edmund AT,"",25 Feb 1759,Mary,wife,Thos,"","",NORFER,"","","","",""
NFK,Acle,St Edmund AT,"",9 Mar 1759,Ann,"","","","",CARODLE,"","",Widow,"",""
NFK,Acle,St Edmund AT,"",9 Jun 1761,Sarah,daughter,Samll,"","",TWEDY,"","","","",""
NFK,Acle,St Edmund AT,"",15 Jul 1761,Eliz,"","","","",EVANS,"","",Widow,"",""
NFK,Acle,St Edmund AT,"",23 Aug 1761,Samll,"","","","",MENDHAM,"","","","",""
NFK,Acle,St Edmund AT,"",7 Oct 1761,Benj,"","","","",HOWARD,"","","","",""
NFK,Acle,St Edmund AT,"",28 Oct 1761,Robt,"","","","",RISING,"",Moulton,"","",""
NFK,Acle,St Edmund AT,"",1 Nov 1761,Mary,wife,Henry,"","",RICHES,"",Rackheath,"","",""
NFK,Acle,St Edmund AT,"",20 Mar 1762,Robt,son,Robt,"","",MARSHAL,"","","","",""
NFK,Acle,St Edmund AT,"",7 May 1762,John,son,Robt,"","",NORFER,"","","","",""
NFK,Acle,St Edmund AT,"",14 Nov 1763,Saml,"","","","",WEST,"","","","",""
NFK,Acle,St Edmund AT,"",17 Jun 1763,Robert,"","","","",FORD,"","","","",""
NFK,Acle,St Edmund AT,"",27 Aug 1763,Mary,daughter,John,"","",ROPE,"","","","",""
NFK,Acle,St Edmund AT,"",4 Dec 1763,Mary,wife,John,"","",TINBY,"","","","",""
NFK,Acle,St Edmund AT,"",6 Dec 1763,John,"","","","",JOLLY,"","","","",""
NFK,Acle,St Edmund AT,"",27 Feb 1764,Mary,wife,John,"","",BEECH,"","","","",""
NFK,Acle,St Edmund AT,"",9 Mar 1764,John,"","","","",BEECH,"","","","",""
NFK,Acle,St Edmund AT,"",11 Apr 1764,Robt,son,Robt,"","",SPENDLOVE,"","","","",""
NFK,Acle,St Edmund AT,"",28 Jul 1764,Mary,"","","","",SEALS,"","",Widow,"",""
NFK,Acle,St Edmund AT,"",25 Aug 1764,Hannah,daughter,Charles,"","",HAYLETT,"","","","",""
NFK,Acle,St Edmund AT,"",24 Aug 1764,Hannah,daughter,Fr,"","",NEWTON,"","","","",""
NFK,Acle,St Edmund AT,"",20 Sep 1764,Thos Colman,son,John,"","",LEATH,"","","","",""
NFK,Acle,St Edmund AT,"",9 Oct 1764,Mary,"","","","",KERRISON,"","",Widow,"",""
NFK,Acle,St Edmund AT,"",8 Feb 1765,Joseph,son,John,"","",COSSY,"","","","",""
NFK,Acle,St Edmund AT,"",8 Feb 1765,James,son,John,"","",COSSY,"","","","",""
NFK,Acle,St Edmund AT,"",21 Mar 1765,Samll,son,Samll,"","",BONBY,"","","","",""
NFK,Acle,St Edmund AT,"",25 Mar 1765,John,"","","","",BROWN,"","","","",""
NFK,Acle,St Edmund AT,"",30 Apr 1765,Mary,wife,Abraham,"","",ALEXANDER,"","","","",""
NFK,Acle,St Edmund AT,"",14 May 1765,Mary,wife,Willm,"","",FISK,"","","","",""
NFK,Acle,St Edmund AT,"",2 Aug 1765,Thos,son,John Leath,"","",BROCK,"","","","",""
NFK,Acle,St Edmund AT,"",13 Nov 1765,Sarah,wife,James,"","",GERRARD,"","","","",""
NFK,Acle,St Edmund AT,"",30 Jan 1766,Mary,daughter,"",Ann,"",MARKS,"","","","",""
NFK,Acle,St Edmund AT,"",9 May 1766,Elizabeth,wife,Robert,"","",BECK,"","","","",""
NFK,Acle,St Edmund AT,"",8 May 1766,Eliz,wife,Robt,"","",BECK,"","","","",""
NFK,Acle,St Edmund AT,"",24 May 1766,James,son,John,Lucy,"",SMYTH,"","","","",""
NFK,Acle,St Edmund AT,"",27 May 1766,Sarah,daughter,James,Mary,"",GOODWYN,"","","","",""
NFK,Acle,St Edmund AT,"",2 Jul 1766,Willm,son,Alexander,Eliz,"",TAIT,"","","","",""
NFK,Acle,St Edmund AT,"",6 Jul 1766,Mary,wife,Joseph,"","",TRUMBALL,"","","","",""
NFK,Acle,St Edmund AT,"",7 Jul 1766,Eliz,wife,John,"","",MADDLE,"","","","",""
NFK,Acle,St Edmund AT,"",13 Jul 1766,John,"","","","",GAPP,"","","","",""
NFK,Acle,St Edmund AT,"",6 Aug 1766,Susann,"","","","",SEAMAN,"","","","",""
NFK,Acle,St Edmund AT,"",20 Aug 1766,Eliz,wife,John,"","",RISING,"","","","",""
NFK,Acle,St Edmund AT,"",2 Sep 1766,Mary,wife,Thos Junr,"","",SHINGLES,"","","","",""
NFK,Acle,St Edmund AT,"",21 Oct 1766,Thos,son,Thos,Mary,"",SHINGLES,"","","","",""
NFK,Acle,St Edmund AT,"",8 Jan 1767,Edward,"","","","",PALMER,"","","","",""
NFK,Acle,St Edmund AT,"",17 Jan 1767,Willm,son,Willm,Theod,"",EVANS,"","","","",""
NFK,Acle,St Edmund AT,"",19 Jan 1767,Eliz,wife,Robt,"","",LIFFEN,"","","","",""
NFK,Acle,St Edmund AT,"",6 Mar 1767,Joshua,son,Henry,Marth,"",BLADE,"","","","",""
NFK,Acle,St Edmund AT,"",23 Apr 1767,Thos Hows,son,John,Drusilla,"",LEATH,"","","","",""
NFK,Acle,St Edmund AT,"",28 Apr 1767,Mary,"","","","",SMYTH,"","",Widow,"",""
NFK,Acle,St Edmund AT,"",7 May 1767,John,base son,Thos,Frances,"",HUBBARD,"","","","",""
NFK,Acle,St Edmund AT,"",11 May 1767,Rachael,"","","","",COLMAN,"","",Widow,"",""
NFK,Acle,St Edmund AT,"",12 May 1767,George,"","","","",BAKER,"","","","",""
NFK,Acle,St Edmund AT,"",26 Jul 1767,Ann,wife,Benjamin,"","",BROWN,"","","","",""
NFK,Acle,St Edmund AT,"",21 Aug 1767,John,son,Henry,Eliz,"",RIVETT,"","","","",""
NFK,Acle,St Edmund AT,"",23 Aug 1767,Mary,daughter,John,Mary,"",PARKER,"","","","",""
NFK,Acle,St Edmund AT,"",4 Sep 1767,Joseph,"","","","",HUGGINS,"","","","",""
NFK,Acle,St Edmund AT,"",5 Nov 1767,Jeremiah,"","","","",BERRY,"","",Gent,"",""
NFK,Acle,St Edmund AT,"",10 Nov 1767,Robt,son,Thos,Ann,"",RICHES,"","","","",""
NFK,Acle,St Edmund AT,"",30 Jan 1768,Willm,"","","","",WASEY,"","","","",""
NFK,Acle,St Edmund AT,"",6 Mar 1768,Charles,son,Charles,Susan,"",BUDDERY,"","","","",""
NFK,Acle,St Edmund AT,"",25 Mar 1768,Elizabeth,"","","","",LEATH,"","","","",""
NFK,Acle,St Edmund AT,"",5 Apr 1768,Willm,"","","","",RICHES,"","","","",""
NFK,Acle,St Edmund AT,"",7 Apr 1768,Esther,wife,John,"","",KNIGHTSEN,"","","","",""
NFK,Acle,St Edmund AT,"",27 Apr 1768,Mary,"","","","",BROWN,"","",Widow,"",""
NFK,Acle,St Edmund AT,"",10 Jun 1768,John,son,"",Sarah,"",LEATH,Infant,"","","",""
NFK,Acle,St Edmund AT,"",7 Jul 1768,Charles,"","","","",HAYLETT,"","","","",""
NFK,Acle,St Edmund AT,"",13 Jul 1768,Drusilla,wife,John,"","",LEATH,"","","","",""
NFK,Acle,St Edmund AT,"",11 Sep 1768,Joshua,"","","","",NEAVE,"","",Single Man,"",""
NFK,Acle,St Edmund AT,"",18 Oct 1768,Mary,"","","","",RICHES,"","",Widow,"",""
NFK,Acle,St Edmund AT,"",25 Dec 1768,Ann,"","","","",BASPOLE,"","",Single Woman,"",""
NFK,Acle,St Edmund AT,"",22 Jan 1769,Stranger,"","","","","","","",A Stranger Name Unknown,"",""
NFK,Acle,St Edmund AT,"",6 Feb 1769,Mary,wife,Samuel,"","",BOMBER,"","","","",""
NFK,Acle,St Edmund AT,"",24 Feb 1769,Sarah,"","","","",HAYLETT,Infant,"","","",""
NFK,Acle,St Edmund AT,"",8 Mar 1769,George,"","","","",PAINE,Infant,"","","",""
NFK,Acle,St Edmund AT,"",15 Jul 1770,James,"","","","",MARSHALL,Infant,"","","",""
NFK,Acle,St Edmund AT,"",22 Jul 1770,John,"","","","",EVANS,Infant,"","","",""
NFK,Acle,St Edmund AT,"",7 Aug 1770,Joseph,"","","","",RUMBALL,"",Norwich,Single Man,"",""
NFK,Acle,St Edmund AT,"",22 Aug 1770,William,"","","","",EVANS,"","",Married Man,"",""
NFK,Acle,St Edmund AT,"",17 Mar 1771,Mary,"","","","",BANE,"","",Married Woman,"",""
NFK,Acle,St Edmund AT,"",10 May 1772,William,"","","","",PEMBROKE,"","","","",""
NFK,Acle,St Edmund AT,"",27 May 1772,James,"","","","",SHINGLES,"","","","",""
NFK,Acle,St Edmund AT,"",1 Aug 1772,Elizabeth,"","","","",COOPER,"","","","",""
NFK,Acle,St Edmund AT,"",16 Aug 1772,Ann,"","","","",HOWARD,"","",Widow,"",""
NFK,Acle,St Edmund AT,"",6 Dec 1772,John,"","","","",BLADE,"","","","",""
NFK,Acle,St Edmund AT,"",4 Jan 1773,John,"","","","",ENGLAND,Infant,"","","",""
NFK,Acle,St Edmund AT,"",10 Jan 1773,Francis,"","","","",NEWTON,"","","","",""
NFK,Acle,St Edmund AT,"",11 Jan 1773,John,"","","","",KNIGHTS,"","","","",""
NFK,Acle,St Edmund AT,"",3 Feb 1773,Susanna,"","","","",BUDDING,"","","","",""
NFK,Acle,St Edmund AT,"",5 Feb 1773,James,"","","","",SMITH,Infant,"","","",""
NFK,Acle,St Edmund AT,"",7 Feb 1773,Esther,"","","","",BELSON,"","","","",""
NFK,Acle,St Edmund AT,"",20 Feb 1773,Sarah,"","","","",COSSEY,Infant,"","","",""
NFK,Acle,St Edmund AT,"",26 Feb 1773,William,"","","","",HINDLE**DS,"","","","",""
NFK,Acle,St Edmund AT,"",28 Feb 1773,Ann,"","","","",BANE,Infant,"","","",""
NFK,Acle,St Edmund AT,"",13 Jun 1773,Ann,"","","","",SPENDLOVE,Infant,"","","",""
NFK,Acle,St Edmund AT,"",27 Jun 1773,James,"","","","",GOWING,"","",Married Man,"",""
NFK,Acle,St Edmund AT,"",12 Sep 1773,Elizabeth,"","","","",EVANS,Infant,"","","",""
NFK,Acle,St Edmund AT,"",12 Sep 1773,Elizabeth,"","","","",HINDLE,"","",Widow,"",""
NFK,Acle,St Edmund AT,"",11 Oct 1773,Mary,"","","","",HOWES,Infant,"","","",""
NFK,Acle,St Edmund AT,"",11 Nov 1773,Kezia,"","","","",BANN,Infant,"","","",""
NFK,Acle,St Edmund AT,"",16 Nov 1773,Denny,"","","","",PALMER,Infant,"","","",""
NFK,Acle,St Edmund AT,"",17 Nov 1773,Thos,"","","","",HALES,Infant,"","","",""
NFK,Acle,St Edmund AT,"",29 Nov 1773,Samuel,"","","","",GLAZIER,Infant,"","","",""
NFK,Acle,St Edmund AT,"",13 Dec 1773,Elizabeth,wife,Robt,"","",KIDMAN,"",Repps,"","",""
NFK,Acle,St Edmund AT,"",16 Jan 1774,Elizabeth,"","","","",HAYLET,"","",Widow,"",""
NFK,Acle,St Edmund AT,"",26 May 1774,Rose,"","","","",APPLETON,"","",Single Woman,"",""
NFK,Acle,St Edmund AT,"",17 Jun 1774,Thos,"","","","",HALES,Infant,"","","",""
NFK,Acle,St Edmund AT,"",23 Aug 1774,John,"","","","",PITTS,Infant,"","","",""
NFK,Acle,St Edmund AT,"",2 Sep 1774,Barbara,"","","","",BASTON,"","",Widow,"",""
NFK,Acle,St Edmund AT,"",21 Sep 1774,Sarah,wife,William,"","",DAGGETT,"","","","",""
NFK,Acle,St Edmund AT,"",21 Mar 1775,Mary,wife,John,"","",DURRANT,"","","","",""
NFK,Acle,St Edmund AT,"",27 Jul 1775,Edmund,"","","","",KNIGHTS,"","","","",""
NFK,Acle,St Edmund AT,"",23 Aug 1775,Daniel,"","","","",COSSEY,Infant,"","","",""
NFK,Acle,St Edmund AT,"",3 Sep 1775,Thomas,"","","","",GREENSIDES,"","","","",""
NFK,Acle,St Edmund AT,"",20 Sep 1775,George,"","","","",RUSSELLS,"","","","",""
NFK,Acle,St Edmund AT,"",14 Oct 1775,Ann,wife,Thos,"","",SALES,"","","","",""
NFK,Acle,St Edmund AT,"",3 Jun 1777,Christopher,"","","","",COOPER,"","",Married Man,"",""
NFK,Acle,St Edmund AT,"",27 Jul 1777,Charles,"","","","",COOPER,Infant,"","","",""
NFK,Acle,St Edmund AT,"",11 Aug 1777,Elizabeth,"","","","",COSSEY,Infant,"","","",""
NFK,Acle,St Edmund AT,"",15 Aug 1777,Ann,"","","","",***WNE,Infant,"","","",""
NFK,Acle,St Edmund AT,"",2 Sep 1777,Sarah,"","","","",PAINE,Infant,"","","",""
NFK,Acle,St Edmund AT,"",8 Sep 1777,Willm,"","","","",HUNN,Infant,"","","",""
NFK,Acle,St Edmund AT,"",12 Sep 1777,Benjamin,"","","","",BROWN,"","",A Youth,"",""
NFK,Acle,St Edmund AT,"",26 Nov 1777,James,"","","","",GERRARD,"","",Married Man,"",""
NFK,Acle,St Edmund AT,"",24 Feb 1778,Rachel,"","","","",DUNN,"","",Widow,"",""
NFK,Acle,St Edmund AT,"",25 Feb 1778,John,"","","","",COOPER,"","",Married Man,"",""
NFK,Acle,St Edmund AT,"",1 Mar 1778,George,"","","","",BEECH,"","",A Youth,"",""
NFK,Acle,St Edmund AT,"",6 Mar 1778,Susanna,"","","","",GILBERT,"","",Widow,"",""
NFK,Acle,St Edmund AT,"",13 May 1778,Kezia,"","","","",BLADE,"","",Single Woman,"",""
NFK,Acle,St Edmund AT,"",26 Jun 1778,Elizabeth,"","","","",GILLINGWATER,Infant,Norwich,"","",""
NFK,Acle,St Edmund AT,"",9 Aug 1778,Henry,"","","","",RICHES,"","",Married Man,"",""
NFK,Acle,St Edmund AT,"",25 Aug 1778,Richard,"","","","",WATSON,Infant,"","","",""
NFK,Acle,St Edmund AT,"",7 Sep 1778,John,"","","","",DURRANT,Infant,"","","",""
NFK,Acle,St Edmund AT,"",15 Sep 1778,Richard,"","","","",WIGG,"","",Single Man,"",""
NFK,Acle,St Edmund AT,"",27 Sep 1778,William,"","","","",MOYSE,"","",Single Man,"",""
NFK,Acle,St Edmund AT,"",3 Nov 1778,Mary,"","","","",EBBEGE,"","",Single Woman,"",""
NFK,Acle,St Edmund AT,"",28 Nov 1778,Stephen,"","","","",DAWSON,"","",Married Man,"",""
NFK,Acle,St Edmund AT,"",23 Feb 1779,Robert,"","","","",GOWEN,Infant,"","","",""
NFK,Acle,St Edmund AT,"",6 Jul 1779,Mary,"","","","",PEMBROOK,"","",Widow,"",""
NFK,Acle,St Edmund AT,"",31 Aug 1779,Elizabeth,"",John,"","",SMITH,"","","","",""
NFK,Acle,St Edmund AT,"",31 Aug 1779,Mary,Infant,"","","",MADCAP,"","","","",""
NFK,Acle,St Edmund AT,"",12 Nov 1779,Ann,"","","","",WOOD,"","",Widow,"",""
NFK,Acle,St Edmund AT,"",16 Dec 1779,Martha,"","","","",POINTER,"","",Widow,"",""
NFK,Acle,St Edmund AT,"",29 Dec 1779,Francis,"","","","",NEWTON,Infant,"","","",""
NFK,Acle,St Edmund AT,"",7 Jan 1780,John,"","","","",ROPE,"","","","",""
NFK,Acle,St Edmund AT,"",25 Jan 1780,Thos,"","","","",SHINGLESSON,"","","","",""
NFK,Acle,St Edmund AT,"",11 Feb 1780,Ann,"","","","",CROWE,"","",Widow,"",""
NFK,Acle,St Edmund AT,"",2 Mar 1780,John,"","","","",SMITH,"","",Widower,"",""
NFK,Acle,St Edmund AT,"",5 Mar 1780,John,"","","","",NEAVE SENR,"","","","",""
NFK,Acle,St Edmund AT,"",14 Mar 1780,Henry,"","","","",RIVETT,"","","","",""
NFK,Acle,St Edmund AT,"",29 Apr 1780,William,"","","","",THURGATE,Infant,"","","",""
NFK,Acle,St Edmund AT,"",21 May 1780,Joseph,"","","","",CURTIS,Infant,"","","",""
NFK,Acle,St Edmund AT,"",19 Jun 1780,Robt,"","","","",THOMPSON,Infant,"","","",""
NFK,Acle,St Edmund AT,"",23 Jun 1780,Sarah,"","","","",ROBINSON,"","",Widow,"",""
NFK,Acle,St Edmund AT,"",3 Aug 1780,Edwd,"","","","",PLOWMAN,Infant,"","","",""
NFK,Acle,St Edmund AT,"",13 Aug 1780,Mary,"","","","",ROPE,"","",Widow,"",""
NFK,Acle,St Edmund AT,"",22 Aug 1780,Jane,wife,James,"","",THURGATE,"","","","",""
NFK,Acle,St Edmund AT,"",14 Oct 1780,Alice,"","","","",DANIELS,Infant,"","","",""
NFK,Acle,St Edmund AT,"",31 Oct 1780,Elizabeth,"","","","",BRUNSON,"","",Single Woman,"",""
NFK,Acle,St Edmund AT,"",15 Nov 1780,Mary,"","","","",RISING,"","",Single Woman,"",""
NFK,Acle,St Edmund AT,"",16 Nov 1780,Robt,"","","","",BAKER,Infant,"","","",""
NFK,Acle,St Edmund AT,"",27 Dec 1780,Lydia,"","","","",AYERS,"","",Single Woman,"",""
NFK,Acle,St Edmund AT,"",20 Jan 1781,John,"","","","",TUBBY,"","",Married Man,"",""
NFK,Acle,St Edmund AT,"",15 Apr 1781,Sarah,"","","","",BROWN,"","",Single Woman,"",""
NFK,Acle,St Edmund AT,"",30 May 1781,Elizabeth,"","","","",MIDDLETON,"","",Widow,"",""
NFK,Acle,St Edmund AT,"",1 Jul 1781,Sarah,"","","","",RUSSELLS,Infant,"","","",""
NFK,Acle,St Edmund AT,"",22 Jul 1781,Louisa,"","","","",BROWNE,Infant,"","","",""
NFK,Acle,St Edmund AT,"",6 Aug 1781,John,"","","","",MADDLE,"","",Single Man,"",""
NFK,Acle,St Edmund AT,"",27 Sep 1781,Elizabeth,"","","","",BOTWRIGHT,"","",Single Woman,"",""
NFK,Acle,St Edmund AT,"",30 Sep 1781,William,"","","","",WESTGATE,"","",Married Man,"",""
NFK,Acle,St Edmund AT,"",10 Nov 1781,?,"","","","",?,"","",Married Woman,"",""
NFK,Acle,St Edmund AT,"",15 Nov 1781,?,"","","","",**ANN,Infant,"","","",""
NFK,Acle,St Edmund AT,"",25 Nov 1781,?,"","","","",****LL,"","",Married Woman,"",""
NFK,Acle,St Edmund AT,"",24 Nov 1781,Elizabeth,"","","","",?,"","",Widow,"",""
NFK,Acle,St Edmund AT,"",1 Dec 1781,John,"","","","",THORP,"","",Single Man,"",""
NFK,Acle,St Edmund AT,"",19 Mar 1781,Mary,"","","","",GEORGE,"","",Widow,"",""
NFK,Acle,St Edmund AT,"",30 May 1784,John,husband,"",Elizabeth,MOSS,COSSEY,"","","","",""
NFK,Acle,St Edmund AT,"",26 Jun 1784,James,husband,"",Mary,GENT,WIGG,"","","","",""
NFK,Acle,St Edmund AT,"",30 Jun 1784,William,"","","","",FISH,"","",Widower,"",""
NFK,Acle,St Edmund AT,"",1 Sep 1784,Elizabeth,"","","","",SPURGEON,"","",Single Woman,"",""
NFK,Acle,St Edmund AT,"",18 Oct 1784,John,"","","","",DRAKE,"","",Single Man,"",""
NFK,Acle,St Edmund AT,"",25 Oct 1784,Elizabeth,wife,Thos,"","",MARGSON,"","","","",""
NFK,Acle,St Edmund AT,"",30 Nov 1784,John,son,Anthony,Elizabeth,"",TITE,"","","","",""
NFK,Acle,St Edmund AT,"",13 Dec 1784,Ann,"","","","",RISING,"","",Widow,"",""
NFK,Acle,St Edmund AT,"",28 Dec 1784,William,son,James,Mary,"",CURTIS,"","","","",""
NFK,Acle,St Edmund AT,"",31 Jan 1785,Mary,"","","","",HUNN,"","",Widow,"",""
NFK,Acle,St Edmund AT,"",30 Jan 1785,Ann,wife,Richd,"","",GIBBS JUNR,"","","","",""
NFK,Acle,St Edmund AT,"",30 Jan 1785,Mary,"","","","",MILES,"","",Single Woman,"",""
NFK,Acle,St Edmund AT,"",20 Mar 1785,John,son,John,Elizabeth,"",FOWLER,"","","","",""
NFK,Acle,St Edmund AT,"",21 Mar 1785,Lucy,daughter,John,Lucy,"",SMITH,"","","","",""
NFK,Acle,St Edmund AT,"",2 May 1785,Mary,daughter,Robt,Margaret,"",HUNN,"","","","",""
NFK,Acle,St Edmund AT,"",4 May 1785,Mary,wife,Nathaniel,"","",MARK,"","","","",""
NFK,Acle,St Edmund AT,"",11 May 1785,Margaret,widow,John,"","",NEAVE,"","","","",""
NFK,Acle,St Edmund AT,"",26 May 1785,Robert,"","","","",MARSHALL,"","",Married Man,"",""
NFK,Acle,St Edmund AT,"",30 May 1785,Susannah,daughter,John,Elizabeth,"",PLOWMAN,"","","","",""
NFK,Acle,St Edmund AT,"",29 Aug 1785,Richard,"","","","",GIBBS SENR,"","","","",""
NFK,Acle,St Edmund AT,"",15 Sep 1785,Mary,daughter,Joseph,Elizabeth,"",JERMY,"","","","",""
NFK,Acle,St Edmund AT,"",26 Sep 1785,Susannah,"","","","",GIRLINGTON,"","",Widow,"",""
NFK,Acle,St Edmund AT,"",18 Nov 1785,Nathaniel,"","","","",MARK,"","",Widower,"",""
NFK,Acle,St Edmund AT,"",14 Dec 1785,John,son,John,Elizabeth,"",PLOWMAN,"","","","",""
NFK,Acle,St Edmund AT,"",25 Dec 1785,Joh,son,John,Sarah,"",RUSSELLS,"","","","",""
NFK,Acle,St Edmund AT,"",7 Feb 1786,John,"","","","",SHEPHERD SENR,"","","","",""
NFK,Acle,St Edmund AT,"",4 Apr 1786,Edwd,"","","","",BELSON SENR,"","",Widower,"",""
NFK,Acle,St Edmund AT,"",16 Apr 1786,William,son,"",Sarah,"",BARRETT,"","",Base Born,"",""
NFK,Acle,St Edmund AT,"",26 Jun 1786,Elizabeth,wife,Willm,"","",GRIFFITHS,"","",Late Cooper,"",""
NFK,Acle,St Edmund AT,"",11 Sep 1786,Mary,"","","","",DOLMAN,"","",Single Woman,"",""
NFK,Acle,St Edmund AT,"",3 Oct 1786,Jacob,son,Robt,Margaret,"",HUNN,"","","","",""
NFK,Acle,St Edmund AT,"",9 Oct 1786,Elizabeth,wife,Alexander,"","",TAITE,"","","","",""
NFK,Acle,St Edmund AT,"",26 Nov 1786,Robt,son,Robt,Sarah,"",RICHES,"","","","",""
NFK,Acle,St Edmund AT,"",19 Feb 1787,Diana,daughter,Willm,"","",SMITH,"",South Walsham,"","",""
NFK,Acle,St Edmund AT,"",3 Mar 1787,Ann,daughter,Alexander,"","",TAITE,"","","","",""
NFK,Acle,St Edmund AT,"",12 Mar 1787,Mary,wife,John,"","",COATES,"","","","",""
NFK,Acle,St Edmund AT,"",8 Feb 1788,Ann,"","","","",HUGGINS,"","",Widow Pauper,"",""
NFK,Acle,St Edmund AT,"",22 Feb 1788,Willm,son,Willm,Lucy,"",WILKINS,"","","","",""
NFK,Acle,St Edmund AT,"",17 May 1788,Ann,wife,Thos,"","",RICHES,"","","","",""
NFK,Acle,St Edmund AT,"",3 Jul 1788,Samuel,son,Willm,Mary,"",SMALLPAGE,"","","","",""
NFK,Acle,St Edmund AT,"",3 Jul 1788,Judith,daughter,Edwd,Mary,"",THOMPSON,"","","","",""
NFK,Acle,St Edmund AT,"",27 Jul 1788,Martin,"","","","",MONEY,"","",Single Man,"",""
NFK,Acle,St Edmund AT,"",31 Jul 1788,Willm,"","","","",BOTWRIGHT,"","",Married Man,"",""
NFK,Acle,St Edmund AT,"",19 Aug 1788,Mary,"","","","",ROBERTS,"","",Single Woman,"",""
NFK,Acle,St Edmund AT,"",24 Aug 1788,Esther,daughter,Jacob,Ann,"",HUNN,"","","","",""
NFK,Acle,St Edmund AT,"",31 Aug 1788,John,"","","","",NEWSON,"","",Single Man,"",""
NFK,Acle,St Edmund AT,"",23 Sep 1788,Robt,"","","","",NORFOR SENR,"","","","",""
NFK,Acle,St Edmund AT,"",15 Oct 1788,Willm,son,John,Elizabeth,"",ROWLAND,"","","","",""
NFK,Acle,St Edmund AT,"",18 Jan 1789,Elizabeth,daughter,Robt,Mary,"",BANN,"","","","",""
NFK,Acle,St Edmund AT,"",13 Feb 1789,Rachael,"","","","",COLEMAN,"","",Single Woman,"",""
NFK,Acle,St Edmund AT,"",17 Feb 1789,Elizabeth,"","","","",TIPTOD,"","",Single Woman,"",""
NFK,Acle,St Edmund AT,"",17 May 1789,James,"","","","",WIGG,Infant,"","","",""
NFK,Acle,St Edmund AT,"",16 Jul 1789,Sarah,"","","","",BROWN,"","",Single Woman,"",""
NFK,Acle,St Edmund AT,"",3 Aug 1789,William,"","","","",GRAY,"","",Single Man,"",""
NFK,Acle,St Edmund AT,"",6 Sep 1789,William,"","","","",CROWE,"","",Single Man,"",""
NFK,Acle,St Edmund AT,"",11 Sep 1789,George,"","","","",MAN,Infant,"",Pauper,"",""
NFK,Acle,St Edmund AT,"",16 Nov 1789,John,"","","","",RISING SENR,"","",Widower,"",""
NFK,Acle,St Edmund AT,"",14 Dec 1789,Mary,"","","","",EVANS,"","",Single Woman,"",""
NFK,Acle,St Edmund AT,"",24 Dec 1789,Ann,wife,George,"","",BAKER,"","","","",""
NFK,Acle,St Edmund AT,"",8 Jan 1790,William,"","","","",BLUNDERFIELD,Infant,"","","",""
NFK,Acle,St Edmund AT,"",6 Feb 1790,Elizabeth,"","","","",MARSHALL,"","",Widow,"",""
NFK,Acle,St Edmund AT,"",22 Mar 1790,Susannah,"","","","",GARDNER,"","",Single Woman,"",""
NFK,Acle,St Edmund AT,"",2 May 1791,Tho,"","","","",FULLER,"","",Married Man A Pauper,"",""
NFK,Acle,St Edmund AT,"",25 Feb 1791,Tho,son,Gilbert,Lydia,BARNES,LEIGH,Infant,"","","",""
NFK,Acle,St Edmund AT,"",25 May 1791,John,"","","","",SMALLPAGE,"","",Married Man,"",""
NFK,Acle,St Edmund AT,"",16 Jul 1791,Willm,"","","","",GRIFFITH,"","",Married Man,"",""
NFK,Acle,St Edmund AT,"",30 Oct 1791,Susan,"","","","",HAYTON,Infant,"","","",""
NFK,Acle,St Edmund AT,"",11 Nov 1791,Elizabeth,wife,Tho,"","",MOORE,"","","","",""
NFK,Acle,St Edmund AT,"",16 Dec 1791,George,"","","","",WANT,"","",A Stranger Single Man,"",""
NFK,Acle,St Edmund AT,"",9 Dec 1791,Henry,"","","","",BLADE,"","",Married Man,"",""
NFK,Acle,St Edmund AT,"",19 Dec 1791,Edwd,son,John,Lucy,"",SMITH,"","","","",""
NFK,Acle,St Edmund AT,"",10 Jan 1792,Willm,"","","","",SMALLPAGE,"","",Married Man,"",""
NFK,Acle,St Edmund AT,"",18 Mar 1792,Jane,"","","","",MORRIS,"",Norwich,Single Woman,"",""
NFK,Acle,St Edmund AT,"",6 Apr 1792,Ambrose,"","","","",PAWSEY,"","",Married Man,"",""
NFK,Acle,St Edmund AT,"",24 Apr 1792,John,"","","","",NEWTON,Infant,"","","",""
NFK,Acle,St Edmund AT,"",9 May 1792,John,"","","","",NEAVE,Infant,"","","",""
NFK,Acle,St Edmund AT,"",12 Jun 1792,Ann,wife,Robert,"","",WATTS,"","","","",""
NFK,Acle,St Edmund AT,"",23 Jun 1792,James,"","","","",WIGG,Infant,"","","",""
NFK,Acle,St Edmund AT,"",3 Jul 1792,John,"","","","",BISHOP,"","",Married Man Pauper,"",""
NFK,Acle,St Edmund AT,"",5 Sep 1792,Elizabeth,wife,John,"","",PAIN,"","",Pauper,"",""
NFK,Acle,St Edmund AT,"",11 Nov 1792,Jacob,"","","","",HUNN,Infant,"",Pauper,"",""
NFK,Acle,St Edmund AT,"",9 Dec 1792,George,"","","","",ALLEN,"","",Married Man,"",""
NFK,Acle,St Edmund AT,"",8 Feb 1793,Edward,"","","","",SMITH,"","",Widower Pauper,"",""
NFK,Acle,St Edmund AT,"",6 Mar 1793,Mary,"","","","",CHURCH,Infant,"","","",""
NFK,Acle,St Edmund AT,"",22 Mar 1793,Tho,"","","","",LEATH,"","",Widower,"",""
NFK,Acle,St Edmund AT,"",17 Apr 1794,Susannah,wife,Robt,"","",BLUNDERFIELD,"","","","",""
NFK,Acle,St Edmund AT,"",3 Jun 1794,Gilbert,son,Gilbert,Lydia,BARNES,LEIGH,"","","","",""
NFK,Acle,St Edmund AT,"",19 Jun 1794,Sarah,daughter,Edmd,Judith,FOWLER,RUST,"","","","",""
NFK,Acle,St Edmund AT,"",3 Aug 1794,Judith,wife,Edmd,"","",RUST,"","",Nee Fowler,"",""
NFK,Acle,St Edmund AT,"",31 Oct 1794,Edwd,son,Edwd,Phillis,DRAKE,SHINGLES,"","","","",""
NFK,Acle,St Edmund AT,"",6 Nov 1794,Robt,"","","","",LAZWELL,"",Poor House,Married Man,"",""
NFK,Acle,St Edmund AT,"",11 Jan 1795,Elizabeth,"","","","",RIVETT,"","",Widow,"",""
NFK,Acle,St Edmund AT,"",15 Jan 1795,John,"","","","",TINBY,"","",Widower,"",""
NFK,Acle,St Edmund AT,"",1 Mar 1795,Elizabeth,daughter,Gent,Margaret,FLAXMAN,WIGG,"","","","",""
NFK,Acle,St Edmund AT,"",3 Mar 1795,Elizabeth,daughter,Gent,Margaret,FLAXMAN,WIGG,Infant,"","","",""
NFK,Acle,St Edmund AT,"",1 Apr 1795,Charles,"","","","",HOWARD,"","",Single Man,"",""
NFK,Acle,St Edmund AT,"",18 Apr 1795,Edwd,"","","","",BULLOCK,"",East Suffolk,Married Man Milihaman,"",""
NFK,Acle,St Edmund AT,"",19 May 1795,Edmund,"","","","",SAUL,"",Blofield,Widower,"",""
NFK,Acle,St Edmund AT,"",23 May 1795,Mary,"","","","",RUSH,"","",Widow,"",""
NFK,Acle,St Edmund AT,"",24 May 1795,Benjamin,son,Gilbert,Lydia,BARNES,LEIGH,"","","","",""
NFK,Acle,St Edmund AT,"",8 Jun 1795,Edwd,"","","","",BELSON,"","",Single Man,"",""
NFK,Acle,St Edmund AT,"",23 Jun 1795,Arthur,son,James,Mary,SHINGLES,CORY,Infant,"","","",""
NFK,Acle,St Edmund AT,"",9 Jul 1795,Robt,"","","","",LIFFEN,"","",Married Man,"",""
NFK,Acle,St Edmund AT,"",9 Aug 1795,Rose,"","","","",NORFOR,"","",Widow,"",""
NFK,Acle,St Edmund AT,"",28 Sep 1795,Nathaniel,"","","","",KNIGHT,"",Burgh Cavtle,Single Man,"",""
NFK,Acle,St Edmund AT,"",14 Oct 1795,George,"","","","",FOWLER,"",Tro*ve,Married Man,"",""
NFK,Acle,St Edmund AT,"",4 Nov 1795,Mary,daughter,Tho,Mary,TATE,FLORENCE,Infant,"","","",""
NFK,Acle,St Edmund AT,"",23 Nov 1795,Caroline,daughter,Gent,Margaret,FLAXMAN,WIGG,Infant,"","","",""
NFK,Acle,St Edmund AT,"",22 Jan 1796,Francis,wife,Charles,"","",BUDDY,"","","","",""
NFK,Acle,St Edmund AT,"",4 Apr 1796,Margaret,wife,Gent,"","",WIGG,"","","","",""
NFK,Acle,St Edmund AT,"",5 May 1796,John,"","","","",DRAKE,"","",Widower,"",""
NFK,Acle,St Edmund AT,"",22 May 1796,Samuel,"","","","",SMITH,"","",Single Man,"",""
NFK,Acle,St Edmund AT,"",18 Jul 1796,John,"","","","",RUSSELS,"","",Married Man,"",""
NFK,Acle,St Edmund AT,"",1 Nov 1796,Mary,"","","","",BISHOP,"","",Widow,"",""
NFK,Acle,St Edmund AT,"",19 Dec 1796,John,"","","","",MYHILL,"","",Married Man,"",""
NFK,Acle,St Edmund AT,"",1 Jan 1797,James,"","","","",CHURCH,Infant,"","","",""
NFK,Acle,St Edmund AT,"",18 Jan 1797,George,"","","","",ROWLAND,Infant,"","","",""
NFK,Acle,St Edmund AT,"",12 Feb 1797,Margaret,"","","","",BRAY,"","",Widow,"",""
NFK,Acle,St Edmund AT,"",19 Mar 1797,Ann,"","","","",CROWE,"","",Single Woman,"",""
NFK,Acle,St Edmund AT,"",6 Apr 1797,Lydia,"","","","",SMITH,"","",Widow,"",""
NFK,Acle,St Edmund AT,"",14 Jun 1797,Elizabeth,"","","","",PHICKLING,"","",Single Woman,"",""
NFK,Acle,St Edmund AT,"",29 Jun 1797,Robert,"","","","",PAGE,"","",Married Man,"",""
NFK,Acle,St Edmund AT,"",8 Oct 1797,Sarah,"","","","",JAY,Infant,"","","",""
NFK,Acle,St Edmund AT,"",15 Oct 1797,Diana,"","","","",ROWLAND,Infant,"","","",""
NFK,Acle,St Edmund AT,"",26 Nov 1797,Samuel,"","","","",BORNBEE,"","",Widower,"",""
NFK,Acle,St Edmund AT,"",10 Nov 1798,John,"","","","",COATES,"","",Married Man,"",""
NFK,Acle,St Edmund AT,"",18 Nov 1798,John,"","","","",TUTHILL,Infant,"","","",""
NFK,Acle,St Edmund AT,"",10 Mar 1798,John,"","","","",COATES,"","",Married Man,"",""
NFK,Acle,St Edmund AT,"",18 Mar 1798,John,"","","","",TUTHILL,Infant,"","","",""
NFK,Acle,St Edmund AT,"",18 Apr 1798,Samuel,"","","","",BAKER,"","",Single Man,"",""
NFK,Acle,St Edmund AT,"",20 Apr 1798,Elizabeth,"","","","",WATSON,"","",Single Woman,"",""
NFK,Acle,St Edmund AT,"",22 Apr 1798,George Acton,"","","","",PIERSON,Infant,"","","",""
NFK,Acle,St Edmund AT,"",4 May 1798,Daniel,"","","","",HAYTON,Infant,"","","",""
NFK,Acle,St Edmund AT,"",27 Jun 1798,Elizabeth,"","","","",ROWLAND,"","",Married Woman,"",""
NFK,Acle,St Edmund AT,"",1 Jul 1798,Elizabeth,"","","","",ALLEN,"","",Widow,"",""
NFK,Acle,St Edmund AT,"",18 Sep 1798,Charlotte,"","","","",WRIGHT,Infant,"","","",""
NFK,Acle,St Edmund AT,"",4 Dec 1798,Benjamin,"","","","",SMITH,"","",Widower,"",""
NFK,Acle,St Edmund AT,"",8 May 1799,Tho,"","","","",BUDDERY,"","",Widower,"",""
NFK,Acle,St Edmund AT,"",12 Jun 1799,James Crow,"","","","",BUNTON,Infant,"","","",""
NFK,Acle,St Edmund AT,"",20 Aug 1799,Sarah,"","","","",BUNN,"","",Single Woman,"",""
NFK,Acle,St Edmund AT,"",20 Aug 1799,Mary,"","","","",LASWELL,"","",Widow,"",""
NFK,Acle,St Edmund AT,"",29 Sep 1799,Francis,"","","","",CHURCH,"","","","",""
NFK,Acle,St Edmund AT,"",19 Dec 1799,Robt,"","","","",BICK,"","",Widower,"",""
NFK,Acle,St Edmund AT,"",27 Jan 1800,Sarah,"","","","",PESCAD,"","",Married Woman,"",""
NFK,Acle,St Edmund AT,"",6 Feb 1801,Elizabeth,daughter,Saml,"","",BLADE,"","","","",""
NFK,Acle,St Edmund AT,"",22 Feb 1801,Hannah,widow,John,"","",SMALLPAGE,"","","","",""
NFK,Acle,St Edmund AT,"",8 Mar 1801,Christian,daughter,Edwd,Phillis,"",SHINGLES,Infant,"","","",""
NFK,Acle,St Edmund AT,"",17 Mar 1801,Elizabeth,"","","","",LIFFAGE,Infant,"","","",""
NFK,Acle,St Edmund AT,"",7 Jun 1801,Ann,"","","","",THOMPSON,Infant,"","","",""
NFK,Acle,St Edmund AT,"",15 Jun 1801,Arthur,"","","","",NEAVE,"","",Married Man,"",""
NFK,Acle,St Edmund AT,"",28 Jul 1801,Sarah,"","","","",SPARROW,Infant,"","","",""
NFK,Acle,St Edmund AT,"",30 Aug 1801,John,"","","","",PAINE,"","",Widower,"",""
NFK,Acle,St Edmund AT,"",30 Aug 1801,Margaret,wife,Wm,"","",ELLET,"","","","",""
NFK,Acle,St Edmund AT,"",9 Sep 1801,Mary,wife,Wm,"","",SMITH,"","","","",""
NFK,Acle,St Edmund AT,"",20 Sep 1801,John,widower,"","","",BOC**T,"","","","",""
NFK,Acle,St Edmund AT,"",13 Oct 1801,Elizth,wife,Saml,"","",BALDE,"","","","",""
NFK,Acle,St Edmund AT,"",27 Sep 1801,Mary,wife,John,"","",WATSON,"","","","",""
NFK,Acle,St Edmund AT,"",19 Nov 1801,Ann,widow,"","","",CLEMENTS,"","","","",""
NFK,Acle,St Edmund AT,"",20 Nov 1801,Benjamin,son,Tho,"","",SHINGLES,"","","","",""
NFK,Acle,St Edmund AT,"",1 Jan 1802,Gent,widower,"","","",WIGG,"","","","",""
NFK,Acle,St Edmund AT,"",31 Jan 1802,Martha,widow,"","","",BLADE,"","","","",""
NFK,Acle,St Edmund AT,"",10 Feb 1802,Jane,"","","","",MARLAM,"","",Single Woman,"",""
NFK,Acle,St Edmund AT,"",16 Feb 1802,Benjamin,"","","","",JILLINS,Infant,"","","",""
NFK,Acle,St Edmund AT,"",9 Mar 1802,Elizabeth,widow,"","","",COOK,"","","","",""
NFK,Acle,St Edmund AT,"",11 Mar 1802,James,"","","","",NORFOR,"","",Single Man,"",""
NFK,Acle,St Edmund AT,"",4 Apr 1802,George,"","","","",ELLET,"","",Single Man,"",""
NFK,Acle,St Edmund AT,"",15 Apr 1802,Mary,wife,Edwd,"","",THOMPSON,"","","","",""
NFK,Acle,St Edmund AT,"",30 Apr 1802,William,"","","","",HAYTON,"","",Single Man,"",""
NFK,Acle,St Edmund AT,"",30 May 1802,Elizabeth,"","","","",RICHES,"","",Widow Woman,"",""
NFK,Acle,St Edmund AT,"",10 Jun 1802,John,"","","","",SAUL,"","",Married Man,"",""
NFK,Acle,St Edmund AT,"",4 Jul 1802,John,"","","","",PIERSON,Infant,"","","",""
NFK,Acle,St Edmund AT,"",21 Sep 1802,James,"","","","",CORY,Infant,"","","",""
NFK,Acle,St Edmund AT,"",3 Oct 1802,Sarah,wife,John,"","",BIRD,"","","","",""
NFK,Acle,St Edmund AT,"",8 Oct 1802,Alice,widow,"","","",NUDD,"","","","",""
NFK,Acle,St Edmund AT,"",17 Nov 1802,Hannah,"","","","",LOINES,Infant,"","","",""
NFK,Acle,St Edmund AT,"",29 Dec 1802,Sarah,wife,Richard,"","",DRIVER,"","","","",""
NFK,Acle,St Edmund AT,"",26 Dec 1802,William,"","","","",SELF,Infant,"","","",""
NFK,Acle,St Edmund AT,"",26 Dec 1802,Daniel,son,Tho,"","",SHINGLES,Infant,"","","",""
NFK,Acle,St Edmund AT,"",13 Jan 1803,Elizabeth,"","","","",ELLIS,"","",Single Woman,"",""
NFK,Acle,St Edmund AT,"",10 Jan 1803,Ann,wife,George,"","",NEAVE,"","","","",""
NFK,Acle,St Edmund AT,"",6 Feb 1803,Ann,"","","","",SAUL,"","",Single Woman,"",""
NFK,Acle,St Edmund AT,"",24 Feb 1803,Randal,"","","","",MORTER,Infant,"","","",""
NFK,Acle,St Edmund AT,"",11 Mar 1803,John,"","","","",NEAVE,"","",Married Man,"",""
NFK,Acle,St Edmund AT,"",13 Jan 1803,Elizabeth,"","","","",ELLIS,"","",Single Woman,"",""
NFK,Acle,St Edmund AT,"",10 Jan 1803,Ann,wife,George,"","",NEAVE,"","","","",""
NFK,Acle,St Edmund AT,"",6 Feb 1803,Ann,"","","","",SAUL,"","",Single Woman,"",""
NFK,Acle,St Edmund AT,"",24 Feb 1803,Randal,"","","","",MORTER,Infant,"","","",""
NFK,Acle,St Edmund AT,"",11 Mar 1803,John,"","","","",NEAVE,"","",Married Man,"",""
NFK,Acle,St Edmund AT,"",13 Apr 1803,John,"","","","",BIRT,"","",Married Man,"",""
NFK,Acle,St Edmund AT,"",15 Apr 1803,Ann,"","","","",SPARRPW,Infant,"","","",""
NFK,Acle,St Edmund AT,"",25 Apr 1803,Elizabeth,"","","","",BISHOP,"","",Single Woman,"",""
NFK,Acle,St Edmund AT,"",1 May 1803,Sarah,"","","","",HAYTON,"","",Single Woman,"",""
NFK,Acle,St Edmund AT,"",22 May 1803,Ann,widow,"","","",ENGLISH,"","","","",""
NFK,Acle,St Edmund AT,"",19 Jun 1803,Tho,"","","","",BROWNE,Infant,"","","",""
NFK,Acle,St Edmund AT,"",24 Jun 1803,Mary,"","","","",WELTON,"","",Married Woman,"",""
NFK,Acle,St Edmund AT,"",16 Aug 1803,Mary,widow,"","","",BROWNE,"",Norwich,"","",""
NFK,Acle,St Edmund AT,"",11 Sep 1803,John,"","","","",HARRINGTON,Infant,"","","",""
NFK,Acle,St Edmund AT,"",27 Oct 1803,Jane,wife,John,"","",DRIVER,"","","","",""
NFK,Acle,St Edmund AT,"",26 Dec 1803,Mary,"","","","",CHAPMAN,Infant,"","","",""
NFK,Acle,St Edmund AT,"",5 Jan 1804,John,widower,"","","",ROWLAND,"","","","",""
NFK,Acle,St Edmund AT,"",24 Feb 1804,Richd,widower,"","","",DRIVER,"","","","",""
NFK,Acle,St Edmund AT,"",27 Mar 1806,Christian,wife,William,"","",EVANS,"","","","",""
NFK,Acle,St Edmund AT,"",18 Apr 1806,William,widower,"","","",HUNN,"","","","",""
NFK,Acle,St Edmund AT,"",23 May 1806,Henry,"","","","",RIVETT,"","",Married Man,"",""
NFK,Acle,St Edmund AT,"",9 Jun 1806,William,"","","","",FOWLER,"","",Married Man,"",""
NFK,Acle,St Edmund AT,"",10 Jul 1806,John,"","","","",PLOWMAN,"","",Married Man,"",""
NFK,Acle,St Edmund AT,"",4 Aug 1806,Robert,"","","","",HARDING,Infant,"","","",""
NFK,Acle,St Edmund AT,"",23 Oct 1806,Thirza,"","","","",SHINGLES,Infant,"","","",""
NFK,Acle,St Edmund AT,"",11 Jan 1807,Mary,widow,"","","",SMITH,"","","","",""
NFK,Acle,St Edmund AT,"",16 Feb 1807,James,"","","","",MANTHORPE,"","",Single Man,"",""
NFK,Acle,St Edmund AT,"",20 Mar 1807,Jacob,"","","","",HUNN,Infant,"","","",""
NFK,Acle,St Edmund AT,"",5 May 1807,William,widower,"","","",WRIGHT,"","","","",""
NFK,Acle,St Edmund AT,"",8 May 1807,Mary,widow,"","","",WIGG,"","","","",""
NFK,Acle,St Edmund AT,"",17 May 1807,Ann,"","","","",HUNN,"","",Married Woman,"",""
NFK,Acle,St Edmund AT,"",18 May 1807,Sophia,"","","","",LEIGH,"","",Girl,"",""
NFK,Acle,St Edmund AT,"",6 Sep 1807,Dennis,widower,"","","",PALMER,"","","","",""
NFK,Acle,St Edmund AT,"",18 Sep 1807,Sarah,"","","","",JAY,Infant,"","","",""
NFK,Acle,St Edmund AT,"",20 Sep 1807,Marianne,"","","","",TICE,Infant,"","","",""
NFK,Acle,St Edmund AT,"",11 Oct 1807,William,widower,"","","",LOVEL,"","","","",""
NFK,Acle,St Edmund AT,"",20 Nov 1807,Elizabeth,widow,"","","",HACON,"","","","",""
NFK,Acle,St Edmund AT,"",25 Jan 1808,John,"","","","",BROWN,"","",Married Man,"",""
NFK,Acle,St Edmund AT,"",23 Feb 1808,Kesiah,"","","","",NEAVE,"","",Girl,"",""
NFK,Acle,St Edmund AT,"",24 Feb 1808,Benjamin,"","","","",TURNER,Infant,"","","",""
NFK,Acle,St Edmund AT,"",18 Mar 1808,John Boyce,"","","","",SMITH,Infant,"","","",""
NFK,Acle,St Edmund AT,"",21 Mar 1808,Jemimah,widow,"","","",FOWLER,"","","","",""
NFK,Acle,St Edmund AT,"",13 Apr 1808,Gent,"","","","",WIGG,"","",Single Man,"",""
NFK,Acle,St Edmund AT,"",6 Jun 1808,William,"","","","",GREEN,"","",Married Man,"",""
NFK,Acle,St Edmund AT,"",14 Jun 1808,Susanna,"","","","",FELMINGHAM,"","",Married Woman,"",""
NFK,Acle,St Edmund AT,"",26 Jun 1808,William,widower,"","","",SMITH,"","","","",""
NFK,Acle,St Edmund AT,"",30 Jun 1808,Sarah,"","","","",SHINGLES,Infant,"","","",""
NFK,Acle,St Edmund AT,"",17 Jul 1808,Mary,"","","","",BARTABY,"","",Married Woman,"",""
NFK,Acle,St Edmund AT,"",9 Aug 1808,Margaret,"","","","",LING,"","",Married Woman,"",""
NFK,Acle,St Edmund AT,"",23 Aug 1808,Robert,widower,"","","",SPENDLOVE,"","","","",""
NFK,Acle,St Edmund AT,"",28 Aug 1808,Margaret,"","","","",HARRINGTON,Infant,"","","",""
NFK,Acle,St Edmund AT,"",7 Sep 1808,Ann,"","","","",TURNER,"","",Married Woman,"",""
NFK,Acle,St Edmund AT,"",11 Sep 1808,Ann,"","","","",GOODRAM,Infant,"","","",""
NFK,Acle,St Edmund AT,"",15 Sep 1808,Benjamin,"","","","",CHURCH,Infant,"","","",""
NFK,Acle,St Edmund AT,"",9 Oct 1808,William,widower,"","","",TENNANT,"","","","",""
NFK,Acle,St Edmund AT,"",2 Nov 1808,Susanna,widow,"","","",BISHOP,"","","","",""
NFK,Acle,St Edmund AT,"",15 Nov 1808,John,"","","","",MANTHORPE,Infant,"","","",""
NFK,Acle,St Edmund AT,"",23 Nov 1808,James,"","","","",HEYTON,Infant,"","","",""
NFK,Acle,St Edmund AT,"",11 Feb 1809,Thomas,widower,"","","",CONABY,"","","","",""
NFK,Acle,St Edmund AT,"",19 Apr 1809,George,"","","","",TURNER,Infant,"","","",""
NFK,Acle,St Edmund AT,"",26 May 1809,William,"","","","",FELMINGHAM,Infant,"","","",""
NFK,Acle,St Edmund AT,"",15 Jun 1809,Mary,"","","","",TAYLOR,"","",Married Woman,"",""
NFK,Acle,St Edmund AT,"",23 Jul 1809,Thomas,"","","","",FURRENCE,Infant,"","","",""
NFK,Acle,St Edmund AT,"",1 Aug 1809,Lydia,"","","","",TICE,Infant,"","","",""
NFK,Acle,St Edmund AT,"",5 Sep 1809,John,"","","","",MONEY,"","",Married Man,"",""
NFK,Acle,St Edmund AT,"",15 Oct 1809,Sarah,"","","","",RUSSEL,Infant,"","","",""
NFK,Acle,St Edmund AT,"",5 Nov 1809,Thomas,"","","","",MORE,Infant,"","","",""
NFK,Acle,St Edmund AT,"",15 Dec 1809,George,widower,"","","",BAKER,"","","","",""
NFK,Acle,St Edmund AT,"",21 Jan 1810,Mary,widow,"","","",EVANS,"","","","",""
NFK,Acle,St Edmund AT,"",24 Jan 1810,Mary,"","","","",HOLMES,Infant,"","","",""
NFK,Acle,St Edmund AT,"",20 May 1810,Abigail,widow,"","","",PLOWMAN,"","","","",""
NFK,Acle,St Edmund AT,"",20 May 1810,James,widower,"","","",BATTERSBY,"","","","",""
NFK,Acle,St Edmund AT,"",28 Jun 1810,Elizabeth,widow,"","","",HARDING,"","","","",""
NFK,Acle,St Edmund AT,"",1 Jul 1810,Susan,"","","","",LOVEDAY,"","",Married Woman,"",""
NFK,Acle,St Edmund AT,"",5 Aug 1810,William,widower,"","","",SMITH,"","","","",""
NFK,Acle,St Edmund AT,"",14 Aug 1810,Margaret,"","","","",ROLL,"","",Married Woman,"",""
NFK,Acle,St Edmund AT,"",31 Aug 1810,Lydia,"","","","",TICE,Infant,"","","",""
NFK,Acle,St Edmund AT,"",16 Sep 1810,Mary,"","","","",CURTIS,"","",Married Woman,"",""
NFK,Acle,St Edmund AT,"",2 Oct 1810,James,"","","","",HAYTON,"","",Married Man,"",""
NFK,Acle,St Edmund AT,"",28 Oct 1810,Sarah,"","","","",RUSSEL,Infant,"","","",""
NFK,Acle,St Edmund AT,"",31 Oct 1810,Sarah,"","","","",PURDY,"","",Married Woman,"",""
NFK,Acle,St Edmund AT,"",19 Dec 1810,Theodosia,"","","","",BROWNE,"","",Married Woman,"",""
NFK,Acle,St Edmund AT,"",20 Dec 1810,Sarah,"","","","",LEFFAGE,"","",Married Woman,"",""
NFK,Acle,St Edmund AT,"",1 Jan 1811,Jacob,"","","","",HUNN,"","",Child,"",""
NFK,Acle,St Edmund AT,"",6 Jan 1811,Joseph,widower,"","","",BIRT,"","","","",""
NFK,Acle,St Edmund AT,"",19 Jan 1811,John,"","","","",CLABBANN,"","",Married Man,"",""
NFK,Acle,St Edmund AT,"",27 Jan 1811,James,"","","","",THURGATE,Infant,"","","",""
NFK,Acle,St Edmund AT,"",3 Feb 1811,William,"","","","",HARRINGTON,"","",Married Man,"",""
NFK,Acle,St Edmund AT,"",18 Feb 1811,John,"","","","",WORSTEAD,Infant,"","","",""
NFK,Acle,St Edmund AT,"",19 Apr 1811,Elizabeth,"","","","",FOWLER,Infant,"","","",""
NFK,Acle,St Edmund AT,"",18 Jul 1811,Sarah,"","","","",FLORENCE,Infant,"","","",""
NFK,Acle,St Edmund AT,"",25 Aug 1811,Marianne,"","","","",DUFFIELD,Infant,"","","",""
NFK,Acle,St Edmund AT,"",3 Sep 1811,Susanna,"","","","",SHINGLES,"","",Single Woman,"",""
NFK,Acle,St Edmund AT,"",15 Sep 1811,Sarah,"","","","",PITTS,"","",Married Woman,"",""
NFK,Acle,St Edmund AT,"",8 Dec 1811,John,"","","","",HOOD,15,"","","",""
NFK,Acle,St Edmund AT,"",5 Jan 1812,Elizabeth,"","","","",DUFFIELD,"","",Married Woman,"",""
NFK,Acle,St Edmund AT,"",13 Feb 1812,Ann,"","","","",CHURCHWOOD,"","",Married Woman,"",""
NFK,Acle,St Edmund AT,3,4 Apr 1813,Alexander,"","","","",TATE,76,Acle,"","",""
NFK,Acle,St Edmund AT,4,4 Apr 1813,Anna,"","","","",JACKSON,22,Acle,"","",""
NFK,Acle,St Edmund AT,5,8 Sep 1813,William,"","","","",RUSSELL,6months,Acle,"","",""
NFK,Acle,St Edmund AT,6,5 Dec 1813,Edward,"","","","",SHINGLES,17,Yarmouth,"","",""
NFK,Acle,St Edmund AT,7,25 Feb 1814,Thomas,"","","","",SHINGLES,81,Acle,"","",""
NFK,Acle,St Edmund AT,"",18 June 1805,Jane,single woman,"","","",BURTON,"","","","",""
NFK,Acle,St Edmund AT,"",3 Apr 1805,Elizabeth,widow,"","","",BAKER,"","","","",""
NFK,Acle,St Edmund AT,"",1 Aug 1805,Isaac,married man,"","","",HACON,"","","","",""
