{"_id":{"$oid":"5cb120ae65752c320075f873"},"full_year":"1841","raw_year":"1","piece":168,"series":"SCT","census_type":"HS","sctpar":"11","file_digest":"3f4fae64466786a245c84e3372118878","file_name":"HS411168.VLD","dir_name":"ABD"}
{"_id":{"$oid":"5cb121da65752c3200765155"},"full_year":"1841","raw_year":"1","piece":168,"series":"SCT","census_type":"HS","sctpar":"13","file_digest":"7075a43ae330e84829c0e13b915392ea","file_name":"HS413168.VLD","dir_name":"ABD"}
{"_id":{"$oid":"5cb122ec65752c320076a1b3"},"full_year":"1841","raw_year":"1","piece":168,"series":"SCT","census_type":"HS","sctpar":"14","file_digest":"c6f8c3f2f1063d402c6e24a6d958d6b5","file_name":"HS414168.VLD","dir_name":"ABD"}
{"_id":{"$oid":"5cb1254c65752c3200774cab"},"full_year":"1841","raw_year":"1","piece":168,"series":"SCT","census_type":"HS","sctpar":"15","file_digest":"b39bca65e6b32ebdca37086dc9011efa","file_name":"HS415168.VLD","dir_name":"ABD"}
{"_id":{"$oid":"5cb126de65752c320077c299"},"full_year":"1841","raw_year":"1","piece":168,"series":"SCT","census_type":"HS","sctpar":"16","file_digest":"baffc43817cfd35de9ad56383da2511c","file_name":"HS416168.VLD","dir_name":"ABD"}
{"_id":{"$oid":"5cb1280765752c3200781d8e"},"full_year":"1841","raw_year":"1","piece":168,"series":"SCT","census_type":"HS","sctpar":"17","file_digest":"c4fdef1400d44b290a4fc79be132170a","file_name":"HS417168.VLD","dir_name":"ABD"}
{"_id":{"$oid":"5cb1299565752c3200789934"},"full_year":"1841","raw_year":"1","piece":168,"series":"SCT","census_type":"HS","sctpar":"18","file_digest":"c704fdf42d7bfaa046ae3c29496c0fd0","file_name":"HS418168.VLD","dir_name":"ABD"}
{"_id":{"$oid":"5cb12a8c65752c320078e92d"},"full_year":"1841","raw_year":"1","piece":168,"series":"SCT","census_type":"HS","sctpar":"21","file_digest":"600ef39b2593657dbab94e4d83a17d7b","file_name":"HS421168.VLD","dir_name":"ABD"}
{"_id":{"$oid":"5cb12b9065752c320079400c"},"full_year":"1841","raw_year":"1","piece":168,"series":"SCT","census_type":"HS","sctpar":"22","file_digest":"aabfecfa8b6518a0829660decccc481d","file_name":"HS422168.VLD","dir_name":"ABD"}
{"_id":{"$oid":"5cb12c5b65752c3200798517"},"full_year":"1841","raw_year":"1","piece":168,"series":"SCT","census_type":"HS","sctpar":"23","file_digest":"6e6c28740cbdb992e47fd7d86c5577b9","file_name":"HS423168.VLD","dir_name":"ABD"}
{"_id":{"$oid":"5d6d48c265752c4b248178aa"},"full_year":"1891","raw_year":"6","piece":1004,"series":"ENW","census_type":"RG","sctpar":null,"file_digest":"01b10e4560770e0c9928d5ec63fae1af","file_name":"rg121004.vld","dir_name":"BRK"}
{"_id":{"$oid":"5d6d49c565752c4b2481d878"},"full_year":"1891","raw_year":"6","piece":1886,"series":"ENW","census_type":"RG","sctpar":null,"file_digest":"3daa8bf5c63af689de2a89f1aa8b957b","file_name":"RG121886.VLD","dir_name":"SOM"}
