+INFO,ragazza1959@googlemail.com,password,SEQUENCED,BURIALS,cp437
#,CCC,Kate,NFK,SFKBRABU.CSV,01-Jun-2008
#,CREDIT,KL,ragazza1959@yahoo.co.uk
#,01-Jun-2008,,
SFK,Bradwell,St Nicholas,1,29 Mar 1813,Ann,,,,,ROLL,73,,
SFK,Bradwell,St Nicholas,2,19 Apr 1813,John,,,,,CROSS,66,,
SFK,Bradwell,St Nicholas,3,30 Apr 1813,Sarah,,,,,SMITH,18m,,
SFK,Bradwell,St Nicholas,4,24 Aug 1813,Henry,,,,,HART,4,,
SFK,Bradwell,St Nicholas,5,29 Aug 1813,James,,,,,HART,7,,
SFK,Bradwell,St Nicholas,6,29 Aug 1813,Mary Ann,,,,,HART,9,,
SFK,Bradwell,St Nicholas,7,7 Oct 1813,Mary,,,,,BIGGS,103,Yarmouth,103 Or 108
SFK,Bradwell,St Nicholas,8,5 Nov 1813,John,,,,,ADAMS,9m,,
SFK,Bradwell,St Nicholas,9,17 Nov 1813,Sarah,,,,,NEWSTEAD,2,,
SFK,Bradwell,St Nicholas,10,3 Dec 1813,Robert,,,,,NEWSTEAD,9,,
SFK,Bradwell,St Nicholas,11,5 Dec 1813,George,,,,,NEWRICK,25,,
SFK,Bradwell,St Nicholas,12,21 Dec 1813,Ann,,,,,WARD,14m,,
SFK,Bradwell,St Nicholas,13,12 May 1814,Catherine,,,,,AMISS,74,,
SFK,Bradwell,St Nicholas,14,30 Jul 1814,William,,,,,NEWRICK,9,Burgh Castle,Drowned Coroners Inquest Accidental Death Received
SFK,Bradwell,St Nicholas,15,12 Nov 1814,Lucy,,,,,CROW,20,Yarmouth,
SFK,Bradwell,St Nicholas,16,27 Apr 1815,Sarah,,,,,JAY,54,Yarmouth,
SFK,Bradwell,St Nicholas,17,21 May 1815,Christiana,,,,,GILES,32,Yarmouth,
SFK,Bradwell,St Nicholas,18,19 Sep 1815,Elizabeth,,,,,CHASTENEY,15,,
SFK,Bradwell,St Nicholas,19,26 Nov 1815,Mary Ann,,,,,CROSS,5w,,
SFK,Bradwell,St Nicholas,20,10 Dec 1815,Maria,,,,,MALLETT,5,,Burnt To Death
SFK,Bradwell,St Nicholas,21,20 Jun 1816,Mary,,,,,FIELDING,74,,
SFK,Bradwell,St Nicholas,22,24 Jun 1816,John,,,,,BYGRAVE,73,Yarmouth,
SFK,Bradwell,St Nicholas,23,13 Aug 1816,Mary,,,,,LEVELL,2,,
SFK,Bradwell,St Nicholas,24,8 Mar 1817,John,,,,,SMITH,11,,
SFK,Bradwell,St Nicholas,25,7 Jul 1817,James,,,,,WOOLMER,60,,
SFK,Bradwell,St Nicholas,26,17 Jul 1817,Benjamin,,,,,CROW,31,Yarmouth,
SFK,Bradwell,St Nicholas,27,22 Dec 1817,John,,,,,CROW,33,,
SFK,Bradwell,St Nicholas,28,12 Feb 1818,Sarah,,,,,JAY,35,Yarmouth,
SFK,Bradwell,St Nicholas,29,4 Mar 1818,Susannah,,,,,DRAKE,96,,
SFK,Bradwell,St Nicholas,30,26 Mar 1818,Ann,,,,,BAKER,81,,
SFK,Bradwell,St Nicholas,31,15 Apr 1818,Edmund,,,,,CHASTENEY,1,,
SFK,Bradwell,St Nicholas,32,2 Aug 1818,Hephzibath,,,,,NORFOR,24,,
SFK,Bradwell,St Nicholas,33,10 Aug 1818,Sarah Ann,,,,,ELLERD,5w,,
SFK,Bradwell,St Nicholas,34,5 Nov 1818,Amelia,,,,,TURNER,19,Yarmouth,
SFK,Bradwell,St Nicholas,35,15 Dec 1818,Elizabeth,,,,,PARKER,12,,
SFK,Bradwell,St Nicholas,36,13 Jun 1819,William,,,,,FLAXMAN,49,Gorleston,
SFK,Bradwell,St Nicholas,37,7 Jul 1819,Elizabeth,,,,,HU[GY]MAN,63,Halseworth,
SFK,Bradwell,St Nicholas,38,23 Aug 1819,Nathanael,,,,,ROWE,2m,,
SFK,Bradwell,St Nicholas,39,4 Mar 1820,Henrietta Alexander,,,,,THURTLE,5m,Yarmouth,
SFK,Bradwell,St Nicholas,40,2 Jul 1820,James,,,,,NEWRICK,70,Burgh Castle,
SFK,Bradwell,St Nicholas,41,22 Aug 1820,Samuel,,,,,CROWE,38,Brooke,
SFK,Bradwell,St Nicholas,42,12 Jan 1821,Elizabeth,,,,,SKIPP,83,Yarmouth,
SFK,Bradwell,St Nicholas,43,21 Jan 1821,Caroline,,,,,CROSS,7m,,
SFK,Bradwell,St Nicholas,44,14 Jun 1821,John,,,,,ADAMS,55,,
SFK,Bradwell,St Nicholas,45,15 Aug 1821,Herbert,,,,,PENRICE,3,Yarmouth,
SFK,Bradwell,St Nicholas,46,23 Oct 1821,James,,,,,BECKETT,7w,,
SFK,Bradwell,St Nicholas,47,6 Dec 1821,Caroline,,,,,THURTELL,26,Yarmouth,
SFK,Bradwell,St Nicholas,48,24 Dec 1821,Benjamin,,,,,LOVE,59,Gorleston,
SFK,Bradwell,St Nicholas,49,17 Jan 1822,John,,,,,AMISS,47,Gorleston,
SFK,Bradwell,St Nicholas,50,21 Jan 1822,Henry,,,,,COSTERTON,14m,Yarmouth,
SFK,Bradwell,St Nicholas,51,20 Feb 1822,William,,,,,RUSSELL,88,Bradwell,Clerk Of The Parish
SFK,Bradwell,St Nicholas,52,11 Aug 1822,John,,,,,CHAPLIN,73,Yarmouth,
SFK,Bradwell,St Nicholas,53,11 Dec 1822,William,,,,,GOOSE,13w,,
SFK,Bradwell,St Nicholas,54,12 Dec 1822,George,,,,,CROSS,10,,
SFK,Bradwell,St Nicholas,55,24 Jan 1823,Daniel,,,,,SKIPP,56,,
SFK,Bradwell,St Nicholas,56,26 Apr 1823,Maria Sophia,,,,,CROWE,10,,
SFK,Bradwell,St Nicholas,57,28 Dec 1823,Sarah,,,,,HIGH,67,,
SFK,Bradwell,St Nicholas,58,15 Jan 1824,Benjamin,,,,,WATERS,83,Gorleston,
SFK,Bradwell,St Nicholas,59,12 May 1824,Jane,,,,,CHASE,7m,,
SFK,Bradwell,St Nicholas,60,29 Aug 1824,Jemima,,,,,AMES,45,Burgh Castle,
SFK,Bradwell,St Nicholas,61,1 Mar 1825,Mary,,,,,CROWE,78,,
SFK,Bradwell,St Nicholas,62,19 Sep 1825,Elizabeth,,,,,D'OYLEY,55,,
SFK,Bradwell,St Nicholas,63,13 Oct 1825,James,,,,,BECKET,3,,
SFK,Bradwell,St Nicholas,64,7 Dec 1825,Amelia,,,,,S[AU]FFREY,2,St Andrews Norwich,
SFK,Bradwell,St Nicholas,65,20 Jul 1826,Christiana,,,,,GILES,75,Yarmouth,
SFK,Bradwell,St Nicholas,66,27 Jul 1826,Charlotte,,,,,SMITH,18,,
SFK,Bradwell,St Nicholas,67,20 Sep 1826,John,,,,,ELLARD,40,,
SFK,Bradwell,St Nicholas,68,23 Feb 1827,Robert,,,,,AMISS,81,Gorleston,
SFK,Bradwell,St Nicholas,69,1 Apr 1827,Susannah,,,,,COOPER,22,,
SFK,Bradwell,St Nicholas,70,30 Apr 1827,Lucy,,,,,CHASE,8,,
SFK,Bradwell,St Nicholas,71,21 May 1827,Francis,,,,,BROOKE,86,Yarmouth,
SFK,Bradwell,St Nicholas,72,1 Jun 1827,Ann,,,,,SIMPSON,70,Yarmouth,
SFK,Bradwell,St Nicholas,73,16 Jun 1827,Mary,,,,,CROWE,48,,
SFK,Bradwell,St Nicholas,74,12 Jul 1827,Charlotte,,,,,BECKETT,3m,,
SFK,Bradwell,St Nicholas,75,13 Jul 1827,William,,,,,LAST,84,Yarmouth,
SFK,Bradwell,St Nicholas,76,12 Nov 1827,James,,,,,NEWSTEAD,59,Gorleston,
SFK,Bradwell,St Nicholas,77,6 Dec 1827,Judith,,,,,SMITH,20w,,
SFK,Bradwell,St Nicholas,78,10 Jan 1828,William,,,,,SMITH,61,Yarmouth,
SFK,Bradwell,St Nicholas,79,27 Jan 1828,Anne,,,,,LYDAMAR,42,,
SFK,Bradwell,St Nicholas,80,30 Mar 1828,Judith,,,,,BENSLEY,73,,
SFK,Bradwell,St Nicholas,81,30 Mar 1828,Joseph,,,,,RING,73,,
SFK,Bradwell,St Nicholas,82,2 Jun 1828,Alexander Love,,,,,GORDON,71,Gorleston,
SFK,Bradwell,St Nicholas,83,20 Jul 1828,John,,,,,SMITH,53,,
SFK,Bradwell,St Nicholas,84,23 Jul 1828,Mary ,,,,,PARKER,80,Yarmouth,
SFK,Bradwell,St Nicholas,85,27 Jul 1828,George,,,,,WOODS,15,,
SFK,Bradwell,St Nicholas,86,27 Jul 1828,Sarah,,,,,SMITH,1,,
SFK,Bradwell,St Nicholas,87,18 Nov 1828,Henry,,,,,COOPER,14,,
SFK,Bradwell,St Nicholas,88,28 Dec 1828,John,,,,,BENSLEY,74,,
SFK,Bradwell,St Nicholas,89,4 Mar 1829,Thomas,,,,,SALMON,52,Hopland,
SFK,Bradwell,St Nicholas,90,8 Mar 1829,Charles,,,,,COOPER,20,Yarmouth,
SFK,Bradwell,St Nicholas,91,18 May 1829,Mary,,,,,DOWNES,69,Lowestoft,
SFK,Bradwell,St Nicholas,92,23 May 1829,John,,,,,DOWNES,71,Lowestoft,
SFK,Bradwell,St Nicholas,93,5 Jul 1829,Edward,,,,,BAKER,98,,
SFK,Bradwell,St Nicholas,94,16 Aug 1829,Elizabeth,,,,,COOPER,15,,
SFK,Bradwell,St Nicholas,95,29 Nov 1829,Jonas,,,,,SEELY,17,,
SFK,Bradwell,St Nicholas,96,27 Jan 1830,George,,,,,AMYSS,6m,,
SFK,Bradwell,St Nicholas,97,21 Apr 1830,Eleanor,,,,,BARBER,8m,South Town,
SFK,Bradwell,St Nicholas,98,26 May 1830,Thomas,,,,,VINCENT,50,,
SFK,Bradwell,St Nicholas,99,8 Nov 1830,Ann,,,,,SALMON,57,South Town,
SFK,Bradwell,St Nicholas,100,27 Oct 1831,Mary Ann,,,,,MALLETT,16,,
SFK,Bradwell,St Nicholas,101,28 Nov 1831,Ann,,,,,NEAL,47,,
SFK,Bradwell,St Nicholas,102,11 Dec 1831,[j_]iber,,,,,ELLIOTT,66,,
SFK,Bradwell,St Nicholas,104,20 Sep 1832,Charlotte,,,,,NEWRICK,2,,
SFK,Bradwell,St Nicholas,105,16 Jul 1831,Charlotte,,,,,WOODS,3w,,
SFK,Bradwell,St Nicholas,106,17 Jun 1832,Louisa,,,,,BRACEY,3w,,
SFK,Bradwell,St Nicholas,107,4 Nov 1832,Christiana,,,,,BARRETT,76,Yarmouth,
SFK,Bradwell,St Nicholas,108,12 Dec 1832,Elizabeth,,,,,ALLISON,64,Yamouth,
SFK,Bradwell,St Nicholas,109,19 Dec 1832,William,,,,,GILES,77,Yarmouth,
SFK,Bradwell,St Nicholas,110,24 Jan 1833,Pleasance T,,,,,CROSS,7w,Yarmouth,
SFK,Bradwell,St Nicholas,111,25 Apr 1833,Robert,,,,,CHASTENEY,26,,
SFK,Bradwell,St Nicholas,112,16 May 1833,Rebeccah,,,,,FLAXMAN,68,Gorleston,
SFK,Bradwell,St Nicholas,113,9 Jun 1833,Joshua,,,,,COOPER,54,,
SFK,Bradwell,St Nicholas,114,11 Jun 1833,Joseph,,,,,ALLISON,65,Yarmouth,
SFK,Bradwell,St Nicholas,115,11 Aug 1833,Anne,,,,,BROWN,20,,
SFK,Bradwell,St Nicholas,116,8 Sep 1833,Mary,,,,,LEVELL,77,,
SFK,Bradwell,St Nicholas,117,12 Sep 1833,Hannah,,,,,BOTWRIGHT,57,,
SFK,Bradwell,St Nicholas,118,16 Oct 1833,Fanny A ,,,,,PENRICE,5,Yarmouth,
SFK,Bradwell,St Nicholas,119,3 Dec 1833,Daniel Richard,,,,,CROSS,5m,Gorleston,
SFK,Bradwell,St Nicholas,120,20 Apr 1834,Susan,,,,,CHAPLIN,88,Yarmouth,
SFK,Bradwell,St Nicholas,121,23 Apr 1834,Benjamin,,,,,BRACY,8,,
SFK,Bradwell,St Nicholas,122,18 Aug 1834,Mary Ann,,,,,MARJORAM,30,Gorleston,
SFK,Bradwell,St Nicholas,123,28 Oct 1834,Sarah,,,,,NEWARK,79,Yarmouth,
SFK,Bradwell,St Nicholas,124,11 Jan 1835,Samuel,,,,,ADAMS,18,,
SFK,Bradwell,St Nicholas,125,8 Mar 1835,Charles S,,,,,BUNN,2,Yarmouth,
SFK,Bradwell,St Nicholas,126,26 Apr 1835,John,,,,,BARRETT,86,,
SFK,Bradwell,St Nicholas,127,3 May 1835,Thomas,,,,,TURNER,78,Yarmouth,
SFK,Bradwell,St Nicholas,128,3 May 1835,Daniel,,,,,CROSS,5w,Yarmouth,
SFK,Bradwell,St Nicholas,129,24 May 1835,John,,,,,WRIGHT,7,,
SFK,Bradwell,St Nicholas,130,12 Jun 1835,Alfred,,,,,BROWN,2,,
SFK,Bradwell,St Nicholas,131,10 Sep 1835,Susan,,,,,COOPER,58,,
SFK,Bradwell,St Nicholas,132,2 Nov 1835,Frances,,,,,MARJORAM,65,,
SFK,Bradwell,St Nicholas,133,7 Apr 1836,David,,,,,SIMPSON,87,South Town,
SFK,Bradwell,St Nicholas,134,12 Apr 1836,George,,,,,MARJORAM,3w,,Base Born
SFK,Bradwell,St Nicholas,135,13 May 1836,George,,,,,BOTWRIGHT,64,Maldon,
SFK,Bradwell,St Nicholas,136,24 Jul 1836,James,,,,,COOPER,7m,Yarmouth,
SFK,Bradwell,St Nicholas,137,21 Aug 1836,George,,,,,AMIS,1,,
SFK,Bradwell,St Nicholas,138,23 Oct 1836,Charles,,,,,BROOKS,8,,
SFK,Bradwell,St Nicholas,139,2 Dec 1836,Maria,,,,,CROW,34,Yarmouth,
SFK,Bradwell,St Nicholas,140,7 Dec 1836,Mary,,,,,LEVELL,15,,
SFK,Bradwell,St Nicholas,141,11 Dec 1836,John,,,,,AMISS,8m,,
SFK,Bradwell,St Nicholas,142,22 Jan 1837,John,,,,,CHASE,65,,
SFK,Bradwell,St Nicholas,143,3 Mar 1837,Frances,,,,,BAKER,75,,
SFK,Bradwell,St Nicholas,144,16 Apr 1837,William,,,,,COX,39,,
SFK,Bradwell,St Nicholas,145,9 May 1837,Frances,,,,,HART,59,,
SFK,Bradwell,St Nicholas,146,27 Jul 1837,Edward Charles,,,,,CROSS,22,,
SFK,Bradwell,St Nicholas,147,7 Aug 1837,Sarah,,,,,PITCHERS,72,Gt Yarmouth,
SFK,Bradwell,St Nicholas,148,17 Sep 1837,Mary,,,,,BROWN,78,,
SFK,Bradwell,St Nicholas,149,14 Nov 1837,Harriett,,,,,PORTER,infant,,
SFK,Bradwell,St Nicholas,150,24 Dec 1837,John,,,,,AMISS,4m,,
SFK,Bradwell,St Nicholas,151,15 Feb 1838,James,,,,,POLE,22,,
SFK,Bradwell,St Nicholas,152,18 Feb 1838,Esther Bensley,,,,,EASTER,31,,
SFK,Bradwell,St Nicholas,153,16 Apr 1838,Charles,,,,,FABB,58,,
SFK,Bradwell,St Nicholas,154,20 Jun 1838,George,,,,,KIPPEN,2m,,
SFK,Bradwell,St Nicholas,155,21 Jun 1838,Robert,,,,,BRACEY,25,,
SFK,Bradwell,St Nicholas,156,18 Jul 1838,William,,,,,SEILY,24,,
SFK,Bradwell,St Nicholas,157,20 Jul 1838,Joseph,,,,,BENSLEY,54,,
SFK,Bradwell,St Nicholas,158,17 Jan 1839,Thomas,,,,,WICKS,77,Yarmouth,
SFK,Bradwell,St Nicholas,159,5 Sep 1839,Mary,,,,,COOPER,32,South Town,
SFK,Bradwell,St Nicholas,160,22 Sep 1839,Edward Henry,,,,,PRESANCE,5w,,
SFK,Bradwell,St Nicholas,161,23 Jan 1840,Charles,,,,,BROOKS,8m,,
SFK,Bradwell,St Nicholas,162,27 Mar 1840,Edward,,,,,HOWES,73,Yarmouth,Late Parish Clerk Of Bradwell
SFK,Bradwell,St Nicholas,163,30 Apr 1840,Martha,,,,,LOVE,70,Yarmouth,
SFK,Bradwell,St Nicholas,164,6 May 1840,Susan Cooper,,,,,MARJORAM,1y 11m,,Base Born
SFK,Bradwell,St Nicholas,165,9 Nov 1840,Eliza,,,,,SMITH,2,,Base Born
SFK,Bradwell,St Nicholas,166,22 Dec 1840,John,,,,,MARJORAM,73,,
SFK,Bradwell,St Nicholas,167,18 Jan 1841,Jay,,,,,BRACEY,70,,
SFK,Bradwell,St Nicholas,168,15 Aug 1841,William,,,,,BRACEY,55,,
SFK,Bradwell,St Nicholas,169,17 Nov 1841,Mary Ann,,,,,GIBBS,24,,
SFK,Bradwell,St Nicholas,170,30 Jan 1842,James,,,,,GIBBS,3m,,
SFK,Bradwell,St Nicholas,171,16 Feb 1842,Deborah,,,,,EASTER,57,,
SFK,Bradwell,St Nicholas,172,1 May 1842,Matilda,,,,,HUBBARD,infant,,
SFK,Bradwell,St Nicholas,173,16 Jul 1842,John,,,,,HOLT,49,,
SFK,Bradwell,St Nicholas,174,18 Dec 1842,Jane,,,,,BRACEY,3m,,
SFK,Bradwell,St Nicholas,175,26 Mar 1843,John,,,,,EASTER,70,,
SFK,Bradwell,St Nicholas,176,21 Jan 1844,Samuel,,,,,SEELY,36,,
SFK,Bradwell,St Nicholas,177,16 Dec 1844,Maria,,,,,BUNN,2y 6m,Yarmouth,
SFK,Bradwell,St Nicholas,178,25 Mar 1845,Thomas,,,,,MALLETT,3m,,
SFK,Bradwell,St Nicholas,179,7 Apr 1845,Thomas,,,,,WRIGHT,6m,,
SFK,Bradwell,St Nicholas,180,13 May 1845,Ann,,,,,SMITH,57,,
SFK,Bradwell,St Nicholas,181,30 Sep 1845,Elizabeth,,,,,BENSLEY,17,Great Yarmouth,
SFK,Bradwell,St Nicholas,182,10 Feb 1846,Amy,,,,,TURNER,91,Great Yarmouth,
SFK,Bradwell,St Nicholas,183,31 Mar 1846,William,,,,,FORD,54,,
SFK,Bradwell,St Nicholas,184,12 Aug 1846,John,,,,,LEVELL,91,,
SFK,Bradwell,St Nicholas,185,24 Oct 1846,Charles William,,,,,CROW,32,,
SFK,Bradwell,St Nicholas,186,8 Jan 1847,Mary,,,,,WICKS,86,South Town,
SFK,Bradwell,St Nicholas,187,25 Apr 1847,William,,,,,BECKETT,9,,
SFK,Bradwell,St Nicholas,188,1 Jun 1847,Sarah,,,,,BLOY,72,,
SFK,Bradwell,St Nicholas,189,6 Dec 1847,William,,,,,HOWES,55,,
SFK,Bradwell,St Nicholas,190,6 Feb 1848,Elizabeth,,,,,CROCKER,75,,
SFK,Bradwell,St Nicholas,191,23 Mar 1848,Bernard,,,,,HUBBARD,3m,,
SFK,Bradwell,St Nicholas,192,15 May 1848,Frances,,,,,ELLIS,73,South Town,Wife
SFK,Bradwell,St Nicholas,193,15 May 1848,John,,,,,ELLIS,72,South Town Gorleston,Husband
SFK,Bradwell,St Nicholas,194,22 Jul 1848,Thomas William,,,,,SALMON,46,Hopton,Parish Clerk Of Hopton
SFK,Bradwell,St Nicholas,195,26 Jul 1848,Elizabeth,,,,,HOWES,79,Yarmouth,
SFK,Bradwell,St Nicholas,196,24 Sep 1848,Robert,,,,,MALLET,3,,
SFK,Bradwell,St Nicholas,197,5 Nov 1848,Elizabeth,,,,,CHASTENEY,77,,
SFK,Bradwell,St Nicholas,198,6 Dec 1848,Louisa,,,,,CHASTENEY,32,Gt Yarmouth,
SFK,Bradwell,St Nicholas,199,3 Jan 1849,Elizabeth,,,,,BAILEY,57,,
SFK,Bradwell,St Nicholas,200,2 Mar 1849,John,,,,,SALMON,14,Yarmouth,
SFK,Bradwell,St Nicholas,201,5 Apr 1849,Charles,,,,,CHASTENEY,19,,
SFK,Bradwell,St Nicholas,202,29 Apr 1849,James,,,,,CHASTENEY,46,,
SFK,Bradwell,St Nicholas,203,23 May 1849,Jane Sarah,,,,,SALMON,16,Caistor,
SFK,Bradwell,St Nicholas,204,17 Jun 1849,Ann,,,,,WRIGHT,6,,
SFK,Bradwell,St Nicholas,205,4 Sep 1849,Eliza,,,,,FABB,69,2 Trinity Square Southwark,
SFK,Bradwell,St Nicholas,206,14 Oct 1849,James R,,,,,AMOSS,2,,
SFK,Bradwell,St Nicholas,207,8 Nov 1849,William,,,,,FORD,33,Belton,
SFK,Bradwell,St Nicholas,208,11 Mar 1850,Mary,,,,,CLARKE,1y 10m,,
SFK,Bradwell,St Nicholas,209,29 Apr 1850,Ellen E,,,,,CLARKE,3,,
SFK,Bradwell,St Nicholas,210,29 Sep 1850,Emma,,,,,SPENCE,11,,
SFK,Bradwell,St Nicholas,211,17 Nov 1850,William,,,,,CROSS,68,Yarmouth,
SFK,Bradwell,St Nicholas,212,27 Jan 1851,George William,,,,,HAMMOND,2y 6m,,
SFK,Bradwell,St Nicholas,213,6 Apr 1851,Margaret,,,,,MARJORAM,17,,
SFK,Bradwell,St Nicholas,214,18 Apr 1851,Jonas,,,,,BROOKS,18,,
SFK,Bradwell,St Nicholas,215,4 Jun 1851,John,,,,,MANN,78,South Town,
SFK,Bradwell,St Nicholas,216,27 Jul 1851,Frederick,,,,,CROSS,29,Yarmouth,
SFK,Bradwell,St Nicholas,217,28 Oct 1851,Thomas,,,,,BALDRY,16,,
SFK,Bradwell,St Nicholas,218,8 Dec 1851,Thomas,,,,,AMIS,41,,
SFK,Bradwell,St Nicholas,219,9 Dec 1851,Henry,,,,,ADAMS,32,,
SFK,Bradwell,St Nicholas,220,20 Feb 1852,Jonas J,,,,,BROOKS,6m,,
SFK,Bradwell,St Nicholas,221,29 Feb 1852,Robert,,,,,SMITH,68,,
SFK,Bradwell,St Nicholas,222,22 Apr 1852,James,,,,,HUBBARD,7w,,
SFK,Bradwell,St Nicholas,223,23 Apr 1852,William,,,,,TUTHILL,66,Gt Yarmouth,
SFK,Bradwell,St Nicholas,224,13 May 1852,Jane,,,,,CATTERMOLE,11w,,
SFK,Bradwell,St Nicholas,225,25 May 1852,Lousia,,,,,CATTERMOLE,33,,
SFK,Bradwell,St Nicholas,226,6 Jun 1852,Edward,,,,,BROWN,25,,
SFK,Bradwell,St Nicholas,227,2 Sep 1852,Perry,,,,,ST QUINTIN,64,Gt Yarmouth,
SFK,Bradwell,St Nicholas,228,3 Dec 1852,George Augustus,,,,,CHASE,infant,,
SFK,Bradwell,St Nicholas,229,10 Apr 1853,Eliza,,,,,HALES,3,,
SFK,Bradwell,St Nicholas,230,13 May 1853,Joseph,,,,,BENDING,54,,
SFK,Bradwell,St Nicholas,231,7 May 1853,Susan,,,,,POLE,64,,
SFK,Bradwell,St Nicholas,232,26 Jun 1853,Hannah,,,,,WATERS,6,,
SFK,Bradwell,St Nicholas,233,29 Jun 1853,James,,,,,CLEVELAND,5,,
SFK,Bradwell,St Nicholas,234,10 Jul 1853,Mary,,,,,BAILEY,62,,
SFK,Bradwell,St Nicholas,235,28 Jul 1853,Mary Ann,,,,,HAMMOND,7,,
SFK,Bradwell,St Nicholas,236,11 Sep 1853,Matilda,,,,,GRAND,18,,
SFK,Bradwell,St Nicholas,237,13 Sep 1853,James,,,,,BLOY,70,,
SFK,Bradwell,St Nicholas,238,24 Nov 1853,Elizah,,,,,SEELEY,45,Gorleston,
SFK,Bradwell,St Nicholas,239,26 Dec 1853,John James,,,,,SMITH,7,,
SFK,Bradwell,St Nicholas,240,27 Feb 1854,Mary,,,,,NESLEN,79,Gorleston,
SFK,Bradwell,St Nicholas,241,13 Mar 1854,Elizabeth,,,,,HALES,56,,
SFK,Bradwell,St Nicholas,242,15 May 1854,John,,,,,WATERS,75,Southtown,
SFK,Bradwell,St Nicholas,243,30 May 1854,Susan,,,,,COOPER,44,Gt Yarmouth,
SFK,Bradwell,St Nicholas,244,29 Sep 1854,Benjamin,,,,,BUCK,infant,,
SFK,Bradwell,St Nicholas,245,30 Nov 1854,William,,,,,WRIGHT,20,,
SFK,Bradwell,St Nicholas,246,28 Jan 1855,Arthur,,,,,HUBBARD,5w,,
SFK,Bradwell,St Nicholas,247,19 Feb 1855,Sarah,,,,,JESSOP,74,,
SFK,Bradwell,St Nicholas,248,27 Feb 1855,Charles F,,,,,HUNTER,2,,
SFK,Bradwell,St Nicholas,249,12 Jun 1855,David,,,,,BROWN,70,,
SFK,Bradwell,St Nicholas,250,14 Dec 1855,Ethel Maxwell,,,,,LYTE,infant,,
SFK,Bradwell,St Nicholas,251,11 May 1856,Samuel,,,,,ADAMS,65,,
SFK,Bradwell,St Nicholas,252,7 Jun 1856,Henry William Maxwell,,,,,LYTE,38,Gt Yarmouth,
SFK,Bradwell,St Nicholas,253,22 Jul 1856,Sarah Ann,,,,,HUBBARD,5,Gt Yarmouth,
SFK,Bradwell,St Nicholas,254,3 Nov 1856,Charles,,,,,BAILEY,67,,
SFK,Bradwell,St Nicholas,255,2 Jul 1857,Thomas,,,,,LETTIS,45,Gt Yarmouth,Junior
SFK,Bradwell,St Nicholas,256,11 Jul 1857,Maria Ann,,,,,HAMMOND,22,,
SFK,Bradwell,St Nicholas,257,9 Aug 1857,Joshua,,,,,ANNIS,infant,,
SFK,Bradwell,St Nicholas,258,14 Sep 1857,James William,,,,,OSBORNE,16,,
SFK,Bradwell,St Nicholas,259,24 Sep 1857,Caroline Alexander,,,,,THURTELL,39,Gt Yarmouth,
SFK,Bradwell,St Nicholas,260,15 Feb 1858,James,,,,,BUNN,74,Gorleston,
SFK,Bradwell,St Nicholas,261,23 Feb 1858,Benjamin,,,,,BROOKS,65,,
SFK,Bradwell,St Nicholas,262,27 Feb 1858,Eleanor,,,,,ST QUINTIN,55,Kensington,
SFK,Bradwell,St Nicholas,263,23 May 1858,George S,,,,,THURSTON,2y 10m,,
SFK,Bradwell,St Nicholas,264,30 Jul 1858,George,,,,,NESLIN,87,Gorleston,
SFK,Bradwell,St Nicholas,265,25 Nov 1858,Harriett,,,,,ROBERTS,22,Gorleston,
SFK,Bradwell,St Nicholas,266,7 Dec 1858,Susan,,,,,SEILY,77,,
SFK,Bradwell,St Nicholas,267,27 Apr 1859,Sarah,,,,,SMITH,84,,
SFK,Bradwell,St Nicholas,268,16 May 1859,Thomas,,,,,MALLETT,13,,
SFK,Bradwell,St Nicholas,269,7 Sep 1859,George,,,,,THURSTON,11w,,
SFK,Bradwell,St Nicholas,270,16 Sep 1859,Clark,,,,,COOPER,57,Yarmouth,
SFK,Bradwell,St Nicholas,271,24 Oct 1859,Mary,,,,,MOYE,55,Yarmouth,
SFK,Bradwell,St Nicholas,272,7 Dec 1859,Mary,,,,,NEWARK,80,Burgh Castle,
SFK,Bradwell,St Nicholas,273,23 Dec 1859,Charles,,,,,JESSUP,80,,
SFK,Bradwell,St Nicholas,274,11 Apr 1860,John,,,,,MALLETT,73,,
SFK,Bradwell,St Nicholas,275,5 Jul 1860,Arthur Ambrose,,,,,RIVETT,5w,,
SFK,Bradwell,St Nicholas,276,25 Jul 1860,Ann,,,,,BENDING,64,Yarmouth,
SFK,Bradwell,St Nicholas,277,15 Nov 1860,Sarah,,,,,LEVELL,32,,
SFK,Bradwell,St Nicholas,278,15 Nov 1860,Ann Neve,,,,,WRIGHT,71,Yarmouth,
SFK,Bradwell,St Nicholas,279,29 Nov 1860,Caroline A ,,,,,RIVETT,18m,,
SFK,Bradwell,St Nicholas,280,3 Dec 1860,Gertrude Harriett,,,,,RIVETT,3,,
SFK,Bradwell,St Nicholas,281,20 Jan 1861,Frances,,,,,OSBORNE,47,,
SFK,Bradwell,St Nicholas,282,6 Feb 1861,Frances,,,,,NIMMO,67,Yarmouth,
SFK,Bradwell,St Nicholas,283,15 Feb 1861,James,,,,,SEILEY,85,,
SFK,Bradwell,St Nicholas,284,16 Jun 1861,Thomas,,,,,FOSTER,18w,,
SFK,Bradwell,St Nicholas,285,26 Jul 1861,Rosanna,,,,,EASTER,22,Gt Yarmouth,
SFK,Bradwell,St Nicholas,286,10 Sep 1861,Emma Eliza,,,,,WOODS,5w,Gorleston,
SFK,Bradwell,St Nicholas,287,29 Sep 1861,John,,,,,BUCK,75,,
SFK,Bradwell,St Nicholas,288,3 Dec 1861,George Illiam,,,,,NESLIN,45,Gorleston,
SFK,Bradwell,St Nicholas,289,18 Dec 1861,Mary Ann,,,,,DINGLE,1,,
SFK,Bradwell,St Nicholas,290,21 Feb 1862,Elizabeth,,,,,ADAMS,70,Yarmouth,
SFK,Bradwell,St Nicholas,291,23 Feb 1862,Edward,,,,,BECKETT,69,,
SFK,Bradwell,St Nicholas,292,3 Apr 1862,Elizabeth,,,,,AMOS,82,Yarmouth,
SFK,Bradwell,St Nicholas,293,27 Apr 1862,Charlotte,,,,,THURSTAN,46,Gorleston,
SFK,Bradwell,St Nicholas,294,15 Jul 1862,Benjamin,,,,,ANGEL,58,Yarmouth,
SFK,Bradwell,St Nicholas,295,11 Aug 1862,William,,,,,IVES,4m,,
SFK,Bradwell,St Nicholas,296,24 Aug 1862,Thomas,,,,,AMISS,82,Yarmouth,
SFK,Bradwell,St Nicholas,297,30 Sep 1862,James,,,,,SYMONDS,14,,
SFK,Bradwell,St Nicholas,298,10 Feb 1863,Charles,,,,,HALES,13m,,
SFK,Bradwell,St Nicholas,299,1 Apr 1863,Thomas,,,,,NIMMO,76,Yarmouth,
SFK,Bradwell,St Nicholas,300,23 Aug 1863,Ann,,,,,HUBBARD,67,,
SFK,Bradwell,St Nicholas,301,21 Sep 1863,Arthur,,,,,HALL,2w,,
SFK,Bradwell,St Nicholas,302,14 Oct 1863,Jemima,,,,,HOWES,63,,
SFK,Bradwell,St Nicholas,303,5 Dec 1863,William,,,,,TRIVETT,87,,Rector For 53 Years
SFK,Bradwell,St Nicholas,304,30 Jan 1864,James Samuel,,,,,BAILEY,9m,,
SFK,Bradwell,St Nicholas,305,1 Mar 1864,Mary Anne Helen,,,,,REYNOLDS,1y 7m,,
SFK,Bradwell,St Nicholas,306,14 Apr 1864,John,,,,,BROOKS,67,Yarmouth,
SFK,Bradwell,St Nicholas,307,6 Jun 1864,Susanna,,,,,BROOKS,76,Yarmouth,
SFK,Bradwell,St Nicholas,308,23 Jun 1864,Asa,,,,,BUCK,2,,
SFK,Bradwell,St Nicholas,309,8 Jul 1864,Hannah,,,,,AMES,82,,
SFK,Bradwell,St Nicholas,310,28 Jul 1864,Elizabeth,,,,,SYMONDS,1w,,
SFK,Bradwell,St Nicholas,311,21 Sep 1864,Sarah,,,,,BUCK,78,,
SFK,Bradwell,St Nicholas,312,12 Oct 1864,Charles,,,,,BROOKES,5w,,
SFK,Bradwell,St Nicholas,313,27 Oct 1864,Mary,,,,,CROSS,77,Great Yarmouth,
SFK,Bradwell,St Nicholas,314,11 Nov 1864,Sarah Elizabeth,,,,,FAULKE,56,Great Yarmouth,
SFK,Bradwell,St Nicholas,315,11 Nov 1864,James,,,,,ADAMS,51,,
SFK,Bradwell,St Nicholas,316,2 Mar 1865,George,,,,,WOODS,78,,
SFK,Bradwell,St Nicholas,317,5 Sep 1865,Robert,,,,,CROW,85,,
SFK,Bradwell,St Nicholas,318,8 Jan 1866,Ann,,,,,SEELY,57,Gorleston,
SFK,Bradwell,St Nicholas,319,22 Feb 1866,Charlotte,,,,,WOODS,75,,
SFK,Bradwell,St Nicholas,320,3 May 1866,Robert,,,,,CROWE,57,,
SFK,Bradwell,St Nicholas,321,7 Aug 1866,Phoebe,,,,,NEWARK,36,,
SFK,Bradwell,St Nicholas,322,9 Aug 1866,James,,,,,NEWARK,59,,
SFK,Bradwell,St Nicholas,323,4 Oct 1866,Mary Ann,,,,,EASTER,44,,
SFK,Bradwell,St Nicholas,324,18 Feb 1867,Priscilla,,,,,COOPER,3m,,
SFK,Bradwell,St Nicholas,325,15 Mar 1867,Elizabeth,,,,,PRETTYMAN,39,,
SFK,Bradwell,St Nicholas,326,6 May 1867,Emily Ann Maxwell,,,,,STEWARD,25,Yarmouth,
SFK,Bradwell,St Nicholas,327,15 Aug 1867,James,,,,,LEVELL,78,,
SFK,Bradwell,St Nicholas,328,11 Sep 1867,Susan,,,,,LEVELL,55,,
SFK,Bradwell,St Nicholas,329,8 Nov 1867,Sarah Ann,,,,,OSBORN,18,,
SFK,Bradwell,St Nicholas,330,22 Nov 1867,Henry Mauby,,,,,ABSOLON,6m,,
SFK,Bradwell,St Nicholas,331,16 Dec 1867,John,,,,,THROWER,27,Southtown,
SFK,Bradwell,St Nicholas,332,7 Jan 1868,Joshua,,,,,COOPER,58,,
SFK,Bradwell,St Nicholas,333,28 Jan 1868,Emily,,,,,MALLETT,52,,
SFK,Bradwell,St Nicholas,334,29 Jan 1868,Sarah,,,,,BARTRAM,45,,
SFK,Bradwell,St Nicholas,335,27 Feb 1868,Harry Wigg,,,,,HALES,infant,,
SFK,Bradwell,St Nicholas,336,19 Mar 1868,Robert James,,,,,HARGREAVES,infant,,
SFK,Bradwell,St Nicholas,337,2 Apr 1868,Maria,,,,,BUCK,42,,
SFK,Bradwell,St Nicholas,338,25 Apr 1868,Thomas,,,,,BARBER,70,Hobland Hall Bradwell,
SFK,Bradwell,St Nicholas,339,1 May 1868,George,,,,,BUCK,39,,
SFK,Bradwell,St Nicholas,340,11 Jun 1868,Thomas,,,,,BUNN,87,Southtown,
SFK,Bradwell,St Nicholas,341,25 Jun 1868,George,,,,,BAILEY,12w,,
SFK,Bradwell,St Nicholas,342,29 Oct 1868,Anna Maria,,,,,BALLS,83,,
SFK,Bradwell,St Nicholas,343,26 Dec 1868,Margaret,,,,,CHASTENEY,73,,
SFK,Bradwell,St Nicholas,344,11 Mar 1869,Mary Crow,,,,,LETTIS,55,Great Yarmouth,
SFK,Bradwell,St Nicholas,245,23 Apr 1869,Catharine Emma,,,,,BARBER,1y 9m,Hobland Bradwell,
SFK,Bradwell,St Nicholas,346,10 May 1869,Charlotte,,,,,WATERS,79,Southtown,
SFK,Bradwell,St Nicholas,347,26 Jul 1869,Elizabeth,,,,,LEVELL,80,,
SFK,Bradwell,St Nicholas,348,31 Aug 1869,Eliza,,,,,STIMPSON,2,,
SFK,Bradwell,St Nicholas,349,30 Sep 1869,Elizabeth,,,,,WOODS,35,,
SFK,Bradwell,St Nicholas,350,13 Jun 1869,Honor,,,,,ADAMS,66,,
SFK,Bradwell,St Nicholas,351,28 Jan 1870,Mary,,,,,BARHAM,81,,
SFK,Bradwell,St Nicholas,352,5 May 1870,Hannah,,,,,WATTS,28,,
SFK,Bradwell,St Nicholas,353,14 May 1870,John,,,,,HEMNELL,65,,
SFK,Bradwell,St Nicholas,354,17 Jul 1870,Ann Isabella,,,,,MALLET,infant,,
SFK,Bradwell,St Nicholas,355,21 Aug 1870,Jane Elizabeth,,,,,BRACEY,11m,,
SFK,Bradwell,St Nicholas,356,13 Oct 1870,Phoebe,,,,,CLARKE,infant,,
SFK,Bradwell,St Nicholas,357,31 Dec 1870,Maria,,,,,MALLETT,82,,
SFK,Bradwell,St Nicholas,358,26 Jan 1871,Walter,,,,,HARGREAVES,14,,
SFK,Bradwell,St Nicholas,359,3 Feb 1871,Thomas,,,,,MALLETT,53,,
SFK,Bradwell,St Nicholas,360,6 Apr 1871,Edward Luke,,,,,AMISS,3d,,
SFK,Bradwell,St Nicholas,361,24 Apr 1871,Henrietta Alexander,,,,,THURTELL,50,Great Yarmouth,
SFK,Bradwell,St Nicholas,362,5 Jun 1871,William,,,,,ELLIS,infant,,
SFK,Bradwell,St Nicholas,363,6 Jul 1871,Thomas,,,,,DYE,29,,
SFK,Bradwell,St Nicholas,364,15 Aug 1871,Emily,,,,,COX,32,,
SFK,Bradwell,St Nicholas,365,8 May 1872,John,,,,,AMISS,infant,,
SFK,Bradwell,St Nicholas,366,14 May 1872,Sarah,,,,,BROWN,84,,
SFK,Bradwell,St Nicholas,367,26 Aug 1872,Elizabeth,,,,,BRACEY,88,Gorleston,
SFK,Bradwell,St Nicholas,368,27 Aug 1872,John,,,,,BRACEY,52,Gorleston,
SFK,Bradwell,St Nicholas,369,23 Sep 1872,Mary Ann,,,,,LYDAMORE,14,,
SFK,Bradwell,St Nicholas,370,16 Oct 1872,George,,,,,READ,10,,
SFK,Bradwell,St Nicholas,371,26 Oct 1872,Elizabeth,,,,,LYDAMORE,42,,
SFK,Bradwell,St Nicholas,372,7 Nov 1872,Benjamin,,,,,BULLOCK,50,,
SFK,Bradwell,St Nicholas,373,9 Nov 1872,John,,,,,WALKER,83y 9m,,
SFK,Bradwell,St Nicholas,374,9 Mar 1873,William,,,,,BROOKS,58,,
SFK,Bradwell,St Nicholas,375,3 Apr 1873,Walter William,,,,,DENDY,18,Gorleston,
SFK,Bradwell,St Nicholas,376,23 May 1873,Mary Ann Elizabeth,,,,,BAILEY,11m,Gorleston,
SFK,Bradwell,St Nicholas,377,2 Sep 1873,Bertha,,,,,CHESTENEY,3m,,
SFK,Bradwell,St Nicholas,378,12 Nov 1873,Sophia,,,,,HOLT,67,Norwich,
SFK,Bradwell,St Nicholas,379,17 Nov 1873,Emily Rachel,,,,,BAILEY,4,Gorleston,
SFK,Bradwell,St Nicholas,380,1 Jan 1874,Eliza,,,,,ELLIS,37,,
SFK,Bradwell,St Nicholas,381,22 Jan 1874,Alice Beatrice,,,,,KERSEY,7m,,
SFK,Bradwell,St Nicholas,382,26 Jan 1874,Robert,,,,,HARVEY,13,,
SFK,Bradwell,St Nicholas,383,12 Apr 1874,Arthur,,,,,ADAMS,2m,Gorleston,
SFK,Bradwell,St Nicholas,384,20 Apr 1874,Maria Sarah Holt,,,,,BRANFORD,56,Burgh Castle,
SFK,Bradwell,St Nicholas,385,3 Jun 1874,Edward,,,,,MAYES,4,,
SFK,Bradwell,St Nicholas,386,20 Jul 1874,William Robert,,,,,GIBBS,3,,
SFK,Bradwell,St Nicholas,387,12 Aug 1874,Ethelbert James,,,,,NEWARK,1y 6m,Burgh Castle,
SFK,Bradwell,St Nicholas,388,28 Oct 1874,Stephen,,,,,CARTER,22,,
SFK,Bradwell,St Nicholas,389,15 Nov 1874,William,,,,,SYMONDS,3,Great Yarmouth,
SFK,Bradwell,St Nicholas,390,17 Nov 1874,Hannah Collyer,,,,,BUCK,40,,
SFK,Bradwell,St Nicholas,391,26 Nov 1874,Oliver,,,,,BEEVOR,25,Great Yarmouth,
SFK,Bradwell,St Nicholas,392,13 Feb 1875,George,,,,,AMISS,83,,
SFK,Bradwell,St Nicholas,393,13 Apr 1875,James,,,,,NEWARK,90y 6m,Burgh Castle,
SFK,Bradwell,St Nicholas,394,7 May 1875,Everson,,,,,CHASTENEY,59,Great Yarmouth,
SFK,Bradwell,St Nicholas,395,28 May 1875,Laura Martha,,,,,PEMBROKE,11d,,
SFK,Bradwell,St Nicholas,396,6 Jun 1875,Charlotte,,,,,HALES,53,,
SFK,Bradwell,St Nicholas,397,11 Aug 1875,Daniel,,,,,CLARKE,1,,
SFK,Bradwell,St Nicholas,398,18 Aug 1875,George Albert,,,,,ELLIS,10,,
SFK,Bradwell,St Nicholas,399,29 Aug 1875,Zenobia Edith,,,,,NEWARK,10m,Burgh Castle,
SFK,Bradwell,St Nicholas,400,3 Nov 1875,Ann,,,,,BENSLEY,91,,
SFK,Bradwell,St Nicholas,401,17 Dec 1875,Edith,,,,,BUCK,10w,,
SFK,Bradwell,St Nicholas,402,16 Apr 1876,Priscilla,,,,,BRACEY,55,Gorleston,
SFK,Bradwell,St Nicholas,403,1 May 1876,Ellen,,,,,ELLIS,4,,
SFK,Bradwell,St Nicholas,404,9 Jul 1876,Daniel,,,,,HAWES,80,,
SFK,Bradwell,St Nicholas,405,1 Nov 1876,Walter,,,,,ADAMS,3m,,
SFK,Bradwell,St Nicholas,406,14 Nov 1876,John Quantrell,,,,,STEBBINGS,49,,
SFK,Bradwell,St Nicholas,407,12 Jan 1877,Martha,,,,,STIMPSON,21,,
SFK,Bradwell,St Nicholas,408,26 Mar 1877,Henry,,,,,HAMMOND,70,Gorleston,
SFK,Bradwell,St Nicholas,409,8 May 1877,Matilda,,,,,RIVETT,29,Gorleston,
SFK,Bradwell,St Nicholas,410,10 May 1877,Rosanna Jane,,,,,BOND,1,,
SFK,Bradwell,St Nicholas,411,1 Jun 1877,George,,,,,BENNS,20,Gorleston,
SFK,Bradwell,St Nicholas,412,14 Jun 1877,Daniel,,,,,CLARKE,37,,
SFK,Bradwell,St Nicholas,413,22 Jul 1877,Georgiana,,,,,REYNOLDS,41,,
SFK,Bradwell,St Nicholas,414,26 Aug 1877,Alice,,,,,REYNOLDS,11,,
SFK,Bradwell,St Nicholas,415,8 Nov 1877,William,,,,,THURTELL,82,Great Yarmouth,
SFK,Bradwell,St Nicholas,416,12 Nov 1877,Ann Isabella,,,,,MALLETT,21,Burgh Castle,
SFK,Bradwell,St Nicholas,417,15 Nov 1877,George Edward,,,,,ADAMS,2m,,
SFK,Bradwell,St Nicholas,418,28 Nov 1877,Agnes Mary,,,,,WOODCOCK,4d,,
SFK,Bradwell,St Nicholas,419,17 Jan 1878,Catherine Amelia,,,,,CLARKE,1y 6m,Hopton,
SFK,Bradwell,St Nicholas,420,23 Jan 1878,Elizabeth Florence,,,,,CHASTENEY,1,,
SFK,Bradwell,St Nicholas,421,27 Jan 1878,William,,,,,REYNOLDS,78,,
SFK,Bradwell,St Nicholas,422,27 Feb 1878,Mary,,,,,BEEVOR,66,Great Yarmouth,
SFK,Bradwell,St Nicholas,423,30 Mar 1878,Minnie,,,,,COOPER,7m,,
SFK,Bradwell,St Nicholas,424,10 Apr 1878,Eleanor,,,,,BARBER,14,,
SFK,Bradwell,St Nicholas,425,11 Apr 1878,Mary,,,,,ABSOLON,86,Great Yarmouth,
SFK,Bradwell,St Nicholas,426,7 Jul 1878,Sarah,,,,,REYNOLDS,78,,
SFK,Bradwell,St Nicholas,427,8 Aug 1878,William,,,,,BROWN,67,,
SFK,Bradwell,St Nicholas,428,28 Aug 1878,Oliver,,,,,CHASTENEY,2,,
SFK,Bradwell,St Nicholas,429,13 Sep 1878,Richard,,,,,HARVEY,85,,
SFK,Bradwell,St Nicholas,430,16 Sep 1878,Arthur,,,,,ELLIS,2,,
SFK,Bradwell,St Nicholas,431,29 Sep 1878,William John,,,,,SHORE,8m,,
SFK,Bradwell,St Nicholas,432,19 Dec 1878,Martha,,,,,BECKETT,77,,
SFK,Bradwell,St Nicholas,433,3 Jan 1879,George,,,,,BENNS,70,Gorleston,
SFK,Bradwell,St Nicholas,434,14 Jan 1879,Frederick,,,,,HODSKINSON,86,Yarmouth,
SFK,Bradwell,St Nicholas,435,24 Jun 1879,Richard,,,,,HOWARD,90,,
SFK,Bradwell,St Nicholas,436,27 Jul 1879,John,,,,,MAYES,42,,
SFK,Bradwell,St Nicholas,437,10 Aug 1879,Matilda Garrard,,,,,BENNS,46,Gorleston,
SFK,Bradwell,St Nicholas,438,12 Aug 1879,James,,,,,OAKES,14,,Coroners Inquest
SFK,Bradwell,St Nicholas,439,15 Aug 1879,Samuel,,,,,STIMPSON,55,,
SFK,Bradwell,St Nicholas,440,24 Aug 1879,Caroline,,,,,COX,58,,
SFK,Bradwell,St Nicholas,441,24 Aug 1879,Emily,,,,,COX,4m,,
SFK,Bradwell,St Nicholas,442,21 Sep 1879,Edward Robert,,,,,SNOWLING,3,,
SFK,Bradwell,St Nicholas,443,19 Dec 1879,Martha,,,,,HARVEY,84,,
SFK,Bradwell,St Nicholas,444,2 Jan 1880,Mary Ann,,,,,NEWARK,75,Belton,
SFK,Bradwell,St Nicholas,445,22 Feb 1880,John,,,,,COOPER,9,,
SFK,Bradwell,St Nicholas,446,8 Apr 1880,Sarah,,,,,WATERS,58,Southtown,
SFK,Bradwell,St Nicholas,447,8 Apr 1880,Susannah,,,,,GIBBS,70,Gorleston,
SFK,Bradwell,St Nicholas,448,9 Aug 1880,Martha,,,,,ABSOLON,24,Gorleston,
SFK,Bradwell,St Nicholas,449,29 Aug 1880,Catharine Alice,,,,,IVELTON,1,,
SFK,Bradwell,St Nicholas,450,19 Oct 1880,George Frederick,,,,,GAYE,9,,
SFK,Bradwell,St Nicholas,451,20 Oct 1880,Edward,,,,,PAGE,39,Yarmouth,Lodging In Yarmouth Killed In Bradwell. Coroners Warrant.
SFK,Bradwell,St Nicholas,452,13 Jan 1881,James,,,,,HALES,57,,
SFK,Bradwell,St Nicholas,453,20 Jan 1881,Catherine,,,,,ENGLAND,68,,'e' Die? JW
SFK,Bradwell,St Nicholas,454,5 Mar 1881,Mary Ann,,,,,BALLS,5,,
SFK,Bradwell,St Nicholas,455,20 Mar 1881,Mary,,,,,STIMPSON,17,,
SFK,Bradwell,St Nicholas,456,28 Jul 1881,Elizabeth,,,,,STIMPSON,54,Oulton,Oulton Formerly Bradwell
SFK,Bradwell,St Nicholas,457,2 Aug 1881,Thomas Womack,,,,,BRANFORD,72,Burgh Castle,
SFK,Bradwell,St Nicholas,458,14 Sep 1881,Lily,,,,,KNIGHTS,10w,,
SFK,Bradwell,St Nicholas,459,10 Nov 1881,Emily,,,,,AMIS,71,Gorleston,
SFK,Bradwell,St Nicholas,460,11 Jan 1882,Rhoda,,,,,LYDAMON,26,Skeyton,
SFK,Bradwell,St Nicholas,461,7 Feb 1882,James,,,,,WELTON,1,,
SFK,Bradwell,St Nicholas,462,23 Feb 1882,John,,,,,BALLS,72,,
SFK,Bradwell,St Nicholas,463,19 Mar 1882,Laura ,,,,,SYMONDS,5,Gorleston,
SFK,Bradwell,St Nicholas,464,1 Apr 1882,Albert,,,,,HARWOOD,2m,,
SFK,Bradwell,St Nicholas,465,10 Apr 1882,Sarah Elizabeth,,,,,COOPER,3d,,
SFK,Bradwell,St Nicholas,466,14 May 1882,Christiana,,,,,COOPER,70,Gorleston,
SFK,Bradwell,St Nicholas,467,17 May 1882,Ernest,,,,,BUCK,16m,,
SFK,Bradwell,St Nicholas,468,27 Sep 1882,Phoebe,,,,,HOOD,60,Belton,Belton Late Bradwell
SFK,Bradwell,St Nicholas,469,24 Dec 1882,Ernest Edward,,,,,WELTON,10,,
SFK,Bradwell,St Nicholas,470,15 Feb 1883,William Last,,,,,HOGGETT,27,Great Yarmouth,Coroners Warrant
SFK,Bradwell,St Nicholas,471,4 Jun 1883,Jane,,,,,ABSOLON,59,Great Yarmouth,
SFK,Bradwell,St Nicholas,472,6 Jun 1883,Edith,,,,,HARWOOD,1m,,
SFK,Bradwell,St Nicholas,473,14 Jun 1883,Charlotte,,,,,OSBORNE,54,,
SFK,Bradwell,St Nicholas,474,27 Jun 1883,George Last,,,,,HOGGETT,4m,Belton,
SFK,Bradwell,St Nicholas,475,23 Aug 1883,Christopher,,,,,MARJORAM,77,,
SFK,Bradwell,St Nicholas,476,16 Sep 1883,Ellen,,,,,COX,2y 6m,,
SFK,Bradwell,St Nicholas,477,16 Sep 1883,Mary Ann,,,,,REECE,9m,,
SFK,Bradwell,St Nicholas,478,7 Dec 1883,Sarah,,,,,MARJORAM,68,,
SFK,Bradwell,St Nicholas,479,12 Dec 1883,Mary Ann,,,,,MARJORAM,53,,
SFK,Bradwell,St Nicholas,480,13 Dec 1883,John,,,,,CHASTENEY,87,,
SFK,Bradwell,St Nicholas,481,20 Feb 1884,John Wigg,,,,,HALES,77,The Oulton House Or Bradwell,
SFK,Bradwell,St Nicholas,482,12 Mar 1884,Ernest,,,,,KNIGHTS,7m,,
SFK,Bradwell,St Nicholas,483,6 May 1884,James,,,,,LIVECK,57,,
SFK,Bradwell,St Nicholas,484,7 Aug 1884,George,,,,,BELL,54,,
SFK,Bradwell,St Nicholas,485,8 Sep 1884,Robert James,,,,,DISNEY,9m,,
SFK,Bradwell,St Nicholas,486,30 Sep 1884,Harry,,,,,EAVIS,5w,,
SFK,Bradwell,St Nicholas,487,12 Feb 1885,Martha Elizabeth,,,,,TURNER,14m,,
SFK,Bradwell,St Nicholas,488,21 Feb 1885,Sophia,,,,,NEWARK,71,Burgh Castle,
SFK,Bradwell,St Nicholas,489,12 May 1885,Elizabeth,,,,,CUMBEY,28,,
SFK,Bradwell,St Nicholas,490,11 Jun 1885,Thomas Quinton,,,,,BARBER,49,Hobland Bradwell,
SFK,Bradwell,St Nicholas,491,15 Jun 1885,Jane Elizabeth,,,,,LIVECK,6,,
SFK,Bradwell,St Nicholas,492,5 Oct 1885,Eliza,,,,,CUMBEY,1y 9m,,
SFK,Bradwell,St Nicholas,493,13 Dec 1885,Percy,,,,,CLAXTON,5,,Coroners Inquest
SFK,Bradwell,St Nicholas,494,20 Mar 1886,Thomas William,,,,,SALMON,55,Diss,
SFK,Bradwell,St Nicholas,495,22 Mar 1886,Laura Georgiana,,,,,PARKER,30,Belton,
SFK,Bradwell,St Nicholas,496,10 Apr 1886,Phoebe,,,,,HEMMELL,76,,
SFK,Bradwell,St Nicholas,497,24 Apr 1886,Ann,,,,,BUNN,88,Gorleston,
SFK,Bradwell,St Nicholas,498,6 May 1886,Lydia,,,,,BOOTY,57,,
SFK,Bradwell,St Nicholas,499,11 May 1886,Arthur Andrew,,,,,TUBBY,10m,,
SFK,Bradwell,St Nicholas,500,27 May 1886,Frederick Mark,,,,,BUCK,9m,,
SFK,Bradwell,St Nicholas,501,9 Jun 1886,Edith,,,,,COOPER,3y 9m,,
SFK,Bradwell,St Nicholas,502,20 Jun 1886,John,,,,,COOPER,1y 6m,,
SFK,Bradwell,St Nicholas,503,4 Sep 1886,Eliza,,,,,BARBER,55,Hobland Hall Bradwell,
SFK,Bradwell,St Nicholas,504,16 Oct 1886,Frank Fayerman,,,,,SMITH,infant,,
SFK,Bradwell,St Nicholas,505,19 Nov 1886,Emily,,,,,LOVICK,67,,Inquest
SFK,Bradwell,St Nicholas,506,28 Nov 1886,Rosa Ada,,,,,BUXTON,4y 6m,,Inquest
SFK,Bradwell,St Nicholas,507,23 Dec 1886,Ann,,,,,PAULL,79,,
SFK,Bradwell,St Nicholas,508,9 Mar 1887,George,,,,,BOOTY,21,Gorleston,
SFK,Bradwell,St Nicholas,509,22 Apr 1887,William Augustus,,,,,BERKELEY,39,Great Yarmouth,
SFK,Bradwell,St Nicholas,510,21 May 1887,Freeman,,,,,EGLINGTON,65,Southtown,
SFK,Bradwell,St Nicholas,511,21 May 1887,Arthur Nathaniel,,,,,BOND,3m,,
SFK,Bradwell,St Nicholas,512,11 Oct 1887,Mary,,,,,BURGESS,79,Wakefield,Died At Bradwell
SFK,Bradwell,St Nicholas,513,31 Oct 1887,Stephen,,,,,HOUGHTON,57,,
SFK,Bradwell,St Nicholas,514,14 Jan 1888,Benjamin,,,,,CROWE,62,,
SFK,Bradwell,St Nicholas,515,19 Jan 1888,Sarah,,,,,SALMON,84,Ipswich,On Coffin '84 Years'. In Newspaper 'in 85th Year'. Registration Certificate '80 Years'
SFK,Bradwell,St Nicholas,516,8 Feb 1888,Eliza,,,,,BUCK,73,Burgh Castle,
SFK,Bradwell,St Nicholas,517,1 Mar 1888,Judith,,,,,BARBER,87,Hobland Hall Bradwell,
SFK,Bradwell,St Nicholas,518,9 Mar 1888,James,,,,,SMITH,72,Oulton,
SFK,Bradwell,St Nicholas,519,10 May 1888,Clarinda Emma,,,,,DISNEY,30,,
SFK,Bradwell,St Nicholas,520,11 Jun 1888,Stephen Ernest,,,,,FRANCIS,15m,,
SFK,Bradwell,St Nicholas,521,28 Jul 1888,Clara,,,,,WILES,40,Gorleston,
SFK,Bradwell,St Nicholas,522,9 Oct 1888,James William,,,,,BOND,4,,
SFK,Bradwell,St Nicholas,523,13 Mar 1889,William,,,,,WOODCOCK,47,,
SFK,Bradwell,St Nicholas,524,13 Apr 1889,Daniel James,,,,,PATRICK,62,,Note 1 Says 'usually Called Patrick But Certificate Says Partick'. Entered As Partick In Register But  Further Note Says Patrick Was Right.
SFK,Bradwell,St Nicholas,525,4 Aug 1889,Henry,,,,,KNIGHTS,35,,
SFK,Bradwell,St Nicholas,526,14 Aug 1889,Esther,,,,,HADINGHAM,29,,
SFK,Bradwell,St Nicholas,527,14 Sep 1889,Richard,,,,,CLARK,65,,
SFK,Bradwell,St Nicholas,528,27 Dec 1889,Robert,,,,,HOOD,69,Gorleston,
SFK,Bradwell,St Nicholas,529,8 Jan 1890,William,,,,,OSBORN,73,,
SFK,Bradwell,St Nicholas,530,23 Jan 1890,James David,,,,,CLAXTON,31,,
SFK,Bradwell,St Nicholas,531,16 Feb 1890,George,,,,,BAILEY,83,,
SFK,Bradwell,St Nicholas,532,19 Mar 1890,Susannah,,,,,HAWES,87,,
SFK,Bradwell,St Nicholas,533,26 Apr 1890,Ann,,,,,ROBINSON,72,Bradwell Formerly Of Malton,For Over 50 Years In The Service Of Revd John Walker Rector Of Bradwell.
SFK,Bradwell,St Nicholas,534,7 May 1890,Hannah,,,,,COX,69,,
SFK,Bradwell,St Nicholas,535,14 May 1890,Mark Isaac Robert,,,,,HUBBARD,70,,
SFK,Bradwell,St Nicholas,536,21 May 1890,Sarah,,,,,WARNES,59,,
SFK,Bradwell,St Nicholas,537,5 Jun 1890,Mary,,,,,BUNN,75,,
SFK,Bradwell,St Nicholas,538,7 Jun 1890,John,,,,,THURSTON,78,Gorleston,
SFK,Bradwell,St Nicholas,539,3 Jul 1890,Ellen,,,,,HUBBARD,26,,
SFK,Bradwell,St Nicholas,540,16 Aug 1890,Maria,,,,,MANN,84,Great Yarmouth,
SFK,Bradwell,St Nicholas,541,9 May 1891,Jonas,,,,,GIBBS,76,Gorleston,
SFK,Bradwell,St Nicholas,542,11 May 1891,Jane,,,,,EDMONDS,67,,
SFK,Bradwell,St Nicholas,543,16 Jun 1891,Ruth,,,,,AYERS,82,,
SFK,Bradwell,St Nicholas,544,7 Nov 1891,Isabel Amelia,,,,,LANE,18m,Great Yarmouth,
SFK,Bradwell,St Nicholas,545,16 Dec 1891,Sarah,,,,,FULLER,77,,
SFK,Bradwell,St Nicholas,546,22 Jan 1892,John,,,,,DINGLE,59,,
SFK,Bradwell,St Nicholas,547,20 Feb 1892,Harold Alfred,,,,,NEWARK,8m,,
SFK,Bradwell,St Nicholas,548,16 Mar 1892,Walter Last,,,,,HADINGHAM,2y 6m,,
SFK,Bradwell,St Nicholas,549,12 May 1892,Lucy,,,,,BALLS,78,Burgh Castle,
SFK,Bradwell,St Nicholas,550,17 May 1892,Rebecca,,,,,BUGDEN,20,,
SFK,Bradwell,St Nicholas,551,21 May 1892,William Daniel,,,,,JERMY,3d,,
SFK,Bradwell,St Nicholas,552,16 Jun 1892,George Bowen,,,,,JAY,60,Great Yarmouth,Found Killed On The Railway. Buried Under Authority Of Coroners Warrant.  Age About 60 Years.
SFK,Bradwell,St Nicholas,553,16 Oct 1892,Eliza,,,,,BARBER,37,,
SFK,Bradwell,St Nicholas,554,13 Feb 1893,Julia Maria,,,,,GREEN,9d,,
SFK,Bradwell,St Nicholas,555,13 Jul 1893,John,,,,,COOPER,70,,
SFK,Bradwell,St Nicholas,556,4 Aug 1893,James,,,,,BUCK,74,Burgh Castle,
SFK,Bradwell,St Nicholas,557,6 Sep 1893,Stephen,,,,,COX,82,Lowestoft,
SFK,Bradwell,St Nicholas,558,24 Oct 1893,Rosa Elizabeth,,,,,WILLIS,5m,,
SFK,Bradwell,St Nicholas,559,6 Nov 1893,Joseph James,,,,,EDMONDS,15d,,
SFK,Bradwell,St Nicholas,560,8 Jan 1894,William Edward,,,,,EDWARDS,21d,,
SFK,Bradwell,St Nicholas,561,10 Jan 1894,Annie Elizabeth,,,,,COOPER,5,,
SFK,Bradwell,St Nicholas,562,27 Mar 1894,Susan,,,,,BENNS,81,Gorleston,
SFK,Bradwell,St Nicholas,563,16 May 1894,William Brewer,,,,,AYERS,81,,
SFK,Bradwell,St Nicholas,564,4 Oct 1894,Ann,,,,,YOUNGS,81,,
SFK,Bradwell,St Nicholas,565,15 Nov 1894,Clara,,,,,GRANT,41,Burgh Castle,
SFK,Bradwell,St Nicholas,566,18 Feb 1895,William Harry,,,,,COOPER,1y 2m,,
SFK,Bradwell,St Nicholas,567,9 Mar 1895,John,,,,,DYBLE,64,,
SFK,Bradwell,St Nicholas,568,7 Jun 1895,William,,,,,HART,76,,
SFK,Bradwell,St Nicholas,569,15 Jul 1895,Bertie William,,,,,BROWN,6m,,
SFK,Bradwell,St Nicholas,570,23 Sep 1895,Catherine,,,,,COOPER,16w,Gorleston,
SFK,Bradwell,St Nicholas,571,17 Oct 1895,Dorothy Dauby,,,,,SHAVE,4m,Gorleston,
SFK,Bradwell,St Nicholas,572,21 Dec 1895,Dora,,,,,RIVETT,8m,,
SFK,Bradwell,St Nicholas,573,12 Mar 1896,Charles Edwin,,,,,CHURCH,10w,,
SFK,Bradwell,St Nicholas,574,15 Apr 1896,John,,,,,FULLER,81,Burgh Castle,
SFK,Bradwell,St Nicholas,575,29 Jun 1896,Rosa Ellen,,,,,EDWARDS,6d,,
SFK,Bradwell,St Nicholas,576,26 Sep 1896,Ethel Daisy,,,,,JERMY,4m,,
SFK,Bradwell,St Nicholas,577,19 Oct 1896,Lydia,,,,,BALLS,85,Oulton Late Of Bradwell,
SFK,Bradwell,St Nicholas,578,7 Dec 1896,Maud Ellen,,,,,WALKER,35,49 Chepstow Place Kensington Now Paddington,
SFK,Bradwell,St Nicholas,579,12 Jan 1897,Benjamin John,,,,,SMITH,6m,,
SFK,Bradwell,St Nicholas,580,3 Mar 1897,Matilda,,,,,COOPER,71,,
SFK,Bradwell,St Nicholas,581,1 Jun 1897,Elsie May,,,,,FARMAN,5m,,
SFK,Bradwell,St Nicholas,582,10 Aug 1897,Jacob,,,,,EDWARDS,68,,
SFK,Bradwell,St Nicholas,583,29 Dec 1897,Ada Ruth,,,,,WILLIS,6m,,
SFK,Bradwell,St Nicholas,584,6 Jan 1898,Harry,,,,,CHURCH,39,,
SFK,Bradwell,St Nicholas,585,7 Jan 1898,Robert,,,,,TAYLOR,42,Cobholm Yarmouth,
SFK,Bradwell,St Nicholas,586,26 Jan 1898,Alice,,,,,REYNOLDS,18,Bradwell Rectory,
SFK,Bradwell,St Nicholas,587,28 Jan 1898,Ernest Charles,,,,,REYNOLDS,27,,
SFK,Bradwell,St Nicholas,588,30 Apr 1898,David Urquhart,,,,,ABSOLON,79,Great Yarmouth,
SFK,Bradwell,St Nicholas,589,22 Jul 1898,Louisa Gertrude,,,,,WALKER,77,Bradwell Rectory,
SFK,Bradwell,St Nicholas,590,1 Aug 1898,Louisa,,,,,MOY,67,,
SFK,Bradwell,St Nicholas,591,9 Sep 1898,Dorothy May,,,,,REYNOLDS,10m,,
SFK,Bradwell,St Nicholas,592,20 Sep 1898,May Winifred,,,,,ELLIS,3m,,
SFK,Bradwell,St Nicholas,593,26 Sep 1898,George William,,,,,PLANE,5m,,
SFK,Bradwell,St Nicholas,594,5 Nov 1898,William,,,,,BENSLEY,91,,91 Years Less 2 Days
SFK,Bradwell,St Nicholas,595,1 Jul 1899,Henry James,,,,,LANE,42,Southtown Great Yarmouth,
SFK,Bradwell,St Nicholas,596,25 Jul 1899,Alice Maud,,,,,CLARKE,12,,
SFK,Bradwell,St Nicholas,597,18 Aug 1899,Florence,,,,,WRIGHT,38,,
SFK,Bradwell,St Nicholas,598,25 Aug 1899,Jack,,,,,WILLIS,6m,,
SFK,Bradwell,St Nicholas,599,6 Oct 1899,Bertie William,,,,,MACE,19,,Herbert Deleted And Replaced By Bertie. Wcw Written In Margin.
SFK,Bradwell,St Nicholas,600,23 Nov 1899,Albert George,,,,,BARBER,47,Gorleston,
SFK,Bradwell,St Nicholas,601,9 Dec 1899,Doris Margaret Jane,,,,,ORSBORN,5m,,
SFK,Bradwell,St Nicholas,602,23 Feb 1900,James,,,,,GOWER,83,,
SFK,Bradwell,St Nicholas,603,27 Feb 1900,William,,,,,REYNOLDS,74,,
SFK,Bradwell,St Nicholas,604,21 Mar 1900,William,,,,,ORSBORN,23,,
SFK,Bradwell,St Nicholas,605,29 Mar 1900,Hezekiah,,,,,ELLIS,74,,
SFK,Bradwell,St Nicholas,606,5 May 1900,Stephen John,,,,,COOPER,4m,,
SFK,Bradwell,St Nicholas,607,9 Aug 1900,Allie Sarah,,,,,CLAXTON,7w,,
SFK,Bradwell,St Nicholas,608,15 Aug 1900,Emily Louisa,,,,,ADAMS,16m,,
SFK,Bradwell,St Nicholas,609,20 Aug 1900,Edward,,,,,HARWOOD,49,,
SFK,Bradwell,St Nicholas,610,19 Nov 1900,Phoebe,,,,,GOWER,62,Gorleston,
SFK,Bradwell,St Nicholas,611,22 Apr 1901,Mary Ann,,,,,BROOKS,62,,
SFK,Bradwell,St Nicholas,612,11 Jun 1901,Oswald Diver Swan,,,,,BURWOOD,20,Yarmouth,
SFK,Bradwell,St Nicholas,613,15 Jul 1901,Mary Ann,,,,,HART,81,,
SFK,Bradwell,St Nicholas,614,16 Jul 1901,Charles Henry,,,,,WILTSHIRE,67,,
SFK,Bradwell,St Nicholas,615,27 Jul 1901,Anna Katherine Jessie,,,,,STEWARD,57,Gt Yarmouth,
SFK,Bradwell,St Nicholas,616,8 Aug 1901,Thomas Burton,,,,,STEWARD,67,Gt Yarmouth,
SFK,Bradwell,St Nicholas,617,22 Aug 1901,Charles Bernard,,,,,SHREEVE,3,Great Yarmouth,
SFK,Bradwell,St Nicholas,618,12 Sep 1901,Catherine,,,,,HALES,57,,
SFK,Bradwell,St Nicholas,619,29 Oct 1901,Jane,,,,,IVES,72,,
SFK,Bradwell,St Nicholas,620,16 Nov 1901,Mary Ann,,,,,GOWER,86,,
SFK,Bradwell,St Nicholas,621,20 Nov 1901,James,,,,,HOVELLS,79,,Wcw Written In Margin.  Alias Hobbles.
SFK,Bradwell,St Nicholas,621,20 Nov 1901,James,,,,,HOBBLES,79,,Wcw Written In Margin.  Alias Hovells.
SFK,Bradwell,St Nicholas,622,1 Feb 1902,Percy,,,,,DELPH,32,,
SFK,Bradwell,St Nicholas,623,24 May 1902,Mary Ann,,,,,FRANCIS,71,,
SFK,Bradwell,St Nicholas,624,11 Jun 1902,James,,,,,BROOKS,62,,
SFK,Bradwell,St Nicholas,625,27 Sep 1902,Edward,,,,,MACE,55,,
SFK,Bradwell,St Nicholas,626,10 Dec 1902,Victor Hubert,,,,,FARMAN,7w,,
SFK,Bradwell,St Nicholas,627,4 Feb 1903,Thomas,,,,,IVES,32,Bradwell,Died At Oulton Workhouse
SFK,Bradwell,St Nicholas,628,20 Feb 1903,Alfred ,,,,,OAKES,41,The Oulton Union Workhouse,
SFK,Bradwell,St Nicholas,629,8 Apr 1903,Moses,,,,,DELPH,73,,
SFK,Bradwell,St Nicholas,630,13 May 1903,Frederick Arthur,,,,,GODFREY,7m,,
SFK,Bradwell,St Nicholas,631,18 May 1903,Henrietta Ethel Ellen,,,,,APPLETON,24,,
SFK,Bradwell,St Nicholas,632,19 Aug 1903,James,,,,,COLE,70,,
SFK,Bradwell,St Nicholas,633,14 Sep 1903,Cecil Gilbert,,,,,NEWARK,9m,,
SFK,Bradwell,St Nicholas,634,17 Nov 1903,Mary Gambling Burton,,,,,SHALES,80,Stoke Newington,
SFK,Bradwell,St Nicholas,635,17 Dec 1903,Elvy Richard,,,,,FRANCIS,85,Gorleston Late Of Bradwell,
SFK,Bradwell,St Nicholas,636,20 Jan 1904,Frederick George Woods,,,,,CODLING,3m,,
SFK,Bradwell,St Nicholas,637,15 Feb 1904,Sarah,,,,,BENSLEY,90,,
SFK,Bradwell,St Nicholas,638,26 Feb 1904,John,,,,,ELLIS,85,,
SFK,Bradwell,St Nicholas,639,30 Mar 1904,Henry,,,,,HIGH,58,,
SFK,Bradwell,St Nicholas,640,9 May 1904,Harriet,,,,,TUBBY,1m,,
SFK,Bradwell,St Nicholas,641,20 Aug 1904,Brian,,,,,BELL,51,Yarmouth,
SFK,Bradwell,St Nicholas,642,6 Oct 1904,Dorothy May,,,,,ALLEN,4m 12d,,Coroners Certificate
SFK,Bradwell,St Nicholas,643,10 Oct 1904,Alice,,,,,FARMAN,37,,
SFK,Bradwell,St Nicholas,644,1 Nov 1904,James Harold,,,,,RIVETT,6m,,
SFK,Bradwell,St Nicholas,645,8 Nov 1904,John,,,,,WALKER,83,,
SFK,Bradwell,St Nicholas,646,21 Jan 1905,William,,,,,IVES,19,,
SFK,Bradwell,St Nicholas,647,3 Apr 1905,John,,,,,HUBBARD,77,,
SFK,Bradwell,St Nicholas,648,25 May 1905,Percy Frederick,,,,,WYNES,1y 11m,,
SFK,Bradwell,St Nicholas,649,31 Aug 1905,William,,,,,SHALES,77,Southsea Late Of Bradwell,3 Days Less Than 77 Years 
SFK,Bradwell,St Nicholas,650,1 Sep 1905,James,,,,,MOY,66,Bradwell,Died In The General Hospital Great Yarmouth
SFK,Bradwell,St Nicholas,651,1 Jan 1906,Sarah,,,,,PALMER,74,Gorleston,
SFK,Bradwell,St Nicholas,652,24 Jan 1906,George Arthur,,,,,COOPER,15w,,
SFK,Bradwell,St Nicholas,653,7 Apr 1906,Bessie Amelia,,,,,POTTER,29,,
SFK,Bradwell,St Nicholas,654,14 Apr 1906,Harry,,,,,COOPER,51,,
SFK,Bradwell,St Nicholas,655,3 May 1906,Ben,,,,,WARNES,1m,,
SFK,Bradwell,St Nicholas,656,5 Jun 1906,George,,,,,GOOCH,49,,
SFK,Bradwell,St Nicholas,657,13 Jul 1906,John,,,,,AMIS,63,,
SFK,Bradwell,St Nicholas,658,25 Jul 1906,Rose Ellen,,,,,WOODROW,26,,
SFK,Bradwell,St Nicholas,659,24 Sep 1906,Dorothy Rose,,,,,REYNOLDS,10m,,
SFK,Bradwell,St Nicholas,660,2 Nov 1906,Edith Molly,,,,,ALLEN,13d,,Unbaptised. Used A Modified Form Of Service.
SFK,Bradwell,St Nicholas,661,19 Nov 1906,Edward James,,,,,BECK,8d,,
SFK,Bradwell,St Nicholas,662,19 Nov 1906,George Elijah ,,,,,BECK,8d,,
SFK,Bradwell,St Nicholas,663,16 Jan 1907,Sarah Ann,,,,,SMITH,72,,
SFK,Bradwell,St Nicholas,664,25 Feb 1907,Mary Ann,,,,,CLARK,82,,
SFK,Bradwell,St Nicholas,665,11 Mar 1907,Ruth Mary,,,,,WYNES,7d,,Twins Buried In One Grave
SFK,Bradwell,St Nicholas,666,11 Mar 1907,Florence Emma,,,,,WYNES,2d,,Twins Buried In One Grave
SFK,Bradwell,St Nicholas,667,6 Apr 1907,Kezia,,,,,BUNN,89,,
SFK,Bradwell,St Nicholas,668,11 May 1907,Harriet,,,,,TUBBY,76,Bradwell Star Farm,
SFK,Bradwell,St Nicholas,669,17 Aug 1907,Emily,,,,,KNIGHTS,64,,
SFK,Bradwell,St Nicholas,670,20 Dec 1907,Gilbert Charles,,,,,FENN,2,,
SFK,Bradwell,St Nicholas,671,31 Dec 1907,Job,,,,,SNOWLEY,35,,
SFK,Bradwell,St Nicholas,672,21 Feb 1908,Ann,,,,,HUBBARD,75,Gorleston,
SFK,Bradwell,St Nicholas,673,4 Mar 1908,Bertie Saint Thomas,,,,,ALLEN,8w,,
SFK,Bradwell,St Nicholas,674,17 Mar 1908,Samuel,,,,,IVES,86,The Union House Oulton But Formerly Of Bradwell,
SFK,Bradwell,St Nicholas,675,21 Mar 1908,Elijah,,,,,GOOCH,83,,
SFK,Bradwell,St Nicholas,676,30 Mar 1908,Percy George,,,,,WYNES,3w,,
SFK,Bradwell,St Nicholas,677,30 May 1908,Caroline,,,,,BURKINSHAW,62,,
SFK,Bradwell,St Nicholas,678,2 Jun 1908,William,,,,,BECKETT,84,,
SFK,Bradwell,St Nicholas,679,22 Aug 1908,Judith Louisa,,,,,BARBER,83,Lowestoft,
SFK,Bradwell,St Nicholas,680,9 Jan 1909,Henry George,,,,,CUMBY,59,,
SFK,Bradwell,St Nicholas,681,20 Jan 1909,Mary Ann,,,,,AMIS,63,Gorleston,
SFK,Bradwell,St Nicholas,682,6 Feb 1909,Walter Sturman,,,,,BLACK,25,,
SFK,Bradwell,St Nicholas,683,1 Mar 1909,Christopher,,,,,DOWE,79,,
SFK,Bradwell,St Nicholas,684,23 Mar 1909,Mary,,,,,BALLS,0,,Age Half An Hour
SFK,Bradwell,St Nicholas,685,26 Mar 1909,Doris Kathleen,,,,,REYNOLDS,9m,,
SFK,Bradwell,St Nicholas,686,29 Mar 1909,Barnard Percy Thomas,,,,,ALLEN,9w,,
SFK,Bradwell,St Nicholas,687,3 Apr 1909,Louisa,,,,,DOWE,70,,
SFK,Bradwell,St Nicholas,688,10 Apr 1909,William,,,,,TUBBY,84,Eastles Farm Bradwell,
SFK,Bradwell,St Nicholas,689,1 Nov 1909,Lilian Emma,,,,,GREGORY,3m,,
SFK,Bradwell,St Nicholas,690,19 Nov 1909,David,,,,,BROWN,95,,
SFK,Bradwell,St Nicholas,691,5 Feb 1910,Elizabeth Gertrude,,,,,BROWN,7w,,
SFK,Bradwell,St Nicholas,692,24 Mar 1910,Harold Phillips,,,,,WILLWAY,18m,Gorleston,
SFK,Bradwell,St Nicholas,693,31 Mar 1910,Esther,,,,,CODLING,73,,
SFK,Bradwell,St Nicholas,694,20 Apr 1910,Frances,,,,,ELLIS,92,The Union House Oulton Formerly Of Bradwell,
SFK,Bradwell,St Nicholas,695,30 Jun 1910,John Ouzman,,,,,PEARSON,72,,
SFK,Bradwell,St Nicholas,696,2 Jul 1910,Samuel,,,,,BROWN,62,Burgh Castle,
SFK,Bradwell,St Nicholas,697,21 Sep 1910,Joseph,,,,,RANT,78,Southtown Yarmouth,
SFK,Bradwell,St Nicholas,698,7 Dec 1910,Isaac,,,,,EDMUNDS,88,,
SFK,Bradwell,St Nicholas,699,15 Dec 1910,Henry,,,,,WRIGHT,75,,
SFK,Bradwell,St Nicholas,700,1 Feb 1911,Clara,,,,,WILTSHIRE,75,,
SFK,Bradwell,St Nicholas,701,22 Feb 1911,Susan,,,,,WRIGHT,73,,
SFK,Bradwell,St Nicholas,702,29 Aug 1911,Edmund Spence,,,,,PALMER,84,56 Springfield Road Gorleston,Coroners Order For Burial
SFK,Bradwell,St Nicholas,703,25 Sep 1911,William Ronald,,,,,BECKETT,13m,Gapton Bradwell,
SFK,Bradwell,St Nicholas,704,22 Nov 1911,Lydia,,,,,WOODS,10h,,
SFK,Bradwell,St Nicholas,705,29 Nov 1911,George William,,,,,BUCK,5,Hobland Bradwell,
SFK,Bradwell,St Nicholas,706,2 Dec 1911,Arthur,,,,,HUFFEY,36,,
SFK,Bradwell,St Nicholas,707,6 Jan 1912,James,,,,,EASTER,88,,
SFK,Bradwell,St Nicholas,708,5 Mar 1912,Elizabeth,,,,,SALMON,79,Kensington,
SFK,Bradwell,St Nicholas,709,10 Apr 1912,James,,,,,NEWARK,67,,
SFK,Bradwell,St Nicholas,710,8 May 1912,Charles,,,,,KNIGHTS,10h,Hobland Bradwell,
SFK,Bradwell,St Nicholas,711,1 Jul 1912,Margorie Elsie,,,,,DAVIES,11w,Gapton Bradwell,
SFK,Bradwell,St Nicholas,712,14 Sep 1912,Mary Phyllis,,,,,MOORE,4m,,
SFK,Bradwell,St Nicholas,713,19 Oct 1912,Ernest Robert,,,,,CHAPLIN,32,Yarmouth,
SFK,Bradwell,St Nicholas,714,1 Nov 1912,Esther,,,,,LURKINS,70,,
SFK,Bradwell,St Nicholas,715,7 Dec 1912,Anna,,,,,HALL,68,,
SFK,Bradwell,St Nicholas,716,8 Feb 1913,Robert,,,,,TUBBY,80,Belton,
SFK,Bradwell,St Nicholas,717,13 Feb 1913,George,,,,,KNIGHTS,3d,Hobland Bradwell,
SFK,Bradwell,St Nicholas,718,13 Feb 1913,Ann Mary,,,,,ROUSE,48,,
SFK,Bradwell,St Nicholas,719,17 Feb 1913,Doris Maud,,,,,BARBER,6m,,
SFK,Bradwell,St Nicholas,720,21 Mar 1913,Alice Marion,,,,,BAMMANT,35,Pier House Gorleston Yarmouth,
SFK,Bradwell,St Nicholas,721,19 Apr 1913,Rosetta Charlotte,,,,,RIVETT,11,,
SFK,Bradwell,St Nicholas,722,23 Apr 1913,Rebecca,,,,,PEARSON,86,,
SFK,Bradwell,St Nicholas,723,16 Jul 1913,William George,,,,,BURTON,62,,
SFK,Bradwell,St Nicholas,724,1 Oct 1913,Arthur George,,,,,SARBUTT,58,,
SFK,Bradwell,St Nicholas,725,21 Mar 1914,Herbert Arthur,,,,,MORTIMER,15,,
SFK,Bradwell,St Nicholas,726,14 May 1914,Maria,,,,,KNIGHTS,87,South Town,
SFK,Bradwell,St Nicholas,727,19 May 1914,Maud Ellen,,,,,WRIGHT,3,,
SFK,Bradwell,St Nicholas,728,23 May 1914,Robert,,,,,WRIGHT,10m,,
SFK,Bradwell,St Nicholas,729,3 Jun 1914,Henry,,,,,HALL,76,Gorleston,
SFK,Bradwell,St Nicholas,730,9 Jun 1914,David,,,,,CLAXTON,29,,
SFK,Bradwell,St Nicholas,731,13 Jul 1914,Emily Sarah,,,,,BESSEY,20,,
SFK,Bradwell,St Nicholas,732,13 Aug 1914,Eleanor,,,,,NEWARK,68,,
SFK,Bradwell,St Nicholas,733,12 Sep 1914,Mary Ann,,,,,HAGGITH,57,Caistor On Sea,
SFK,Bradwell,St Nicholas,734,9 Nov 1914,George Savory,,,,,DURRANT,73,,
SFK,Bradwell,St Nicholas,735,8 Feb 1915,Eliza,,,,,CROWE,89,Gorleston Late Bradwell,
SFK,Bradwell,St Nicholas,736,1 Apr 1915,Alfred Charles,,,,,HOWES,62,,
SFK,Bradwell,St Nicholas,737,5 Jun 1915,Reginald Kenneth,,,,,ALLEN,3m,,
SFK,Bradwell,St Nicholas,738,13 Jul 1915,Benjamin,,,,,WILLIS,49,,
SFK,Bradwell,St Nicholas,739,15 Jul 1915,Martha,,,,,BROWN,79,,
SFK,Bradwell,St Nicholas,740,18 Aug 1915,Gladys Edith,,,,,NEWARK,5d,,
SFK,Bradwell,St Nicholas,741,7 Oct 1915,Alice Jane,,,,,BARBER,33,,
SFK,Bradwell,St Nicholas,742,17 Nov 1915,Charles Eli,,,,,HIGH,59,,
SFK,Bradwell,St Nicholas,743,23 Nov 1915,Christiana,,,,,WILLIS,49,,
SFK,Bradwell,St Nicholas,744,8 Dec 1915,John James,,,,,MAYES,36,Liverpool Formerley Of Bradwell,
SFK,Bradwell,St Nicholas,745,9 Dec 1915,Samuel,,,,,PARFITT,58,,
SFK,Bradwell,St Nicholas,746,31 Dec 1915,Harry,,,,,WRIGHT,74,,
SFK,Bradwell,St Nicholas,747,25 Jan 1916,Simon,,,,,FOX,86,Bradwell,Died At Oulton
SFK,Bradwell,St Nicholas,748,26 Feb 1916,Rose Mary,,,,,BUXTON,1m,,
SFK,Bradwell,St Nicholas,749,29 Feb 1916,Charlotte,,,,,STURMAN,65,,
SFK,Bradwell,St Nicholas,750,8 May 1916,Roland James,,,,,TUBBY,19,,
SFK,Bradwell,St Nicholas,751,1 Jun 1916,John,,,,,SMITH,86,,
SFK,Bradwell,St Nicholas,752,17 Jul 1916,Minnie,,,,,FELGATE,7h,,
SFK,Bradwell,St Nicholas,753,10 Aug 1916,Joyce Marie Maynard,,,,,PARKER,10w 5d,Avondale Road Gorleston,
SFK,Bradwell,St Nicholas,754,24 Oct 1916,Jane Elizabeth,,,,,ADAMS,80,,
SFK,Bradwell,St Nicholas,755,7 Dec 1916,Eliza Jemima,,,,,HALES,90,,
SFK,Bradwell,St Nicholas,756,30 Dec 1916,Mary Ann,,,,,CUNNINGHAM,85,,
SFK,Bradwell,St Nicholas,757,22 Jan 1917,Charlotte,,,,,COOPER,74,Gorleston,
SFK,Bradwell,St Nicholas,758,14 Feb 1917,Mary Elizabeth,,,,,HIGH,56,Belton Late Of Bradwell,
SFK,Bradwell,St Nicholas,759,15 Mar 1917,Alice,,,,,BENNS,46,,
SFK,Bradwell,St Nicholas,760,24 May 1917,Sarah,,,,,TUBBY,88,,
SFK,Bradwell,St Nicholas,761,24 Dec 1917,Walter Dennis,,,,,CHAPLIN,66,,
SFK,Bradwell,St Nicholas,762,26 Jan 1918,Arthur William,,,,,BAILEY,33,,
SFK,Bradwell,St Nicholas,763,2 Mar 1918,Henrietta Bertha,,,,,FENN,7w,,
SFK,Bradwell,St Nicholas,764,29 Mar 1918,Sarah Ann,,,,,REYNOLDS,79,,
SFK,Bradwell,St Nicholas,765,16 May 1918,Ellen,,,,,CUMBY,65,Gorleston,
SFK,Bradwell,St Nicholas,766,16 Jul 1918,Frederick Charles,,,,,AMIS,25,,Burial Performed By Methodist Minister And Rector
SFK,Bradwell,St Nicholas,767,14 Aug 1918,Oliver,,,,,MOORE,77,,
SFK,Bradwell,St Nicholas,768,4 Sep 1918,Jonathan,,,,,KNIGHTS,61,Burgh Castle,
SFK,Bradwell,St Nicholas,769,25 Sep 1918,Herbert Edward,,,,,SMITH,65,,
SFK,Bradwell,St Nicholas,770,2 Nov 1918,William,,,,,WOODROW,72,,
SFK,Bradwell,St Nicholas,771,13 Feb 1919,Benjamin,,,,,BUCK,82,Gorleston,
SFK,Bradwell,St Nicholas,772,5 Mar 1919,May Matilda,,,,,SHORTEN,6m,,
SFK,Bradwell,St Nicholas,773,15 Mar 1919,Mahala,,,,,EDWARDS,55,Burgh Castle,
SFK,Bradwell,St Nicholas,774,25 Mar 1919,Ernest Russell,,,,,BOND,15m,,
SFK,Bradwell,St Nicholas,775,25 Mar 1919,Ernest William,,,,,SHORTEN,34,,
SFK,Bradwell,St Nicholas,776,8 Apr 1919,James,,,,,PRATT,89,,
SFK,Bradwell,St Nicholas,777,14 Apr 1919,Martha,,,,,WOODROW,69,,
SFK,Bradwell,St Nicholas,778,4 Jun 1919,John William,,,,,NICHOLS,1h,,
SFK,Bradwell,St Nicholas,779,4 Jun 1919,Stanley Gordon,,,,,NICHOLS,1h,,
SFK,Bradwell,St Nicholas,780,21 Jul 1919,Frederick Walter,,,,,CHAPLIN,31,Yarmouth,Late Of Bradwell
SFK,Bradwell,St Nicholas,781,14 Nov 1919,Elsie,,,,,KNIGHTS,10d,,
SFK,Bradwell,St Nicholas,782,22 Dec 1919,Phoebe,,,,,BUCK,68,Cobholm Yarmouth,
SFK,Bradwell,St Nicholas,783,28 Jan 1920,Esther,,,,,PRATT,81,The Infirmary Oulton,
SFK,Bradwell,St Nicholas,784,11 Mar 1920,Nellie Freda,,,,,CHAPLIN,7w,Yarmouth,
SFK,Bradwell,St Nicholas,785,23 Nov 1920,Mary Ann,,,,,FARROW,73,Gapton Cottages Bradwell,
SFK,Bradwell,St Nicholas,786,11 Dec 1920,Robert John,,,,,MARJORAM,71,,
SFK,Bradwell,St Nicholas,787,16 Dec 1920,James,,,,,REYNOLDS,79,,
SFK,Bradwell,St Nicholas,788,14 Jan 1921,James,,,,,HALES,73,The Doles North Bradwell,
SFK,Bradwell,St Nicholas,789,17 Feb 1921,Dorothy Irene,,,,,KNIGHTS,26d,Hobland Bradwell,
SFK,Bradwell,St Nicholas,790,8 Mar 1921,Harriett Hannah,,,,,WALKER,72,Lowestoft,
SFK,Bradwell,St Nicholas,791,10 Mar 1921,James,,,,,COOPER,77,,
SFK,Bradwell,St Nicholas,792,19 Apr 1921,Edith Harriet,,,,,BAILEY,63,,
SFK,Bradwell,St Nicholas,793,5 May 1921,Emma Jane,,,,,CLARKE,71,,
SFK,Bradwell,St Nicholas,794,24 Aug 1921,Francis Ernest William,,,,,SHORTEN,14,3 Harleston Terrace Bradwell,
SFK,Bradwell,St Nicholas,795,6 Sep 1921,Maria,,,,,ELLIS,87,Burgh Lane Bradwell,
SFK,Bradwell,St Nicholas,796,22 Sep 1921,George,,,,,TUBBY,34,Lily Pits Gorleston,
SFK,Bradwell,St Nicholas,797,1 Oct 1921,Charles,,,,,SUTTON,71,,
SFK,Bradwell,St Nicholas,798,5 Nov 1921,Ellen Gertrude,,,,,REYNOLDS,47,,
SFK,Bradwell,St Nicholas,799,17 Nov 1921,Mary Ann,,,,,MOORE,68,,
SFK,Bradwell,St Nicholas,800,26 Nov 1921,Edith Mary Moore,,,,,BAILEY,6,,
