+INFO,Ragazza1959@googlemail.com,password,SEQUENCED,BAPTISMS,cp437
#,CCC,Kate Liffen,Nfk,SFKBRABA2.CSV,18-Mar-2009
#,CREDIT,Kate,ragazza1959@googlemail.com
#,18-Mar-2009,,
SFK,Bradwell,St Nicholas,,14 Jan 1809,15 Jan 1809,John,M,,Elizabeth,,LEGGETT,,,
SFK,Bradwell,St Nicholas,,3 Feb 1809,12 Feb 1809,Henry,M,Henry,Francis,HART,HOWLETT,,,
SFK,Bradwell,St Nicholas,,27 Feb 1809,5 Mar 1809,Elizabeth,F,James,Mary,NEWSTEAD,BULLER,,,
SFK,Bradwell,St Nicholas,,12 Apr 1809,23 Apr 1809,Charlotte,F,Robert,Ann,SMITH,B[AU]RRE[L_]L,,,Brought Into The Church Oct 25 1812
SFK,Bradwell,St Nicholas,,4 Jun 1809,11 Jun 1809,Keziah Woodcock,F,John,Elizabeth,WOODCOCK,,,,Privately Baptised
SFK,Bradwell,St Nicholas,,6 Nov 1809,7 Nov 1809,Charles,M,Charles,Mary,MARJORAM,CUMMINGHAM,,,Privately Baptised
SFK,Bradwell,St Nicholas,,13 Nov 1809,Nov 1809,Sarah,F,Joseph,Mary,WRIGHT,LEGGETT,,,
SFK,Bradwell,St Nicholas,,21 Nov 1809,2 Dec 1809,Jacob,M,John,Sarah,SMITH,HALL,,,
SFK,Bradwell,St Nicholas,,27 Dec 1809,31 Dec 1809,Mary,F,Thomas,Elizabeth,RISING,BROWN,,,
SFK,Bradwell,St Nicholas,,3 Jan 1810,Jan 1810,Thomas,M,Thomas,Elizabeth,AMIS,SHREEVE,,,
SFK,Bradwell,St Nicholas,,11 Apr 1810,16 Apr 1810,[e_]ta[b_],F,John,Frances,MARJORAM,BA[M_]__,,,
SFK,Bradwell,St Nicholas,,23 Sep 1810,30 Sep 1830,Harriett Louise,F,Robert,Mary,CROW,CROW,,,
SFK,Bradwell,St Nicholas,,1 Nov 1810,18 Nov 1810,Maria,F,John,Maria,MALLETT,BUCK,,,
SFK,Bradwell,St Nicholas,,26 Feb 1811,3 Mar 1811,Sarah,F,James,Mary,NEWSTEAD,BULLER,,,
SFK,Bradwell,St Nicholas,,16 Mar 1811,20 Mar 1811,Thomas King,M,William,Elizabeth,[E_]ALES,*ART,,,
SFK,Bradwell,St Nicholas,,19 Apr 1811,21 Apr 1811,Esther,F,John,Elizabeth,CHASE,ESTHER,,,
SFK,Bradwell,St Nicholas,,19 Apr 1811,21 Apr 1811,James Brame,M,Samuel,Ann,CROW,BRAME,,,
SFK,Bradwell,St Nicholas,,17 May 1811,19 May 1811,Charles,M,John,Elizabeth,PARKER,GREEN,,,
SFK,Bradwell,St Nicholas,,29 May 1811,3 Jun 1811,Charles,M,Joshua,Susanna,COOPER,CARTER,,,
SFK,Bradwell,St Nicholas,,2 Aug 1811,4 Aug 1811,Harriett,F,Thomas,Susanna,RISING,GATES,,,
SFK,Bradwell,St Nicholas,,2 Sep 1811,22 Sep 1811,Sarah,F,Robert,Ann,SMITH,BARRETT,,,
SFK,Bradwell,St Nicholas,,25 Sep 1811,17 Oct 1811,John,M,John,Susanna,WARD,NEALE,,,
SFK,Bradwell,St Nicholas,,4 Nov 1811,13 Nov 1811,Susanna,F,James,Ann,THOMPSON,STARLING,,,
SFK,Bradwell,St Nicholas,,15 Dec 1811,22 Dec 1811,John,M,John,Mary,COOK,ALISON,,,Recd Into The Church May 17 1812
SFK,Bradwell,St Nicholas,,5 May 1812,10 May 1812,Charles,M,Thomas,Elizabeth,AMIS,SHREEVE,,,
SFK,Bradwell,St Nicholas,,20 Jun 1812,21 Jun 1812,Charlotte,F,Joseph,Mary,WRIGHT,LEGGETT,,,Recd Into Church Aug 8 1813
SFK,Bradwell,St Nicholas,,9 Aug 1812,9 Aug 1812,Edward,M,John,Mary,SMITH,BROOKS,,,
SFK,Bradwell,St Nicholas,,7 Aug 1812,9 Aug 1812,Mary,F,John,Sarah,SMITH,HALL,,,
SFK,Bradwell,St Nicholas,,23 Aug 1812,30 Aug 1812,Elizabeth,F,William,Sarah,PITCHES,BREEZE,,,
SFK,Bradwell,St Nicholas,,27 Sep 1812,27 Sep 1812,George,M,William,Mary,CROSS,NEALE,,,
SFK,Bradwell,St Nicholas,,21 Sep 1812,18 Oct 1812,Jonas,M,Jonas,Mary,SEALY,RAY,,,
SFK,Bradwell,St Nicholas,,,25 Oct 1812,Elizabeth,F,William,Xtiana,ALLEN,BARRETT,,,Recd Into The Church
SFK,Bradwell,St Nicholas,,13 Oct 1812,15 Nov 1812,Ann,F,John,Susan,WARD,NEALE,,,
SFK,Bradwell,St Nicholas,,20 Jun 1812,21 Jun 1812,Maria Sophia,F,Robert,Mary,CROW,CROW,,,Privately Baptised. Recd Into Church Aug 21 1814
SFK,Bradwell,St Nicholas,,12 Jan 1807,18 Jan 1807,Mary,F,Joseph,Mary,WRIGHT,LEGGATE,,,Recd Into Church Aug 8 1813
SFK,Bradwell,St Nicholas,,18 Jan 1807,25 Jan 1807,Samuel,M,Thomas,Elizabeth,WILKINSON,ALLEN,,,Privately
SFK,Bradwell,St Nicholas,,19 Jan 1807,15 Feb 1807,James,M,John,Susanna,WARD,NEALE,,,
SFK,Bradwell,St Nicholas,,12 Apr 1807,26 Apr 1807,Harriett,F,Thomas,Elizabeth,AMYS,SHREEVE,,,Privy
SFK,Bradwell,St Nicholas,,26 Aug 1807,30 Aug 1807,Charlotte,F,Robert,Ann,SMITH,BARRETT,,,Privy. Recd Into Church Oct 25 1812
SFK,Bradwell,St Nicholas,,7 Oct 1807,Oct 1807,Ann,F,John,Sarah,SMITH,HALL,,,Privy. Recd Into Church Aug 19 1813
SFK,Bradwell,St Nicholas,,22 Oct 1807,3 Nov 1807,Jonathan,M,Richard,Mary,HARRIS,FREEM*,,,Privy
SFK,Bradwell,St Nicholas,,17 Dec 1807,20 Dec 1807,George,M,John,Elizabeth,PARKER,GREEN,,,Privy
SFK,Bradwell,St Nicholas,,3 Jan 1808,10 Jan 1808,Ann,F,Thomas,Elizabeth,RISING,BRAN*,,,Privly
SFK,Bradwell,St Nicholas,,5 Feb 1808,7 Feb 1808,Samuel,M,John,Elizabeth,CHASE,HESTER,,,Privly
SFK,Bradwell,St Nicholas,,6 Feb 1808,17 Feb 1808,Mary Ann,F,John,Elizabeth,WOODCOCK,BUNN,,,Privly
SFK,Bradwell,St Nicholas,,5 May 1808,8 May 1808,William,M,William,Jemima,AMIS,NEWARK,,,Privy Bap
SFK,Bradwell,St Nicholas,,25 Jul 1808,31 Jul 1808,Robert,M,Robert,Mary,CROW,CROW,,,Privy Bapd
SFK,Bradwell,St Nicholas,,6 Jul 1808,15 Jul 1808,William,M,Thomas,Susanna,RISING,GATES,,,Mother Name Originally Entered As Mary And Then Struck Through
SFK,Bradwell,St Nicholas,,8 Aug 1808,14 Aug 1808,James,M,,Ann,,PIGG,,,Privy Bap
SFK,Bradwell,St Nicholas,,28 Oct 1808,31 Oct 1808,Jane,F,Robert,Ann,WELLS,BOOK,,,Privy Bapd. Recd Into Church April 18 1813
SFK,Bradwell,St Nicholas,,23 Nov 1808,27 Nov 1808,Robert,M,Samuel,Phoebe,PILE,MARJORAM,,,Privy Bapd
SFK,Bradwell,St Nicholas,,14 Dec 1808,14 Dec 1808,John,M,Joseph,Mary,WRIGHT,LEGGATT,,,Privy Bapd With Brother.
SFK,Bradwell,St Nicholas,,14 Dec 1808,14 Dec 1808,Joseph,M,Joseph,Mary,WRIGHT,LEGGATT,,,Privy Bapd With Brother.
SFK,Bradwell,St Nicholas,,18 Nov 1808,22 Dec 1808,Henry,M,John,Susanna,WARD,NEALE,,,Privy Bapd.
SFK,Bradwell,St Nicholas,,20 Dec 1808,Dec 1808,Dorcas,F,Richard,Mary,HARRIS,,,,Privly Bapd.
SFK,Bradwell,St Nicholas,,24 Feb 1804,17 Feb 1805,Frances,F,,Ann,,WOODS,,,Privly Bapd.
SFK,Bradwell,St Nicholas,,11 Feb 1805,20 Feb 1805,James,M,Joseph,Mary,WRIGHT,LEGGETT,,,Privly Bapd.
SFK,Bradwell,St Nicholas,,17 Mar 1808,13 Mar 1808,Elizabeth,F,Thomas,Elizabeth,AMIS,SHREEVE,,,Privly Bapd.
SFK,Bradwell,St Nicholas,,7 May 1805,8 May 1805,James,M,James,Mary,NEWARK,BROWNE,,,Privly Bapd.
SFK,Bradwell,St Nicholas,,7 May 1805,8 May 1805,William,M,James,Mary,NEWARK,BROWNE,,,Privly Bapd.
SFK,Bradwell,St Nicholas,,6 May 1805,8 May 1805,Robert,M,John,Mary,SPRINGALL,ROUNCE,,,Privly Bapd.
SFK,Bradwell,St Nicholas,,6 May 1805,8 May 1805,Sarah,F,John,Mary,SPRINGALL,ROUNCE,,,Privly Bapd.
SFK,Bradwell,St Nicholas,,12 Nov 1808,17 Nov 1808,John,M,John,Sarah,SMITH,HALL,,,Privly Bapd. Recd Into Church Aug 15 1813
SFK,Bradwell,St Nicholas,,3 Dec 1805,25 Dec 1808,Alexander,M,John,Ann,THURTELL,BROWNE,,,Privly Bapd.
SFK,Bradwell,St Nicholas,,8 Feb 1806,11 Feb 1806,Mary Skinner,F,Samuel,Elizabeth,GOWAN,SKINNER,,,Privly Bapd.
SFK,Bradwell,St Nicholas,,28 Mar 1806,4 Apr 1806,William,M,William,*ana,ALLEN,BARRETT,,,Privly Bapd.
SFK,Bradwell,St Nicholas,,30 Apr 1806,4 May 1806,John,M,,Dorothy,,TRIPP,,,Base Born Son. Privly Bapd.
SFK,Bradwell,St Nicholas,,10 May 1806,11 May 1806,David,M,,Elizabeth,,BROWN,,,Base Born Son. Privly Bapd.
SFK,Bradwell,St Nicholas,,24 May 1806,26 May 1806,William,M,Robert,Ann,WELLS,BECK,,,Privly Bapd. Baptised Into Church April 10 1813
SFK,Bradwell,St Nicholas,,27 May 1806,1 Jun 1806,Elizabeth,F,John,Elizabeth,PARKER,GREEN,,,Privly Bapd.
SFK,Bradwell,St Nicholas,,29 Jul 1806,3 Aug 1806,Mariam,F,William,Rebecca,FLAXMAN,CLARKE,,,Privly Bapd.
SFK,Bradwell,St Nicholas,,6 Sep 1806,8 Sep 1806,James,M,James,Mary,NEWARK,BROWN,,,Privly Bapd.
SFK,Bradwell,St Nicholas,,24 Oct 1806,26 Oct 1806,Robert,M,John,Elizabeth,CHASE,HESTER,,,Privly Bapd.
SFK,Bradwell,St Nicholas,,12 Mar 1802,21 Mar 1802,John,M,John,Elizabeth,PARKER,GREEN,,,Privly Bapd. NB This Marriage Is Unlawful The Woman Being Neice To The Man And Ceremony Was Performed At Yarmouth They Being Both Resident At That Time At Bradwell.
SFK,Bradwell,St Nicholas,,6 Apr 1802,18 Apr 1802,William,M,William,Mary,SMITH,CARR,,,Privly Bapd.
SFK,Bradwell,St Nicholas,,9 Jun 1802,13 Jun 1802,Mary,F,Robert,Ann,WELLS,BECK,,,Privly Bapd.
SFK,Bradwell,St Nicholas,,21 Aug 1802,22 Aug 1802,James,M,John,Elizabeth,CHASE,HESTER,,,Privly Bapd.
SFK,Bradwell,St Nicholas,,1 Nov 1802,18 Nov 1802,Elizabeth,F,William,Rebecca,FLAXMAN,CLARKE,,,Privly Bapd.
SFK,Bradwell,St Nicholas,,8 Dec 1802,18 Dec 1802,Mary,F,William,Jemima,AMIS,NEWARK,,,Privly Bapd.
SFK,Bradwell,St Nicholas,,14 Apr 1803,17 Apr 1803,Maria,F,Thomas,Elizabeth,AMIS,SHREEVE,,,Privly Bapd.
SFK,Bradwell,St Nicholas,,1 Jun 1803,19 Jun 1803,Elizabeth,F,John,Sarah,SMITH,HALL,,,Privly Bapd. Recd Into Church Aug 15 1813
SFK,Bradwell,St Nicholas,,10 Jun 1803,26 Jun 1803,Frances,F,John,Elizabeth,PARKER,GREEN,,,Privly Bapd.
SFK,Bradwell,St Nicholas,,1 Aug 1803,7 Aug 1803,Elizabeth,F,Samuel,Elizabeth,GOWAN,SKINNER,,,Privly Bapd.
SFK,Bradwell,St Nicholas,,1 Aug 1803,14 Aug 1803,Elizabeth,F,Joseph,Mary,WRIGHT,LEGGETT,,,Privly Bapd.
SFK,Bradwell,St Nicholas,,1 Sep 1803,4 Sep 1803,Susanna,F,John,Mary,LEVEL,GRICE,,,Privly Bapd.
SFK,Bradwell,St Nicholas,,20 Sep 1803,9 Oct 1803,Etiana,F,William,Etiana,ALLEN,BARRETT,,,Privly Bapd.
SFK,Bradwell,St Nicholas,,18 Nov 1803,27 Nov 1803,Richard,M,Richard,Mary,RICE,FRANKLIN,,,Privly Bapd.
SFK,Bradwell,St Nicholas,,18 Dec 1803,8 Jan 1804,Elizabeth,F,William,Mary,POINTER,COLE,,,Privly Bapd.
SFK,Bradwell,St Nicholas,,19 Mar 1804,25 Mar 1804,Mary,F,John,Elizabeth,CHASE,HESTER,,,Privly Bapd.
SFK,Bradwell,St Nicholas,,6 May 1804,7 May 1804,Robin,M,Robert,Ann,WELLS,BECK,,,Privly Bapd.  Recd Into Church April 18 1813
SFK,Bradwell,St Nicholas,,20 Jun 1804,24 Jun 1804,Mary,F,Samuel,Elizabeth,PILE,CRISP,,,Privly Bapd.recd Into Church Jan 20 1808
SFK,Bradwell,St Nicholas,,29 Sep 1804,30 Sep 1804,Sarah,F,William,Rebecca,FLAXMAN,CLARKE,,,Privly Bapd.
SFK,Bradwell,St Nicholas,,15 Apr 1800,27 Apr 1800,George,M,Thomas,Susanna,THURTEL,BROWN,,,Privately Baptised
SFK,Bradwell,St Nicholas,,18 Apr 1800,11 May 1800,Hannah,F,William,Mary,SMITH,SPRINGALL,,,Privately Baptised. Recd Into Church August 18 1819
SFK,Bradwell,St Nicholas,,5 May 1800,11 May 1800,Charlotte,F,John,Virtue,CROWE,BARNELL,,,Privately Baptised. Admitted Into The Church June 17th
SFK,Bradwell,St Nicholas,,25 May 1800,8 Jun 1800,William,M,Richard,Mary,RICE,FRANKLIN,,,Privately Baptised
SFK,Bradwell,St Nicholas,,Jun 1800,17 Jun 1800,John,M,John,Eliz,WILKINS,WARNER,,,Privately Baptised
SFK,Bradwell,St Nicholas,,16 Jun 1800,17 Jun 1800,William,M,William,Rebecca,FLAXMAN,CLARK,,,Privately Baptised
SFK,Bradwell,St Nicholas,,6 Jul 1800,13 Jul 1800,Elizabeth,F,Samuel,Eliz,PILE,CRISP,,,Privately Baptised
SFK,Bradwell,St Nicholas,,29 Aug 1800,31 Aug 1800,Benjamen,M,John,Mary,FA[R_][R_]ER,BARKER,,,Privately Baptised
SFK,Bradwell,St Nicholas,,15 Aug 1800,7 Sep 1800,Mary,F,William,Mary,SMITH,CARR,,,Privately Baptised
SFK,Bradwell,St Nicholas,,27 Sep 1800,28 Sep 1800,Elizabeth,F,John,Eliz,CHA_EY,HESTER,,,Privately Baptised. Recd Into The Church May 31st 1801
SFK,Bradwell,St Nicholas,,22 Oct 1800,28 Oct 1800,Elizabeth,F,Robert,Ann,WELLS,BEEK,,,Privately Baptised
SFK,Bradwell,St Nicholas,,29 Oct 1800,2 Nov 1800,John,M,John,Sarah,PARKER,RUSSELL,,,Privately Baptised
SFK,Bradwell,St Nicholas,,23 Jan 1801,25 Jan 1801,Jemima,F,John,Mary,LEVEL,GRICE,,,Privately Baptised
SFK,Bradwell,St Nicholas,,6 Feb 1801,8 Feb 1801,Amelia,F,,Mary,,GEORGE,,Spinster,Privately Baptised. Baseborn Child.
SFK,Bradwell,St Nicholas,,4 Apr 1801,12 Apr 1801,Ann,F,William,Etian,ALLEN,BARRETT,,,Privately Baptised
SFK,Bradwell,St Nicholas,,25 Apr 1801,3 May 1801,Maria,F,James,Susan,NEWARK,RAVEN,,,Privately Baptised. Recd Into The Church May 24th
SFK,Bradwell,St Nicholas,,14 May 1801,17 May 1801,Abraham,M,Samuel,Elizabeth,GOWEN,SKINNER,,,Privately Baptised
SFK,Bradwell,St Nicholas,,20 Aug 1801,25 Aug 1801,Jacob,M,Thomas,Susanna,THURTEL,BROWN,,,Privately Baptised
SFK,Bradwell,St Nicholas,,28 Jan 1798,4 Feb 1798,Helen,F,Thomas,Susanna,THURTELL,BROWN,,,Privately Baptised
SFK,Bradwell,St Nicholas,,28 Jan 1798,25 Feb 1798,Francis,M,John,Mary,LEVEL,GRICE,,,Privately Baptised
SFK,Bradwell,St Nicholas,,13 Feb 1798,18 Mar 1798,Mary,F,John,Elizabeth,WILKINS,WARNER,,,Privately Baptised
SFK,Bradwell,St Nicholas,,13 Mar 1798,18 Mar 1798,Susan,F,Richard,Mary,RICE,FRANKLIN,,,Privately Baptised
SFK,Bradwell,St Nicholas,,3 Oct 1798,8 Oct 1798,William Barnard,M,John,Virtue,CROWE,BA[NR][NR]ELL,,,Privately Baptised
SFK,Bradwell,St Nicholas,,16 Dec 1798,16 Dec 1798,William,M,William,Mary,SMITH,SPRINGALL,,,Privately Baptised. Mother Previously Spinster
SFK,Bradwell,St Nicholas,,18 Feb 1799,24 Feb 1799,Mary,F,William,Christian,ALLEN,BARRITT,,,Privately Baptised
SFK,Bradwell,St Nicholas,,15 Mar 1799,17 Mar 1799,Edward,M,John,Elizabeth,CHASE,HESTER,,,Privately Baptised. Mother Previously Spinster. Recd Into The Church May 31st 1801
SFK,Bradwell,St Nicholas,,19 Mar 1799,24 Mar 1799,William,M,James,Susan,NEWARK,RAVEN,,,Privately Baptised. Mother Previously Spinster
SFK,Bradwell,St Nicholas,,19 Mar 1799,24 Mar 1799,Mary,F,Thomas,Susanna,THURTELL,BROWN,,,Privately Baptised. Mother Previously Spinster.
SFK,Bradwell,St Nicholas,,11 Mar 1799,18 Mar 1799,Charlotte,F,Samuel,Elizabeth,GOWN,SKINNER,,,Privately Baptised. Mother Previously Spinster.
SFK,Bradwell,St Nicholas,,26 Mar 1799,14 Apr 1799,Catharine,F,Edward,Judith,BROOKS,DRAKE,,,Privately Baptised. Mother Previously Spinster
SFK,Bradwell,St Nicholas,,25 May 1799,26 May 1799,Charles,M,John,Sarah,PARKER,RUSSELL,,,Privately Baptised. Mother Previously Spinster
SFK,Bradwell,St Nicholas,,26 Oct 1795,31 Jan 1796,Mary,F,John,Mary,ADAMS,LINCOLN,,,Privately Baptised.  Mother Previously Spinster.
SFK,Bradwell,St Nicholas,,1 Jan 1796,31 Jan 1796,Christian,F,,Christian,,BARRITT,,,Base Born Daughter Baptised Privately.
SFK,Bradwell,St Nicholas,,25 Jan 1796,31 Jan 1796,John,M,John,Elizabeth,CHASE,HESTER,,,Privately Baptised.  Mother Previously Spinster.
SFK,Bradwell,St Nicholas,,22 Dec 1795,14 Feb 1796,William,M,John,Sarah,MORRIS,WATERS,,,Privately Baptised.  Mother Previously Spinster.
SFK,Bradwell,St Nicholas,,31 Oct 1812,8 Nov 1812,Lueazah,F,John,Elizabeth,DURRANT,GEORGE,,,Privately Baptised.  Mother Previously Spinster.
SFK,Bradwell,St Nicholas,,25 Jul 1796,14 Aug 1796,John,M,Edward,Judith,BROOKS,DRAKE,,,Privately Baptised.  Mother Previously Spinster.
SFK,Bradwell,St Nicholas,,Jan 1797,15 Jan 1797,Henry,M,Thomas,Susanna,THURTELL,BROWN,,,Privately Baptised.  Mother Previously Spinster.
SFK,Bradwell,St Nicholas,,3 Feb 1797,5 Feb 1797,William,M,Jeremiah,Anna,WASE,GROOME,,,Privately Baptised.  Mother Previously Spinster.
SFK,Bradwell,St Nicholas,,6 Nov 1796,25 Nov 1796,Sarah,F,John,Sarah,MORRIS,WATERS,,,Privately Baptised.  Mother Previously Spinster.
SFK,Bradwell,St Nicholas,,24 Feb 1797,26 Feb 1797,Susan,F,James,Susan,NEWARK,RAVEN,,,Privately Baptised.  Mother Previously Spinster.
SFK,Bradwell,St Nicholas,,29 Mar 1797,2 Apr 1797,Lydia,F,Thomas,Lucy,HOLT,HAMOND,,,Privately Baptised.  Mother Previously Spinster.
SFK,Bradwell,St Nicholas,,30 May 1797,11 Jun 1797,Samuel,M,John,Sarah,PARKER,RUSSELL,,,Privately Baptised.  Mother Previously Spinster. Received Into The Church January 28th 1798.
SFK,Bradwell,St Nicholas,,24 Jul 1797,30 Jul 1797,George,M,,Elizabeth,,PARNELL,,,Privately Baptised.  Base Born. Received Into The Church Nov 12 1797.
SFK,Bradwell,St Nicholas,,27 Nov 1797,10 Dec 1797,Jane,F,John,Elizabeth,CHASE,HESTER,,,Privately Baptised.  Mother Previously Spinster. Recd Into The Church May 31st 1801.
SFK,Bradwell,St Nicholas,,28 Jan 1798,28 Jan 1798,John,M,John,Mary,FARRAR,BARKER,,,Privately Baptised.  Mother Previously Spinster.
SFK,Bradwell,St Nicholas,,29 Feb 1796,6 Mar 1796,Charles,M,Thomas,Susanna,THURTELL,BROWN,,,Privately Baptised.  Mother Previously Spinster.
SFK,Bradwell,St Nicholas,,9 Mar 1796,9 Mar 1796,James,M,John,Vartue,CROWE,BA[RN]NELL,,,Privately Baptised.  Mother Previously Spinster.received Into The Church April 12 1796.
SFK,Bradwell,St Nicholas,,7 Sep 1793,8 Sep 1793,Ann,F,Robert,Sarah,BROWN,THURTELL,,,Privately Baptised.  Mother Previously Spinster. Received Into The Church July 7 1796
SFK,Bradwell,St Nicholas,,13 Sep 1793,22 Sep 1793,Mary,F,William,Collins,ALLEN,DRAKE,,,Privately Baptised.  Mother Previously Spinster.received Into The Church Oct 8th 1797.
SFK,Bradwell,St Nicholas,,21 Dec 1793,22 Dec 1793,John,M,Thomas,Susanna,THURTELL,BROWN,,,Privately Baptised.  Mother Previously Spinster. Recd Into The Church July 7th 1796.
SFK,Bradwell,St Nicholas,,29 Nov 1793,19 Jan 1794,Francis,M,Edward,Judith,BROOKS,DRAKE,,,Privately Baptised.  Mother Previously Spinster.
SFK,Bradwell,St Nicholas,,8 Feb 1794,23 Feb 1794,Harriot,F,John,Vartue,CROWE,BARNELL,,,Privately Baptised.  Mother Previously Spinster. Received Into The Church March 12th 1794.
SFK,Bradwell,St Nicholas,,18 Mar 1794,30 Mar 1794,Charles,M,Charles,Mary,THACKER,COBB,,,Privately Baptised.  Mother Previously Spinster.
SFK,Bradwell,St Nicholas,,24 Mar 1794,30 Mar 1794,Eliza,F,John,Sarah,SMITH,SENDALL,,,Privately Baptised.  Mother Previously Spinster.
SFK,Bradwell,St Nicholas,,5 Jun 1794,8 Jun 1794,Hephzibah,F,John,Mary,LEVEL,GRICE,,,Privately Baptised.  Mother Previously Spinster. Received Into The Church Sep 7th 1794
SFK,Bradwell,St Nicholas,,2 Sep 1794,7 Sep 1794,William,M,John,Sarah,PARKER,RUSSELL,,,Privately Baptised.  Mother Previously Spinster.received Into The Church January 25 1798.
SFK,Bradwell,St Nicholas,,29 Sep 1794,5 Oct 1794,Henry,M,James,Susanna,NEWARK,RAVEN,,,Privately Baptised.  Mother Previously Spinster.
SFK,Bradwell,St Nicholas,,22 Dec 1794,11 Jan 1795,Robert,M,John,Christian,BARRITT,ADAMS,,,Privately Baptised.  Mother Previously Spinster.received Into The Church Oct 1st 1797
SFK,Bradwell,St Nicholas,,7 Mar 1795,8 Mar 1795,William,M,Thomas,Susanna,THURTELL,BROWN,,,Privately Baptised.  Mother Previously Spinster.recd Into The Church July 7 1796
SFK,Bradwell,St Nicholas,,30 Apr 1795,24 May 1795,James,M,Robert,Sarah,BROWN,THURTELL,,,Privately Baptised.  Mother Previously Spinster.
SFK,Bradwell,St Nicholas,,5 Jan 1796,10 Jan 1796,Jonathan,M,John,Sarah,SMITH,SINDALL,,,Privately Baptised.  Mother Previously Spinster.
SFK,Bradwell,St Nicholas,,5 Jan 1796,10 Jan 1796,James,M,Richard,Mary,RICE,FRANKLIN,,,Privately Baptised.  Mother Previously Spinster.
SFK,Bradwell,St Nicholas,,26 May 1791,5 Jun 1791,Martha,F,Richard,Mary,RICE,FRANKLIN,,,Privately Baptised.  Mother Previously Spinster. Received Into The Church Sept 28 179_
SFK,Bradwell,St Nicholas,,14 Jul 1791,25 Jul 1791,Thomas,M,Thomas,Susanna,THURTELL,BROWN,,,Privately Baptised.  Mother Previously Spinster. Recd Into The Church July 7th 1796
SFK,Bradwell,St Nicholas,,26 Aug 1791,28 Aug 1791,James,M,John,Mary,LEVEL,GRICE,,,Privately Baptised.  Mother Previously Spinster. Received Into The Church Oct 14 1792. Pauper.
SFK,Bradwell,St Nicholas,,2 Oct 1791,18 Oct 1791,Mary,F,Edward,Judith,BROOKS,DRAKE,,,Privately Baptised.  Mother Previously Spinster.
SFK,Bradwell,St Nicholas,,23 Jan 1792,30 Jan 1792,Charles,M,James,Susanna,NEWARK,RAVEN,,,Privately Baptised.  Mother Previously Spinster.
SFK,Bradwell,St Nicholas,,3 Mar 1792,11 Mar 1792,Lucy,F,John,Sarah,PARKER,RUSSELL,,,Privately Baptised.  Mother Previously Spinster. Recd Into The Church January 28 1798
SFK,Bradwell,St Nicholas,,17 Mar 1792,23 Mar 1792,John,M,Robert,Sarah,BROWN,THURTELL,,,Privately Baptised.  Mother Previously Spinster. Recd Into The Church July 7th 1796.
SFK,Bradwell,St Nicholas,,26 Mar 1792,30 Mar 1792,William,M,Samuel,Mary,CROW,PETTINGILL,,,Privately Baptised.  Mother Previously Spinster. Recd Into The Church May 17th 1792.
SFK,Bradwell,St Nicholas,,9 May 1792,9 May 1792,Benjamin,M,Amos,Mary,CHILVERS,GOSLING,,,Privately Baptised.  Mother Previously Spinster.
SFK,Bradwell,St Nicholas,,2 Jul 1792,8 Jul 1792,Mary Ann,F,Giber,Catharine,ELLET,FAIRMAN,,,Privately Baptised.  Mother Previously Spinster. Received Into The Church August 5 1792.
SFK,Bradwell,St Nicholas,,13 Nov 1792,18 Nov 1792,James,M,Thomas,Susanna,THURTELL,BROWN,,,Privately Baptised.  Mother Previously Spinster. Received Into The Church July 7 1796.
SFK,Bradwell,St Nicholas,,13 Dec 1792,17 Dec 1792,William,M,John,Christian,BARRITT,ADAMS,,,Privately Baptised.  Mother Previously Spinster. Received Into The Church Oct 1st 1797
SFK,Bradwell,St Nicholas,,4 Jan 1793,26 Jan 1793,Mary,F,Charles,Mary,THACKER,COBB,,,Privately Baptised.  Mother Previously Spinster.
SFK,Bradwell,St Nicholas,,11 Nov 1792,21 Jul 1793,Sarah,F,John,Mary,NEWSON,LOVICK,,,Privately Baptised.  Mother Previously Spinster.
SFK,Bradwell,St Nicholas,,5 Aug 1793,11 Aug 1793,William,M,John,Elizabeth,CHASE,HESTER,,,Privately Baptised.  Mother Previously Spinster.
SFK,Bradwell,St Nicholas,,4 Aug 1793,18 Aug 1793,Robert,M,Richard,Mary,RICE,FRANKLIN,,,Privately Baptised.  Mother Previously Spinster. Received Into The Church September 28th 1793.
SFK,Bradwell,St Nicholas,,20 Sep 1788,29 Sep 1788,Ann,F,John,Christian,BARRIT,ADAMS,,,Privately Baptised. Mother Previously Spinster.
SFK,Bradwell,St Nicholas,,8 Oct 1788,14 Oct 1788,Sarah,F,Robert,Sarah,BROWN,THURTELL,,,Privately Baptised. Mother Previously Spinster.received Into The Church July 7th 1796.
SFK,Bradwell,St Nicholas,,28 Jan 1789,31 Jan 1789,Elizabeth Eleanor,F,John,Judith,CROSS,K[EI]LLETT,,,Privately Baptised. Mother Previously Spinster.
SFK,Bradwell,St Nicholas,,14 Jan 1789,16 Jan 1789,Sarah,F,Thomas,Elizabeth,HAMMOND,WATERS,,,Privately Baptised. Mother Previously Spinster. Received Into The Church January 19th 1790
SFK,Bradwell,St Nicholas,,4 Apr 1789,8 Apr 1789,Francis Day,M,David Henry,Elizabeth,URQUHART,DAY,,,Privately Baptised. Mother Previously Spinster.
SFK,Bradwell,St Nicholas,,18 Apr 1789,19 Apr 1789,Hannah,F,John,Elizabeth,GIBBS,RICE,,,Privately Baptised. Mother Previously Spinster.
SFK,Bradwell,St Nicholas,,23 Jun 1789,28 Jun 1789,John,M,John,Mary,LEVEL,GRICE,,,Privately Baptised. Mother Previously Spinster. Received Into The Church October 14 1792
SFK,Bradwell,St Nicholas,,5 Jul 1789,12 Jul 1789,Mary,F,Richard,Mary,RICE,FRANKLIN,,,Privately Baptised. Mother Previously Spinster. Received Into The Church Sep 28th 1793
SFK,Bradwell,St Nicholas,,21 Jul 1789,25 Jul 1789,Edward,M,Edward,Judith,BROOKS,DRAKE,,,Privately Baptised. Mother Previously Spinster. Received Into The Church December 2 1789
SFK,Bradwell,St Nicholas,,27 Jul 1789,6 Aug 1789,George,M,James,Susanna,NEWARK,RAVEN,,,Privately Baptised. Mother Previously Spinster.
SFK,Bradwell,St Nicholas,,17 Aug 1789,2 Sep 1789,William,M,John,Mary,ADAMS,LINCOLN,,,Privately Baptised. Mother Previously Spinster.
SFK,Bradwell,St Nicholas,,20 Sep 1789,25 Sep 1789,Susanna,F,John,Sarah,PARKER,RUSSELL,,,Privately Baptised. Mother Previously Spinster. Received Into The Church January 28th 1798
SFK,Bradwell,St Nicholas,,30 Sep 1789,11 Oct 1789,Mary,F,Robert,Sarah,BROWN,THURTELL,,,Privately Baptised. Mother Previously Spinster. Received Into The Church July 7 1796
SFK,Bradwell,St Nicholas,,8 Oct 1789,16 Oct 1789,Charlotte,F,Samuel,Mary,CROW,PETTINGILL,,,Privately Baptised. Mother Previously Spinster.received Into The Church April 7 1790
SFK,Bradwell,St Nicholas,,11 May 1790,16 May 1790,William,M,,Elizabeth,,EVANS,,,Privately Baptised Base Born Son.
SFK,Bradwell,St Nicholas,,12 May 1790,17 May 1790,Susanna,F,Thomas,Susanna,THURTELL,BROWN,,,Privately Baptised. Mother Previously Spinster. Received Into The Church July 7 1796
SFK,Bradwell,St Nicholas,,1 Aug 1790,10 Aug 1790,Henry,M,John,Margaret,BENSLEY,MANSFIELD,,,Privately Baptised. Mother Previously Spinster. Received Into The Church Aug 5th 1792
SFK,Bradwell,St Nicholas,,20 Dec 1790,6 Jan 1791,Robert,M,Robert,Sarah,BROWN,THURTELL,,,Privately Baptised. Mother Previously Spinster. Received Into The Church July 7th 1796
SFK,Bradwell,St Nicholas,,29 Apr 1791,1 May 1791,Mary,F,,Anne,,WEED,,,Baptised Privately
SFK,Bradwell,St Nicholas,,18 Apr 1791,9 May 1791,John,M,John,Christian,BARRIT,ADAMS,,,Privately Baptised. Mother Previously Spinster. Received Into The Church Oct 1st 1797
SFK,Bradwell,St Nicholas,,3 Mar 1785,27 Mar 1785,James,M,Amos,Mary,CHILVERS,GOSLING,,,Baptised privately. Mother previously spinster. Received into the church dec 14 1790
SFK,Bradwell,St Nicholas,,10 Nov 1785,10 Nov 1785,William,M,John,Judith,CROSS,KILLETT,,,Baptised privately. Mother previously spinster. Received into the church jany 12th 1786
SFK,Bradwell,St Nicholas,,27 Nov 1785,1 Dec 1785,Samuel,M,John,Sarah,PARKER,RUSSELL,,,Baptised privately. Mother previously spinster
SFK,Bradwell,St Nicholas,,2 Jan 1786,8 Jan 1786,Elizabeth,F,John,Mary,LEVEL,GRICE,,,Baptised privately. Mother previously spinster.
SFK,Bradwell,St Nicholas,,19 Mar 1786,22 Mar 1786,Sarah,F,,Anne,,JOANES,,,Baptised privately. Base born.
SFK,Bradwell,St Nicholas,,8 Jul 1786,10 Jul 1786,Benjamin,M,Samuel,Mary,CROW,PETTINGILL,,,Baptised privately. Mother late spinster.
SFK,Bradwell,St Nicholas,,19 Aug 1786,30 Aug 1786,Elizabeth,F,Richard,Mary,RICE,FRANKLIN,,,Baptised privately. Mother previously spinster. Received inot the church july 1st 1787
SFK,Bradwell,St Nicholas,,3 Sep 1786,10 Nov 1786,Jacob,M,Henry,Sarah,KERRISON,NEWSTEAD,,,Baptised privately. Mother previously spinster. Pauper.
SFK,Bradwell,St Nicholas,,5 Sep 1786,12 Sep 1786,Joseph Mansfield,M,John,Margaret,BENSLEY,MANSFIELD,,,Baptised privately. Mother previously spinster. Received inot the church 5 aug 1792.
SFK,Bradwell,St Nicholas,,4 Nov 1786,15 Nov 1786,John,M,James,Susanna,NEWARK,RAVEN,,,Baptised privately. Mother previously spinster
SFK,Bradwell,St Nicholas,,19 Jan 1787,23 Jan 1787,Anne,F,Edward,Judith,BROOKS,DRAKE,,,Baptised privately. Mother previously spinster. Received into the church december 3rd 1789
SFK,Bradwell,St Nicholas,,10 Feb 1787,4 Mar 1787,Ives Harvery,M,David Henry,Elizabeth,URQUHART,DAY,,,Baptised privately. Mother previously spinster.
SFK,Bradwell,St Nicholas,,18 Mar 1787,19 Mar 1787,George,M,John,Judith,CROSS,KILLETT,,,Baptised privately. Mother previously spinster. Received into the church 3 january 1788.
SFK,Bradwell,St Nicholas,,9 Apr 1787,15 Apr 1787,Mary,F,John,Mary,LEVEL,GRICE,,,Baptised privately. Mother previously spinster. Received into the church 3rd june 1788
SFK,Bradwell,St Nicholas,,2 Aug 1787,5 Aug 1787,Marian,F,John,Sarah,PARKER,RUSSEL,,,Baptised privately. Mother previously spinster. Received into the church may 13th 1788
SFK,Bradwell,St Nicholas,,9 Sep 1787,3 Oct 1787,John,M,Richard,Mary,RICE,FRANKLIN,,,Baptised privately. Mother previously spinster. Received into the church sept 28th 1793
SFK,Bradwell,St Nicholas,,12 Oct 1787,14 Oct 1787,Elizabeth,F,Amos,Mary,CHILVERS,GOSLING,,,
SFK,Bradwell,St Nicholas,,9 Dec 1787,17 Dec 1787,Sarah,F,Thomas,Elizabeth,HAMMOND,WATERS,,,
SFK,Bradwell,St Nicholas,,3 Aug 1788,7 Aug 1788,James,M,Thomas,Susanna,THURTELL,BROWN,,,
SFK,Bradwell,St Nicholas,,7 Aug 1788,7 Aug 1788,Mary,F,Samuel,Mary,CROW,PETTINGILL,,,
SFK,Bradwell,St Nicholas,,,23 Dec 1781,Judith,F,Amos,Mary,CHILVERS,,,,
SFK,Bradwell,St Nicholas,,,25 Feb 1782,Anne,F,William,Sarah,RUSSEL,,,,
SFK,Bradwell,St Nicholas,,,30 Apr 1782,Anne,F,Thomas,Anne,TEASEL,,,,
SFK,Bradwell,St Nicholas,,,13 May 1782,Samuel,M,Samuel,Mary,CROW,,,,
SFK,Bradwell,St Nicholas,,,28 May 1782,Jemima,F,James,Susanna,NEWARK,,,,
SFK,Bradwell,St Nicholas,,,24 Nov 1782,George,M,John,Judith,CROSS,,,,
SFK,Bradwell,St Nicholas,,,9 Feb 1783,Anne,F,John,Mary,LEVEL,,,,
SFK,Bradwell,St Nicholas,,,2 Mar 1783,Samuel,M,Amos,Mary,CHILVERS,,,,
SFK,Bradwell,St Nicholas,,,29 Jun 1783,Sarah,F,John,Sarah,PARKER,RUSSEL,,,Privately baptised.  Mother previously a spinster.
SFK,Bradwell,St Nicholas,,,2 Oct 1783,John,M,John,Margaret,BENSLEY,MANSFIELD,,,Wife maiden name mansfield
SFK,Bradwell,St Nicholas,,,20 Oct 1783,Mary,F,Samuel,Mary,CROW,,,,
SFK,Bradwell,St Nicholas,,,23 Nov 1783,Charles,M,John,Judith,CROSS,[W_]ILLETTS,,,"Baptised privately, Received into the church March 14th 1784."
SFK,Bradwell,St Nicholas,,,28 Nov 1784,James,M,,Phoebe,,ELLIYT,,,Base born
SFK,Bradwell,St Nicholas,,,25 Feb 1784,Robert,M,John,Catherine,NESLEN,HARRIS,,,Received into the church aug 12th 1790
SFK,Bradwell,St Nicholas,,,6 Mar 1784,John,M,Thomas,Ann,TEASEL,WOODARD,,,
SFK,Bradwell,St Nicholas,,28 Nov 1784,29 Nov 1784,John,M,Samuel,Mary,CROW,PETTINGILL,,,Mother late spinster. Baptised privately. Received into the church august 10th 1785
SFK,Bradwell,St Nicholas,,4 Nov 1784,5 Dec 1784,James,M,James,Susanna,NEWARK,RAVEN,,,Mother late spinster
SFK,Bradwell,St Nicholas,,27 Dec 1784,6 Jan 1785,Susanna,F,Edward,Judirh,BROOKS,DRAKE,,,"Mother late spinster. Baptised privately, received into the church december 2nd 1789"
SFK,Bradwell,St Nicholas,,6 Nov *,7 Nov *,Charles,M,Charles,Mary,MARJORAM,,,,
SFK,Bradwell,St Nicholas,,,4 Jun 1776,James,M,John,Mary,SMITH,,,,
SFK,Bradwell,St Nicholas,,,11 Oct 1776,Judith,F,John,Judith,CROSS,,,,
SFK,Bradwell,St Nicholas,,,27 May 1777,Benjamin,M,Amos,Mary,CHILVERS,,,,
SFK,Bradwell,St Nicholas,,,6 Oct 1777,Robert,M,Robert,Margaret,QUADLING,,,,
SFK,Bradwell,St Nicholas,,,18 Nov 1777,Frances,F,William,Mary,LINSEY,,,,
SFK,Bradwell,St Nicholas,,,13 Dec 1777,Thomas,M,William,Elizabeth,COLLINS,,,,
SFK,Bradwell,St Nicholas,,,1 Feb 1778,Mary,F,John,Catharine,NESTEN,,,,
SFK,Bradwell,St Nicholas,,,19 Mar 1778,Catharine,F,John,Judith,CROSS,,,,
SFK,Bradwell,St Nicholas,,,6 Jun 1779,Marian,F,William,Sarah,RUSSEL,,,,
SFK,Bradwell,St Nicholas,,,22 Aug 1779,Mary,F,Amos,Mary,CHILVERS,,,,
SFK,Bradwell,St Nicholas,,,26 Aug 1779,Ann,F,John,Judith,CROSS,,,,
SFK,Bradwell,St Nicholas,,,5 Sep 1779,John,M,Samuel,Mary,CROW,,,,
SFK,Bradwell,St Nicholas,,,25 Nov 1779,Marian,F,Thomas,Ann,TEASEL,,,,
SFK,Bradwell,St Nicholas,,,13 Jan 1780,Richard,M,John,Catharine,NESTEN,,,,
SFK,Bradwell,St Nicholas,,,24 Jan 1780,William,M,John,Elizabeth,ELLYT,,,,
SFK,Bradwell,St Nicholas,,,23 Jul 1780,Robert,M,Samuel,Mary,CROW,,,,
SFK,Bradwell,St Nicholas,,,15 Oct 1780,William,M,William,Elizabeth,COLLINS,,,,
SFK,Bradwell,St Nicholas,,,4 Feb 1781,John,M,John,Judith,CROSS,,,,
SFK,Bradwell,St Nicholas,,,6 Mar 1781,Mary,F,Thomas,Ann,TEASEL,,,,
SFK,Bradwell,St Nicholas,,,20 Mar 1781,Francis,F,John,Margaret,BENSLEY,,,,
SFK,Bradwell,St Nicholas,,,4 Nov 1781,Hannah,F,John,Mary,LEVEL,,,,
SFK,Bradwell,St Nicholas,,,26 Apr 1766,Robert,M,Robert,Ann,CA[LT][LT]S,,,,
SFK,Bradwell,St Nicholas,,,2 Jun 1766,Mary,F,Edward,Ann,BAKER,,,,
SFK,Bradwell,St Nicholas,,,4 Nov 1766,Christopher,M,Robert,Elizabeth,EATON,,,,
SFK,Bradwell,St Nicholas,,,10 Jan 1768,James,M,Michael,Mary,SMITH,,,,
SFK,Bradwell,St Nicholas,,,17 Jan 1768,Joseph,M,Joseph,Mary,TRIPP,,,,
SFK,Bradwell,St Nicholas,,,10 Jul 1768,William,M,Thomas,Mary,HAMMONDS,,,,
SFK,Bradwell,St Nicholas,,,11 Jun 1769,Rosamund,F,Amos,Mary,CHILVERS,,,,
SFK,Bradwell,St Nicholas,,,18 Jun 1769,Edward,M,Edward,Ann,BAKER,,,,
SFK,Bradwell,St Nicholas,,,10 Aug 1769,William,M,William,Sarah,RUSSEL,,,,
SFK,Bradwell,St Nicholas,,,1 Oct 1769,Hannah,F,Robert,Ann,CATTS,,,,
SFK,Bradwell,St Nicholas,,,26 Nov 1769,Anne,F,Michael,Mary,SMITH,,,,
SFK,Bradwell,St Nicholas,,,28 Jan 1770,Simon,M,Simon,Mary,WOODWARD,,,,
SFK,Bradwell,St Nicholas,,,31 May 1770,Thomas,M,Henry,Ann,GILBERT,,,,
SFK,Bradwell,St Nicholas,,,10 Jun 1770,Robert,M,John,Ann,WATERS,,,,Posthumous
SFK,Bradwell,St Nicholas,,,24 Oct 1770,William,M,Amos,Mary,CHILVERS,,,,
SFK,Bradwell,St Nicholas,,,27 Feb 1771,Elizabeth,F,William,Sarah,RUSSEL,,,,
SFK,Bradwell,St Nicholas,,,15 May 1771,Anne,F,Henry,Anne,GILBERT,,,,
SFK,Bradwell,St Nicholas,,,22 May 1771,George William,M,John,Catharine,NESTEN,,,,
SFK,Bradwell,St Nicholas,,,15 Aug 1771,William,M,Robert,Lydia,EATON,,,,
SFK,Bradwell,St Nicholas,,,19 Jan 1772,Michael,M,Michael,Mary,SMITH,,,,
SFK,Bradwell,St Nicholas,,,11 May 1772,Clement,M,Samuel,Ann,ROLL,,,,
SFK,Bradwell,St Nicholas,,,19 Jul 1772,Robert,M,Edward,Ann,BAKER,,,,
SFK,Bradwell,St Nicholas,,,27 Oct 1772,John,M,John,Catharine,NESTEN,,,,
SFK,Bradwell,St Nicholas,,,28 Dec 1772,Susanna,F,William,Mary,LINSEY,,,,
SFK,Bradwell,St Nicholas,,,24 Jan 1773,William,M,Michael,Mary,SMITH,,,,
SFK,Bradwell,St Nicholas,,,7 Mar 1773,Christian,F,Amos,Mary,CHILVERS,,,,
SFK,Bradwell,St Nicholas,,,7 Apr 1773,John,M,Robert,Lydia,EATON,,,,
SFK,Bradwell,St Nicholas,,,30 Apr 1773,Thomas,M,Henry,Ann,GILBERT,,,,
SFK,Bradwell,St Nicholas,,,1 Aug 1773,William,M,William,Sarah,RUSSEL,,,,
SFK,Bradwell,St Nicholas,,,13 Dec 1773,Mary,F,Michael,Mary,SMITH,,,,
SFK,Bradwell,St Nicholas,,,10 Feb 1774,Henry,M,Thomas,Mary,HAMMONDS,,,,
SFK,Bradwell,St Nicholas,,,3 Mar 1774,Susanna,F,William,Mary,LINSEY,,,,
SFK,Bradwell,St Nicholas,,,16 Mar 1774,Richard,M,John,Catharine,NESTEN,,,,
SFK,Bradwell,St Nicholas,,,12 Oct 1774,John,M,Michael,Susanna,SMITH,,,,Twin
SFK,Bradwell,St Nicholas,,,12 Oct 1774,Edward,M,Michael,Susanna,SMITH,,,,Twin
SFK,Bradwell,St Nicholas,,,13 Oct 1774,Lydia,F,Robert,Lydia,EATON,,,,Twin
SFK,Bradwell,St Nicholas,,,13 Oct 1774,Elizabeth,F,Robert,Lydia,EATON,,,,Twin
SFK,Bradwell,St Nicholas,,,2 Nov 1774,William Henry,M,Henry,Ann,GILBERT,,,,
SFK,Bradwell,St Nicholas,,,30 Jan 1775,Samuel Roll,M,Samuel,Ann,ROLL,,,,
SFK,Bradwell,St Nicholas,,,12 Feb 1775,John,M,Amos,Mary,CHILVERS,,,,
SFK,Bradwell,St Nicholas,,,14 Mar 1775,Jacob,M,John,Mary,SMITH,,,,
SFK,Bradwell,St Nicholas,,,25 Jul 1775,Elizabeth,F,Simon,Mary,WOODWARD,,,,
SFK,Bradwell,St Nicholas,,,15 Apr 1776,Catharine,F,John,Catharine,NESTEN,,,,
SFK,Bradwell,St Nicholas,,,2 Jun 1776,Robert,M,Henry,Ann,GILBERT,,,,
SFK,Bradwell,St Nicholas,,,11 Apr 1762,William,M,Michael,Mary,SMITH,,,,
SFK,Bradwell,St Nicholas,,,10 Feb 1763,John,M,John,Anne,WATERS,,,,
SFK,Bradwell,St Nicholas,,,27 Mar 1763,Robert,M,Robert,Ann,CATT,,,,
SFK,Bradwell,St Nicholas,,,8 May 1763,Elizabeth,F,Thomas,Mary,HAMMOND,,,,
SFK,Bradwell,St Nicholas,,,8 Feb 1764,Phoebe,F,George,Mary,ELLETS,,,,
SFK,Bradwell,St Nicholas,,,3 May 1764,Richard,M,Robert,Elizabeth,EATON,,,,
SFK,Bradwell,St Nicholas,,,18 Oct 1764,Elizabeth,F,Thomas,Mary,HAMMONDS,,,,
SFK,Bradwell,St Nicholas,,,21 Mar 1765,Ann,F,Robert,Elizabeth,EATONS,,,,
SFK,Bradwell,St Nicholas,,,29 Oct 1765,Mary,F,John,Ann,WATERS,,,,
SFK,Bradwell,St Nicholas,,,19 Jan 1766,Charles,M,Michael,Mary,SMITH,,,,
SFK,Bradwell,St Nicholas,,,14 May 1758,John,M,,Rebecca,,BALLS,,,
SFK,Bradwell,St Nicholas,,,17 May 1759,Richard,M,Joseph,Jane,MANSFIELD,,,,
SFK,Bradwell,St Nicholas,,,9 Jul 1759,Thomas,M,Thomas,Mary,HAMMONDS,,,,
SFK,Bradwell,St Nicholas,,,9 Dec 1759,Thomas,M,Isaac,Ann,RISING,,,,
SFK,Bradwell,St Nicholas,,,27 Jan 1760,Ann,F,John,Ann,WATERS,,,,
SFK,Bradwell,St Nicholas,,,9 Mar 1760,Gibert,M,George,Mary,ELLETT,,,,
SFK,Bradwell,St Nicholas,,,14 Mar 1760,Ann,F,John,Ann,FROSDICK,,,,
SFK,Bradwell,St Nicholas,,,6 Mar 1756,Sarah,F,William,Sarah,TOMPSON,,,,
SFK,Bradwell,St Nicholas,,,27 Apr 1760,Elizabeth,F,,Sarah,,SALMON,,,
SFK,Bradwell,St Nicholas,,14 Feb 1761,21 May 1761,Willm,,John,Ann,WATERS,,,,
SFK,Bradwell,St Nicholas,,6 May 1761,24 Jun 1761,John,M,Thos,Mary,HAMMOND,,,,
