+INFO,ragazza1959@googlemail.com,password,SEQUENCED,BAPTISMS,cp437
#,CCC,Kate,NFK,SFKBRABA1.CSV,24-Sep-2008
#,CREDIT,Kate,ragazza1959@googlemail.com
#,24-Sep-2008,,
SFK,Bradwell,St Nicholas,1,,3 Jan 1813,Sophia,F,John,Maria,MALLETT,BUCK,Bradwell,Blacksmith,Late Buck Spinster
SFK,Bradwell,St Nicholas,2,,18 Apr 1813,Frances,F,John,Frances,MARJORAM,,Bradwell,Spinster,
SFK,Bradwell,St Nicholas,3,,18 Apr 1813,Noah,M,Edmund,Jane,BENSLEY,,Bradwell,Labourer,Received Into The Church
SFK,Bradwell,St Nicholas,4,9 May 1813,23 May 1813,James,M,James,Ann,HOVELS,BROOKS,Bradwell,Labourer,Base Born Son 
SFK,Bradwell,St Nicholas,5,,26 Sep 1813,Elizabeth,F,Joyce,Susan,COOPER,,Bradwell,Farmer,Privately
SFK,Bradwell,St Nicholas,6,25 Oct 1813,31 Oct 1813,JANE,,James,Mary,NEWSTEAD,,Bradwell,Labourer,Named At Church
SFK,Bradwell,St Nicholas,7,26 Mar 1814,26 Mar 1814,Mary,F,John,Elizabeth,LEVELL,,Bradwell,Farmer,Named March 26th
SFK,Bradwell,St Nicholas,8,,27 Mar 1814,William,M,John,Susannah,WARD,,Bradwell,Labourer,Named March 27th
SFK,Bradwell,St Nicholas,9,,22 Apr 1814,Charles William,M,Robert,Mary,CROWE,,Bradwell,Farmer,
SFK,Bradwell,St Nicholas,10,,2 Jun 1814,Sarah,F,,Elizabeth,,PALMER,Heckingham,,Base Born
SFK,Bradwell,St Nicholas,11,,17 Jul 1814,Peter,M,John,Mary,SMITH,,Bradwell,Labourer,
SFK,Bradwell,St Nicholas,12,,24 Jul 1814,Mary,F,Henry,Mary,HART,,Bradwell,Labourer,Adult
SFK,Bradwell,St Nicholas,13,,24 Jul 1814,Sarah,F,Henry,Mary,HART,,Bradwell,Labourer,Adult
SFK,Bradwell,St Nicholas,14,,24 Jul 1814,Henry,M,Henry,Mary,HART,,Bradwell,Labourer,Adult
SFK,Bradwell,St Nicholas,15,,24 Jul 1814,Stephen,M,,,WARNER,,Gorleston,Labourer,Adult
SFK,Bradwell,St Nicholas,16,,24 Jul 1814,Frances,F,Henry,Frances,HART,,Bradwell,Labourer,Twin Daughter
SFK,Bradwell,St Nicholas,16,,24 Jul 1814,Mary Ann,F,Henry,Frances,HART,,Bradwell,Labourer,Twin Daughter
SFK,Bradwell,St Nicholas,17,,21 Aug 1814,Benjamin,M,Robert,Ann,WELLS,,Bradwell,Labourer,
SFK,Bradwell,St Nicholas,18,,8 Sep 1814,Sophia Augusta,F,George,Hannah,BOTWRIGHT,,Bradwell,Miller,
SFK,Bradwell,St Nicholas,19,,25 Sep 1814,Joseph,M,Joseph,Mary,WRIGHT,,Bradwell,Labourer,
SFK,Bradwell,St Nicholas,20,,30 Oct 1814,William,M,Jonas,Mary,SEALY,,Bradwell,Labourer,
SFK,Bradwell,St Nicholas,21,,30 Oct 1814,Elinor,F,Thomas,Elizabeth,AMISS,,Bradwell,Labourer,
SFK,Bradwell,St Nicholas,22,,11 Dec 1814,Robert,M,Joseph,Elizabeth,AMISS,,Gorleston,Labourer,
SFK,Bradwell,St Nicholas,23,,19 Dec 1814,Elizabeth Clackson,F,William,Ann Nuttall,WALES,,Bradwell,Labourer,
SFK,Bradwell,St Nicholas,24,,3 Feb 1815,George,M,Francis,Sarah,PYE,,Gorleston,Labourer,
SFK,Bradwell,St Nicholas,25,,26 Feb 1815,Henry,M,Joseph,Ann,BENSLEY,,Bradwell,Labourer,
SFK,Bradwell,St Nicholas,26,,9 Apr 1815,William,M,Anthony,Sarah,COLE,,Bradwell,Miller,
SFK,Bradwell,St Nicholas,27,2 Mar 1815,28 May 1815,Stephen,M,John,Susannah,WARD,,Bradwell,Labourer,
SFK,Bradwell,St Nicholas,28,,27 Aug 1815,Mary Anne,F,John,Maria,MALLETT,,Bradwell,Blacksmith,
SFK,Bradwell,St Nicholas,29,,10 Sep 1815,Caroline,F,John,Sarah,SMITH,,Bradwell,Labourer,
SFK,Bradwell,St Nicholas,30,,15 Oct 1815,William,M,James,Honor,GATES,,Bradwell,Labourer,
SFK,Bradwell,St Nicholas,31,,5 Nov 1815,Mary Ann,F,William,Mary,CROSS,,Bradwell,Farmer,
SFK,Bradwell,St Nicholas,32,,22 Nov 1815,Evanson,M,John,Margarett,CHASTENEY,,Bradwell,Labourer,
SFK,Bradwell,St Nicholas,33,,7 Jan 1816,George,M,John,Elizabeth,LEVELL,,Bradwell,Labourer,
SFK,Bradwell,St Nicholas,34,,25 Feb 1816,Henry,M,Henry,Frances,HART,,Bradwell,Labourer,
SFK,Bradwell,St Nicholas,35,,21 Apr 1816,William,,Benjamin,Mary,BROOKS,,Bradwell,Labourer,
SFK,Bradwell,St Nicholas,36,,12 May 1816,Ann Catherine,F,John,Susannah,WARD,,Bradwell,Labourer,
SFK,Bradwell,St Nicholas,37,,2 Jun 1816,Susan,F,Robert,Ann,WELLS,,Bradwell,Labourer,
SFK,Bradwell,St Nicholas,38,,20 Jun 1816,George William,M,George William,Mary,NESLIN,,Burgh,Farmer,
SFK,Bradwell,St Nicholas,39,,22 Sep 1816,Alfred,M,Anthony,Sarah,COLE,,Bradwell,Miller,
SFK,Bradwell,St Nicholas,40,,6 Oct 1816,Robert,M,Henry,Mary,JOHNSON,,Bradwell,Labourer,
SFK,Bradwell,St Nicholas,41,,13 Oct 1816,Sarah,F,Robert,Susannah,BULLOCK,,Bradwell,Labourer,
SFK,Bradwell,St Nicholas,42,,30 Nov 1816,Matilda,F,William,Mary,CROSS,,Bradwell,Farmer,
SFK,Bradwell,St Nicholas,43,,10 Jan 1817,Mary,F,John,Elizabeth,PARKER,,Bradwell,Labourer,
SFK,Bradwell,St Nicholas,44,,26 Jan 1817,Elizabeth,F,Joseph,Mary,WRIGHT,,Bradwell,Labourer,
SFK,Bradwell,St Nicholas,45,,9 Mar 1817,Joseph,M,Joseph,Ann,BENSLEY,,Bradwell,Labourer,
SFK,Bradwell,St Nicholas,46,,27 Apr 1817,Edmund,M,John,Margarett,CHASTENEY,,Bradwell,Labourer,
SFK,Bradwell,St Nicholas,47,,11 May 1817,James,M,John,Mary,SMITH,,Bradwell,Labourer,
SFK,Bradwell,St Nicholas,48,,17 Aug 1817,Marian,F,Thomas,Elizabeth,AMISS,,Bradwell,Labourer,
SFK,Bradwell,St Nicholas,49,,26 Oct 1817,Sarah,F,Joyce,Susan,COOPER,,Bradwell,Farmer,
SFK,Bradwell,St Nicholas,50,,15 Feb 1818,Melinda,F,Anthony,Sarah,COLE,,Bradwell,Miller,
SFK,Bradwell,St Nicholas,51,,20 Mar 1818,Thomas,M,John,Maria,MALLETT,,Bradwell,Blacksmith,
SFK,Bradwell,St Nicholas,52,,27 Mar 1818,Maria,F,William,Lucy,CHASTENEY,,Bradwell,Gardener,
SFK,Bradwell,St Nicholas,53,,12 Apr 1818,Frederick,M,Jonas,Elizabeth,BALLS,,Bradwell,Servant,
SFK,Bradwell,St Nicholas,54,,26 Apr 1818,Honor,F,James,Honor,GATES,,Bradwell,Labourer,
SFK,Bradwell,St Nicholas,55,,21 Jun 1818,John,M,,Mary ,,ELLIS,Bradwell,,Base Born
SFK,Bradwell,St Nicholas,56,,1 Jul 1818,Sarah Ann,F,John,Ann,ELLERD,,Bradwell,Labourer,
SFK,Bradwell,St Nicholas,57,,30 Aug 1818,Benjamin,,Benjamin,Mary,BROOKES,,Bradwell,Labourer,
SFK,Bradwell,St Nicholas,58,,11 Oct 1818,John,M,Robert,Susannah,BULLOCK,,Bradwell,Labourer,
SFK,Bradwell,St Nicholas,59,,11 Oct 1818,James,M,John,Elizabeth,LEVELL,,Bradwell,Labourer,
SFK,Bradwell,St Nicholas,60,,23 Oct 1818,Robert,M,Samuel,Elizabeth,ADAMS,,Bradwell,Labourer,
SFK,Bradwell,St Nicholas,61,,30 Oct 1818,Edward Charles,M,William,Mary,CROSS,,Bradwell,Farmer,
SFK,Bradwell,St Nicholas,62,,24 Jan 1819,Harriett,F,John,Sarah,SMITH,,Bradwell,Labourer,
SFK,Bradwell,St Nicholas,63,,3 Apr 1819,John Howlett,M,Henry,Frances,HART,,Bradwell,Labourer,
SFK,Bradwell,St Nicholas,64,,4 Apr 1819,Lucy,F,William,Lucy,CHASTENEY,,Bradwell,Gardener,
SFK,Bradwell,St Nicholas,65,,14 Apr 1819,Maximilian,M,Anthony,Sarah,COLE,,Bradwell,Miller,
SFK,Bradwell,St Nicholas,66,,19 May 1819,Frances,F,Joseph,Ann,BENSLEY,,Bradwell,Labourer,
SFK,Bradwell,St Nicholas,67,,8 Jun 1819,Eliza,,,Ann,,BROOKES,Bradwell,,Base Born
SFK,Bradwell,St Nicholas,68,,22 Aug 1819,Benjamin,M,John,Mary,SMITH,,Bradwell,Labourer,
SFK,Bradwell,St Nicholas,69,23 Dec 1818,12 Sep 1819,William Edward,M,William,Elizabeth,CARTER,,Bradwell,Labourer,
SFK,Bradwell,St Nicholas,70,,7 Nov 1819,Robert,M,Joseph,Mary,WRIGHT,,Bradwell,Labourer,
SFK,Bradwell,St Nicholas,71,,4 Mar 1820,Elizabeth,F,John,Elizabeth,PARKER,,Bradwell,Labourer,
SFK,Bradwell,St Nicholas,72,,16 Apr 1820,Samuel,M,James,Honor,GATES,,Bradwell,Labourer,
SFK,Bradwell,St Nicholas,73,,1 May 1820,Maria,F,Joshua,Susan,COOPER,,Bradwell,Labourer,
SFK,Bradwell,St Nicholas,74,,30 Apr 1820,William,M,Samuel,Hepzibeth,HALIFAX,,Bradwell,Labourer,
SFK,Bradwell,St Nicholas,75,6 Apr 1820,7 May 1820,Thomas,M,John,Maria Catherine,PENRICE,,Bradwell,Esquire,
SFK,Bradwell,St Nicholas,76,,16 May 1820,Elizabeth Eliza,F,James,Hannah,BECKETT,,Bradwell,Labourer,
SFK,Bradwell,St Nicholas,77,,7 Jun 1820,Caroline,F,William,Mary,CROSS,,Bradwell,Farmer,
SFK,Bradwell,St Nicholas,78,,24 Jul 1820,Charlotte,F,Thomas,Elizabeth,AMISS,,Bradwell,Labourer,
SFK,Bradwell,St Nicholas,79,,17 Sep 1820,John,M,William,Sarah,BURWARD,,Bradwell,Labourer,
SFK,Bradwell,St Nicholas,80,,1 Oct 1820,Elizabeth,F,Benjamin,Mary,BROOKES,,Bradwell,Labourer,
SFK,Bradwell,St Nicholas,81,,14 Jan 1821,Elizabeth Mary,F,John,Mary,DADE,,Bradwell,Labourer,
SFK,Bradwell,St Nicholas,81,,14 Jan 1821,John George,M,John,Mary,DADE,,Bradwell,Labourer,Received Into The Church
SFK,Bradwell,St Nicholas,81,,14 Jan 1821,Ellen,F,John,Mary,DADE,,Bradwell,Labourer,Received Into The Church
SFK,Bradwell,St Nicholas,82,,30 Jan 1821,Samuel,M,William,Ann,LYDAMOR,,Bradwell,Labourer,
SFK,Bradwell,St Nicholas,83,,11 Mar 1821,William,M,William,Lucy,CHASTENEY,,Bradwell,Gardener,
SFK,Bradwell,St Nicholas,84,,18 Mar 1821,Mary,F,John,Elizabeth,LEVELL,,Bradwell,Labourer,
SFK,Bradwell,St Nicholas,85,,10 Jun 1821,Eliza,F,William,Jemima,HOWES,,Bradwell,Labourer,
SFK,Bradwell,St Nicholas,86,,1 Sep 1821,James,M,Edward,Martha,BECKET,,Bradwell,Labourer,
SFK,Bradwell,St Nicholas,87,,8 Nov 1821,Sarah Ann,F,Henry,Frances,HART,,Bradwell,Labourer,
SFK,Bradwell,St Nicholas,88,,15 Dec 1821,Robert,M,Joseph,Anne,BENSLEY,,Bradwell,Bricklayer,
SFK,Bradwell,St Nicholas,89,,31 Dec 1821,Elizabeth,F,John,Mary,SMITH,,Bradwell,Labourer,
SFK,Bradwell,St Nicholas,90,,14 Apr 1822,Sarah,F,James,Honor,GATES,,Bradwell,Labourer,
SFK,Bradwell,St Nicholas,91,,7 Dec 1821,Maria Catherine,F,John,Maria Catherine,PENRICE,,Bradwell,Esquire,
SFK,Bradwell,St Nicholas,92,,17 Jun 1822,Rachell,F,Edmund,Ann,HARRIS,,Bradwell,Labourer,
SFK,Bradwell,St Nicholas,93,,14 Jul 1822,Frederic,M,William,Mary,CROSS,,Bradwell,Farmer,
SFK,Bradwell,St Nicholas,94,,21 Jul 1822,Thomas Gilbert,M,John,Mary,DADE,,Bradwell,,
SFK,Bradwell,St Nicholas,95,,14 Sep 1822,James,M,James,Hannah,BECKETT,,Bradwell,Labourer,
SFK,Bradwell,St Nicholas,96,,15 Sep 1822,Marian,F,Benjamin,Mary,BROOKES,,Bradwell,Labourer,
SFK,Bradwell,St Nicholas,97,,5 Nov 1822,John,M,William,Ann,LYDAMOR,,Bradwell,Labourer,
SFK,Bradwell,St Nicholas,98,,12 Jan 1823,Caroline Leonora,F,John,Maria Catherine,PENRICE,,Bradwell,Esquire,
SFK,Bradwell,St Nicholas,99,,24 Mar 1823,Harriett,F,Robert,Susannah,BULLOCK,,Bradwell,Labourer,
SFK,Bradwell,St Nicholas,100,,7 Apr 1823,Mary,F,William,Lucy,CHASTENEY,,Bradwell,Gardener,
SFK,Bradwell,St Nicholas,101,,18 May 1823,John,M,Joshua,Susan,COOPER,,Bradwell,Labourer,
SFK,Bradwell,St Nicholas,102,,3 Jun 1823,William,M,Joseph,Mary,WRIGHT,,Bradwell,Labourer,
SFK,Bradwell,St Nicholas,103,,12 Jul 1823,Hepzibeth Elizabeth,F,John,Elizabeth,LEVELL,,Bradwell,Labourer,
SFK,Bradwell,St Nicholas,104,,24 Aug 1823,Anna Maria,F,Samuel,Elizabeth,ADAMS,,Bradwell,Labourer,
SFK,Bradwell,St Nicholas,105,,29 Aug 1823,Mary,F,William,Jemima,HOWES,,Bradwell,Labourer,
SFK,Bradwell,St Nicholas,106,,31 Aug 1823,John,M,Thomas,Elizabeth,AMISS,,Bradwell,Labourer,
SFK,Bradwell,St Nicholas,107,,22 Sep 1823,Jane,F,John,Margaret,CHASTENEY,,Bradwell,Labourer,
SFK,Bradwell,St Nicholas,108,,10 Oct 1823,Harriett Louisa,F,James,Sophia Maria,CROWE,,Bradwell,Farmer,
SFK,Bradwell,St Nicholas,109,,21 Dec 1823,Elizabeth King,F,William,Charlotte,GOOSE,,Bradwell,Gentleman,
SFK,Bradwell,St Nicholas,110,,25 May 1824,Christopher,M,William,Susan,NEWRICK,,Bradwell,Farmer,
SFK,Bradwell,St Nicholas,111,,5 Jul 1824,Marian,F,John,Mary,SMITH,,Bradwell,Labourer,
SFK,Bradwell,St Nicholas,112,,5 Aug 1824,John,M,Joseph,Ann,BENSLEY,,Bradwell,Labourer,
SFK,Bradwell,St Nicholas,,,31 May 1824,James,M,Benjamin,Mary,BROOKS,,Bradwell,Labourer,Margin Entry Near Register Entry 112
SFK,Bradwell,St Nicholas,113,,20 Aug 1824,William Charles,,William,Phoebe,BACEY,,Bradwell,Labourer,
SFK,Bradwell,St Nicholas,114,,25 Apr 1824,Isabella,,John,Maria Catherine,PENRICE,,Bradwell,Esquire,
SFK,Bradwell,St Nicholas,115,,8 Sep 1824,Daniel,,Daniel,Susannah,HAWES,,Bradwell,Labourer,
SFK,Bradwell,St Nicholas,116,,28 Sep 1824,William,,Samuel,Amy,BROWNE,,Bradwell,Labourer,
SFK,Bradwell,St Nicholas,117,,6 Feb 1825,Charlotte,,William,Ann,LYDAMOR,,Bradwell,Labourer,
SFK,Bradwell,St Nicholas,118,,13 Feb 1825,Hannah,,,Hannah,,KING,Bradwell,,Base Born
SFK,Bradwell,St Nicholas,119,,4 Apr 1825,John Everson,,John,Margaret,CHASTENEY,,Bradwell,Labourer,
SFK,Bradwell,St Nicholas,120,,11 Apr 1825,Hannah,,James,Hannah,BECKETT,,Bradwell,Labourer,
SFK,Bradwell,St Nicholas,121,,17 Apr 1825,Jane Eliza,,John,Mary,DADE,,Bradwell,Yeoman,
SFK,Bradwell,St Nicholas,122,,8 May 1825,Robert,,William,Lucy,CHASTENEY,,Bradwell,Gardener,
SFK,Bradwell,St Nicholas,123,,13 Jun 1825,Robert,,Robert,Elizabeth,PORTER,,Bradwell,Labourer,
SFK,Bradwell,St Nicholas,124,,3 Sep 1825,William,,William,Sarah,REYNOLDS,,Bradwell,Labourer,
SFK,Bradwell,St Nicholas,125,,11 Dec 1825,Benjamin,,William,Elizabeth,BRACEY,,Bradwell,Publican,
SFK,Bradwell,St Nicholas,126,,12 Dec 1825,William,,John,Mary,SMITH,,Bradwell,Labourer,
SFK,Bradwell,St Nicholas,127,,18 Dec 1825,Herbert Newton,,John,Maria Catherine,PENRICE,,Bradwell,Esquire,
SFK,Bradwell,St Nicholas,128,,24 Dec 1813,John,,William,Mary,CROSS,,Bradwell,Gentleman,Omitted
SFK,Bradwell,St Nicholas,129,,3 Jan 1826,James William,,James,Sophia,CROWE,,Bradwell,Farmer,
SFK,Bradwell,St Nicholas,130,,21 Feb 1826,Amelia Harriett,,George,Charlotte,WOODS,,Bradwell,Farmer,
SFK,Bradwell,St Nicholas,131,,30 Apr 1826,William James,,William,Jemima,HOWES,,Bradwell,Labourer,
SFK,Bradwell,St Nicholas,132,,7 May 1826,Benjamin,,Joseph,Mary,WRIGHT,,Bradwell,Labourer,
SFK,Bradwell,St Nicholas,133,16 Jan 1814,25 Jun 1826,Sarah,,John,Elizabeth,CHASTENEY,,Bradwell,Labourer,Received Into Church
SFK,Bradwell,St Nicholas,134,,10 Sep 1826,Rebecca,,Benjamin,Mary,BROOKES,,Bradwell,Labourer,
SFK,Bradwell,St Nicholas,135,,19 Nov 1826,Eliza Jemima,F,Daniel,Susanna,HAWES,,Bradwell,Labourer,
SFK,Bradwell,St Nicholas,136,,20 Jan 1823,John,F,John,Maria,MALLETT,,Bradwell,Blacksmith,Omitted
SFK,Bradwell,St Nicholas,137,,14 Jan 1827,Emma Vernon,,John,Maria Catherine,PENRICE,,Bradwell,Esquire,
SFK,Bradwell,St Nicholas,138,,5 Feb 1827,Charlotte,,William,Sarah,REYNOLDS,,Bradwell,Labourer,
SFK,Bradwell,St Nicholas,139,,9 Apr 1827,Charlotte,,James,Hannah,BECKETT,,Bradwell,Labourer,
SFK,Bradwell,St Nicholas,140,,24 Apr 1827,Phoebe,,William,Phoebe,BACEY,,Bradwell,Labourer,
SFK,Bradwell,St Nicholas,141,,19 May 1827,Ann Bristow,,Samuel,Amy,BROWNE,,Bradwell,Labourer,
SFK,Bradwell,St Nicholas,142,,16 Jul 1827,George,,James,Sophia,CROWE,,Bradwell,Farmer,
SFK,Bradwell,St Nicholas,143,,23 Jul 1827,Judith,F,John,Mary,SMITH,,Bradwell,Labourer,Twin Daughter
SFK,Bradwell,St Nicholas,144,,23 Jul 1827,Susannah,F,John,Mary,SMITH,,Bradwell,Labourer,Twin Daughter
SFK,Bradwell,St Nicholas,145,,17 Aug 1827,Mary Ann Eliza,,Samuel,Mary Anne,FARMAN,,Bradwell,Labourer,
SFK,Bradwell,St Nicholas,146,,17 Sep 1827,Alfred,,John,Margarett,CHASENEY,,Bradwell,Gardener,
SFK,Bradwell,St Nicholas,147,,25 Sep 1827,Mary Ann,,William,Ann,LYDAMOR,,Bradwell,Labourer,
SFK,Bradwell,St Nicholas,148,,17 Dec 1827,Elizabeth,,Thomas,Sarah,CLEAVELAND,,Bradwell,Labourer,
SFK,Bradwell,St Nicholas,153,,14 Jan 1828,Lucy,,William,Lucy,CHASTENEY,,Bradwell,Gardener,
SFK,Bradwell,St Nicholas,154,,2 Mar 1828,Louisa,,Thomas,Elizabeth,AMISS,,Bradwell,Labourer,
SFK,Bradwell,St Nicholas,155,,11 Mar 1828,Elizabeth,,Joseph,Ann,BENSLEY,,Bradwell,Labourer,
SFK,Bradwell,St Nicholas,156,,4 Apr 1828,Charles Peter,,Benjamin,Mary,BROOKS,,Bradwell,Labourer,
SFK,Bradwell,St Nicholas,157,,4 May 1828,John,,John,Mary,WRIGHT,,Bradwell,Labourer,
SFK,Bradwell,St Nicholas,158,,30 May 1828,Sarah,,John,Elizabeth,LEVELL,,Bradwell,Labourer,
SFK,Bradwell,St Nicholas,159,,23 Sep 1828,Charlotte,,Edward,Martha,BECKETT,,Bradwell,Labourer,
SFK,Bradwell,St Nicholas,160,,21 Dec 1828,Thomas,,Daniel,Susannah,HAWES,,Bradwell,Labourer,
SFK,Bradwell,St Nicholas,161,,11 Jan 1829,Charlotte,,James,Hannah,BECKET,,Bradwell,Labourer,
SFK,Bradwell,St Nicholas,162,,12 Jun 1829,Charles,,Samuel,Mary Anne,FARMAN,,Bradwell,Labourer,
SFK,Bradwell,St Nicholas,163,,14 Jun 1829,William Henry,,John,Elizabeth,SLAUGHTER,,Bradwell,Labourer,
SFK,Bradwell,St Nicholas,164,,27 Aug 1829,Julia,,John,Maria Catherine,PENRICE,,Bradwell,Esquire,
SFK,Bradwell,St Nicholas,165,,15 Oct 1829,John,,William,Phoebe,BACEY,,Bradwell,Labourer,
SFK,Bradwell,St Nicholas,166,,1 Nov 1829,Elizabeth,F,John,Ann,WOODS,,Bradwell,Labourer,
SFK,Bradwell,St Nicholas,167,,21 Nov 1829,Edward,,William,Jemima,HOWES,,Gorleston,Labourer,
SFK,Bradwell,St Nicholas,168,,29 Nov 1829,William,,Thomas,Sarah,CLEVELAND,,Bradwell,Labourer,
SFK,Bradwell,St Nicholas,169,,30 Nov 1829,Charles,,John,Margaret,CHASTENEY,,Bradwell,Gardener,
SFK,Bradwell,St Nicholas,170,,5 Jan 1830,Charlotte,,John,Mary,GUYTON,,Bradwell,Labourer,
SFK,Bradwell,St Nicholas,171,,23 May 1830,Ann Elinor,,Robert,Susan,BULLOCK,,Bradwell,Labourer,
SFK,Bradwell,St Nicholas,172,,24 May 1830,Robert,,Benjamin,Mary,BROOKS,,Bradwell,Labourer,
SFK,Bradwell,St Nicholas,173,,24 May 1830,William,,William,Sarah,SYMONDS,,Bradwell,Labourer,
SFK,Bradwell,St Nicholas,174,,5 Jun 1830,Jane,,John,Elizabeth,LEVELL,,Bradwell,Labourer,
SFK,Bradwell,St Nicholas,175,,4 Jul 1830,John,,William,Sarah,REYNOLDS,,Bradwell,Labourer,
SFK,Bradwell,St Nicholas,176,,17 Aug 1830,Edward,,William,Lucy,CHASTENEY,,Bradwell,Gardener,
SFK,Bradwell,St Nicholas,1831,,20 Feb 1831,Edward,,John,Mary,WRIGHT,,Bradwell,Labourer,
SFK,Bradwell,St Nicholas,178,,4 Mar 1831,Robert Jonas,,Robert,Mary Ann,KIPPEN,,Bradwell,Labourer,
SFK,Bradwell,St Nicholas,179,,24 Jun 1831,Charlotte,,George,Charlotte,WOODS,,Bradwell,Farmer,
SFK,Bradwell,St Nicholas,180,,3 Jul 1831,Robert,,John,Elizabeth,SLAUGHTER,,Bradwell,Labourer,
SFK,Bradwell,St Nicholas,181,,8 Aug 1831,Mary,,Joshua,Frances,ENNIS,,Bradwell,Labourer,
SFK,Bradwell,St Nicholas,182,,2 Dec 1831,Eliza,,Thomas,Judith,BARBER,,Bradwell,Farmer,
SFK,Bradwell,St Nicholas,183,,18 Dec 1831,Catherine,,John,Margaret,CHASTENEY,,Bradwell,Gardener,
SFK,Bradwell,St Nicholas,185,,8 Apr 1832,Elizabeth,,William,Sarah,REYNOLDS,,Bradwell,Labourer,
SFK,Bradwell,St Nicholas,186,,12 Apr 1832,James,,Joseph,Ann,BENSLEY,,Bradwell,Labourer,
SFK,Bradwell,St Nicholas,187,,5 Jun 1832,Henry James,,William,Jemima,HOWES,,Bradwell,Labourer,
SFK,Bradwell,St Nicholas,188,,14 Jun 1832,Louisa,,William,Elizabeth,BRACEY,,Bradwell,Publican,
SFK,Bradwell,St Nicholas,189,,18 Jun 1832,Jonas,,Benjamin,Mary,BROOKS,,Bradwell,Labourer,
SFK,Bradwell,St Nicholas,190,,24 Jun 1832,Mary Ann,,Robert,Elizabeth,PORTER,,Bradwell,Labourer,
SFK,Bradwell,St Nicholas,191,,27 Nov 1832,Elizabeth,,George,Charlotte,WOODS,,Bradwell,Farmer,
SFK,Bradwell,St Nicholas,192,,22 May 1833,William Elijah,,Robert,Mary Ann,KIPPEN,,Bradwell,Laborer,
SFK,Bradwell,St Nicholas,193,,23 Jun 1833,George,,William,Lucy,CHASTENEY,,Bradwell,Gardener,
SFK,Bradwell,St Nicholas,194,,30 Jun 1833,Maria,,Joshua,Frances,ENNIS,,Bradwell,Labourer,
SFK,Bradwell,St Nicholas,195,,15 Sep 1833,Albert,,David,Sarah,BROWN,,Bradwell,Labourer,
SFK,Bradwell,St Nicholas,196,,16 Oct 1833,Maria,,John,Margaret,CHASTENEY,,Bradwell,Gardener,
SFK,Bradwell,St Nicholas,197,,26 Nov 1833,Charles Cooper,M,,Sarah,,[JT]ORDER,Bradwell,Servant,Base Born Son
SFK,Bradwell,St Nicholas,198,,9 Dec 1833,Mary,,Francis,Susan,MA[D_]E,,Bradwell,Labourer,
SFK,Bradwell,St Nicholas,199,,5 Feb 1834,James William,,James,Hannah,BECKETT,,Bradwell,Labourer,
SFK,Bradwell,St Nicholas,200,,26 Feb 1834,Charlotte,,William,Susan,NEWARK,,Bradwell,Labourer,
SFK,Bradwell,St Nicholas,201,,27 Mar 1834,Lomas,,Cornelius,Clara,SMITH,,Gipsy Tent,Travelling Tinker,
SFK,Bradwell,St Nicholas,202,,11 May 1834,William,,John,Mary,WRIGHT,,Bradwell,Labourer,
SFK,Bradwell,St Nicholas,203,,2 Jun 1834,Victoria,,Thomas,Judith,BARBER,,Hopland Bradwell,Farmer,
SFK,Bradwell,St Nicholas,204,,5 Oct 1834,Eliza Augusta,,John,Augusta Sophia,[W_]AR[TB]Y,,Bradwell,Miller,
SFK,Bradwell,St Nicholas,205,,21 Feb 1835,Charlotte,,William,Jemima,HOWES,,Bradwell,Labourer,
SFK,Bradwell,St Nicholas,206,,5 Jul 1835,Sarah,,Robert,Elizabeth,PORTER,,Bradwell,Labourer,
SFK,Bradwell,St Nicholas,207,,2 Oct 1835,Emily,,James,Hannah,ADAMS,,Bradwell,Labourer,
SFK,Bradwell,St Nicholas,208,,20 Oct 1835,Mark,,William,Sarah,BENSLEY,,Bradwell,Bricklayer,
SFK,Bradwell,St Nicholas,209,,14 Nov 1835,Henry Bensley,M,,Frances,,HART,Bradwell,,Base Born
SFK,Bradwell,St Nicholas,210,,23 Nov 1835,Thomas,,Thomas,Charlotte,POLE,,Bradwell,Labourer,
SFK,Bradwell,St Nicholas,211,,5 Jan 1836,George William,,John,Augusta,WARBY,,Bradwell,Miller,
SFK,Bradwell,St Nicholas,212,,7 Feb 1836,Elizabeth,,John,Margarett,CHASE,,Bradwell,Gardener,
SFK,Bradwell,St Nicholas,213,,24 Apr 1836,William Lewis,,William,Mary,COX,,Bradwell,Labourer,
SFK,Bradwell,St Nicholas,214,,22 May 1836,Thomas [l_]uinton,,Thomas,Judith,BARBER,,Bradwell,Farmer,
SFK,Bradwell,St Nicholas,215,,20 Feb 1837,Mary Ann,,William,Susan,NEWARK,,Bradwell,Labourer,
SFK,Bradwell,St Nicholas,216,,7 May 1837,Mary,F,John,Mary,WRIGHT,,Bradwell,Laborer,
SFK,Bradwell,St Nicholas,217,,5 Jun 1837,Samuel James,,James,Hannah,ADAMS,,Bradwell,Labourer,
SFK,Bradwell,St Nicholas,218,,18 Aug 1837,John,,Thomas,Emily,AMYSS,,Bradwell,Labourer,
SFK,Bradwell,St Nicholas,219,,6 Nov 1837,Harriett,,Robert,Elizabeth,PORTER,,Bradwell,Labourer,
SFK,Bradwell,St Nicholas,220,,1 Jan 1838,Frances Ann,,,Frances,,HART,Bradwell,Single Woman,Note Says BB Presumably To Indicate Base Born
SFK,Bradwell,St Nicholas,221,,15 Feb 1838,James Pole,M,,Mary Ann,,HART,Bradwell,Single Woman,Base Born
SFK,Bradwell,St Nicholas,222,,18 Mar 1838,Christopher,,John,Ann,HUBBARD,,Bradwell,Labourer,
SFK,Bradwell,St Nicholas,223,,30 Apr 1838,Eliza,,,Marian,,SMITH,Bradwell,,Base Born
SFK,Bradwell,St Nicholas,224,,1 May 1838,George,,Robert,Marian,KIPPEN,,Bradwell,Labourer,
SFK,Bradwell,St Nicholas,225,,28 May 1838,Susannah,,,Christian,,MARJORAM,Bradwell,,Base Born
SFK,Bradwell,St Nicholas,226,,24 Jul 1838,Hannah,,William,Jemima,HOWES,,Bradwell,Labourer,
SFK,Bradwell,St Nicholas,227,,7 Oct 1838,Luke,,Thomas,Emily,AMYSS,,Bradwell,Labourer,
SFK,Bradwell,St Nicholas,228,,11 Nov 1838,George,,Robert,Elizabeth,PORTER,,Bradwell,Labourer,
SFK,Bradwell,St Nicholas,229,,5 Feb 1839,Octavia,,Thomas,Judith,BARBER,,Bradwell,Farmer,
SFK,Bradwell,St Nicholas,230,,26 May 1839,George,,Charles,Susan,AMYSS,,Bradwell,Labourer,
SFK,Bradwell,St Nicholas,231,,22 Aug 1839,Edward Henry,,James,Presance,PRESANCE,,Bradwell,Miller,Mothers Forename And Parents Surname Both Entered As Presance
SFK,Bradwell,St Nicholas,232,,8 Sep 1839,Charles,,Benjamin,Mary,BROOKS,,Bradwell,Labourer,
SFK,Bradwell,St Nicholas,233,,13 Oct 1839,John,,Jonas,Mary Ann,GIBBS,,Bradwell,Labourer,
SFK,Bradwell,St Nicholas,234,,13 Oct 1839,Harriett,,Jeremiah,Charlotte,GRINT,,Bradwell,Labourer,
SFK,Bradwell,St Nicholas,235,,12 Jan 1840,John,,John,Mary,WRIGHT,,Bradwell,Labourer,
SFK,Bradwell,St Nicholas,236,,19 Apr 1840,James William,,James,Hannah,ADAMS,,Bradwell,Labourer,
SFK,Bradwell,St Nicholas,237,,24 May 1840,William,,John,Ann,HUBBARD,,Bradwell,Labourer,
SFK,Bradwell,St Nicholas,238,,11 Oct 1840,Joshua,,Joshua,Christian,COOPER,,Bradwell,Labourer,
SFK,Bradwell,St Nicholas,239,,11 Oct 1840,Rachael,,Thomas,Emily,AMIS,,Bradwell,Labourer,
SFK,Bradwell,St Nicholas,240,,18 Oct 1840,James William,M,William,Frances,ORSBORNE,,Bradwell,Labourer,
SFK,Bradwell,St Nicholas,241,,25 Oct 1840,James,,James,Sarah,LEVELL,,Bradwell,Labourer,
SFK,Bradwell,St Nicholas,242,,8 Nov 1840,Rachel,,Benjamin,Mary,BROOKS,,Bradwell,Labourer,
SFK,Bradwell,St Nicholas,243,,7 Mar 1841,Robert Willsher,,Robert,Louisa,HILDER,,Bradwell,Spirit Merchant,
SFK,Bradwell,St Nicholas,244,,4 Apr 1841,Maria,,Charles,Susan,AMYSS,,Bradwell,Labourer,
SFK,Bradwell,St Nicholas,245,,28 Jul 1841,Samuel,,Robert,Elizabeth,PORTER,,Bradwell,Labourer,
SFK,Bradwell,St Nicholas,246,,7 Nov 1841,Marian,,William,Eliza,[J_]OOR[D_],,Bradwell,Labourer,
SFK,Bradwell,St Nicholas,247,,10 Nov 1841,James,,William,Sarah,REYNOLDS,,Bradwell,Labourer,
SFK,Bradwell,St Nicholas,248,,12 Nov 1841,James,,Jonas,Marian,GIBBS,,Bradwell,Labourer,
SFK,Bradwell,St Nicholas,249,,28 Nov 1841,Charles William,,Charles,Maryann,ANNIS,,Bradwell,Labourer,
SFK,Bradwell,St Nicholas,250,,23 Nov 1841,Samuel Jacob,,John,Maryann,[J_]OORD,,Bradwell,Labourer,
SFK,Bradwell,St Nicholas,251,,5 Dec 1841,Emma,,Samuel,Jemima,SEILY,,Bradwell,Mole Catcher,
SFK,Bradwell,St Nicholas,252,,22 Apr 1842,Matilda,,John,Ann,HUBBARD,,Bradwell,Labourer,
SFK,Bradwell,St Nicholas,253,,22 May 1842,William,,William,Sarah,BENSLEY,,Bradwell,Bricklayer,
SFK,Bradwell,St Nicholas,254,,23 May 1842,Adelaide,,Thomas,Judith,BARBER,,Bradwell,Farmer,
SFK,Bradwell,St Nicholas,255,,28 Aug 1842,Marian,,Robert,Ann,MOSS,,Bradwell,Labourer,
SFK,Bradwell,St Nicholas,256,,9 Oct 1842,Amelia Ann,,James,Charlotte,SPENCE,,Bradwell,Labourer,
SFK,Bradwell,St Nicholas,257,,16 Oct 1842,Jane,,John,Priscilla,BRACEY,,Bradwell,Labourer,
SFK,Bradwell,St Nicholas,258,,29 Jan 1843,Ann,,William,Frances,OSBORNE,,Bradwell,Labourer,
SFK,Bradwell,St Nicholas,259,,5 Feb 1843,Maria Sophia,,Robert,Maria Sophia,ALLEN,,Bradwell,Labourer,
SFK,Bradwell,St Nicholas,260,,20 Feb 1843,Charles Hammond,,Thomas,Sarah,MORRIS,,Bradwell,Labourer,
SFK,Bradwell,St Nicholas,261,,26 Feb 1843,Elizabeth Frances,,Christopher,Sarah,MARJORAM,,Bradwell,Farmer,
SFK,Bradwell,St Nicholas,262,,19 Mar 1843,Ann,,John,Mary,WRIGHT,,Bradwell,Labourer,
SFK,Bradwell,St Nicholas,263,,30 Apr 1843,George,,John,Hannah,WOODS,,Bradwell,Labourer,
SFK,Bradwell,St Nicholas,264,,21 May 1843,James,M,Charles,Ann,COOPER,,Bradwell,Labourer,
SFK,Bradwell,St Nicholas,265,,21 May 1843,Mary Hannah,F,Samuel,Jemima,SEELEY,,Bradwell,Labourer,
SFK,Bradwell,St Nicholas,266,,18 Jun 1843,Jacob,,Jacob,Harriett,BROWN,,Bradwell,Labourer,
SFK,Bradwell,St Nicholas,267,,26 Nov 1843,James Despard,,Robert,Louisa,HILDER,,Bradwell,Spirit Merchant,
SFK,Bradwell,St Nicholas,268,,17 Dec 1843,Matilda,,John,Ann,HUBBARD,,Bradwell,Labourer,
SFK,Bradwell,St Nicholas,269,,10 Jan 1844,William Cobb,M,James,Mary Ann,CATTERMOLE,,Bradwell,Farmer,
SFK,Bradwell,St Nicholas,270,,21 Mar 1844,Martin Humfreys,,William Stannard,Charlotte,THROWER,,Bradwell,Farmer,
SFK,Bradwell,St Nicholas,271,,12 May 1844,William Clarke Cobb,,William,Emma,CLARKE,,Bradwell,Miller,
SFK,Bradwell,St Nicholas,272,,13 Jun 1844,Harriett,,Robert,Elizabeth,PORTER,,Bradwell,Labourer,
SFK,Bradwell,St Nicholas,273,,26 Aug 1844,Marian,,Robert,Maria Sophia,ALLEN,,Bradwell,Labourer,
SFK,Bradwell,St Nicholas,274,,15 Sep 1844,George William,,John,Priscilla,BRACEY,,Bradwell,Labourer,
SFK,Bradwell,St Nicholas,275,,17 Nov 1844,Harriett,,Joseph,Marian,WRIGHT,,Bradwell,Labourer,
SFK,Bradwell,St Nicholas,276,,5 Jan 1845,Robert,,John,Hannah,WOODS,,Bradwell,Labourer,
SFK,Bradwell,St Nicholas,277,,6 Jan 1845,Thomas,,Thomas,Emily,MALLETT,,Bradwell,Blacksmith,
SFK,Bradwell,St Nicholas,278,,2 Feb 1845,Ellen Jane,F,Arnold John,Mary Ann,CLEVELAND,,Bradwell,Labourer,
SFK,Bradwell,St Nicholas,279,,20 Apr 1845,Frances,F,William,Frances,OSBORN,,Bradwell,Labourer,
SFK,Bradwell,St Nicholas,280,,11 May 1845,Elizabeth,,Thomas,Emily,AMYSS,,Bradwell,Labourer,
SFK,Bradwell,St Nicholas,281,,25 May 1845,George Charles,,Christopher,Sarah,MARJORAM,,Bradwell,Farmer,
SFK,Bradwell,St Nicholas,282,,25 May 1845,Marianne,,James,Eliza,SMITH,,Bradwell,Labourer,
SFK,Bradwell,St Nicholas,283,,21 Sep 1845,John Buck,,Charles,Ann,COOPER,,Bradwell,Labourer,
SFK,Bradwell,St Nicholas,284,,26 Oct 1845,Eliza,,John,Elizabeth,EDWARDS,,Bradwell,Labourer,
SFK,Bradwell,St Nicholas,286,,15 Feb 1846,Henry,,John Ann,Ann,HUBBARD,,Bradwell,Labourer,
SFK,Bradwell,St Nicholas,287,,19 Feb 1846,Robert,,Richard,Sarah Ann,YAXLEY,,Bradwell,Fish Merchant,
SFK,Bradwell,St Nicholas,288,,22 Feb 1846,Richard,,William,Emma,CLARK,,Bradwell,Miller,
SFK,Bradwell,St Nicholas,289,,22 Feb 1846,Hannah Ann,,George,Emily,WARNER,,Bradwell,Labourer,
SFK,Bradwell,St Nicholas,290,,8 Mar 1846,Thomas,,Thomas,Emily,MALLETT,,Bradwell,Blacksmith,
SFK,Bradwell,St Nicholas,291,,2 Apr 1846,Sarah Elizabeth,,Robert,Maria Sophia,ALLEN,,Bradwell,Labourer,
SFK,Bradwell,St Nicholas,292,,5 Jul 1846,Ellinor,,William,Eliza,FOORD,,Bradwell,Labourer,
SFK,Bradwell,St Nicholas,293,,19 Jul 1846,Mary Ann,,Henry,Mary Ann,HAMMOND,,Bradwell,Farmer,
SFK,Bradwell,St Nicholas,294,,26 Jul 1846,Harriett,,John,Hannah,WOODS,,Bradwell,Labourer,
SFK,Bradwell,St Nicholas,295,,16 Aug 1846,Ellen Elizabeth,,Richard,Mary Ann,CLARKE,,Bradwell,Farmer,
SFK,Bradwell,St Nicholas,296,,6 Sep 1846,Sarah Ann,,Robert,Ann,MOSS,,Bradwell,Labourer,
SFK,Bradwell,St Nicholas,297,,10 Jan 1847,John Marjoram,,William,Frances,MARJORAM,,Bradwell,Labourer,
SFK,Bradwell,St Nicholas,298,,7 Feb 1847,James,,John,Rachel,AMISS,RAVEN,Bradwell,Labourer,James Was Base Born So Possibly Known As James Raven Rather Than James Amiss But Freebmd Search Inconclusive
SFK,Bradwell,St Nicholas,299,,21 Mar 1847,Sarah,,James,Eliza,BUCK,,Bradwell,Labourer,
SFK,Bradwell,St Nicholas,300,,30 May 1847,Marian,,Christopher,Sarah,MARJORAM,,Bradwell,Farmer,
SFK,Bradwell,St Nicholas,301,,27 Jun 1847,Charles Samuel,,James,Louisa,BURGESS,,Bradwell,Labourer,
SFK,Bradwell,St Nicholas,302,,12 Dec 1847,Matilda,,Charles,Ann,COOPER,,Bradwell,Labourer,
SFK,Bradwell,St Nicholas,303,,19 Dec 1847,James,,James,Eliza,HALES,,Bradwell,Labourer,
SFK,Bradwell,St Nicholas,305,,30 Apr 1848,James Groves,,Arnold,Marian,CLEVELAND,,Bradwell,Labourer,
SFK,Bradwell,St Nicholas,306,,1 May 1848,Henry,,Benjamin,Rebecca,BULLOCK,,Bradwell,Labourer,
SFK,Bradwell,St Nicholas,307,,18 Jun 1848,Robert,,Thomas,Emily,MALLETT,,Bradwell,Labourer,
SFK,Bradwell,St Nicholas,308,,16 Jul 1848,Mary,,Richard,Mary Ann,CLARK,,Bradwell,Farmer,
SFK,Bradwell,St Nicholas,309,,23 Jul 1848,George Last,,Robert,Maria,HUBBARD,,Bradwell,Labourer,
SFK,Bradwell,St Nicholas,310,,18 Oct 1848,George William,,Henry,Mary Ann,HAMMOND,,Bradwell,Farmer,
SFK,Bradwell,St Nicholas,311,,10 Dec 1848,Louisa Susanna,,James,Louisa,BURGESS,,Bradwell,Labourer,
SFK,Bradwell,St Nicholas,312,,24 Dec 1848,George,,James,Mary Ann,EASTER,,Bradwell,Labourer,
SFK,Bradwell,St Nicholas,313,,31 Dec 1848,James,,James,Eliza,SMITH,,Bradwell,Labourer,
SFK,Bradwell,St Nicholas,314,,28 Jan 1849,John,,James,Eliza,BUCK,,Bradwell,Labourer,
SFK,Bradwell,St Nicholas,315,,28 Jan 1849,Benjamin John,,John,Priscilla,BRACEY,,Bradwell,Labourer,
SFK,Bradwell,St Nicholas,316,,18 Feb 1849,Eleanor,,James,Mary Ann,EASTER,,Bradwell,Labourer,
SFK,Bradwell,St Nicholas,317,,8 Apr 1849,Robert John,,Christopher,Sarah,MARJORAM,,Bradwell,Farmer,
SFK,Bradwell,St Nicholas,318,,6 May 1849,Frederic Robert,,George,Louisa,HUNTER,,Bradwell,Labourer,
SFK,Bradwell,St Nicholas,319,,3 Jun 1849,Thomas,,John,Hannah,WOODS,,Bradwell,Labourer,
SFK,Bradwell,St Nicholas,320,,28 Oct 1849,Mary Ann Du Montmorency,,William Henry,Jane Frances,BESSEY,,Bradwell,Gentleman,
SFK,Bradwell,St Nicholas,321,,28 Oct 1849,Samuel,,Thomas,Emily,MALLETT,,Bradwell,Labourer,
SFK,Bradwell,St Nicholas,322,,4 Nov 1849,Emma Jane,,Richard,Mary Ann,CLARKE,,Bradwell,Farmer,
SFK,Bradwell,St Nicholas,323,24 Feb 1821,30 Dec 1849,Jesse Elliot,,William,Maria,TAYLOR,,Bradwell,Surgeon,
SFK,Bradwell,St Nicholas,324,,20 Jan 1850,Mary Jane,,James,Sarah,BALLS,,Bradwell,Labourer,
SFK,Bradwell,St Nicholas,325,,3 Feb 1850,Eliza,,James,Eliza,HALES,,Bradwell,Labourer,
SFK,Bradwell,St Nicholas,326,,10 Mar 1850,George,,Joseph,Mary Ann,WRIGHT,,Bradwell,Labourer,
SFK,Bradwell,St Nicholas,327,,21 Apr 1850,Warren,,Robert,Phoebe,HOOD,,Bradwell,Labourer,
SFK,Bradwell,St Nicholas,328,,9 Jun 1850,Maria,,William ,Sarah,BROOKS,,Bradwell,Labourer,
SFK,Bradwell,St Nicholas,329,,23 Jun 1850,Harriett Christiana,,Robert,Maria Sophia,ALLEN,,Bradwell,Labourer,
SFK,Bradwell,St Nicholas,330,,23 Jun 1850,Bernard,,Robert,Maria,HUBBARD,,Bradwell,Labourer,
SFK,Bradwell,St Nicholas,331,,22 Dec 1850,James,,John,Matilda,COOPER,,Bradwell,Labourer,
SFK,Bradwell,St Nicholas,332,,9 Mar 1851,Charity,,Richard,Elizabeth,WILLIS,,Bradwell,Labourer,
SFK,Bradwell,St Nicholas,333,,9 Mar 1851,George Gabriell,,Thomas,Emily,MALLET,,Bradwell,Labourer,
SFK,Bradwell,St Nicholas,334,,23 Mar 1851,Elizabeth,,John,Hannah,WOODS,,Bradwell,Labourer,
SFK,Bradwell,St Nicholas,335,,23 Mar 1851,Susannah,,Christopher,Sarah,MARJORAM,,Bradwell,Farmer,
SFK,Bradwell,St Nicholas,336,,24 Mar 1851,Mary Jane,,David,Jane,ABSOLON,,Bradwell,Naval Officer,
SFK,Bradwell,St Nicholas,337,,30 Mar 1851,Esther,,James,Mary Ann,EASTER,,Bradwell,Labourer,
SFK,Bradwell,St Nicholas,338,,6 Apr 1851,William,,William,Sarah,C[AU]MBY,,Bradwell,Labourer,
SFK,Bradwell,St Nicholas,339,,11 May 1851,Margaret,,James,Eliza,SMITH,,Bradwell,Labourer,
SFK,Bradwell,St Nicholas,340,,11 May 1851,Ann,,Samuel,Elizabeth,STIMPSON,,Bradwell,Labourer,
SFK,Bradwell,St Nicholas,341,,10 Jun 1851,Adeline Elizabeth,,George,Louisa,HUNT[EO][NR],,Bradwell,Labourer,
SFK,Bradwell,St Nicholas,342,,3 Aug 1851,John Porter,,George,Elizabeth,BUCK,,Bradwell,Labourer,
SFK,Bradwell,St Nicholas,343,,5 Aug 1851,Phoebe,,,Lois,,NEWBOUND DENTON,Bradwell,Servant,Base Born
SFK,Bradwell,St Nicholas,344,,17 Aug 1851,Robert,,John,Priscilla,BRACEY,,Bradwell,Shoemaker,
SFK,Bradwell,St Nicholas,345,,7 Sep 1851,Charles,,William,Frances,OSBORNE,,Bradwell,Labourer,
SFK,Bradwell,St Nicholas,346,,14 Sep 1851,Clara Mary,,Stephen,Mary,CLARKE,,Bradwell,Miller,
SFK,Bradwell,St Nicholas,347,,30 Nov 1851,Henry,,Thomas,Eliza,BUCK,,Bradwell,Labourer,
SFK,Bradwell,St Nicholas,348,,14 Mar 1852,Louisa,,James,Eliza,HALES,,Bradwell,Labourer,
SFK,Bradwell,St Nicholas,349,,25 Apr 1852,Thomas Clarke,,James,Sarah,BALLS,,Bradwell,Farmer,
SFK,Bradwell,St Nicholas,350,,20 Jun 1852,Fanny Louisa,,Neslen,Eliza,GODFREY,,Bradwell,Labourer,
SFK,Bradwell,St Nicholas,351,,20 Jun 1852,Rosa Elizabeth,,Richard,Mary Ann,CLARKE,,Bradwell,Farmer,
SFK,Bradwell,St Nicholas,352,,20 Jun 1852,Henrietta,,Frederick,Mary Ann,DAVIDSON,ENGLAND,Norwich,Labourer,Base Born. Mothers Abode Recorded As Bradwell.
SFK,Bradwell,St Nicholas,353,,27 Jun 1852,Annie Adelaide,,Henry David,Adelaide Antoinette,ARNOT,,South Town,Dr Medicine,
SFK,Bradwell,St Nicholas,354,,4 Jul 1852,Emily,,Thomas,Emily,AMIS,,Bradwell,Labourer,
SFK,Bradwell,St Nicholas,355,,15 Aug 1852,Ann Louisa,,John,Ann,HUBBARD,,Bradwell,Labourer,
SFK,Bradwell,St Nicholas,356,,27 Nov 1852,Christopher George,,Richard,Sarah Ann,YAXLEY,,Bradwell,Fish Merchant,
SFK,Bradwell,St Nicholas,357,,12 Dec 1852,Silas William,,Silas,Elizabeth Mary,MERCHANT,,Bradwell,Servant,
SFK,Bradwell,St Nicholas,358,,16 Jan 1853,Charles Henry,,William ,Sarah,BROOKS,,Bradwell,Labourer,
SFK,Bradwell,St Nicholas,359,,20 Feb 1853,Elizabeth Rachell,,Benjamin,Ann,BROOKS,,Bradwell,Labourer,
SFK,Bradwell,St Nicholas,360,,20 Mar 1853,Esther Jane,,Christopher,Sarah,MARJORAM,,Bradwell,Farmer,
SFK,Bradwell,St Nicholas,361,,20 Mar 1853,Charles Francis,,George,Louisa,HUNTER,,Bradwell,Labourer,
SFK,Bradwell,St Nicholas,362,,19 Jun 1853,Ann Elizabeth,,William,Lois,NEWBOUND,,Bradwell,Servant,
SFK,Bradwell,St Nicholas,363,,19 Jun 1853,Elizabeth,,Samuel,Elizabeth,STIMPSON,,Bradwell,Labourer,
SFK,Bradwell,St Nicholas,364,,17 Jul 1853,Alice Jesse,,Stephen,Mary,CLARKE,,Bradwell,Miller,
SFK,Bradwell,St Nicholas,365,,14 Aug 1853,Harry,M,John,Matilda,COOPER,,Bradwell,Labourer,
SFK,Bradwell,St Nicholas,366,,18 Sep 1853,Harriet,,George,Elizabeth,BUCK,,Bradwell,Labourer,
SFK,Bradwell,St Nicholas,367,,9 Oct 1853,William,M,James,Elizabeth,SMITH,,Bradwell,Labourer,
SFK,Bradwell,St Nicholas,368,,5 Feb 1854,Matilda Emily,,Robert,Maria Sophia,ALLEN,,Gt Yarmouth,Labourer,
SFK,Bradwell,St Nicholas,369,,26 Feb 1854,Lucy,,James,Eliza,HALES,,Bradwell,Labourer,
SFK,Bradwell,St Nicholas,370,,9 Mar 1854,Elizabeth Alice,,Samuel,Mary Ann,BROWN,,Bradwell,Shoemaker,
SFK,Bradwell,St Nicholas,371,,12 Mar 1854,James,,James,Ann,BARBER,,Bradwell,Labourer,
SFK,Bradwell,St Nicholas,372,,30 Apr 1854,John Claybyn,,Robert,Phoebe,HOOD,,Bradwell,Labourer,
SFK,Bradwell,St Nicholas,373,,23 Jul 1854,Mary Ann Elizabeth,,William,Frances,OSBORNE,,Bradwell,Farmer,
SFK,Bradwell,St Nicholas,374,,23 Jul 1854,Ellen,,James,Ann,BROWN,,Bradwell,Shoemaker,
SFK,Bradwell,St Nicholas,375,,23 Jul 1854,Harriett Eliza,,Jacob,Sarah,YOUNGS,,Bradwell,Labourer,
SFK,Bradwell,St Nicholas,376,,3 Sep 1854,Emma Maria,,Joseph,Emma,HERVEY,,Bradwell,Labourer,
SFK,Bradwell,St Nicholas,377,,23 Sep 1854,Benjamin,,James,Eliza,BUCK,,Bradwell,Labourer,Named September 23
SFK,Bradwell,St Nicholas,378,,5 Nov 1854,Emily,,James,Elizabeth,REEVE,,Bradwell,Labourer,
SFK,Bradwell,St Nicholas,379,,24 Dec 1854,Edith Harriett,,Samuel,Jane,IVES,,Bradwell,Labourer,
SFK,Bradwell,St Nicholas,380,,31 Dec 1854,Arthur,,John,Anne,HUBBARD,,Bradwell,Labourer,
SFK,Bradwell,St Nicholas,381,,21 Jan 1855,Ann,,James,Mary,ENGLAND,WRIGHT,Bradwell,Labourer,
SFK,Bradwell,St Nicholas,382,,4 Feb 1855,Priscilla Emma,,George,Louisa,HUNTER,,Bradwell,Labourer,
SFK,Bradwell,St Nicholas,383,,11 Mar 1855,William,,William,Lois,NEWBOUND,,Bradwell,Servant,
SFK,Bradwell,St Nicholas,384,,22 Apr 1855,Alma Harriett,,Stephen,Mary,CLARKE,,Bradwell,Miller,
SFK,Bradwell,St Nicholas,385,,22 Apr 1855,Martha,,George,May Ann,HARVEY,,Bradwell,Labourer,
SFK,Bradwell,St Nicholas,386,,1 Jul 1855,Mark Porter,,George,Elizabeth,BUCK,,Bradwell,Labourer,
SFK,Bradwell,St Nicholas,387,,8 Jul 1855,Samuel James,,,Elizabeth ,,PORTER,Bradwell,Labouring,Base Born
SFK,Bradwell,St Nicholas,388,,15 Jul 1855,Emma Eliza,,Christopher,Sarah,MARJORAM,,Bradwell,Farmer,
SFK,Bradwell,St Nicholas,389,,26 Aug 1855,Martha,,Samuel,Elizabeth,STIMPSON,,Bradwell,Labourer,
SFK,Bradwell,St Nicholas,390,,23 Sep 1855,Ann Elizabeth,,Thomas,Emily,MALLET,,Bradwell,Labourer,
SFK,Bradwell,St Nicholas,391,,7 Oct 1855,George,,John,Matilda,COOPER,,Bradwell,Labourer,
SFK,Bradwell,St Nicholas,392,,25 Nov 1855,Ethel Maxwell,,Henry William Maxwell,Emily P,LYTE,,Bradwell,Labourer,
SFK,Bradwell,St Nicholas,393,,23 Dec 1855,Elizabeth,,John,Harriett,REYNOLDS,,Bradwell,Labourer,
SFK,Bradwell,St Nicholas,394,,17 Feb 1856,Ellen,,James,Eliza,HALES,,Bradwell,Labourer,
SFK,Bradwell,St Nicholas,395,,24 Feb 1856,Joanna,,Joseph,Emma,HARVEY,,Bradwell,Labourer,
SFK,Bradwell,St Nicholas,396,,9 Mar 1856,Benjamin Henry,,Benjamin,Eliza,CROWE,,Bradwell,Labourer,
SFK,Bradwell,St Nicholas,397,,30 Mar 1856,Laura Georgiana,,Robert,Phoebe,HOOD,,Bradwell,Labourer,
SFK,Bradwell,St Nicholas,398,,16 Apr 1856,Alice Catherine,,John,Mary,SEAMAN,,Bradwell,Gentleman,Named
SFK,Bradwell,St Nicholas,399,,22 Apr 1856,Edward Alfred,,Samuel,Mary Ann,BROWN,,Bradwell,Shoemaker,
SFK,Bradwell,St Nicholas,400,,3 May 1856,Anne Elizabeth,,John,Anne,HUBBARD,,Bradwell,Labourer,Private
SFK,Bradwell,St Nicholas,401,,4 May 1856,Eliza,,Samuel,Eliza,GULLEY,,Holland,Labourer,
SFK,Bradwell,St Nicholas,402,,11 Aug 1856,Rebecca,,Robert,Mary Ann,BROOKS,,Bradwell,Labourer,
SFK,Bradwell,St Nicholas,403,,31 Aug 1856,Emma Laura,,Stephen,Mary,CLARKE,,Bradwell,Miller,
SFK,Bradwell,St Nicholas,404,,7 Sep 1856,Maria,,William,Emily,CRISP,,Bradwell,Labourer,
SFK,Bradwell,St Nicholas,405,,30 Nov 1856,Arthur,,William,Lois,NEWBOUND,,Bradwell,Servant,
SFK,Bradwell,St Nicholas,406,,1 Mar 1857,William,,John,Hannah,WOODS,,Bradwell,Farmer,
SFK,Bradwell,St Nicholas,407,,22 Mar 1857,Priscilla,,James,Eliza,BUCK,,Bradwell,Labourer,
SFK,Bradwell,St Nicholas,408,,17 May 1857,Jonas Joshua,,Benjamin,Ann,BROOKS,,Bradwell,Labourer,
SFK,Bradwell,St Nicholas,409,,17 May 1857,Benjamin Jonas,,,Elizabeth,,ANNISS,Bradwell,,Base Born
SFK,Bradwell,St Nicholas,410,,17 May 1857,William Benjamin,,William,Sarah,BROOKS,,Bradwell,Labourer,
SFK,Bradwell,St Nicholas,411,,21 Jun 1857,James Eson,,George,Elizabeth,BUCK,,Bradwell,Labourer,
SFK,Bradwell,St Nicholas,412,,11 Oct 1857,George,,John,Harriett,REYNOLDS,,Bradwell,Labourer,
SFK,Bradwell,St Nicholas,413,,1 Nov 1857,Mary Ann,,Benjamin,Elizabeth,CROW,,Bradwell,Labourer,
SFK,Bradwell,St Nicholas,414,,15 Nov 1857,Alice Eliza,,George,Mary Ann,HARVEY,,Bradwell,Labourer,
SFK,Bradwell,St Nicholas,415,,22 Nov 1857,Samuel Arthur,,Samuel,Elizabeth,STIMPSON,,Bradwell,Labourer,
SFK,Bradwell,St Nicholas,416,,24 Jan 1858,Joshua,,John,Matilda,COOPER,,Bradwell,Labourer,
SFK,Bradwell,St Nicholas,417,,21 Feb 1858,Eliza,,James,Eliza,HALES,,Bradwell,Labourer,
SFK,Bradwell,St Nicholas,418,,7 Mar 1858,William James,,John,Priscilla,BRACEY,,Bradwell,Labourer,
SFK,Bradwell,St Nicholas,419,,28 Mar 1858,William,,William,Emily,CRISP,,Bradwell,Labourer,
SFK,Bradwell,St Nicholas,420,,4 Apr 1858,Charlotte,,Charles,Susan,AMISS,,Bradwell,Labourer,
SFK,Bradwell,St Nicholas,421,,3 Oct 1858,Ralph,,Robert,Phoebe,HOOD,,Bradwell,Labourer,
SFK,Bradwell,St Nicholas,422,,10 Oct 1858,Alfred,,John,Hannah,WOODS,,Bradwell,Farmer,
SFK,Bradwell,St Nicholas,423,,24 Oct 1858,Emily Rachel,,Robert,Mary,BROOKS,,Bradwell,Labourer,
SFK,Bradwell,St Nicholas,424,,12 Dec 1858,Henry,,William,Emma,TRIPP,,Bradwell,Labourer,
SFK,Bradwell,St Nicholas,425,,26 Dec 1858,Eliza Jane,,John,Ann,HUBBARD,,Bradwell,Labourer,
SFK,Bradwell,St Nicholas,426,,2 Jan 1859,Herbert,,William,Lois,NEWBOUND,,Bradwell,Farmer,Named
SFK,Bradwell,St Nicholas,427,,10 Feb 1859,Charlotte,,William,Elizabeth,REYNOLDS,,Bradwell,Labourer,Named
SFK,Bradwell,St Nicholas,428,,27 Feb 1859,Ellen Maria,,Benjamin,Ann,BROOKS,,Bradwell,Labourer,
SFK,Bradwell,St Nicholas,429,,24 Apr 1859,Susan Porter,,George,Elizabeth,BUCK,,Bradwell,Labourer,
SFK,Bradwell,St Nicholas,430,,23 May 1859,George,,George,Amy,DOWNING,,Bradwell,Labourer,Base Born.  No Surname Explicitly Given For Amy But She Is Described As A Singlewoman. Privately.
SFK,Bradwell,St Nicholas,431,,29 May 1859,Caroline Alberta,,Thomas,Rose,RIVETT,,Bradwell,Farmer,
SFK,Bradwell,St Nicholas,432,,29 May 1859,George,,Joseph,Emma,HARVEY,,Bradwell,Labourer,
SFK,Bradwell,St Nicholas,433,,3 Jul 1859,Harriett,,John,Harriett,REYNOLDS,,Bradwell,Labourer,
SFK,Bradwell,St Nicholas,434,,3 Jul 1859,Charlotte,,Edward,Charlotte,HOWES,,Bradwell,Labourer,
SFK,Bradwell,St Nicholas,435,,14 Aug 1859,Edith Allen,,George,Marian,HARVEY,,Bradwell,Labourer,
SFK,Bradwell,St Nicholas,436,,25 Aug 1859,George,,John,Charlotte,THURSTON,,Bradwell,Labourer,Named
SFK,Bradwell,St Nicholas,437,,4 Dec 1859,William [ls]andell,,William,Frances,MARJORAM,,Bradwell,Farmer,
SFK,Bradwell,St Nicholas,438,,1 Jan 1860,Arthur,,John ,Matilda,COOPER,,Bradwell,Labourer,
SFK,Bradwell,St Nicholas,439,,30 Jan 1860,Robert George,,Samuel,Jane,IVES,,Bradwell,Labourer,
SFK,Bradwell,St Nicholas,440,,5 Feb 1860,James,,Benjamin,Eliza,CROW,,Bradwell,Labourer,
SFK,Bradwell,St Nicholas,441,,11 Apr 1860,William Albert,,,Charlotte,,ENGLAND,Bradwell,Single Woman,Base Born
SFK,Bradwell,St Nicholas,442,,22 Mar 1860,Henry George,,,Mary Ann,,BEXFIELD,Bradwell,Singlewoman,Privately. Child Born At Yarmouth.
SFK,Bradwell,St Nicholas,443,,25 Mar 1860,Benjamin William,,Robert,Mary Ann,BROOKS,,Bradwell,Labourer,
SFK,Bradwell,St Nicholas,444,,30 Apr 1860,Lydia Anne,,David Urquart,Jane,ABSOLON,,Bradwell,Farmer,
SFK,Bradwell,St Nicholas,445,,20 May 1860,Jane,,William,Emily,CRISP,,Bradwell,Labourer,
SFK,Bradwell,St Nicholas,446,,11 Jun 1860,Alfred Ambrose,,Thomas,Rose,RIVETT,,Bradwell,Farmer,
SFK,Bradwell,St Nicholas,447,,4 Nov 1860,Thomas Frederic,,Thomas Quinton,Emma Maria,BARBER,,Bradwell,Yeoman,
SFK,Bradwell,St Nicholas,448,,25 Nov 1860,Lois,,William,Lois,NEWBOUND,,Bradwell,Farmer,
SFK,Bradwell,St Nicholas,449,,24 Feb 1861,William,,William,Elizabeth,REYNOLDS,,Bradwell,Labourer,
SFK,Bradwell,St Nicholas,450,,24 Feb 1861,Thomas,,Thomas,Ann,FOSTER,,Bradwell,Labourer,
SFK,Bradwell,St Nicholas,451,,17 Mar 1861,James Henry,,Edward,Sarah Ann,HOWES,,Bradwell,Labourer,
SFK,Bradwell,St Nicholas,452,,17 Mar 1861,Fanny Maria,,Christopher,Sarah,MARJORAM,,Bradwell,Farmer,
SFK,Bradwell,St Nicholas,453,,7 Apr 1861,Emma Jane,,James,Eliza,PIGG,,Bradwell,Labourer,
SFK,Bradwell,St Nicholas,454,19 Mar 1858,7 Apr 1861,William,,,Elizabeth,,PIGG,Bradwell,Servant,Base Born
SFK,Bradwell,St Nicholas,455,,14 Apr 1861,Elivira Simmons,,Robert,Phoebe,HOOD,,Bradwell,Labourer,
SFK,Bradwell,St Nicholas,456,,19 May 1861,Anna Maria,,John,Harriett,REYNOLDS,,Bradwell,Labourer,
SFK,Bradwell,St Nicholas,457,,25 Aug 1861,Emma Eliza,,John,Sarah Anne,WOODS,,Bradwell,Labourer,
SFK,Bradwell,St Nicholas,458,,6 Oct 1861,James Henry,,Samuel,Jane Elizabeth,ADAMS,,Bradwell,Labourer,
SFK,Bradwell,St Nicholas,459,,29 Dec 1861,William Thomas,,William,Robert,ROUSE,,Bradwell,Labourer,
SFK,Bradwell,St Nicholas,460,,29 Dec 1861,Isaac John,,John,Ann,HUBBARD,,Bradwell,Labourer,
SFK,Bradwell,St Nicholas,461,,26 Jan 1862,Charles,,James,Eliza,HALES,,Bradwell,Labourer,
SFK,Bradwell,St Nicholas,462,,30 Mar 1862,Alice Mary,,Thomas Quinton,Emma Maria,BARBER,,Bradwell,Yeoman,
SFK,Bradwell,St Nicholas,463,,20 Apr 1862,John,,John,Matilda,COOPER,,Bradwell,Labourer,
SFK,Bradwell,St Nicholas,464,,18 May 1862,William,,Samuel,Jane,IVES,,Bradwell,Labourer,
SFK,Bradwell,St Nicholas,465,,13 Jul 1862,Harriett Ann,,Thomas,Rose,RIVETT,,Bradwell,Farmer,
SFK,Bradwell,St Nicholas,466,,13 Jul 1862,William,,Robert,Mary Ann,BROOKS,,Bradwell,Labourer,
SFK,Bradwell,St Nicholas,467,17 Jan 1861,10 Aug 1862,George,,David Urquhart,Jane,ABSOLON,,Bradwell,Farmer,
SFK,Bradwell,St Nicholas,468,17 Mar 1861,10 Aug 1862,Thomas Chalmes,,George,Ann,ABSOLON,,Bradwell,Master At Sea,
SFK,Bradwell,St Nicholas,469,12 Jul 1862,10 Aug 1862,Ellen,,David Urquhart,Jane,ABSOLON,,Bradwell,Farmer,
SFK,Bradwell,St Nicholas,470,,10 Aug 1862,Mary Jane Helen,,Charles,Georgiana,REYNOLDS,,Bradwell,Labourer,
SFK,Bradwell,St Nicholas,471,,24 Aug 1862,Asa Porter,,George,Elizabeth,BUCK,,Bradwell,Labourer,
SFK,Bradwell,St Nicholas,472,28 Feb 1860,5 Oct 1862,John Frederic William,,John,Charlotte,MOYE,,Bradwell,Baker,
SFK,Bradwell,St Nicholas,473,31 Jan 1862,5 Oct 1862,Edward James,,John,Charlotte,MOYE,,Bradwell,Baker,
SFK,Bradwell,St Nicholas,474,,5 Oct 1862,Mary Anna,,William,Elizabeth,REYNOLDS,,Bradwell,Labourer,
SFK,Bradwell,St Nicholas,475,,5 Oct 1862,Hannah Jemima,,Edward,Sarah Ann,HOWES,,Bradwell,Labourer,
SFK,Bradwell,St Nicholas,476,,12 Oct 1862,John,,John,Sarah Ann,DINGLE,,Bradwell,Labourer,
SFK,Bradwell,St Nicholas,477,,19 Oct 1862,George Benjamin,,Benjamin,Ann,BROOKS,,Bradwell,Labourer,
SFK,Bradwell,St Nicholas,478,,4 Jan 1863,James Henry,,John,Harriett,REYNOLDS,,Bradwell,Labourer,
SFK,Bradwell,St Nicholas,479,,31 Jan 1863,Frederic,,William,Lois,NEWBOUND,,Bradwell,Farmer,Named
SFK,Bradwell,St Nicholas,480,,15 Mar 1863,Mary Ann Elizabeth,,James,Sarah Ann,REYNOLDS,,Bradwell,Fisherman,Named
SFK,Bradwell,St Nicholas,481,,14 Jun 1863,Eliza,,,Hannah Howes,,RACKHAM,Bradwell,,Base Born
SFK,Bradwell,St Nicholas,482,,28 Jun 1863,Mary,,Samuel,Elizabeth,STIMPSON,,Bradwell,Labourer,
SFK,Bradwell,St Nicholas,483,,10 Aug 1863,Mahala,,Benjamin,Eliza,CROW,,Bradwell,Labourer,
SFK,Bradwell,St Nicholas,484,,17 Aug 1863,William,,Samuel,Jane,IVES,,Bradwell,Fisherman,
SFK,Bradwell,St Nicholas,485,,7 Sep 1863,Arthur,,James,Frances,HALL,,Bradwell,Labourer,
SFK,Bradwell,St Nicholas,486,,1 Nov 1863,George Alfred,,Charles,Georgiana,REYNOLDS,,Bradwell,Labourer,
SFK,Bradwell,St Nicholas,487,,29 Nov 1863,Mary Ann Eliza,,Charles,Mary Ann,COX,,Bradwell,Fisherman,
SFK,Bradwell,St Nicholas,488,,17 Jan 1864,Rosa Maria,F,George,Elizabeth,CHASTENEY,,Bradwell,Mariner,
SFK,Bradwell,St Nicholas,489,,24 Jan 1864,Eleanor,,Thomas Quinton,Emma Maria,BARBER,,Hobland Farm,Yeoman,
SFK,Bradwell,St Nicholas,490,,27 Jan 1864,Mary Anne,,John,Ann,HUBBARD,,Bradwell,Fisherman,
SFK,Bradwell,St Nicholas,491,,27 Mar 1864,Alice Mary,,Benjamin Jonas,Elizabeth Frances,WRIGHT,,Bradwell,Custom House Officer,
SFK,Bradwell,St Nicholas,492,,8 May 1864,Eliza Sarah,,Benjamin,Ann,BROOKS,,Bradwell,Labourer,
SFK,Bradwell,St Nicholas,493,,17 Jul 1864,Elizabeth,,William,Anna,SYMONDS,,Bradwell,Fisherman,
SFK,Bradwell,St Nicholas,494,,31 Jul 1864,Emma Rebecca,,John,Ann,NORGATE,,Bradwell,Labourer,
SFK,Bradwell,St Nicholas,495,,5 Aug 1864,James,,Henry,Harriet,KEASEY,,Bradwell,Labourer,Or Casey
SFK,Bradwell,St Nicholas,495,,5 Aug 1864,James,,Henry,Harriet,CASEY,,Bradwell,Labourer,Or Keasey
SFK,Bradwell,St Nicholas,496,,25 Sep 1864,Charles,,Robert,Mary Ann,BROOKES,,Bradwell,Labourer,
SFK,Bradwell,St Nicholas,497,,25 Sep 1864,Edward,,Edward,Sarah Ann,HOWES,,Bradwell,Labourer,
SFK,Bradwell,St Nicholas,498,,25 Sep 1864,Jemima,,Edward,Sarah Ann,HOWES,,Bradwell,Labourer,
SFK,Bradwell,St Nicholas,499,,30 Oct 1864,Robert Thomas,,,Eliza,,DYE,Bradwell,Spinster,
SFK,Bradwell,St Nicholas,500,,8 Jan 1865,George,,George,Elizabeth,CHASTENEY,,Bradwell,Mariner,
SFK,Bradwell,St Nicholas,501,,10 Jan 1865,Laura Eveline,,William James McGregor,Cecilia Elizabeth,DAWN,,Burgh Castle,Late Captain 1st Royal Dragoons,
SFK,Bradwell,St Nicholas,502,,6 Feb 1865,Tryphona,,John,Harriet,REYNOLDS,,Bradwell,Labourer,
SFK,Bradwell,St Nicholas,503,,26 Feb 1865,Emma,,Joshua,Mary,COOPER,,Bradwell,Labourer,
SFK,Bradwell,St Nicholas,504,,2 Apr 1865,Margaret Clara,,Thomas,Rose,RIVETT,,South Town,Publican,
SFK,Bradwell,St Nicholas,505,8 Jul 1865,8 Oct 1865,Marion,,Thomas Quinton,Emma Maria,BARBER,,Bradwell,Yeoman,
SFK,Bradwell,St Nicholas,506,,8 Oct 1865,Phoebe Porter,,George,Elizabeth,BUCK,,Bradwell,Labourer,
SFK,Bradwell,St Nicholas,507,,14 Jan 1866,Alice,,James,Sarah Ann,REYNOLDS,,Bradwell,Fisherman,
SFK,Bradwell,St Nicholas,508,,21 Jan 1866,William Albert,,John,Matilda,WARNER,,Bradwell,Labourer,
SFK,Bradwell,St Nicholas,509,,24 Jan 1866,Alice,,Charles,Ellen,WARD,,Belton,Fisherman,
SFK,Bradwell,St Nicholas,510,,30 Mar 1866,Sarah Ann,,Thomas,Sarah Ann,DYE,,Bradwell,Labourer,
SFK,Bradwell,St Nicholas,511,,29 Apr 1866,Walter,,Benjamin,Ann,BROOKS,,Bradwell,Labourer,
SFK,Bradwell,St Nicholas,512,,20 May 1866,John Wigg,,John,Charlotte,HALES,,Bradwell,Labourer,
SFK,Bradwell,St Nicholas,513,,8 Jul 1866,Charles Benjamin,,Benjamin Jonas,Elizabeth Frances,WRIGHT,,Lowestoft,Customs Officer,
SFK,Bradwell,St Nicholas,514,,26 Aug 1866,John William,,James,Ann,CUNNINGHAM,,Bradwell,Labourer,
SFK,Bradwell,St Nicholas,515,,30 Sep 1866,Elizabeth,,Joshua,Mary,COOPER,,Bradwell,Labourer,
SFK,Bradwell,St Nicholas,516,,7 Oct 1866,Selina,,Charles,Georgina,REYNOLDS,,Bradwell,Labourer,
SFK,Bradwell,St Nicholas,517,,4 Nov 1866,Anna,,William,Anna,SYMONDS,,Bradwell,Labourer,
SFK,Bradwell,St Nicholas,518,,20 Nov 1866,Priscilla,,John,Matilda,COOPER,,Bradwell,Labourer,
SFK,Bradwell,St Nicholas,519,,23 Feb 1867,Eliza,,Samuel,Elizabeth,STIMPSON,,Bradwell,Labourer,
SFK,Bradwell,St Nicholas,520,,24 Feb 1867,Henry John,,Benjamin,Eliza,CROWE,,Bradwell,Labourer,
SFK,Bradwell,St Nicholas,521,,3 Mar 1867,James,,Henry,Harriet,KEASEY,,Bradwell,Labourer,Or Casey
SFK,Bradwell,St Nicholas,521,,3 Mar 1867,James,,Henry,Harriet,CASEY,,Bradwell,Labourer,Or Keasey
SFK,Bradwell,St Nicholas,522,,5 May 1867,Mary Ann,,Luke,Matilda Sarah,AMISS,,Bradwell,Labourer,
SFK,Bradwell,St Nicholas,523,,5 May 1867,Walter William Cowle,,,Hannah,,WARN[E_][S_],Bradwell,Spinster,
SFK,Bradwell,St Nicholas,524,,12 May 1867,Emma Elizabeth,,Samuel,Jane,ADAMS,,Bradwell,Labourer,
SFK,Bradwell,St Nicholas,525,,26 May 1867,Henry Mauby,,David Urquhart,Jane,ABSOLON,,Bradwell,Farmer,
SFK,Bradwell,St Nicholas,526,,2 Jun 1867,Eliza,,John,Eliza,ELLIS,,Bradwell,Late Sergeant In The 52nd Regt Of Foot Soldiers,
SFK,Bradwell,St Nicholas,527,,7 Jul 1867,Mary Ann,,Benjamin,Hannah,BRETT,,Bradwell,Labourer,
SFK,Bradwell,St Nicholas,528,,21 Jul 1867,Catharine Emma,,Thomas Quinton,Emma Maria,BARBER,,Bradwell,Yeoman,
SFK,Bradwell,St Nicholas,529,,25 Aug 1867,George Edward,,Thomas,Rose,RIVETT,,South Town,Farmer,
SFK,Bradwell,St Nicholas,530,,11 Oct 1867,Alfred John,,John,Matilda,WARNER,,Bradwell,Labourer,
SFK,Bradwell,St Nicholas,531,,24 Nov 1867,Robert Samuel,,Robert,Ann,BELL,,Bradwell,Gentleman Servant,
SFK,Bradwell,St Nicholas,532,,5 Jan 1868,Elizabeth Ann,,Benjamin Jonas,Elizabeth Frances,WRIGHT,,Lowestoft,Customs Officer,
SFK,Bradwell,St Nicholas,533,,7 Jan 1868,Susannah,,Robert,Mary,BROOKES,,Bradwell,Labourer,
SFK,Bradwell,St Nicholas,534,,12 Jan 1868,Francis John,,John,Charlotte,MAYES,,Bradwell,Shoemaker,
SFK,Bradwell,St Nicholas,535,,26 Jan 1868,John Edward,,George,Elizabeth,CHASTENEY,,Bradwell,Mariner,
SFK,Bradwell,St Nicholas,536,,12 Feb 1868,Harry,,John,Charlotte,HALES,,Bradwell,Labourer,
SFK,Bradwell,St Nicholas,537,,23 Feb 1868,Robert James,,William,Ellen,HARGRAVES,,Bradwell,Labourer,
SFK,Bradwell,St Nicholas,538,,23 Mar 1868,Emma Lucy,,Benjamin,Maria,BUCK,,Bradwell,Labourer,
SFK,Bradwell,St Nicholas,539,,5 Apr 1868,Mary Elizabeth,,John,Elizabeth,THROWER,,Bradwell,Police Constable,
SFK,Bradwell,St Nicholas,540,,6 Apr 1868,George Gabriel,,Francis,Emily,BAILEY,,Bradwell,Seaman,
SFK,Bradwell,St Nicholas,541,,19 Apr 1868,James William,,James,Sarah Ann,REYNOLDS,,Bradwell,Labourer,
SFK,Bradwell,St Nicholas,542,,27 Sep 1868,Clara,,William,Anna,SYMONDS,,Bradwell,Labourer,
SFK,Bradwell,St Nicholas,543,,22 Nov 1868,Charles Bryan,,William,Lois,NEWBOUND,,Bradwell,Farmer,This Child Was About Three Years Old
SFK,Bradwell,St Nicholas,544,,22 Nov 1868,Ernest,,William,Lois,NEWBOUND,,Bradwell,Farmer,
SFK,Bradwell,St Nicholas,545,,29 Nov 1868,Rebecca,,William,Mary,GIBBS,,Bradwell,Labourer,
SFK,Bradwell,St Nicholas,546,,13 Dec 1868,Walter,,George,Elizabeth,BUCK,,Bradwell,Labourer,
SFK,Bradwell,St Nicholas,547,,21 Feb 1869,John,,John,Eliza,ELLIS,,Bradwell,Late Sergeant 52nd Regiment,
SFK,Bradwell,St Nicholas,548,,29 Mar 1869,Arthur George,,John,Matilda,WARNER,,Bradwell,Labourer,
SFK,Bradwell,St Nicholas,549,,9 May 1869,Charles Mouser,,,Mary,,HARVEY,Bradwell,Spinster,
SFK,Bradwell,St Nicholas,550,,30 May 1869,Stephen Briggs,,Stephen Samuel,[hz]ipporah Keziah,BATELEY,,Bradwell,Farmer,
SFK,Bradwell,St Nicholas,551,,9 Jul 1869,Thomas,,Samuel,Jane,IVES,,Bradwell,Labourer,
SFK,Bradwell,St Nicholas,552,,14 Aug 1869,Emily Rachel,,Francis,Emily,BAILEY,,Bradwell,Seaman,
SFK,Bradwell,St Nicholas,553,,24 Oct 1869,Walter,,William,Ellen,HARGRAVES,,Bradwell,Labourer,
SFK,Bradwell,St Nicholas,554,,7 Nov 1869,Robert,,Samuel,Jane Elizabeth,ADAMS,,Bradwell Wood Farm,Labourer,
SFK,Bradwell,St Nicholas,555,,14 Nov 1869,Emma,,David,Elizabeth,LYDAMORE,,Bradwell,Gentleman Servant,
SFK,Bradwell,St Nicholas,556,,28 Nov 1869,Charles Quinton,,Thomas Quinton,Emma Maria,BARBER,,Bradwell,Yeoman,
SFK,Bradwell,St Nicholas,557,,28 Nov 1869,Edward Alfred,,John,Charlotte,MAYES,,Bradwell,Shoemaker,
SFK,Bradwell,St Nicholas,558,,9 Jan 1870,Edwin,,David Urquhart,Jane,ABSOLON,,Bradwell,Farmer,
SFK,Bradwell,St Nicholas,559,,9 Jan 1870,Jane Elizabeth,,George,Sarah Ann,BRACEY,,Bradwell,Shoemaker,
SFK,Bradwell,St Nicholas,560,,9 Jan 1870,Eliza Emily,,John,Mary Ann,AMISS,,Bradwell,Labourer,
SFK,Bradwell,St Nicholas,561,,12 Mar 1870,Eleanor,,Robert,Mary,BROOKES,,Bradwell,Labourer,
SFK,Bradwell,St Nicholas,562,,1 May 1870,Katie Caroline,,Robert,Susanna Cox,WALES,,Bradwell,Labourer,
SFK,Bradwell,St Nicholas,563,,15 May 1870,Ernest Charles,,Charles,Georgiana,REYNOLDS,,Bradwell,Labourer,
SFK,Bradwell,St Nicholas,564,,22 May 1870,Ann Isabella,,,Isabella,,MALLET,Bradwell,Spinster,
SFK,Bradwell,St Nicholas,565,,29 May 1870,Anna Maria,,Henry,Harriet,CASEY,,Bradwell,Labourer,Or Kersey
SFK,Bradwell,St Nicholas,565,,22 May 1870,Anna Maria,,Henry,Harriet,KERSEY,,Bradwell,Labourer,Or Casey
SFK,Bradwell,St Nicholas,566,,17 Jul 1870,Susannah,,James,Sarah Ann,REYNOLDS,,Bradwell,Labourer,
SFK,Bradwell,St Nicholas,567,,26 Sep 1870,Frances,,Daniel,Phoebe,CLARKE,,Bradwell,Fisherman,
SFK,Bradwell,St Nicholas,568,,7 Nov 1870,Joshua,,Joshua,Mary,COOPER,,Bradwell,Labourer,
SFK,Bradwell,St Nicholas,569,,7 Nov 1870,John,,Joshua,Mary,COOPER,,Bradwell,Labourer,
SFK,Bradwell,St Nicholas,570,,4 Dec 1870,Jemima,,George,Jemima,LEE,,Bradwell,Gentlemans Servant,
SFK,Bradwell,St Nicholas,571,,4 Dec 1870,James Samuel,,George ,Jemima,LEE,,Bradwell,Gentlemans Servant,
SFK,Bradwell,St Nicholas,572,,1 Jan 1871,Phoebe Priscilla,,George,Sarah Ann Elizabeth,BRACEY,,Bradwell,Shoemaker,
SFK,Bradwell,St Nicholas,573,,28 Feb 1871,Margaret,,William,Eliza,WOODCOCK,,Bradwell,Fisherman,
SFK,Bradwell,St Nicholas,574,,2 Apr 1871,Edward Luke,,Luke,Matilda Sarah,AMISS,,Bradwell,Labourer,
SFK,Bradwell,St Nicholas,575,,9 Apr 1871,Lucy Elizabeth,,Robert,Lucy,WALES,,Bradwell,Fisherman,
SFK,Bradwell,St Nicholas,576,,14 May 1871,George Harry,,,Mary ,,HARVEY,Bradwell,Spinster,
SFK,Bradwell,St Nicholas,577,,21 May 1871,William,,William,Anna,SYMONDS,,Bradwell,Labourer,
SFK,Bradwell,St Nicholas,578,,28 May 1871,Herbert Henry,,Thomas Quinton,Emma Maria,BARBER,,Bradwell,Yeoman,
SFK,Bradwell,St Nicholas,579,,1 Jun 1871,William,,Hezekiah,Maria,ELLIS,,Bradwell,Market Gardener,
SFK,Bradwell,St Nicholas,580,,18 Jun 1871,Warren,,Thomas,Clara,WILES,,Bradwell,Sailor,
SFK,Bradwell,St Nicholas,581,,18 Jun 1871,Rosa Elizabeth,,John,Matilda,WARNER,,Bradwell,Labourer,
SFK,Bradwell,St Nicholas,582,,23 Jul 1871,Ellen,,John,Eliza,ELLIS,,Bradwell,Late Sergeant 52nd Regiment,
SFK,Bradwell,St Nicholas,583,,6 Aug 1871,William Robert,,William,Mary,GIBBS,,Bradwell,Labourer,
SFK,Bradwell,St Nicholas,584,,13 Aug 1871,William John,,Samuel,Jane Elizabeth,ADAMS,,Bradwell,Labourer,
SFK,Bradwell,St Nicholas,585,,2 Apr 1872,John,,Luke,Sarah,AMISS,,Bradwell,Labourer,
SFK,Bradwell,St Nicholas,586,,9 Apr 1872,Rosanna,,David,Elizabeth,LYDAMOR,,Bradwell,Gentlemans Servant,
SFK,Bradwell,St Nicholas,587,,19 May 1872,Minnie Jane,,Charles,Georgiana,REYNOLDS,,Bradwell,Labourer,
SFK,Bradwell,St Nicholas,588,,9 Jun 1872,Ann Elizabeth,,William,Ellen,HARGREAVES,,Bradwell,Labourer,
SFK,Bradwell,St Nicholas,589,,14 Jun 1872,Ernest,,Thomas Quinton,Emma Maria,BARBER,,Bradwell,Yeoman,
SFK,Bradwell,St Nicholas,590,,14 Jul 1872,Elizabeth Harriet,,Edward,Sarah,BECKETT,,Bradwell,Innkeeper,
SFK,Bradwell,St Nicholas,591,,6 Oct 1872,Edward Castell,,Daniel,Phoebe,CLARKE,,Bradwell,Labourer,
SFK,Bradwell,St Nicholas,592,,13 Oct 1872,Anna,,Charles,Jane,OSBORNE,,Bradwell,Farmer,
SFK,Bradwell,St Nicholas,593,,24 Nov 1872,Martha Priscilla,,John,Charlotte,MAYES,,Bradwell,Shoemaker,
SFK,Bradwell,St Nicholas,594,,22 Dec 1872,Edith,,Hezekiah,Maria,ELLIS,,Bradwell,Market Gardener,
SFK,Bradwell,St Nicholas,595,,29 Dec 1872,Alice Jane,,Samuel,Jane,IVES,,Bradwell,Labourer,
SFK,Bradwell,St Nicholas,596,,19 Jan 1873,Elizabeth Jane,,John,Mary Ann,AMISS,,Bradwell,Labourer,
SFK,Bradwell,St Nicholas,597,,9 Feb 1873,George Benjamin Horatio,,George,Mary Ann,SNOWLING,,Bradwell,Labourer,
SFK,Bradwell,St Nicholas,598,,4 May 1873,William Christopher,,William,Sarah Ann,MARJORAM,,Bradwell,Labourer,
SFK,Bradwell,St Nicholas,599,,18 May 1873,Walter William,,John,Sarah Ann,DINGLES,,Bradwell,Labourer,
SFK,Bradwell,St Nicholas,600,,22 Jun 1873,Julia,,George,Elizabeth,CHASTENEY,,Bradwell,Sailor,
SFK,Bradwell,St Nicholas,601,,22 Jun 1873,Bertha,,George,Elizabeth,CHASTENEY,,Bradwell,Sailor,
SFK,Bradwell,St Nicholas,602,,29 Jun 1873,James William,,William,Eliza,WOODCOCK,,Bradwell,Labourer,
SFK,Bradwell,St Nicholas,603,,27 Jul 1873,Ellen Mabel,,Henry,Harriet,CASEY,,Bradwell,Labourer,
SFK,Bradwell,St Nicholas,604,,10 Aug 1873,Matilda Jane,,Luke,Matilda Sarah,AMISS,,Bradwell,Labourer,
SFK,Bradwell,St Nicholas,605,,7 Sep 1873,Mary,,Edward,Sarah Ann,HOWES,,Bradwell,Labourer,
SFK,Bradwell,St Nicholas,606,,8 Sep 1873,Albert William,,George,Emma,KNIGHTS,,Bradwell,Labourer,
SFK,Bradwell,St Nicholas,607,,8 Feb 1874,George Alfred,,John Saxton,Eliza,BOND,,Bradwell,Labourer,
SFK,Bradwell,St Nicholas,608,,8 Feb 1874,Arthur,,Samuel,Jane Elizabeth,ADAMS,,Bradwell,Labourer,
SFK,Bradwell,St Nicholas,609,,15 Mar 1874,Alfred Stephen,,William,Harriet,BLACK,,Bradwell,Labourer,
SFK,Bradwell,St Nicholas,610,,3 May 1874,Arthur,,Charles,Jane,OSBORNE,,Bradwell,Farmer,
SFK,Bradwell,St Nicholas,611,,10 May 1874,Quinton Edward,,Thomas Quinton,Emma Maria,BARBER,,Bradwell,Yeoman,
SFK,Bradwell,St Nicholas,612,,7 Jun 1874,Charles,,John,Ann,HUBBARD,,Bradwell,Labourer,
SFK,Bradwell,St Nicholas,613,,5 Jul 1874,Ellen Gertrude,,James,Sarah Ann,REYNOLDS,,Bradwell,Labourer,
SFK,Bradwell,St Nicholas,614,,30 Aug 1874,Daniel,,Daniel,Phoebe,CLARKE,,Bradwell,Labourer,
SFK,Bradwell,St Nicholas,615,,6 Sep 1874,Matilda,,James,Jane,COOPER,,Bradwell,Labourer,
SFK,Bradwell,St Nicholas,616,,6 Sep 1874,James William,,James,Maria,MARJORAM,,Bradwell,Labourer,
SFK,Bradwell,St Nicholas,617,,2 Jan 1875,Benjamin Thomas,,Luke,Matilda Sarah,AMISS,,Bradwell,Labourer,
SFK,Bradwell,St Nicholas,618,Aug 1874,13 Jan 1875,George,,Thomas,Ellen,DURRANT,,Bradwell,Labourer,Born At Lound
SFK,Bradwell,St Nicholas,619,,29 Mar 1875,Edward Alfred,,John,Charlotte,MAYES,,Bradwell,Shoemaker,
SFK,Bradwell,St Nicholas,620,,10 Apr 1875,Ellen Elizabeth,,William,Ellen,DISNEY,,Bradwell,Miller,
SFK,Bradwell,St Nicholas,621,,22 May 1875,Laura Martha,,,Amelia,,PEMBROKE,Bradwell,Spinster,
SFK,Bradwell,St Nicholas,622,,6 Jun 1875,Eliza,,William,Eliza,WOODCOCK,,Bradwell,Labourer,
SFK,Bradwell,St Nicholas,623,,6 Jun 1875,Agnes Mary,,Joshua,Mary,COOPER,,Bradwell,Labourer,
SFK,Bradwell,St Nicholas,624,,27 Jul 1875,Gertrude Agnes,,Stephen,Mary Ann,PEMBROKE,,Bradwell,Labourer,
SFK,Bradwell,St Nicholas,625,,8 Aug 1875,Agnes Emma,,James,Catherine,HALES,,Bradwell,Labourer,
SFK,Bradwell,St Nicholas,626,,24 Oct 1875,Edith,,John,Mary Ann,BUCK,,Bradwell,Labourer,
SFK,Bradwell,St Nicholas,627,,28 Nov 1875,Alfred,,Hezekiah,Maria,ELLIS,,Bradwell,Market Gardener,
SFK,Bradwell,St Nicholas,628,,28 Nov 1875,Arthur,,Hezekiah,Maria,ELLIS,,Bradwell,Market Gardener,
SFK,Bradwell,St Nicholas,629,,12 Dec 1875,Selina,,William,Ellen,HARGREAVES,,Bradwell,Labourer,
SFK,Bradwell,St Nicholas,630,,19 Dec 1875,William Thomas,,John,Mary Ann,AMISS,,Bradwell,Labourer,
SFK,Bradwell,St Nicholas,631,,19 Mar 1876,Harriet Ann,,Henry,Harriet,CASEY,,Bradwell,Labourer,Or Kersey
SFK,Bradwell,St Nicholas,631,,19 Mar 1876,Harriet,,Henry,Harriet,KERSEY,,Bradwell,Labourer,Or Casey
SFK,Bradwell,St Nicholas,632,,22 Apr 1876,William,,Charles,Jane,OSBORNE,,Bradwell,Farmer,
SFK,Bradwell,St Nicholas,633,,30 Apr 1876,Emily Margaret,,Luke,Matilda Sarah,AMISS,,Bradwell,Labourer,
SFK,Bradwell,St Nicholas,634,,9 May 1876,William John,,George,Mary Ann,SNOWLAND,,Bradwell,Fisherman,
SFK,Bradwell,St Nicholas,635,,30 Jul 1876,Walter,,Samuel,Jane,ADAMS,,Bradwell,Labourer,
SFK,Bradwell,St Nicholas,636,,20 Aug 1876,Catherine Amelia,,Daniel,Phoebe,CLARKE,,Bradwell,Labourer,
SFK,Bradwell,St Nicholas,637,,12 Sep 1876,James Harry,,Harry,Mary Elizabeth,COOPER,,Bradwell,Fisherman,
SFK,Bradwell,St Nicholas,638,,17 Sep 1876,Robert Edward,,George,Mary Ann,SNOWLAND,,Bradwell,Fisherman,
SFK,Bradwell,St Nicholas,639,,17 Sep 1876,Henry William,,Charles Henry Gowen,Lois Rebecca,BALLS,,New Brighton,Carpenter,
SFK,Bradwell,St Nicholas,640,,15 Oct 1876,Arthur,,Thomas Quinton,Emma Maria,BARBER,,Hobland,Yeoman Farmer,
SFK,Bradwell,St Nicholas,641,,15 Oct 1876,Martha Elizabeth,,James,Jane,COOPER,,Bradwell,Fisherman,
SFK,Bradwell,St Nicholas,642,,22 Oct 1876,Oliver,,George,Elizabeth,CHASTENEY,,Bradwell,Sailor,
SFK,Bradwell,St Nicholas,643,,22 Oct 1876,Elizabeth Florence,,George,Elizabeth,CHASTENEY,,Bradwell,Sailor,
SFK,Bradwell,St Nicholas,644,,22 Oct 1876,Ellen Eliza,,James,Catharine,HALES,,Bradwell,Fisherman,
SFK,Bradwell,St Nicholas,645,,5 Nov 1876,Rosina Jane,,John,Eliza,BOND,,Bradwell,Labourer,
SFK,Bradwell,St Nicholas,646,,7 Jan 1877,Bessy Amelia,,Frederic,Edith,BAILEY,,Bradwell,Fisherman,
SFK,Bradwell,St Nicholas,647,,11 Mar 1877,George,,James,Lydia,BOOTY,,Bradwell,Labourer,
SFK,Bradwell,St Nicholas,648,,11 Mar 1877,Sarah Ann,,James,Lydia,BOOTY,,Bradwell,Labourer,
SFK,Bradwell,St Nicholas,649,,11 Mar 1877,Lucy,,James,Sarah Ann,REYNOLDS,,Bradwell,Labourer,
SFK,Bradwell,St Nicholas,650,,18 Mar 1877,Henry John,,John,Mary Ann,BUCK,,Bradwell,Labourer,
SFK,Bradwell,St Nicholas,651,,8 Apr 1877,Elizabeth,,George,Eliza,COOPER,,Bradwell,Labourer,
SFK,Bradwell,St Nicholas,652,,22 Apr 1877,Georgiana,,William,Emily,BLAKE,,Bradwell,Labourer,
SFK,Bradwell,St Nicholas,653,,20 May 1877,Ellen Matilda,,John,Charlotte,MAYES,,Bradwell,Shoemaker,
SFK,Bradwell,St Nicholas,654,,27 May 1877,Alice Margaret,,Joshua,Mary,COOPER,,Bradwell,Labourer,
SFK,Bradwell,St Nicholas,655,,3 Jun 1877,Charles James,,George,James,BUCK,,Bradwell,Labourer,
SFK,Bradwell,St Nicholas,656,,18 Aug 1877,Minnie,,James,Jane,COOPER,,Bradwell,Fisherman,
SFK,Bradwell,St Nicholas,657,,7 Oct 1877,George Edward,,Samuel,Jane,ADAMS,,Bradwell,Labourer,
SFK,Bradwell,St Nicholas,658,,23 Nov 1877,Agnes Mary,,William,Eliza,WOODCOCK,,Bradwell,Labourer,
SFK,Bradwell,St Nicholas,659,,23 Dec 1877,John James,,John,Mary Ann,AMISS,,Bradwell,Fisherman,
SFK,Bradwell,St Nicholas,660,,6 Jan 1878,Katie Matilda,,John,Catharine,COOPER,,Bradwell,Fisherman,
SFK,Bradwell,St Nicholas,661,,24 Feb 1878,William John,,John Henry,Susannah,SHAW,,Bradwell,Labourer,
SFK,Bradwell,St Nicholas,662,,3 Mar 1878,Harriet Elizabeth,,William,Harriet,BENSLEY,,Bradwell,Labourer,
SFK,Bradwell,St Nicholas,663,,3 Mar 1878,Frederick William,,William,Ellen,DISNEY,,Bradwell,Miller,
SFK,Bradwell,St Nicholas,664,,3 Mar 1878,Alfred Arthur,,George,Mary Ann,SNOWLAND,,Bradwell,Fisherman,
SFK,Bradwell,St Nicholas,665,,19 Mar 1878,Harriet Eliza,,Frederic,Edith,BAILEY,,Bradwell,Fisherman,
SFK,Bradwell,St Nicholas,666,,31 Mar 1878,Rosa Sophy,,John,Eliza,BOND,,Bradwell,Labourer,
SFK,Bradwell,St Nicholas,667,,31 Mar 1878,Edmund,,Samuel,Jane,IVES,,Bradwell,Labourer,About 12 Years Old
SFK,Bradwell,St Nicholas,668,,31 Mar 1878,Jessie,,Samuel,Jane,IVES,,Bradwell,Labourer,About 9 Years Old
SFK,Bradwell,St Nicholas,669,,5 May 1878,Alfred George,,George,Eliza,COOPER,,Bradwell,Labourer,
SFK,Bradwell,St Nicholas,670,,7 Jul 1878,George,,Robert,Anna,WRIGHT,,Bradwell,Fisherman,
SFK,Bradwell,St Nicholas,671,,22 Sep 1878,Ellen,,Edward,Alice,HARWOOD,,Bradwell,Labourer,
SFK,Bradwell,St Nicholas,672,,22 Sep 1878,Edward William,,Edward,Alice,HARWOOD,,Bradwell,Labourer,
SFK,Bradwell,St Nicholas,673,,6 Oct 1878,Eliza Carter,,George,Phoebe,BUCK,,Bradwell,Labourer,
SFK,Bradwell,St Nicholas,674,,12 Oct 1878,Robert,,William,Harriet,CASEY,,Bradwell,Labourer,
SFK,Bradwell,St Nicholas,675,,27 Oct 1878,Harry Arthur,,Harry,Mary Elizabeth,COOPER,,Bradwell,Labourer,
SFK,Bradwell,St Nicholas,676,,27 Oct 1878,Walter,,William,Ellen,HARGRAVES,,Bradwell,Labourer,
SFK,Bradwell,St Nicholas,677,,27 Oct 1878,Frederic,,Benjamin,Hannah,ELLIOT,,Bradwell,Labourer,
SFK,Bradwell,St Nicholas,678,,1 Nov 1878,Ethel,,Charles Henry,Clara,WILTSHIRE,,Bradwell,Solicitor,
SFK,Bradwell,St Nicholas,679,,20 Jan 1879,Arthur Robert,,William,Ellen,DISNEY,,Bradwell,Miller,
SFK,Bradwell,St Nicholas,680,,23 Mar 1879,John James,,John,Charlotte,MAYES,,Bradwell,Shoemaker,
SFK,Bradwell,St Nicholas,681,,23 Mar 1879,Walter Albert,,William,Eliza,WOODCOCK,,Bradwell,Labourer,
SFK,Bradwell,St Nicholas,682,,6 Apr 1879,Charles,,Charles Henry,Rebecca,BALLS,,Bradwell,Carpenter,
SFK,Bradwell,St Nicholas,683,,18 May 1879,Joseph Fisher,,Henry,Rachel,BEXFIELD,,Bradwell,Labourer,
SFK,Bradwell,St Nicholas,684,,8 Jun 1879,Hilda Mary,,William,Mary,BENSLEY,,Gorleston,Builder,
SFK,Bradwell,St Nicholas,685,,22 Jun 1879,Elizabeth Eliza,,John,Mary Ann,BUCK,,Bradwell,Labourer,
SFK,Bradwell,St Nicholas,686,,29 Jun 1879,William,,Thomas Quinton,Emma Maria,BARBER,,Hobland Bradwell,Yeoman,
SFK,Bradwell,St Nicholas,687,,21 Jul 1879,Emily,,,Sarah Ann,,COX,Bradwell,Spinster,
SFK,Bradwell,St Nicholas,688,,3 Aug 1879,James Stephen,,William,Harriet,BLACK,,Bradwell,Labourer,
SFK,Bradwell,St Nicholas,689,,12 Sep 1879,Henrietta Ethel Ellen,,James,Ellen,NEWARK,,Bradwell,Fisherman,
SFK,Bradwell,St Nicholas,690,,12 Oct 1879,Alice,,James,Sarah Ann,REYNOLDS,,Bradwell,Labourer,
SFK,Bradwell,St Nicholas,691,,2 Nov 1879,Walter James,,?,Jane,COOPER,,Bradwell,Widow,
SFK,Bradwell,St Nicholas,692,,9 Nov 1879,William,,George,Hannah,BLAKE,,Bradwell,Labourer,Note Reads See 1877 For * * Blake This Entry 692 Is Father Of The Rest
SFK,Bradwell,St Nicholas,693,,9 Nov 1879,Walter,,William,Emily,BLAKE,,Bradwell,Labourer,
SFK,Bradwell,St Nicholas,694,,9 Nov 1879,Eleanor Beatrice,,William,Emily,BLAKE,,Bradwell,Labourer,
SFK,Bradwell,St Nicholas,695,,9 Nov 1879,George Henry,,James,Eleanor,COSSEY,,Bradwell,Labourer,
SFK,Bradwell,St Nicholas,696,,9 Nov 1879,Clara Sarah Ann,,Samuel,Clara Eliza,BETTS,,Bradwell,Labourer,
SFK,Bradwell,St Nicholas,697,,30 Nov 1879,George Charles,,Frederick,Edith,BAILEY,,Bradwell,Fisherman,
SFK,Bradwell,St Nicholas,698,,7 Dec 1879,George,,George,Eliza,COOPER,,Bradwell,Labourer,
SFK,Bradwell,St Nicholas,699,,3 Jan 1880,Alice,,Edward,Alice,HARWARD,,Bradwell,Labourer,
SFK,Bradwell,St Nicholas,700,,1 Feb 1880,Francis William,,George,Phoebe,BUCK,,Bradwell,Labourer,
SFK,Bradwell,St Nicholas,701,,9 Mar 1880,Robert Sidney,,George,Mary Ann,SNOWLING,,Bradwell,Fisherman,
SFK,Bradwell,St Nicholas,702,,14 Mar 1880,Thomas Larner,,William,Ellen,DISNEY,,Bradwell,Miller,
SFK,Bradwell,St Nicholas,703,,28 Mar 1880,Rachel Matilda,,Harry,Mary Elizabeth,COOPER,,Bradwell,Fisherman,
SFK,Bradwell,St Nicholas,704,,28 Mar 1880,Joseph John William,,,Isabella,,SUDDER,Bradwell,Spinster,
SFK,Bradwell,St Nicholas,705,,4 Apr 1880,William,,Joshua,Mary,COOPER,,Bradwell,Fisherman,
SFK,Bradwell,St Nicholas,706,,25 Apr 1880,Charles William,,John,Amy,HOWES,,Bradwell,Fisherman,
SFK,Bradwell,St Nicholas,707,,25 Apr 1880,John James,,George,Emma Lucy,KNIGHTS,,Bradwell,Waterman,
SFK,Bradwell,St Nicholas,708,,11 Aug 1880,Henry Martyn,,Henry George,Elizabeth,CUMBY,,Bradwell,Fisherman,
SFK,Bradwell,St Nicholas,709,,13 Aug 1880,Bertie William,,Edward,Maria,MACE,,Bradwell,Fisherman,
SFK,Bradwell,St Nicholas,710,,29 Aug 1880,Helen,,Thomas Quinton,Emma Maria,BARBER,,Hobland Bradwell,Yeoman,
SFK,Bradwell,St Nicholas,711,,12 Nov 1880,Arthur Thomas,,William,Clara,MILES,,Bradwell,Labourer,
SFK,Bradwell,St Nicholas,712,,21 Nov 1880,William James,,William,Emma Martha,HUGGINS,,Bradwell,Labourer,
SFK,Bradwell,St Nicholas,713,,21 Nov 1880,Percy,,James David,Elvina,CLAXTON,,Bradwell,Wheelwright,
SFK,Bradwell,St Nicholas,714,,26 Dec 1880,Emma Lucy,,Charles,Hannah,TUNMORE,,Bradwell,Labourer,
SFK,Bradwell,St Nicholas,715,,2 Jan 1881,Albert James,,James,Catharine,HALES,,Bradwell,Fisherman,
SFK,Bradwell,St Nicholas,716,,28 Jan 1881,Alice Eliza,,John,Julia,HARROD,,Bradwell,Labourer,
SFK,Bradwell,St Nicholas,717,,30 Jan 1881,Ernest,,John,Mary Ann,BUCK,,Bradwell,Labourer,
SFK,Bradwell,St Nicholas,718,,6 Mar 1881,John William Sexton,,John Sexton,Eliza,BOND,,Bradwell,Labourer,
SFK,Bradwell,St Nicholas,719,,7 Mar 1881,James,,Frederick,Ann,WELTON,,Bradwell,Blacksmith,
SFK,Bradwell,St Nicholas,720,,17 Apr 1881,Ernest,,Edgar,Sarah Ann,DOWSON,,Bradwell,Fisherman,
SFK,Bradwell,St Nicholas,721,,24 Apr 1881,Alice Ellen,,,Sarah Ann,,COX,Bradwell,Spinster,
SFK,Bradwell,St Nicholas,722,,6 Jun 1881,Richard James,,Richard Samuel,Esther,KEELER,,Bradwell,Labourer,
SFK,Bradwell,St Nicholas,723,,3 Jul 1881,Florence Alice,,George,Phoebe,BUCK,,Bradwell,Labourer,
SFK,Bradwell,St Nicholas,724,,7 Aug 1881,Lilly,,George,Emma,KNIGHTS,,Bradwell,Labourer,
SFK,Bradwell,St Nicholas,725,,21 Aug 1881,Samuel David,,William,Eliza,WOODCOCK,,Bradwell,Labourer,
SFK,Bradwell,St Nicholas,726,,25 Sep 1881,James Hales,,George,Eliza,COOPER,,Bradwell,Fisherman,
SFK,Bradwell,St Nicholas,727,,9 Oct 1881,Alfred Henry,,William,Harriet,BLACK,,Bradwell,Labourer,
SFK,Bradwell,St Nicholas,728,,23 Oct 1881,Charles,,Charles,Jane,ORSBORN,,Gorleston,Labourer,
SFK,Bradwell,St Nicholas,729,,6 Nov 1881,Jane Emily,,James Henry,Mary Ann Elizabeth,FLOOD,,Bradwell,Shoemaker,About One Year Old
SFK,Bradwell,St Nicholas,730,,13 Nov 1881,Mahala Jane,,Albert Edward,Annette Jane,SWANN,,Great Yarmouth,Sawyer,
SFK,Bradwell,St Nicholas,731,,27 Nov 1881,Benjamin William James,,Benjamin,Agnes,STARLING,,Bradwell,Gardener,
SFK,Bradwell,St Nicholas,732,,27 Dec 1881,Frank Henry Cu[s_]aude,,Charles Henry,Clara,WILTSHIRE,,Bradwell House,Solicitor,
SFK,Bradwell,St Nicholas,733,,1 Jan 1882,Agnes Mary,,Charles,Ann,REYNOLDS,,Bradwell,Labourer,
SFK,Bradwell,St Nicholas,734,,27 Jan 1882,Albert,,Edward,Alice,HARWOOD,,Bradwell,Labourer,
SFK,Bradwell,St Nicholas,735,,4 Apr 1882,Ann Elizabeth,,Harry,Mary Elizabeth,COOPER,,Bradwell,Fisherman,
SFK,Bradwell,St Nicholas,736,,9 Apr 1882,Ethel Maud,,John,Mary Ann,BUCK,,Bradwell,Labourer,
SFK,Bradwell,St Nicholas,737,,9 Apr 1882,Cecil William,,Francis William,Priscilla,[WH]OOLSTON,,Bradwell,Fisherman,
SFK,Bradwell,St Nicholas,738,,9 Apr 1882,John Charles,,Frederick,Ann,WELTON,,Bradwell,Blacksmith,
SFK,Bradwell,St Nicholas,739,,14 May 1882,Alice Jane,,Frederick,Edith,BAILEY,,Bradwell,Fisherman,
SFK,Bradwell,St Nicholas,740,,25 Jun 1882,William,,James,Sarah Ann,REYNOLDS,,Bradwell,Labourer,
SFK,Bradwell,St Nicholas,741,,13 Aug 1882,Olivia Zenobia,,James,Ellen,NEWARK,,Bradwell,Fisherman,
SFK,Bradwell,St Nicholas,742,,27 Aug 1882,Edith,,Joshua,Mary,COOPER,,Bradwell,Fisherman,
SFK,Bradwell,St Nicholas,743,,22 Oct 1882,Joseph Arthur,,,Martha,,COX,London Or Bradwell,Spinster,
SFK,Bradwell,St Nicholas,744,,29 Oct 1882,Rose Sarah,,James,Mary Ann Elizabeth,AMES,,Bradwell,Malsters Labourer,
SFK,Bradwell,St Nicholas,745,,29 Oct 1882,Frederic William,,Robert James,Clarinda Emma,DISNEY,,Bradwell,Miller,
SFK,Bradwell,St Nicholas,746,,12 Nov 1882,William Christmas,,Christmas,Georgiana Charlotte,GROOM,,Bradwell,Fisherman,
SFK,Bradwell,St Nicholas,747,,31 Dec 1882,Benjamin Arthur,,John,Mary Ann,AMISS,,Bradwell,Fisherman,
SFK,Bradwell,St Nicholas,748,,11 Feb 1883,Phoebe Emma,,James David,Elvira,CLAXTON,,Bradwell,Wheelwright,
SFK,Bradwell,St Nicholas,749,,4 Mar 1883,George Henry,,George,Phoebe,BUCK,,Bradwell,Labourer,
SFK,Bradwell,St Nicholas,750,,16 May 1883,Mildred Georgiana,,George,Mary Ann,CLAXTON,,Bradwell,Gardener,
SFK,Bradwell,St Nicholas,751,,30 May 1883,Ada,,Edward,Alice,HARWOOD,,Bradwell,Labourer,
SFK,Bradwell,St Nicholas,752,,13 Jun 1883,Sarah Elizabeth,,Harry,Mary Elizabeth,COOPER,,Bradwell,Fisherman,
SFK,Bradwell,St Nicholas,753,,19 Aug 1883,Jeanette,,John,Mary Ann,BUCK,,Bradwell,Labourer,
SFK,Bradwell,St Nicholas,754,,26 Aug 1883,Margaret,,Thomas Quinton,Emma Maria,BARBER,,Hobland Bradwell,Yeoman,
SFK,Bradwell,St Nicholas,755,,2 Sep 1883,Eleanor Maria,,Frank Herbert,Grace Burton,SMITH,,Bradwell,Farmer,
SFK,Bradwell,St Nicholas,756,,16 Sep 1883,Mabel Annie,,George,Eliza,COOPER,,Bradwell,Fisherman,
SFK,Bradwell,St Nicholas,757,,23 Sep 1883,Ernest,,George,Emma,KNIGHTS,,Bradwell,Waterman,
SFK,Bradwell,St Nicholas,758,,30 Sep 1883,Jane Elizabeth,,William,Emma Martha,HUGGINS,,Bradwell,Labourer,
SFK,Bradwell,St Nicholas,759,,28 Oct 1883,John Richard,,Jeremiah High,Louisa,READ,,Bradwell,Labourer,3 Yrs Old
SFK,Bradwell,St Nicholas,760,,28 Oct 1883,Alfred Charles,,Jeremiah High,Louisa,READ,,Bradwell,Labourer,1 1/2 Years Old
SFK,Bradwell,St Nicholas,761,,28 Oct 1883,Mary Ada Selina,,Jeremiah High,Louisa,READ,,Bradwell,Labourer,
SFK,Bradwell,St Nicholas,762,,11 Nov 1883,Ellen Flora,,William,Alice,IVES,,Bradwell,Fisherman,
SFK,Bradwell,St Nicholas,763,,20 Nov 1883,Randel Bertie,,John,Harriet,PITCHERS,,Bradwell,Labourer,
SFK,Bradwell,St Nicholas,764,,1 Dec 1883,Arthur Charles,,Charles,Ann Sophia,REYNOLDS,,Bradwell,Fisherman,
SFK,Bradwell,St Nicholas,765,,23 Dec 1883,Florence Mary,,William,Eliza,WOODCOCK,,Bradwell,Carter,
SFK,Bradwell,St Nicholas,766,,30 Dec 1883,Frank Sidney,,Francis William,Priscilla,WOOLSTON,,Bradwell,Fisherman,
SFK,Bradwell,St Nicholas,767,,13 Jan 1884,Robert James,,Robert James,Clarinda Emma,DISNEY,,Bradwell,Miller,
SFK,Bradwell,St Nicholas,768,,2 Apr 1884,Emily Frances,,John,Rose,WATLING,,Bradwell,Labourer,
SFK,Bradwell,St Nicholas,769,,6 Apr 1884,Alice,,John,Rose,WATLING,,Bradwell,Labourer,Just Over 8 Years Old
SFK,Bradwell,St Nicholas,770,,11 May 1884,Charles Robert,,Edward,Maria,MACE,,Bradwell,Fisherman,
SFK,Bradwell,St Nicholas,771,,18 May 1884,Amelia,,,Amelia,,MACK,Yarmouth,Spinster,
SFK,Bradwell,St Nicholas,772,,1 Jun 1884,Martin,,Martin Edmonds,Lucy,TUBBY,,Bradwell,Farmer,
SFK,Bradwell,St Nicholas,773,,22 Jun 1884,Walter Ernest,,George,Phoebe,BUCK,,Bradwell,Labourer,
SFK,Bradwell,St Nicholas,774,,29 Jun 1884,Jesse,,William,Jane,NICHOLSON,,Bradwell,Miller,22 Years Of Age
SFK,Bradwell,St Nicholas,775,,27 Jul 1884,John,,Joshua,Mary,COOPER,,Bradwell,Fisherman,
SFK,Bradwell,St Nicholas,776,,7 Aug 1884,George Arthur,,George,Mary Ann,CLAXTON,,Bradwell,Gardener,
SFK,Bradwell,St Nicholas,777,,5 Oct 1884,Arthur William,,Frederick ,Edith,BAILY,,Bradwell,Fisherman,
SFK,Bradwell,St Nicholas,778,,23 Nov 1884,Rose,,John,Mary Ann,BUCK,,Bradwell,Labourer,
SFK,Bradwell,St Nicholas,779,,28 Dec 1884,Ada Elizabeth,,Charles,Mary Elizabeth,HIGH,,Bradwell,Fisherman,
SFK,Bradwell,St Nicholas,780,,21 Jan 1885,Martha Elizabeth,,,Sarah Elizabeth,,TURNER,Bradwell,Spinster,14 Months Old See Marge Register
SFK,Bradwell,St Nicholas,781,,12 Apr 1885,Sidney John,,Robert James,Clarinda Emma,DISNEY,,Bradwell,Miller,
SFK,Bradwell,St Nicholas,782,31 Oct 1881,10 May 1885,Charles Robert,,Charles Robert,Sarah,BROWN,,Bradwell,Fisherman,
SFK,Bradwell,St Nicholas,783,,10 May 1885,Sophia,,Wallace,Hannah,SAVORY,,Burgh Castle,Labourer,
SFK,Bradwell,St Nicholas,784,,17 May 1885,David,,James David,Elvira Simons,CLAXTON,,Bradwell,Wheelwright,
SFK,Bradwell,St Nicholas,785,,24 May 1885,Arthur,,George,Eliza,COOPER,,Bradwell,Fisherman,
SFK,Bradwell,St Nicholas,786,,11 Jun 1885,Grace Mary,,Frank Herbert,Grace Burton,SMITH,,Bradwell,Farmer,
SFK,Bradwell,St Nicholas,787,,21 Jun 1885,Robert William,,Robert,Ann Sophia,NORTON,,Bradwell,Labourer,
SFK,Bradwell,St Nicholas,788,,26 Jul 1885,Ada Esther,,Francis William,Priscilla,WOOLSTON,,Bradwell,Fisherman,
SFK,Bradwell,St Nicholas,789,,9 Aug 1885,Arthur Andrew,,Martin Edmond,Lucy,TUBBY,,Bradwell,Farmer,
SFK,Bradwell,St Nicholas,790,,9 Aug 1885,William Charles,,William,Mary Ann,LIVICK,,Bradwell,Gardener,
SFK,Bradwell,St Nicholas,791,,30 Aug 1885,Frederick Mark,,George,Phoebe,BUCK,,Bradwell,Labourer,
SFK,Bradwell,St Nicholas,792,,6 Sep 1885,Ethel Emily,,Charles,Elizabeth,BALLS,,Bradwell,Labourer,About 5 Years Old
SFK,Bradwell,St Nicholas,793,,6 Sep 1885,Edith Elizabeth,,Charles,Elizabeth,BALLS,,Bradwell,Labourer,
SFK,Bradwell,St Nicholas,794,,13 Sep 1885,John Henry,,Harry,Elizabeth,COOPER,,Bradwell,Fisherman,
SFK,Bradwell,St Nicholas,795,,14 Sep 1885,Mildred Lilian,,George,Mary Ann,CLAXTON,,Bradwell,Gardener,
SFK,Bradwell,St Nicholas,796,,19 Sep 1885,Eliza,,Henry,Elizabeth,CUMBY,,Bradwell,Fisherman,
SFK,Bradwell,St Nicholas,797,,20 Sep 1885,Gilbert Curl,,James,Eleanor,NEWARK,,Bradwell,Fisherman,
SFK,Bradwell,St Nicholas,798,,20 Sep 1885,James Robert,,William,Emma Martha,HUGGINS,,Bradwell,Labourer,
SFK,Bradwell,St Nicholas,799,,6 Dec 1885,Frederick,,George,Mary Ann,HIGH,,Bradwell,Labourer,
SFK,Bradwell,St Nicholas,800,,27 Dec 1885,Kate Mary,,Richard Samuel,Esther,KEELER,,Bradwell,Labourer,
