+INFO,ragazza1959@googlemail.com,password,SEQUENCED,MARRIAGES,cp437
#,CCC,Kate,NFK,SFKBRAMA.CSV,06-Jun-2008
#,CREDIT,Kate,ragazza1959@googlemail.com
#,06-Jun-2008,,
SFK,Bradwell,St Nicholas,1,8 Nov 1837,Charles,AMISS,25,,bachelor,Labourer,Bradwell,Susannah,JEFFRIES,25,,spinster,Service,Bradwell,Thomas,AMISS,Labourer,William,JEFFRIES,Labourer,Thomas,AMISS,Emily,AMISS,Banns.  All Signed X
SFK,Bradwell,St Nicholas,2,10 Oct 1838,Elijah,SEELY,full age,,bachelor,Publican,Bradwell,Ann,MARJORAM,full age,,spinster,,Bradwell,Jonas,SEELY,Husbandman,John,MARJORAM,Farmer,Mary,NEWARK,James,[H_]ACKER,Duplicate Entry For 3rd Witness.  Banns
SFK,Bradwell,St Nicholas,2,10 Oct 1838,Elijah,SEELY,full age,,bachelor,Publican,Bradwell,Ann,MARJORAM,full age,,spinster,,Bradwell,Jonas,SEELY,Husbandman,John,MARJORAM,Farmer,Mary,HASTINGS,,,Duplicate Entry For 3rd Witness.  Banns
SFK,Bradwell,St Nicholas,3,14 Sep 1839,Jeremiah,GRINT,21,,bachelor,Labourer,Bradwell,Charlotte,AMYSS,20,,spinster,Service,Bradwell,Robert,GRINT,Labourer,Thomas,AMYSS,Service,Thomas,AMYSS,Emily,AMYSS,Banns. All Signed X
SFK,Bradwell,St Nicholas,4,24 Sep 1839,Robert,HILDEN,40,,widower,Wine Merchant,Gt Yarmouth,Louisa,BRACEY,32,,spinster,,Bradwell,Stephen,HILDEN,Gentleman,Jay,BRACEY,Gentleman,Jay,BRACEY,Mary,DESPARD,By Licence.  All Signed
SFK,Bradwell,St Nicholas,5,2 Jan 1840,Charles,COOPER,27,,bachelor,Labourer,Bradwell,Ann,BUCK,25,,spinster,Service,Bradwell,George,COOPER,Labourer,John,BUCK,Labourer,Sarah,COOPER,John,CHASTNEY,Banns
SFK,Bradwell,St Nicholas,6,30 Jan 1840,James,LEVELL,21,,bachelor,Labourer,Bradwell,Sarah,HALES,19,,spinster,Service,Bradwell,John,LEVELL,Labourer,James,HALES,Labourer,Daniel,HAWES,John,CHASTNEY,Banns
SFK,Bradwell,St Nicholas,7,14 Jul 1840,Samuel,SEELY,33,,bachelor,Mole Catcher,Bradwell,Jemima,RAY,33,,spinster,Service,Bradwell,Jonas,SEELY,Labourer,Charles,RAY,Shoemaker,Elijah,SEELY,Ann,SEELY,Banns
SFK,Bradwell,St Nicholas,8,14 Feb 1841,William,BROOKS,25,,bachelor,Labourer,Bradwell,Sarah,COOPER,24,,spinster,Service,Bradwell,Benjamin,BRROKS,Labourer,Joshua,COOPER,Labourer,Charles,COOPER,John,CHASTNEY,Banns
SFK,Bradwell,St Nicholas,9,24 May 1841,James,BUCK,full age,,bachelor,Labourer,Bradwell,Eliza,CARTER,full age,,spinster,Labourer,Bradwell,John,BUCK,Labourer,Henry,CARTER,Husbandman,Priscilla,BUCK,James,CARTER,Banns
SFK,Bradwell,St Nicholas,10,30 May 1841,Daniel,COE,full age,,bachelor,Gardener,Bradwell,Mary Ann,CHADWICK,full age,,spinster,Servant,Bradwell,Henry,COE,Labourer,William,CHADWICK,Game Keeper,Samuel,COE,Ann,COE,Banns. All Signed X
SFK,Bradwell,St Nicholas,11,27 Mar 1842,John,BRACEY,22,,bachelor,Shoemaker,Bradwell,Priscilla,BUCK,21,,spinster,Servant,Bradwell,William,BRACEY,Publican,John,BUCK,Labourer,James,BUCK,Eliza,BUCK,Banns
SFK,Bradwell,St Nicholas,12,18 Sep 1842,Jacob,BROWN,20,,bachelor,Labourer,Bradwell,Harriett,MARSHALL,19,,spinster,,Bradwell,Samuel,BROWN,Labourer,William,MARSHALL,Labourer,Robert,NESLEN,John,CHASTNEY,Banns
SFK,Bradwell,St Nicholas,13,19 Sep 1842,Robert,ALLEN,22,,bachelor,Labourer,Bradwell,Maria Sophia,ADAMS,19,,spinster,Service,Bradwell,Samuel,ADAMS,Farmer,William,ALLEN,Labourer,James,ADAMS,John,CHASTNEY,Banns
SFK,Bradwell,St Nicholas,14,3 Aug 1843,Darius,WATSON,30,,bachelor,Policeman,Lowestoft,Elizabeth,DRAKE,24,,spinster,Servant,Bradwell,James,WATSON,Cordwainer,Charles,DRAKE,Miller,James,MOORES,Martha,WOODCOCK,All Signed. Banns
SFK,Bradwell,St Nicholas,15,11 Jan 1844,Joseph,BENSLEY,full age,,bachelor,Bricklayer,Bradwell,Hannah,DYE,full age,,spinster,Servant,Bradwell,Joseph,BENSLEY,Bricklayer,John,DYE,Husbandman,Charles,DYE,Elizabeth,BENSLEY,Banns
SFK,Bradwell,St Nicholas,16,29 Feb 1844,Frederick Richard,HAYWARD,full age,,bachelor,Farmer,Blundeston,Martha,SHEPHERD,full age,,spinster,Farmers Daughter,Bradwell,Richard,HAYWARD,Farmer,William,SHEPHERD,Farmer,William,SHEPPARD,Mary,SHEPPARD,By Licence. 3rd Witness Jane Sheppard
SFK,Bradwell,St Nicholas,17,8 Apr 1844,John,NICHOLLS,21,,bachelor,Carpenter,Ormesby,Harriett,SMITH,21,,spinster,Servant,Bradwell,John,NICHOLLS,Carpenter,John,SMITH,Labourer,Elizabeth,PORTER,John,CHASTNEY,Banns
SFK,Bradwell,St Nicholas,18,1 Mar 1846,James,HALES,21,,bachelor,Labourer,Bradwell,Eliza,HAWES,19,,spinster,Dressmaker,Bradwell,James,HALES,Labourer,*itt,HAWES,Labourer,Elizabeth,LEVELL,Thomas,HAWES,Banns. All Signed X
SFK,Bradwell,St Nicholas,19,30 Apr 1846,Richard,CLARKE,21,,bachelor,Farmer,Bradwell,Mary Ann,NEWMAN,21,,spinster,Farmers Daughter,Bradwell,Richard,CLARKE,Miller,Edward,NEWMAN,Farmer,Stephen,CLARKE,Mary Ann,DANIEL,By Licence
SFK,Bradwell,St Nicholas,20,13 May 1846,William,BELL,37,,widower,Mariner,Bradwell,Mary Ann,AMYSS,24,,spinster,Servant,Bradwell,John,BELL,Labourer,Samuel,AMYSS,Labourer,Joseph,AMYSS,Mary Ann,KIPPEN,
SFK,Bradwell,St Nicholas,21,20 Aug 1846,Robert,SMITH,61,,widower,Shoemaker,Bradwell,Eliza,HOWES,25,,spinster,Spinster,Bradwell,Robert,HOWES,Shoemaker,William,HOWES,Labourer,Mary,POWLEY,Daniel,POWLEY,
SFK,Bradwell,St Nicholas,22,29 Sep 1846,Robert,CRITOLPH,23,,bachelor,Miller,Bradwell,Mary,EASTER,23,,spinster,Spinster,Bradwell,Robert,CRITOLPH,Miller,John,EASTER,Gardener,Elizabeth,P[R_][I_]CE,James,EASTER,
SFK,Bradwell,St Nicholas,23,13 Dec 1846,William,WELTON,23,,bachelor,Labourer,Gorleston,Caroline,FOORD,20,,spinster,Spinster,Gorleston,Edward,WELTON,Labourer,William,FOORD,Labourer,Charlotte,BECKETT,William,FOORD,All Signed X
SFK,Bradwell,St Nicholas,24,26 Jan 1847,John,AMISS,23,,bachelor,Labourer,Bradwell,Rachel,RAVEN,21,,spinster,Servant,Bradwell,Thomas,AMISS,Labourer,James,RAVEN,Labourer,*,GREENHOW,Louisa,GREENHOW,
SFK,Bradwell,St Nicholas,25,21 Nov 1847,John,HUBBARD,21,,bachelor,Fisherman,Bradwell,Ann,DYE,18,,spinster,Spinster,Bradwell,John,HUBBARD,Labourer,Robert,DYE,Gardener,Frances,SHAWLL,Robt,DYE,
SFK,Bradwell,St Nicholas,26,11 Jan 1848,Benjamin,BROOKS,28,,bachelor,Labourer,Bradwell,Ann,PARKER,25,,spinster,Servant,Bradwell,Benjamin,BROOKS,Labourer,Joshua,ANNIS,Bailiff,Charles,AMIS,John,CHASTENEY,
SFK,Bradwell,St Nicholas,27,22 Feb 1848,Benjamin,BULLOCK,23,,bachelor,Labourer,Bradwell,Rebecca,BROOKS,22,,spinster,Spinster,Bradwell,John,BULLOCK,Labourer,Benjamin,BROOKS,Labourer,Benjamin,BROOKS,John,CHASTENEY,
SFK,Bradwell,St Nicholas,28,9 Mar 1848,John,COOPER,25,,bachelor,Labourer,Bradwell,Matilda,BUCK,23,,spinster,Spinster,Bradwell,Joshua,COOPER,Labourer,John,BUCK,Labourer,John,BRACEY,Marian,MAYES,
SFK,Bradwell,St Nicholas,29,24 Aug 1848,David Urquhart,ABSOLON,29,,bachelor,Mariner,Great Yarmouth,Jane,SHEPPARD,24,,spinster,Spinster,Bradwell,David,ABSOLON,Mariner,William,SHEPHERD,Yeoman,Mary,SHEPPARD,Maria,SMITH,3rd Witness Marianna Absolon
SFK,Bradwell,St Nicholas,30,13 Sep 1848,Samuel,FLEET,55,,widower,Mariner,Gt Yarmouth,Lucy,WALLER,48,,spinster,Servant,Bradwell,John,FLEET,Labourer,Thomas,WALTER,Bankers Clerk,William,NATH*,Elizabeth,WALLER,
SFK,Bradwell,St Nicholas,31,26 Mar 1849,Henry,ADAMS,26,,bachelor,Labourer,Bradwell,Mary,HUBBARD,20,,spinster,Spinster,Bradwell,William,ADAMS,Labourer,John,HUBBARD,Labourer,Ann,HUBBARD,John,HUBBARD,
SFK,Bradwell,St Nicholas,32,25 Jun 1849,Charles,BAILEY,59,,widower,Independent,Bradwell,Mary,SIMS,58,,widow,Widow,Bradwell,John,BAILEY,Farmer,William,SCARLETT,Farmer,Robert,FENN,Louisa,FENN,
SFK,Bradwell,St Nicholas,33,14 Oct 1850,Samuel,STIMPSON,24,,bachelor,Labourer,Bradwell,Elizabeth,PENBROKE,26,,spinster,Servant,Bradwell,William,STIMPSON,Carpenter,Stephen,PENBROKE,Labourer,James,PENBROKE,Mary Ann,BACEY,
SFK,Bradwell,St Nicholas,34,30 Dec 1850,William,SIMMONS,30,,bachelor,Seafaring,Bradwell,Elizabeth,FOLKARD,34,,spinster,Dressmaker,Bradwell,Francis,SIMMONS,Labourer,James,FOLKARD,Blacksmith,Robert,HOOD,Lucy,SUTTON,
SFK,Bradwell,St Nicholas,35,11 Feb 1851,George,BUCK,22,,bachelor,Labourer,Bradwell,Elizabeth,PORTER,23,,spinster,Servant,Bradwell,John,BUCK,Labourer,John,PORTER,Labourer,John,BRACEY,John,CHASTENEY,
SFK,Bradwell,St Nicholas,36,27 Feb 1851,William Peter Branch,WALTER,21,St Peters Mountergate,bachelor,Auctioneer,Norwich,Maria,TOOLEY,23,,spinster,Spinster,Bradwell,William Peter,WALTER,Surgeon,Edmund,TOOLEY,Bricklayer,Edmund,TOOLEY,Elizabeth,TOOLEY,
SFK,Bradwell,St Nicholas,37,26 Jun 1851,Charles David,ARNOTT,28,,bachelor,MD,Gorleston,Adelaide Antoinette,HODDER,20,,spinster,Spinster,Bradwell,James,ARNOTT,Surgeon In The Royal Navy,Henry,HODDER,Lieutenant In The Royal Navy,William Rymonde,MORTMORENCY,Francis Perkins,HYLTON,
SFK,Bradwell,St Nicholas,38,12 Sep 1851,William,NEW[FB]OUND,22,,bachelor,Coachman,Bradwell,Lois,DENTON,22,,spinster,Spinster,Bradwell,William,NEW[FB]OUND,Labourer,Isaac,DENTON,Gardener,J William,CRANE,Martha,WOODCOCK,
SFK,Bradwell,St Nicholas,39,4 Sep 1851,Nelson,GODFREY,25,,bachelor,Servant,Halesworth,Eliza,FENN,26,,spinster,Spinster,Bradwell,Robert,GODFREY,Keeper Of The Gas Works,Robert,FENN,Gamekeeper,Robert,FENN,Emma,BESANT,
SFK,Bradwell,St Nicholas,40,9 Dec 1851,William,WARNER,27,,bachelor,Labourer,Bradwell,Ruth,HEAVERS,21,,spinster,Spinster,Burgh Castle,George,WARNER,Labourer,Benjamin,HEAVERS,Cooper,James,HEAVERS,Rebecca,HALL,
SFK,Bradwell,St Nicholas,41,16 Nov 1852,James,SHREEVE,27,,bachelor,Servant,Bradwell,Eliza,ANNIS,33,,spinster,Servant,Hopton,James,SHREEVE,Labourer,Jonas,ANNIS,Labourer,Henry,ROBINSON,Mary Ann,HERROD,
SFK,Bradwell,St Nicholas,42,24 Feb 1853,Alfred,GRAND,25,,bachelor,Mariner,Bradwell,Matilda,DURRANT,19,,spinster,Spinster,Bradwell,Richard,GRAND,Fish Merchant,Thomas,DURRANT,Carpenter,Samuel,BROWN,Mary Ann,BROWN,
SFK,Bradwell,St Nicholas,43,5 Mar 1853,William,LEWIS,26,,bachelor,Woodman,Hoven,Ann Elizabeth,HUBBARD,25,,spinster,Servant,Bradwell,John,LEWIS,Woodman,Robert,HUBBARD,Labourer,John,BRACEY,John,CHASTENEY,
SFK,Bradwell,St Nicholas,44,16 Jun 1853,William,ORTON,31,,bachelor,Servant,Hampstead Middx,Martha,WOODCOCK,32,,spinster,Servant,Bradwell,William,ORTON,Farmer,William,WOODCOCK,Gardener,Mary Ann,WOODCOCK,William,WOODCOCK,
SFK,Bradwell,St Nicholas,45,22 Oct 1855,John,HEMNELL,full age,,bachelor,Shoemaker,Bradwell,Phoebe,JOHNSON,full age,,spinster,,Bradwell,William,HEMNELL,Labourer,James,JOHNSON,Labourer,Charles,BAILEY,Ann,JESSOP,
SFK,Bradwell,St Nicholas,46,24 Jul 1856,John,ROBINSON,29,,widower,Mariner,Gt Yarmouth,Charlotte,HOWARD,32,,spinster,Servant,Bradwell,John,ROBINSON,Mariner,Richard,HOWARD,Labourer,Richard,HOWARD,Hannah,HOWARD,
SFK,Bradwell,St Nicholas,47,21 Feb 1857,Edward,HOWES,26,,bachelor,Labourer,Bradwell,Sarah Ann,CASEY,21,,spinster,Servant,Bradwell,William,HOWES,Labourer,William,CASEY,Labourer,John,CHASTENEY,Hannah,HOWES,
SFK,Bradwell,St Nicholas,48,7 Apr 1857,Mark Isaac Robert,HUBBARD,full age,,bachelor,Labourer,Bradwell,Mary,ADAMS,full age,,spinster,,Bradwell,Robert,HUBBARD,Labourer,John,HUBBARD,Labourer,John,CHASTENEY,Elizabeth,CLEVESLY,
SFK,Bradwell,St Nicholas,49,1 Feb 1858,William,REYNOLDS,full age,,bachelor,Shoemaker,Bradwell,Elizabeth,BARBER,full age,,spinster,Servant,Bradwell,William,REYNOLDS,Labourer,Robert,BARBER,Labourer,Robert,STIMPSON,Elizabeth,REYNOLDS,
SFK,Bradwell,St Nicholas,50,4 May 1858,Charles,LOVICK,full age,,bachelor,Farmer,Seething Norfolk,Emily,CHASTENEY,full age,,spinster,,Bradwell,William,LOVICK,Farmer,John,CHASTENEY,Parish Clerk,Everson,CHASTENEY,Elizabeth,CHASTENEY,3rd Witness John Chasteney. By Licence.
SFK,Bradwell,St Nicholas,51,21 Sep 1858,James B,COOPER,26,,bachelor,Gentleman,Hinton,Catherine,BARBER,full age,,spinster,Gentlewoman,Hopland Hall Bradwell,James G,COOPER,Gentleman,Thomas,BARBER,Gentleman,[l_] [d_],BARBER,Judith Louisa,BARBER,Triplicate Entry For Multiple Witnesses
SFK,Bradwell,St Nicholas,52,4 Oct 1858,George,READ,21,,bachelor,Labourer,Bradwell,Elizabeth,THIRSTON,20,,spinster,Servant,Bradwell,George,READ,Labourer,John,THIRSTON,Labourer,John,CHASTENEY,Sarah,BAYSHER,
SFK,Bradwell,St Nicholas,51,21 Sep 1858,James B,COOPER,26,,bachelor,Gentleman,Hinton,Catherine,BARBER,full age,,spinster,Gentlewoman,Hopland Hall Bradwell,James G,COOPER,Gentleman,Thomas,BARBER,Gentleman,Alfred A,BAKER,Ell[ie],COLEMAN,Triplicate Entry For Multiple Witnesses
SFK,Bradwell,St Nicholas,51,21 Sep 1858,James B,COOPER,26,,bachelor,Gentleman,Hinton,Catherine,BARBER,full age,,spinster,Gentlewoman,Hopland Hall Bradwell,James G,COOPER,Gentleman,Thomas,BARBER,Gentleman,Sophia,HOLT,[w_],PLUMERIDGE,Triplicate Entry For Multiple Witnesses
SFK,Bradwell,St Nicholas,53,30 Jan 1859,Samuel,ADAMS,22,,Bachelor,Labourer,Bradwell,Jane Elizabeth,EARL,23,,Spinster,,Bradwell,James,ADAMS,Labourer,Henry,EARL,Labourer,James,ADAMES,Hannah,SHEPHERD,
SFK,Bradwell,St Nicholas,54,24 Mar 1860,Edwin,MARKLAND,full age,,widower,Chemist,Bradwell,Elizabeth,TAYLOR,full age,,spinster,,Gorleston,Francis,MARKLAND,Gentleman,James,TAYLOR,Gentleman,George,GARRETT,Martha Jane,[S_]U[I_]YE,3rd Witness Jane Taylor
SFK,Bradwell,St Nicholas,55,25 Sep 1860,John,WOODS,20,,bachelor,Labourer,Bradwell,Sarah Ann,MARJORAM,20,,spinster,,Bradwell,John,WOODS,Labourer,Christopher,MARJORAM,Farmer,William M,MARJORAM,Elizabeth ,MARJORAM,All Signed
SFK,Bradwell,St Nicholas,56,7 Mar 1861,Martin Wells,BARBER,full age,,bachelor,Sea Captain,Bradwell,Maria Elizabeth,CROW,full age,,spinster,,Gt Yarmouth,Samuel Smith,BARBER,Ship Owner,Samuel,CROW,Gentleman,M,BEA[NU]FORD,Mariann[ae],BARBER,3rd Witness Patty Smith Barber
SFK,Bradwell,St Nicholas,57,15 Aug 1861,Charles,REYNOLDS,full age,,bachelor,Mariner,Bradwell,Georgiana,BRACEY,full age,,spinster,,Bradwell,William,REYNOLDS,Labourer,James,BRACEY,Farmer,John,BRACY,Elizabeth,BRACEY,
SFK,Bradwell,St Nicholas,58,12 Sep 1861,James,HALL,full age,,widower,Labourer,Bradwell,Frances,AMES,full age,,spinster,,Bradwell,James,HALL,Carpenter,Samuel,AMES,Labourer,William Bin,HOGGETT,Sarah,AMES,
SFK,Bradwell,St Nicholas,59,14 Oct 1861,William,FOSTER,full age,,bachelor,Engine Cleaner,Framlingham,Caroline,WEBB,full age,,spinster,,Bradwell,Thomas,FOSTER,Platelayer,Henry,WEBB,Labourer,Sarah,MACE,Thos,FOSTER,
SFK,Bradwell,St Nicholas,60,18 Mar 1862,James,WRIGHT,full age,,bachelor,Fisherman,Bradwell,Rachel,BROOKS,full age,,spinster,,Bradwell,Joseph,WRIGHT,Labourer,Benjamin,BROOKS,Labourer,William,WRIGHT,Maria Ann,BULLEN,
SFK,Bradwell,St Nicholas,61,4 Nov 1862,George,CHASTENEY,full age,,bachelor,Mariner,Bradwell,Elizabeth,CHASTENEY,full age,,spinster,,Bradwell,William,CHASTENEY,Gardener,John,CHASTENEY,Gardener,John,CHASTENEY,L M,CHASTENEY,
SFK,Bradwell,St Nicholas,62,25 Dec 1862,Francis,BAILEY,26,,bachelor,Labourer,Fritton,Emily,MALLETT,21,,spinster,,Bradwell,John,BAILEY,Yeoman,Thomas,MALLETT,Labourer,William,MALLETT,Mary,[H_]EBB_TT,
SFK,Bradwell,St Nicholas,63,1 Jan 1863,James,REYNOLDS,full age,,bachelor,Fisherman,Bradwell,Sarah Ann,SEELEY,full age,,spinster,,Bradwell,William,REYNOLDS,Labourer,William,SEELEY,Labourer,Robert Page,STIMPSON,Elizabeth,REYNOLDS,
SFK,Bradwell,St Nicholas,64,1 Mar 1863,William,ORSBORN,full age,,widower,Farmer,Bradwell,Charlotte ,BECKETT,full age,,spinster,,Bradwell,James,ORSBORN,Farmer,Edward,BECKETT,Labourer,John,[PF]INCH,Susannah,FINCH,
SFK,Bradwell,St Nicholas,65,17 Mar 1863,John,WARNER,full age,,bachelor,Labourer,Burgh Castle,Matilda,HUBBARD,full age,,spinster,,Bradwell,John,WARNER,Labourer,John,HUBBARD,Labourer,Christopher,HUBBARD,Sarah,MACE,
SFK,Bradwell,St Nicholas,66,22 Dec 1863,Joshua,COOPER,full age,,bachelor,Fisherman,Bradwell,Mary,SYMONDS,full age,,spinster,,Bradwell,Joshua,COOPER,Labourer,Richard,SYMONDS,Fisherman,George,GUYTON,Sarah,GUYTON,
SFK,Bradwell,St Nicholas,67,24 Dec 1863,William,SYMONDS,full age,,bachelor,Fisherman,Gt Yarmouth,Anna,SIMMONS,full age,,spinster,,Bradwell,Richard,SYMONDS,Fisherman,,,,Robert,HOOD,Elizabeth,SYMONDS,
SFK,Bradwell,St Nicholas,68,23 May 1865,James,LEE,full age,St Peter Mancroft,bachelor,Servant,Norwich,Mary Ann,NEWARK,full age,,spinster,,Bradwell,Henry ,LEE,Farmer,James,NEWARK,Farmer,James,NEWARK,Elizabeth,NEWARK,Henry Lee Deceased
SFK,Bradwell,St Nicholas,69,14 Jun 1865,William Anthony,SLANN,full age,,bachelor,Ship Caulker,Poplar London,Ann,ORSBORN,full age,,spinster,,Bradwell,Anthony,SLANN,Gardener,William,ORSBORN,Farmer,William Robert,BRACEY,Sarah,BRACEY,
SFK,Bradwell,St Nicholas,70,6 Aug 1865,John Wigg,HALES,full age,,widower,Labourer,Bradwell,Charlotte,WYNES,full age,,spinster,,Bradwell,Robert,HALES,Labourer,Thomas,WYNES,Labourer,John,BRACEY,John,CHASTENEY,
SFK,Bradwell,St Nicholas,71,7 Apr 1866,William,MENNELL,25,,bachelor,Carpenter,Plumstead,Maria Jane,SMITH,24,,spinster,,Bradwell,John,MENNELL,Carpenter,Thomas,SMITH,Handnetter,Louisa Gertrude,WALKER,Ann,ROBINSON,
SFK,Bradwell,St Nicholas,72,31 Jan 1867,Benjamin,BUCK,full age,,bachelor,Labourer,Bradwell,Maria,BALLS,full age,,spinster,,Bradwell,William,BUCK,Labourer,William,BALLS,Farmer,William,BALLS,Emma Lucy,BALLS,
SFK,Bradwell,St Nicholas,73,31 Mar 1867,John,BROWN,50,,widower,Labourer,Bradwell,Sarah Ann,ANDREWS,27,,spinster,,Bradwell,John,BROWN,Labourer,James,ANDREWS,Labourer,John,CHASTENEY,Elizabeth,ANNIS,
SFK,Bradwell,St Nicholas,74,15 Apr 1867,George,BRACEY,22,,bachelor,Shoemaker,Bradwell,Sarah Ann,BROWN,21,,spinster,,Bradwell,John,BRACEY,Innkeeper,James,BROWN,Labourer,Benjamin,BRACEY,John,CHASTENEY,
SFK,Bradwell,St Nicholas,75,24 Nov 1867,James,EASTER,43,,widower,Gardener,Bradwell,Emily,ADAMS,32,,spinster,,Bradwell,John,EASTER,Carpenter,James,ADAMS,Labourer,Henry,EASTER,Sarah,MINGAY,
SFK,Bradwell,St Nicholas,76,28 Dec 1868,James,BROOKS,22,,bachelor,Fisherman,Bradwell,Mary Ann,HUBBARD,21,,spinster,,Bradwell,William,BROOKS,Labourer,Isaac,HUBBARD,Gardener,Isaac,HUBBARD,John,CHASTENEY,
SFK,Bradwell,St Nicholas,77,1 Feb 1869,John,AMISS,25,,bachelor,Labourer,Bradwell,Mary Ann,SMITH,23,,spinster,,Gorleston,Thomas,AMISS,Labourer,James,SMITH,Labourer,[Ec],FULCHER,Elizabeth,AMISS,
SFK,Bradwell,St Nicholas,78,9 Aug 1869,Francis,FARROW,24,,bachelor,Labourer,Bradwell,Mary Ann,BROOKS,22,,widow,,Bradwell,Thomas,FARROW,Labourer,Isaac,HUBBARD,Gardener,S,CO[P_]SSEY,[bc],ALLINGBY,
SFK,Bradwell,St Nicholas,79,26 Sep 1869,George,SMITH,24,,bachelor,Labourer,Bradwell,Maria,GAGE,21,,spinster,,Bradwell,George,SMITH,Labourer,William,GAGE,Labourer,Samuel,SMITH,John,CHASTENEY,
SFK,Bradwell,St Nicholas,80,7 Oct 1869,George Charles,MARJORAM,24,,bachelor,Farmer,Bradwell,Phoebe,ELLIS,24,,spinster,,Bradwell,Christopher,MARJORAM,Farmer,Laban,ELLIS,Labourer,Hopeful,ELLIS,Mary Ann,MARJORAM,Other Witnesses Susannah Marjoram And Esther Jane Marjoram
SFK,Bradwell,St Nicholas,81,19 Oct 1869,Hezekiah,ELLIS,43,,bachelor,Market Gardener,Bradwell,Maria,CHASTENEY,36,,spinster,,Bradwell,William,ELLIS,Carpenter,John,CHASTENEY,Parish Clerk,John,CHASTENEY,Catherine,CHASTENEY,
SFK,Bradwell,St Nicholas,82,7 Apr 1870,Walter,WARNES,25,,bachelor,Labourer,Bradwell,Elizabeth,FRENCH,26,,spinster,,Bradwell,Benjamin,WARNES,Labourer,John,FRENCH,Labourer,Sarah Ann,POPPY,John,AMES,
SFK,Bradwell,St Nicholas,83,7 May 1870,Thomas,WILES,24,,bachelor,Sailor,Burgh Castle,Clara ,HOOD,22,,spinster,,Bradwell,Thomas,WILES,Brickman,Robert,HOOD,Farmer,William,SYMONDS,Clara,SYMONDS,
SFK,Bradwell,St Nicholas,84,19 Jan 1871,Robert,BUCK,26,,bachelor,Labourer,Bradwell,Mary Ann,MARJORAM,23,,spinster,,Bradwell,James,BUCK,Labourer,Christopher,MARJORAM,Farmer,Robert,MARJORAM,Sarah,BUCK,
SFK,Bradwell,St Nicholas,85,23 Oct 1871,William,MARJORAM,20,,bachelor,Labourer,Bradwell,Sarah Ann,SHREEVE,19,,spinster,,Bradwell,Christopher,MARJORAM,Labourer,James,SHREEVE,Labourer,James,MARJORAM,John,CHASTENEY,
SFK,Bradwell,St Nicholas,86,24 Oct 1871,Charles,ORSBORNE,20,,bachelor,Farmer,Bradwell,Jane,WATSON,26,,spinster,,Bradwell,William,OSBORNE,Farmer,,,,James,AMES,Mary Ann,ORSBORNE,
SFK,Bradwell,St Nicholas,87,15 Aug 1872,John,BURTON,32,,widower,Labourer,Southtown,Mary Anne Harriett,TRIPP,33,,widow,,Southtown,Clement,BURTON,Carter,Stephen,HOWES,Carpenter,Hanery,HOWELL,Harriett,HOWELL,Gorleston Church Being Closed For Repairs
SFK,Bradwell,St Nicholas,88,19 Aug 1872,Bernard,HUBBARD,22,,bachelor,Fisherman,Gorleston,Jemima,ELLIOTT,19,,spinster,,Gorleston,John,HUBBARD,Labourer,Benjamin,ELLIOTT,Labourer,John,MAYES,Louisa,HUBBARD,Gorleston Church Being Closed
SFK,Bradwell,St Nicholas,89,8 Oct 1872,Frank,FOOT,29,,bachelor,Bankers Clerk,St Marylebone London,Mary Ann Jemima,BATELEY,21,,spinster,,Gorleston,Edward Smith,FOOT,Bath Proprietor,Stephen Godfrey,BATELEY,Land Agent,John,BATELEY,Annie,FOOT,
SFK,Bradwell,St Nicholas,90,14 Oct 1872,Robert Marshall,BROWN,20,,bachelor,Fisherman,Gorleston,Eliza,FLACK,20,,spinster,,Gorleston,Jacob,BROWN,Labourer,William,FLACK,Carpenter,Elizabeth,BROWN,Jacob,BROWN,
SFK,Bradwell,St Nicholas,91,10 Nov 1872,George,BUCK,29,,bachelor,Labourer,Bradwell,Hannah Collyer,HOLLAND,31,,spinster,,Bradwell,James,BUCK,Labourer,Robert,HOLLAND,Servant,Robert,MARJORAM,Priscilla,BUCK,
SFK,Bradwell,St Nicholas,92,14 Dec 1872,Daniel Dean,BENSTEAD,44,,widower,Mariner,Gorleston,Susannah Staff,UTTING,41,,widow,,Gorleston,John,BENSTEAD,Mariner,Thomas,COPEMAN,Mariner,John,CHASTENEY,Elizabeth Jane,GODBOLT,
SFK,Bradwell,St Nicholas,93,25 Dec 1872,James,HALES,25,,bachelor,Labourer,Bradwell,Catherine,ENGLAND,26,,spinster,,Bradwell,James,HALES,Market Gardener,John,ENGLAND,Labourer,Lucy,HALES,James,GLASSCOCK,
SFK,Bradwell,St Nicholas,94,25 Dec 1872,William James,BARBER,27,,bachelor,Tinplate Worker,Gorleston,Harriet,WOODS,28,,spinster,,Gorleston,Samuel,BARBER,Tinplate Worker,Robert,WOODS,Pilot,J H,WOODS,Louisa,WOODS,
SFK,Bradwell,St Nicholas,95,27 Dec 1872,William,BLACK,20,,bachelor,Labourer,Bradwell,Harriet,HOWES,25,,spinster,,Bradwell,,,,William,HOWES,Labourer,Elizabeth,HOOD,John,CHASTENEY,
SFK,Bradwell,St Nicholas,96,14 Jan 1873,John,REEVE,22,,bachelor,Labourer,Bradwell,Martha Mirah,LOUND,23,,spinster,,Bradwell,James,REEVE,Labourer,Robert,LOUND,Farmer,Emmanuel,BOTWRIGHT,Emily,REEVE,
SFK,Bradwell,St Nicholas,97,11 Feb 1873,James,ROGERS,19,,bachelor,Fisherman,Gorleston,Charlotte,MALLETT,19,,spinster,,Gorleston,Isaac,ROGERS,Sawyer,Charles,MALLETT,Fisherman,Charles,MALLETT,Jane,NORRIS,
SFK,Bradwell,St Nicholas,98,10 Apr 1873,George Arthur,BARBER,20,,bachelor,Tinplate Worker,Gorleston,Hannah Elizabeth,HUDBUD,21,,spinster,,Gorleston,Samuel,BARBER,Tin Plate Worker,Stephen,HUDBUD,Auctioneer,John William,BARBER,Susan,[V_]EAMCOMBE,
SFK,Bradwell,St Nicholas,99,16 Apr 1873,Robert Robinson,JONES,22,,bachelor,Fisherman,Gorleston,Jane Elizabeth,HALES,19,,spinster,,Gorleston,Louis,JONES,Mariner,Charles,HALES,Fisherman,John,CHASTENEY,Elenor Ann,HALES,
SFK,Bradwell,St Nicholas,100,21 Apr 1873,Edward,LAYTON,50,,widower,Engine Driver,Southtown,Harriett,COLE,45,,widow,,Southtown,Charles,LAYTON,Innkeeper,Noah,EDWARDS,Well Sinker,Charles,EDWARDS,Sophia,EDWARDS,
SFK,Bradwell,St Nicholas,101,29 Apr 1875,Samuel,TEASDEL,42,,widower,Plumber,Southtown,Rebecca Eliza,GOULDER,43,,widow,,Great Yarmouth,Richard,TEASDEL,Ship Owner,Thomas Constable,LAKE,Cabinet Maker,Thomas Constable,LAKE,Alice,LAKE,
SFK,Bradwell,St Nicholas,102,18 Jun 1873,Arthur,THAIN,19,,bachelor,Fisherman,Gorleston,Emily,ALLEN,21,,spinster,,Gorleston,William,THAIN,Fisherman,Thomas,ALLEN,Labourer,James,HEAD,Betsy,ALLEN,
SFK,Bradwell,St Nicholas,103,19 Jun 1873,George,KNIGHTS,20,,bachelor,Waterman,Bradwell,Emma Lucy,BALLS,24,,spinster,,Bradwell,James,KNIGHTS,Publican,John,BALLS,Labourer,William,BALLS,Alice,KNIGHTS,
SFK,Bradwell,St Nicholas,104,4 Jul 1873,George Hatchard,WELCH,full age,,widower,Office Keeper,St James Westminster,Ellen,FOOKS,full age,,spinster,,Gorleston,Charles,WELCH,Master Mariner,Henry,FOOKS,Thatcher,William Forester,SMITH,Alice Agnes Page,BARNARD,
SFK,Bradwell,St Nicholas,105,6 Oct 1873,James,MARJORAM,full age,,bachelor,Labourer,Bradwell,Maria,BROOKS,full age,,spinster,,Bradwell,Christopher,MARJORAM,Labourer,William,BROOKS,Labourer,Charles,MARJORAM,John,CHASTENEY,
SFK,Bradwell,St Nicholas,106,25 Dec 1873,James,COOPER,23,,bachelor,Labourer,Bradwell,Jane,CROW,22,,spinster,,Bradwell,John,COOPER,Labourer,William,CROW,Labourer,Henry,COOPER,Elizabeth,BECKETT,
SFK,Bradwell,St Nicholas,107,6 Jan 1874,James,COOPER,30,,bachelor,Labourer,Burgh Castle,Sarah West,AYERS,31,,spinster,,Bradwell,Charles,COOPER,Labourer,William Brewer,AYERS,Market Gardener,William Brewer,AYERS,Hannah Colyer,BUCK,
SFK,Bradwell,St Nicholas,108,22 Jul 1874,Frederick Octavius,POOLEY,26,,bachelor,Gardener,Bradwell,Emma Maria,MOORE,27,,spinster,,Bradwell,John,POOLEY,Labourer,Abraham,MOORE,Malster,John,CHASTENEY,Ransome,BELL,
SFK,Bradwell,St Nicholas,109,27 Jul 1875,George William,JENNIS,25,,bachelor,Miller,Great Yarmouth,Susannah,MARJORAM,24,,spinster,,Bradwell,Benjamin,JENNIS,Marshman,Christopher,MARJORAM,Farmer,Emma Eliza,MARJORAM,[gw],MARJORAM,
SFK,Bradwell,St Nicholas,110,11 Sep 1876,Charles Henry,DIXON,22,,bachelor,Wheelwright,Caister,Emma Eliza,MARJORAM,21,,spinster,,Bradwell,Robert,DIXON,Butcher,Christopher,MARJORAM,Farmer,Robert,MARJORAM,Rosa Elizabeth,CLARKE,
SFK,Bradwell,St Nicholas,111,25 Dec 1876,James,AMISS,25,,bachelor,Malster,Gorleston,Mary Ann Elizabeth,ORSBORNE,22,,spinster,,Bradwell,John,AMISS,Labourer,William,ORSBORNE,Grocer,John,AMISS,Sarah Ann,AMISS,
SFK,Bradwell,St Nicholas,112,25 Dec 1876,George,COOPER,21,,bachelor,Labourer,Bradwell,Eliza,HALES,19,,spinster,,Bradwell,John,COOPER,Labourer,James,HALES,Labourer,James,GLASSCOCK,Nellie,HALES,
SFK,Bradwell,St Nicholas,113,31 Jan 1877,John,WORTLEY,full age,,widower,Farmer,Whitwell Hall Skeyton,Victoria,BARBER,full age,,spinster,,Hobland Hall Bradwell,John ,WORTLEY,Farmer And Lay Rector,Thomas,BARBER,Farmer,Adelaide ,BARBER,George,WORTLEY,By Licence.  3rd Witness T Ollinton Barber
SFK,Bradwell,St Nicholas,114,30 Oct 1877,Robert John,MARJORAM,28,,bachelor,Labourer,Bradwell,Rosa Elizabeth,CLARKE,25,,spinster,,Bradwell,Christopher,MARJORAM,Farmer,Richard,CLARKE,Farmer,Fanny Maria,MARJORAM,Edward ,CLARKE,
SFK,Bradwell,St Nicholas,115,1 Jan 1878,George Henry,BYFORD,22,,bachelor,Labourer,Great Yarmouth,Elizabeth,STIMPSON,24,,spinster,,Bradwell,Isaac,BYFORD,General Dealer,Samuel,STIMPSON,Labourer,Emma,PENBROKE,Samuel,STIMPSON,
SFK,Bradwell,St Nicholas,116,14 Oct 1879,John,DINGLE,49,,widower,Labourer,Bradwell,Rebecca,BULLOCK,51,,widow,,Bradwell,John,DINGLE,Labourer,Benjamin,BROOKS,Labourer,James,WRIGHT,Rachel,WRIGHT,
SFK,Bradwell,St Nicholas,117,21 Dec 1879,James David,CLAXTON,21,,bachelor,Wheelwright,Bradwell,Elvira Simmons,HOOD,18,,spinster,,Bradwell,David,CLAXTON,Farmer,Robert,HOOD,Farmer,Ralph,HOOD,Laura,HOOD,
SFK,Bradwell,St Nicholas,118,25 Dec 1879,John,HOWES,24,,bachelor,Fisherman,Belton,Amy,HOUGHTON,18,,spinster,,Bradwell,Charles,HOWES,Labourer,Stephen,HOUGHTON,Labourer,Stephen,HOUGHTON,Clara Eliza,BETTS,
SFK,Bradwell,St Nicholas,119,7 Mar 1880,William,WADDELOW,27,,bachelor,Labourer,Bradwell,Hannah Ann Carr,SUDDER,26,,spinster,,Bradwell,Robert,WADDELOW,Labourer,William,SUDDER,Labourer,William,SUDDER,Wm,HARGRAVE,
SFK,Bradwell,St Nicholas,120,15 Apr 1880,Arthur Samuel,STIMPSON,21,,bachelor,Labourer,Bradwell,Agnes Lark,HUMFREY,20,,spinster,,Gorleston,Samuel,STIMPSON,Labourer,William Robert Lark,HUMFREY,Carpenter,Willimg,HUMFREY,Harriet Thon,HUMFREY,All Signed
SFK,Bradwell,St Nicholas,121,26 Dec 1880,Francis William,WOOLSTON,23,,bachelor,Labourer,Bradwell,Priscilla,BUCK,23,,spinster,,Bradwell,Henry,WOOLSTON,Farmer,James,BUCK,Labourer,James,CURTIS,Sarah,CURTIS,
SFK,Bradwell,St Nicholas,122,24 Apr 1881,Frederick,WARD,22,,bachelor,Groom,Gorleston,Ellen Elizabeth,WARNES,24,,spinster,,Bradwell,James,WARD,Labourer,,,,James Samuel,BECK,Mary Maria,GIBBS,
SFK,Bradwell,St Nicholas,123,12 Apr 1882,Edward Henry,BARBER,full age,,bachelor,Gentleman,Sprowston,Adelaide,BARBER,full age,,spinster,,Bradwell,Alfred,BARBER,Farmer,Thomas,BARBER,Yeoman,J L,BARBER,[s_],BARBER,By Licence.  All Signed.
SFK,Bradwell,St Nicholas,124,20 Apr 1882,Henry James,LANE,24,St Peters,bachelor,Licenced Victualler,Islington,Isabella Elizabeth,SHALES,24,,spinster,,Bradwell,John,LANE,Licenced Victualler,William,SHALES,Hotel Keeper And Land Owner,Louisa Jane,WARD,Mary G ,SHALES,All Signed. 3rd Witness William Shales.
SFK,Bradwell,St Nicholas,125,23 Apr 1882,Edward Farrow,YOUNGMAN,21,,Bachelor,Miller,Saxlingham,Hannah,AYERS,17,,spinster,,Bradwell,Thomas,YOUNGMAN,Miller,William Brooks,AYERS,Cooper,William Brewer,AYERS,Mary,BURGESS,All Signed
SFK,Bradwell,St Nicholas,126,4 Apr 1883,Robert,COX,57,,widower,Labourer,Bradwell,Cordelia,CRISP,44,,widow,,Bradwell,John,COX,Labourer,Charles,BROWN,Labourer,Sarah Ann,COX,John,COX,
SFK,Bradwell,St Nicholas,127,13 May 1883,William,IVES,20,,bachelor,Fisherman,Bradwell,Alice,PORTER,17,,spinster,,Bradwell,Samuel,IVES,Labourer,Robert,PORTER,Labourer,William,HALES,Elizabeth,PENBROKE,
SFK,Bradwell,St Nicholas,128,24 Dec 1883,John William,HARGRAVE,18,,bachelor,Sailor,Bradwell,Frances,MOSS,20,,spinster,,Bradwell,William,HARGRAVES,Labourer,Samuel,MOSS,Labourer,William,SHERING,William,HARGRAVE,All Signed.
SFK,Bradwell,St Nicholas,129,5 Apr 1884,Charles Robert,BROWN,19,,bachelor,Fisherman,Bradwell,Sarah Ann Elizabeth,TURNER,18,,spinster,,Bradwell,Charles Robert,BROWN,Soldier,,,,John,COX,Sarah Ann,COX,
SFK,Bradwell,St Nicholas,130,16 Apr 1884,Reginald Paulett,CHAMBERLAIN,25,,bachelor,Gentleman,Gorleston,Clara Mary,WILTSHIRE,23,,spinster,,Bradwell,Alfred John Norman,CHAMBERLAIN,Gentleman,Charles Henry,WILTSHIRE,Solicitor,C H,WILTSHIRE,Charles [f_],WILTSHIRE,All Signed
SFK,Bradwell,St Nicholas,131,17 Apr 1884,Adam,EDWARDS,23,,bachelor,Labourer,Bradwell,Mahala,CROWE,20,,spinster,,Bradwell,William,EDWARDS,Labourer,Benjamin,CROWE,Labourer,Henry,CROWE,Mary Ann,CROWE,
SFK,Bradwell,St Nicholas,132,11 Aug 1884,James John,BANFIELD,22,,bachelor,Shipwright,New Brompton In Gillingham,Mary Ann,REYNOLDS,21,,spinster,,Bradwell,John Thomas,BANFIELD,Moulder,William,REYNOLDS,Labourer,Charlotte,REYNOLDS,E,ENGLAND,All Signed
SFK,Bradwell,St Nicholas,133,5 Nov 1884,George Richard,KING,26,,bachelor,Groom,Bradwell,Sarah Ann,LYDAMORE,30,,spinster,,Bradwell,George,KING,Labourer,David,LYDAMORE,Labourer,Elizabeth,LYDAMORE,David,LYDAMORE,
SFK,Bradwell,St Nicholas,134,22 Dec 1884,Walter,HORN,20,,bachelor,Fisherman,Gorleston,Emma,COOPER,20,,spinster,,Bradwell,James,HORN,Labourer,Joshua,COOPER,Fisherman,S,SQUIRES,E,COOPER,
SFK,Bradwell,St Nicholas,135,9 Jul 1885,Henry,KEYZOR,21,,bachelor,Seaman,Bradwell,Alice Elizabeth,BROWN,21,,spinster,,Bradwell,Henry,KEYZOR,Labourer,,,,Arthur C,FLAXMAN,Eliza,ELLIS,All Signed
SFK,Bradwell,St Nicholas,136,28 Jul 1885,Robert George,IVES,26,,bachelor,Fisherman,Bradwell,Alice,AYERS,21,,spinster,,Bradwell,Samuel,IVES,Labourer,,,,William B,AYERS,Mary Ann Jessie,SLANFORD,All Signed
SFK,Bradwell,St Nicholas,137,3 Aug 1885,James,STONE,26,,bachelor,Baker,Beccles,Sarah Ann,AMISS,29,,spinster,,Bradwell,Charles,STONE,Shoemaker,John,AMISS,Labourer,Charlotte Elizabeth,AMISS,James,AMISS,All Signed.
SFK,Bradwell,St Nicholas,138,29 Dec 1885,Arthur Charles,FLAXMAN,26,,bachelor,Labourer,Bradwell,Eliza,ELLIS,18,,spinster,,Bradwell,,,,John,ELLIS,Serjeant 52nd Light Infantry,*,ELLIS,Emma,KEASSON,All Signed
SFK,Bradwell,St Nicholas,139,29 Jun 1886,John,WILLIS,28,,bachelor,Fisherman,Belton,Ruth Amelia,PEARSON,24,,spinster,,Bradwell,Richard,WILLIS,Labourer,Robert,PEARSON,Labourer,Robert,PEARSON,Margaret,PEARSON,
SFK,Bradwell,St Nicholas,140,15 Feb 1887,Jacob,SAUL,25,,bachelor,Fisherman,Bradwell,Elizabeth,PEMBROKE,20,,spinster,,Bradwell,Jacob,SAUL,Labourer,Stephen,PEMBROKE,Labourer,Hannah,PEMBROKE,Henry,CUMLY,
SFK,Bradwell,St Nicholas,141,26 Dec 1887,Charles,BALLS,19,,bachelor,Fisherman,Bradwell,Rosa May,SMITH,19,,spinster,,Bradwell,Charles,BALLS,Fisherman,Stimpson,SMITH,Labourer,Martin,MAUD,W,HARGRAVE,
SFK,Bradwell,St Nicholas,142,12 Jul 1888,Richard,COOPER,26,,bachelor,Coachman,Bradwell,Emma,HORN,24,,widow,,Bradwell,James,COOPER,Labourer,Joshua,COOPER,Fisherman,W,THROWER,E,COOPER,
SFK,Bradwell,St Nicholas,143,25 Oct 1888,Henry George,COMBY,39,,widower,Fisherman,Bradwell,Ellen,BUXTON,35,,widow,,Bradwell,,,,Elijah,GOOCH,Labourer,Gertrude,PEMBROKE,Samuel,GIFFORD,
SFK,Bradwell,St Nicholas,144,24 Dec 1888,Samuel,RUMSBY,25,,bachelor,Fisherman,Bradwell,Jessie,IVES,21,,spinster,,Bradwell,Samuel,RUMSBY,Labourer,Samuel,IVES,Labourer,E,GREY,W,HARGRAVE,
SFK,Bradwell,St Nicholas,145,6 Jan 1889,James Samuel,BECK,29,,bachelor,Cooper,Bradwell,Mary Maria,GIBBS,28,,spinster,,Bradwell,Benjamin Bowles,BECK,Blacksmith,William,GIBBS,Labourer,Emily Ann,BECK,Rebecca,GIBBS,All Signed
SFK,Bradwell,St Nicholas,146,8 Jan 1889,William,FARMAN,23,,bachelor,Fisherman,Belton,Alice,IVES,22,,widow,,Bradwell,George,FARMAN,Labourer,Robert,PORTER,Labourer,Ellen,PORTER,Edith,BAILEY,
SFK,Bradwell,St Nicholas,147,20 Jul 1889,John William,HOWES,29,,bachelor,Gardener,Laugham In Rutlandshire,Emma,WATSON,30,,spinster,,Bradwell,Zachariah,HOWES,Labourer,William,WATSON,Farmer,Maria,WATSON,George,WATSON,All Signed
SFK,Bradwell,St Nicholas,148,14 Aug 1889,Benjamin,KNIGHTS,,,bachelor,Groom,Burgh Castle,Mary Maria,MOORE,,,spinster,,Bradwell,Edward,KNIGHTS,Gardener,Robert,MOORE,Labourer,William H,BULLOCK,Hannah,JERMY,
SFK,Bradwell,St Nicholas,149,12 Sep 1889,Henry Cook,GRIMBLE,21,,bachelor,Gunner In The Royal Artillery,Gt Yarmouth,Sarah Amy,FRANCIS,23,,spinster,,Bradwell,William,GRIMBLE,Labourer,Elvy,FRANCIS,Labourer,Mary E,SLACK,Elvy,FRANCIS,
SFK,Bradwell,St Nicholas,150,25 Sep 1889,Arthur,BOND,22,,bachelor,Gardener,Bradwell,Anna,BURTON,32,,spinster,,Bradwell,John,BOND,Cowkeeper,George,BURTON,Farmer,William,JERMY,Mary Ann,BOND,
SFK,Bradwell,St Nicholas,151,23 Oct 1889,William,JERMY,22,,bachelor,Labourer,Burgh Castle,Mary Ann,BOND,19,,spinster,,Bradwell,William,JERMY,Labourer,John,BOND,Cow Keeper,Arthur,BOND,Hannah,JERMY,All Signed
SFK,Bradwell,St Nicholas,152,23 Dec 1889,James,KEYZER,23,,bachelor,Sailor,Bradwell,Melvina Eliza,BAYLES,21,,spinster,,Bradwell,Henry,KEYZER,Postmaster,Arthur,BAYLES,Grocer,Anna,KEYZER,George Benjamin,JOHNSON,All Signed
SFK,Bradwell,St Nicholas,153,5 Mar 1890,Arthur William,MACE,23,,bachelor,Fisherman,Bradwell,Margaret,WOODCOCK,19,,spinster,,Bradwell,,,,William,WOODCOCK,Carter,G,WOODCOCK,E,WOODCOCK,All Signed
SFK,Bradwell,St Nicholas,154,13 Mar 1890,John,TRACY,24,,bachelor,Gamekeeper,Iken,Elizabeth Mary Ann,REYNOLDS,26,,spinster,,Bradwell,James,TRACY,Gamekeeper,James,REYNOLDS,Fisherman,Samuel,CA[L_][S_][E_][R_],Susannah,REYNOLDS,All Signed
SFK,Bradwell,St Nicholas,155,22 May 1890,Benjamin Henry,CROWE,34,,bachelor,Fisherman,Bradwell,Eliza Isabella,EDWARDS,21,,spinster,,Bradwell,Benjamin,CROWE,Labourer,William,EDWARDS,Labourer,James,CROWE,Mary Ann,CROWE,All Signed
SFK,Bradwell,St Nicholas,156,21 Sep 1890,Alfred,RIVETT,20,,bachelor,A B Royal Navy,Belton,Alice Susannah,NEWARK,21,,spinster,,Bradwell,Charles,RIVETT,Gardener,James,NEWARK,Fisherman,George,CEDACOTT,Agnes Rose,WRIGHT,By Licence. All Signed.
SFK,Bradwell,St Nicholas,157,3 Nov 1890,Herbert William,ADAMS,26,,bachelor,Labourer,Bradwell,Louisa Sophia,MOY,20,,spinster,,Bradwell,Samuel,ADAMS,Labourer,James,MOY,Market Gardener,James,ADAMS,Emma Elizabeth,ADAMS,All Signed
SFK,Bradwell,St Nicholas,158,19 Feb 1891,Albert,RIVETT,27,,bachelor,Fisherman,Burgh Castle,Agnes Rose,WRIGHT,23,,spinster,,Bradwell,James,RIVETT,Labourer,Harry,WRIGHT,Gardener,Elizabeth Charlotte,WRIGHT,Harry,WRIGHT,
SFK,Bradwell,St Nicholas,159,18 May 1891,Samuel,IMPEY,25,,bachelor,Brewer,Bradwell,Eliza Ann,KNIGHTS,26,,spinster,,Bradwell,James,IMPEY,Stoker,James,KNIGHT,Publican,George,KNIGHTS,Millicent,KNIGHTS,All Signed
SFK,Bradwell,St Nicholas,160,20 Jul 1891,William Robert,REYNOLDS,30,,bachelor,Fisherman,Bradwell,Alice Jane,IVES,20,,spinster,,Bradwell,William,REYNOLDS,Labourer,Samuel,IVES,Labourer,Arthur,GREY,Eva,GREY,All Signed
SFK,Bradwell,St Nicholas,161,22 Dec 1891,Henry John,CROWE,24,,bachelor,Fisherman,Bradwell,Ellen Eliza,AMES,25,,spinster,,Bradwell,Benjamin,CROWE,Labourer,William,AMES,Market Gardener,Edward,JOHNSON,Nessie,JOHNSON,All Signed
SFK,Bradwell,St Nicholas,162,5 Jan 1891,Charles,COOPER,42,,bachelor,Bricklayer,Bradwell,Charlotte,MAYES,48,,widow,,Bradwell,John,COOPER,Labourer,Samuel,BROWN,Shoemaker,Charles,REYNOLDS,Ann,REYNOLDS,
SFK,Bradwell,St Nicholas,163,10 Feb 1892,James Francis,HASTINGS,30,,bachelor,Clerk In Holy Orders,Martley Worcestershire,Sophia Clara,WILTSHIRE,32,,spinster,,Bradwell,John Parson,HASTINGS,Rector Of Martley,Charles Henry,WILTSHIRE,Solicitor,Charles Henry,WILTSHIRE,Charles Paget,HASTINGS,3rd Witness Anne Caroline Hastings. All Signed.
SFK,Bradwell,St Nicholas,164,18 Apr 1892,William Edward,FINCHAM,27,,bachelor,Railway Porter,Stratford,Eliza Emily,AMIS,22,,spinster,,Bradwell,William Edward,FINCHAM,Ropemaker,John,AMIS,Fisherman,John,AMIS,Elizabeth,AMIS,
SFK,Bradwell,St Nicholas,165,4 May 1892,George,WATSON,27,,bachelor,Farmer,Lound,Edith Jane,TUBBY,26,,spinster,,Bradwell,William,WATSON,Farmer,William,TUBBY,Farmer,Martin Edmonds,TUBBY,Bessie,HUMPHREYS,All Signed.
SFK,Bradwell,St Nicholas,166,7 Jul 1892,Charles,COOPER,24,,bachelor,Groom And Gardener,Bradwell,Elizabeth,COOPER,25,,spinster,,Bradwell,James,COOPER,Labourer,Joshua,COOPER,Fisherman,Richard,COOPER,Emma,COOPER,All Signed.  Brides Father Deceased.
SFK,Bradwell,St Nicholas,167,25 Oct 1892,George Oliver,SMITH,30,,bachelor,Grocer,Gt Yarmouth,Matilda,MINISTER,26,,spinster,,Bradwell,John,SMITH,Schoolmaster,Samuel,MINISTER,Farmer,Henrietta Maria,SMITH,S,MINISTER,This Was Entered By Mistake On Page 136 And Is There Erased. This Is A Copy. Certificate Must Be Taken From Entry No 271. All Signed.
SFK,Bradwell,St Nicholas,168,8 Nov 1892,Ernest,FLAXMAN,30,,bachelor,Gardener,Bradwell,Rosannah,MINISTER,28,,spinster,,Gapton Hall Bradwell,,,,Samuel,MINISTER,Farmer,Samuel,MINISTER,Clara,MINISTER,All Signed.
SFK,Bradwell,St Nicholas,169,15 Mar 1893,Edmund,IVES,28,,bachelor,Fisherman,Bradwell,Georgiana,WARNES,31,,spinster,,Bradwell,Samuel,IVES,Labourer,Samuel,WARNES,Gardener,George,WARNES,Maud Manon,WARNES,All Signed
SFK,Bradwell,St Nicholas,170,10 Apr 1893,Harry William Hales,WIGG,20,,bachelor,Fisherman,Belton,Elizabeth Maria,MACE,22,,spinster,,Bradwell,Robert Hales,WIGG,Fisherman,Edward,MACE,Fisherman,William John Hales,WIGG,Adelaide Mary Hales,WIGG,Grooms Father Deceased.
SFK,Bradwell,St Nicholas,171,5 Nov 1893,William,EDWARDS,22,,bachelor,Labourer,Bradwell,Caroline,WEBB,23,,spinster,,Bradwell,William,EDWARDS,Labourer,Robert,WEBB,Woodman,George Alfred,BOND,Elizabeth,WEBB,All Signed
SFK,Bradwell,St Nicholas,172,18 Jan 1894,William,COLEBY,29,,bachelor,Fisherman,Bradwell,Barbara Emma,WRIGHT,24,,spinster,,Bradwell,William,COLEBY,Fisherman,Harry,WRIGHT,Gardener,Frederick William,WRIGHT,Elizabeth Charlotte,WRIGHT,
SFK,Bradwell,St Nicholas,173,9 Aug 1894,Edward Albert,COMBE,24,,bachelor,Malster,Bradwell,Grace Kathleen Bosville,JAMES,25,Holy Trinity,spinster,,Paddington,Edward Henry Harvey,COMBE,J P From Suffolk,William Bosville,JAMES,Gentleman,Florence Bosville,JAMES,Edward,COMBE,3rd Witness E Bosville James. All Signed.
SFK,Bradwell,St Nicholas,174,15 Jan 1895,Hugh Tennant,PRINCE,27,,bachelor,Surgeon,Wyddial Herts,Edith Alice,WILTSHIRE,26,,spinster,,Bradwell,Thomas Tennant,PRINCE,Merchant,Charles Henry,WILTSHIRE,Attorney At Law,Arnold ,LAWSON,J C,HASTINGS,Other Witnesses C H Wiltshire ? Prince And ? Wiltshire
SFK,Bradwell,St Nicholas,175,23 Jul 1895,Edward,CASEY,23,,bachelor,Labourer,Bradwell,Florence Fanny,BARBER,23,,spinster,,Bradwell,William,CASEY,Labourer,John,BARBER,Labourer,Robert Charles,BRACEY,Robert,BRACEY,All Signed.
SFK,Bradwell,St Nicholas,176,8 Oct 1895,William George,GRAY,26,,bachelor,Draper,Yarmouth,Clara Maria,MINISTER,24,,spinster,,Bradwell,Frederick,GRAY,Draper,Samuel,MINISTER,Farmer,Samuel,MINISTER,Frederick Augustus,GRAY,3rd Witness Mary Jane Minister
SFK,Bradwell,St Nicholas,177,2 Jan 1896,John,ELLIS,26,,bachelor,Gardener,Bradwell,Lilian Esther,KEELER,22,,spinster,,Bradwell,John,ELLIS,Retired Serjeant,Richard,KEELER,Market Gardener,May Elizabeth,KEELER,Richard,KEELER,All Signed
SFK,Bradwell,St Nicholas,178,18 Feb 1896,Job,SNOWLEY,23,,bachelor,Miller,Bradwell,Elizabeth Jane,AMIS,23,,spinster,,Bradwell,Job ,SNOWLEY,Miller,John,AMIS,Fisherman,John,AMIS,Ellen Amelia,HIGH,All Signed.
SFK,Bradwell,St Nicholas,179,4 Feb 1897,Harry Edward,WRIGHT,26,,bachelor,Fisherman,Bradwell,Maria Sophia,HALL,26,,spinster,,Bradwell,Harry,WRIGHT,Gardener,John,HALL,Labourer,Frederick William,WRIGHT,Elizabeth Charlotte,WRIGHT,Bride Father Deceased
SFK,Bradwell,St Nicholas,180,8 Mar 1897,Frederick James,PERFECT,26,,bachelor,Carman,Lingwood,Minnie Jane,REYNOLDS,24,,spinster,,Bradwell,Henry,PERFECT,Fowl Dealer,Charles,REYNOLDS,Labourer,Ernest Charles,REYNOLDS,Selina,REYNOLDS,All Signed
SFK,Bradwell,St Nicholas,181,8 Jul 1897,Stephen,COOPER,31,,bachelor,Fisherman,Bradwell,Martha Priscilla,MAYES,24,,spinster,,Bradwell,John,COOPER,Fisherman,John,MAYES,Shoemaker,Ellen Matilda,MAYES,James,COOPER,Both Fathers Deceased. All Signed.
SFK,Bradwell,St Nicholas,182,5 Oct 1897,Henry Izod,ROGERS,40,,bachelor,Clerk In Holy Orders,Cottered Hertfordshire,Mabel,WILTSHIRE,25,,spinster,,Bradwell,John,ROGERS,Gentleman,Charles Henry,WILTSHIRE,Attorney At Law,William Arthur Edmond,STAMP,Sophia C,HASTINGS,Other Witnesses Charles Henry Wiltshire And Agnes Maud Wiltshire.  All Signed.
SFK,Bradwell,St Nicholas,183,2 Nov 1897,John Frasier,GOWING,25,,bachelor,Farmer,Bradwell,Marie Matilda Isabella Shales,BERKELEY,21,,spinster,,Bradwell,George,GOWING,Farmer,William Augustus,BERKELEY,Hotel Proprietor,William,SHALES,Mary Burton,BERKELEY,Bride Father Deceased. All Signed.
SFK,Bradwell,St Nicholas,184,18 Nov 1897,Albert,MIDDLETON,28,,bachelor,Labourer,Burgh Castle,Elizabeth Maria Hales,WIGG,26,,widow,,Bradwell,Henry,MIDDLETON,Labourer,Edward,MACE,Labourer,Elizabeth,COOPER,Edward,MACE,All Signed
SFK,Bradwell,St Nicholas,185,16 Feb 1898,Walter,BROWN,20,,bachelor,Labourer,Bradwell,Margaret Daisy,HOUGHTON,20,,spinster,,Bradwell,Robert William,BROWN,Beachman,Thomas,HOUGHTON,Labourer,Georgiana,IVES,Thomas,HOUGHTON,3rd Witness Maud Rosena Houghton
SFK,Bradwell,St Nicholas,186,9 Jul 1898,Arthur Ramsden,WHITHAM,38,,bachelor,Engineer,Gorleston,Annie Hall,WRIGHT,37,,spinster,,Bradwell,Thomas,WHITHAM,Merchant,William,WRIGHT,Merchant,George,WADE,Alfred ,BROWN?,3rd Witness Thomas Whitham. All Signed.
SFK,Bradwell,St Nicholas,187,26 Dec 1898,James William,BROOKS,20,,bachelor,Blacksmith,Belton,Harriett Elizabeth,ROBERTS,20,,spinster,,Bradwell,James,BROOKS,Carpenter,Charles,ROBERTS,Labourer,Arthur,ROBERTS,Teresa Jane,BROOKS,All Signed
SFK,Bradwell,St Nicholas,188,26 Dec 1898,George William,ROBERTS,23,,bachelor,Fisherman,Bradwell,Elizabeth Ann,POOLE,22,,spinster,,Gt Yarmouth,Charles,ROBERTS,Labourer,Thomas,POOLE,Carpenter,Walter,ROBERTS,Alice Mary,WEBB,All Signed
SFK,Bradwell,St Nicholas,189,23 Sep 1899,George,BUCK,21,,bachelor,Gardener,Bradwell,Winniefred,MITCHELL,23,,spinster,,Bradwell,John,BUCK,Gardener,Christopher,MITCHELL,Sailor,Benjamin,PALMER,Ethel Maud,BUCK,All Signed.
SFK,Bradwell,St Nicholas,190,24 Oct 1899,James William,ANNIS,21,,bachelor,Labourer,Bradwell,Alice Lydia,HOOD,25,,spinster,,Bradwell,James,AMIS,Farmer,William,HOOD,Labourer,James,HALL,Louisa Charlotte,AMIS,All Signed. Bride Father Deceased.
SFK,Bradwell,St Nicholas,191,15 Feb 1900,James William,HURRELL,31,,bachelor,Malster,Gorleston,Mary Ann,ELLIOTT,32,,spinster,,Bradwell,James,HURRELL,Malster,Benjamin,ELLIOTT,Labourer,Bernard,HUBBARD,Edith,HURRELL,All Signed
SFK,Bradwell,St Nicholas,192,9 Jun 1900,Albert Edward,ECCLESTONE,26,,bachelor,Labourer,Bradwell,Annie Mary Maud,GOOCH,21,,spinster,,Bradwell,William,ECCLESTONE,Labourer,William,GOOCH,Labourer,Henry,CUMBY,Kathrine,BROWN,Both Fathers Deceased
SFK,Bradwell,St Nicholas,193,7 Nov 1900,Thomas Edward,HOUGHTON,24,,bachelor,Labourer,Burgh Castle,Martha Anne,DRIVER,21,,spinster,,Bradwell,Thomas,HOUGHTON,Gardener,William,DRIVER,Gamekeeper,George,DRIVER,Maud,HOUGHTON,All Signed
SFK,Bradwell,St Nicholas,194,25 Dec 1900,Philip James,NEWARK,24,,bachelor,Labourer,Bradwell,Ellen Eliza,HALES,24,,spinster,,Bradwell,James,NEWARK,Fisherman,James,HALES,Fisherman,James,HALES,Albert James,HALES,All Signed
SFK,Bradwell,St Nicholas,195,24 Jan 1901,Alfred,BEAUMONT,22,,bachelor,Labourer,Lound,Gertrude Mary,MITCHELL,22,,spinster,,Bradwell,Arthur,BEAUMONT,Coachman,William,MITCHELL,Groom And Gardener,William,MITCHELL,Agnes Anna,MITCHELL,All Signed
SFK,Bradwell,St Nicholas,196,31 Jan 1901,John James,AMIS,23,,bachelor,Fisherman,Bradwell,Elizabeth Charlotte,WRIGHT,25,,spinster,,Bradwell,John,AMIS,Fisherman,Henry,WRIGHT,Gardener,Leonard George,WRIGHT,Florence Agnes,BUCK,All Signed
