+INFO,Ragazza1959@googlemail.com,password,SEQUENCED,MARRIAGES,cp437
#,CCC,Kate Liffen,Nfk,SFKBRAMA2.CSV,18-Mar-2009
#,CREDIT,Kate Liffen,Ragazza1959@googlemail.com
#,18-Mar-2009,,
SFK,Bradwell,St Nicholas,,3 Oct 1766,Edmund,JOBY,,,Single Man,,,Lydia,EASTER,,,Single Woman,,,,,,,,,William,RUSSELL,Sarah,SAVAGE,Banns
SFK,Bradwell,St Nicholas,,29 Oct 1765,William,RUSSEL,,,Single Man,,,Sarah,ARM[EO][RN],,,,,,,,,,,,John,WATERS,S,NUDD,Banns
SFK,Bradwell,St Nicholas,,12 Jun 1766,John,TUCK,,Witton,Widower,,,Susanna,GILBERT,,,Single Woman,,,,,,,,,William,GILBERT,Thomas,GILBERT,Licence
SFK,Bradwell,St Nicholas,,7 Jul 1762,Robert,CATT,,Bradwell,,,,Ann,BERRY,,Bradwell,,,,,,,,,,Robert,BARRY,Sam,NUDD,By licence with the consent of parents
SFK,Bradwell,St Nicholas,,19 May 1765,Matthew,E[AL]DDEN,,Bradwell,,,,*rry,CATT,,,,,,,,,,,,Sam,NUDD,,,By banns with the consent of parents
SFK,Bradwell,St Nicholas,,7 Feb 1762,Edmond,BAKER,,Bradwell,Single man,,,Ann,YOUNGMAN,,Bradwell,Single woman,,,,,,,,,Sam,NUDD,John,HOOK,By banns with consent of parents
SFK,Bradwell,St Nicholas,,23 Sep 1755,George,ELLIOT,,Bradwell,Single man,,,Mary,FORD,,Bradwell,Spinster,,,,,,,,,William,MANTHROP,Mrs Sam,NUDD,Banns with consent of parents
SFK,Bradwell,St Nicholas,,21 Aug 1759,John,FROSDICK,,Bradwell,Widower,,,Ann,ANNERSON,,Bradwell,,,,,,,,,,Sam,NUDD,,,By licence being both above age
SFK,Bradwell,St Nicholas,,29 Oct 1761,William,MORRIS,,Martham Norfolk,Single man,,,Mary,NESLEN,,Bradwell,Single woman,,,,,,,,,Wm,NESLEN,Saml,NUDD,By licence with the consent of parents
SFK,Bradwell,St Nicholas,,7 Feb 1762,Michael,SMITH,,Bradwell,Single man,,,Mary,ADAMS,,Bradwell,Single woman,,,,,,,,,Saml,NUDD,Edward,BAKER,By banns with the consent of parents
