+INFO,tracymortimer1@msn.com,password,SEQUENCED,BAPTISMS,cp437
#,CCC,Tracy Mortimer,Suffolk,SFKDENBA.CSV,08-Mar-2009
#,CREDIT,Tracy Mortimer,tracymortimer1@msn.com
#,08-Mar-2009,,
SFK,Denham,St John The Baptist,,,21 Nov 1539,Alice,-,,,AVIS,,,,
SFK,Denham,St John The Baptist,,,2 Jan 1539/40,John,-,,,KYME,,,,
SFK,Denham,St John The Baptist,,,22 Nov 1540,Awdrie,F,Francis,,HAWKINS,,,,
SFK,Denham,St John The Baptist,,,4 Dec 1540,Felice,-,,,EVERARD,,,,
SFK,Denham,St John The Baptist,,,26 May 1541,Margaret,F,John,,CRISPE,,,,
SFK,Denham,St John The Baptist,,,26 May 1542,William,F,William,,JUSDALL,,,,
SFK,Denham,St John The Baptist,,,22 Jul 1542,Elizabeth,F,Hugh,,BERD,,,,
SFK,Denham,St John The Baptist,,,12 Nov 1542,Elizabeth,F,John,,DRIVER,,,,
SFK,Denham,St John The Baptist,,,11 Jan 1542/3,Elizabeth,F,Edward,,BARDWELL,,,Gentleman,
SFK,Denham,St John The Baptist,,,13 Oct 1543,Marie,F,Henrie,,MAIU,,,,
SFK,Denham,St John The Baptist,,,1 Feb 1543/4,Thomas,M,John,,ELSING,,,,
SFK,Denham,St John The Baptist,,,20 Mar 1543/4,Thomas,M,Edward,,BARDWELL,,,Gent,
SFK,Denham,St John The Baptist,,,27 Jan 1543/4,Edward,M,Richard,,NOBLE,,,,
SFK,Denham,St John The Baptist,,,26 Feb 1543/4,Joane,F,William,,JUSDALE,,,,
SFK,Denham,St John The Baptist,,,3 May 1548,Margaret,F,Edward,,BARDWELL,,,Gent,
SFK,Denham,St John The Baptist,,,4 May 1548,John,M,Henerie,,DRIVER,,,,
SFK,Denham,St John The Baptist,,,26 Feb 1548/9,Henrie,M,Henrie,,MAYO,,,,
SFK,Denham,St John The Baptist,,,27 Feb 1548/9,James,M,John,,ELSING,,,,
SFK,Denham,St John The Baptist,,,14 Apr 1549,Robert,M,Robert,,BROWNE,,,,
SFK,Denham,St John The Baptist,,,4 Jun 1550,Thomas,M,Thomas,,SEELIE,,,,
SFK,Denham,St John The Baptist,,,Mar 1550,Elizabeth,F,Henerie,,MAYO,,,,
SFK,Denham,St John The Baptist,,,6 May 1552,Thomas,M,John,,ROGERS,,,,
SFK,Denham,St John The Baptist,,,18 Oct 1552,Elizabeth Laye,F,Thomas,,RAIE,,,,
SFK,Denham,St John The Baptist,,,10 Dec 1552,Jane,F,Thomas,,SEELIE,,,,
SFK,Denham,St John The Baptist,,,9 Jun 1553,Rose,F,Henrie,,DRIVER,,,,
SFK,Denham,St John The Baptist,,,23 Jun 1553,Thomas,M,Thomas,,BELLIMAN,,,,
SFK,Denham,St John The Baptist,,,5 Aug 1553,Agnes,F,Thomas,,SEELIE,,,,
SFK,Denham,St John The Baptist,,,2 Nov 1553,William,M,John,,OMON,,,,
SFK,Denham,St John The Baptist,,,25 Aug 1553,Susan,F,Thomas,,EBBES,,,,
SFK,Denham,St John The Baptist,,,19 Oct 1554,Elizabeth,F,,,RUMBELOW,,,,
SFK,Denham,St John The Baptist,,,9 Dec 1556,William,M,William,,SMITH,,,,
SFK,Denham,St John The Baptist,,,4 Jan 1557/8,Thomas,-,,,HIGHAM,,,,
SFK,Denham,St John The Baptist,,,20 Apr 1557,Agnes,F,,,BATEMAN,,,,
SFK,Denham,St John The Baptist,,,10 Apr 1557,John,M,,,SEELIE,,,,
SFK,Denham,St John The Baptist,,,14 Nov 1557,William,-,,,SADLER,,,,
SFK,Denham,St John The Baptist,,,20 Nov 1557,John,-,,,RAIE,,,,
SFK,Denham,St John The Baptist,,,10 Aug 1560,Barnard,-,,,RUSH,,,,
SFK,Denham,St John The Baptist,,,25 Aug 1560,William,M,Thomas,,BLACKBONE,,,,
SFK,Denham,St John The Baptist,,,,Elizabeth,F,Richard,,MURDEN,,,,
SFK,Denham,St John The Baptist,,,15 Apr 1561,Willoiam,M,Thomas,,RAIE,,,,
SFK,Denham,St John The Baptist,,,2 May 1561,John,M,Richard,,ELSING,,,,
SFK,Denham,St John The Baptist,,,22 Oct 1563,Marie,F,Gregorie,,KIRKCUM,,,,
SFK,Denham,St John The Baptist,,,7 May 1563,Joane,F,Thomas,,RAIE,,,,
SFK,Denham,St John The Baptist,,,20 Dec 1563,William,M,Richard,,MURDEN,,,,
SFK,Denham,St John The Baptist,,,8 Jun 1563,Anna,F,Thomas,,BLACKBONE,,,,
SFK,Denham,St John The Baptist,,,10 Apr 1563,Susan,F,Richard,,ELSING,,,,
SFK,Denham,St John The Baptist,,,10 Dec 1564,Margert,F,Richard,,MURDEN,,,,
SFK,Denham,St John The Baptist,,,10 Apr 1564,Robert,M,Thomas,,BLACKBONE,,,,
SFK,Denham,St John The Baptist,,,26 Nov 1565,Thomas,M,Richard,,ELSING,,,,
SFK,Denham,St John The Baptist,,,1 Apr 1565,John,M,Thomas,,LOVINGTON,,,,
SFK,Denham,St John The Baptist,,,5 Aug 1565,William,M,Gualter,,LORD,,,,
SFK,Denham,St John The Baptist,,,31 May 1566,John,M,Gregorie,,KIRKCUM,,,,
SFK,Denham,St John The Baptist,,,28 Feb 1566/7,Thomas,M,William,,SARGENT,,,,
SFK,Denham,St John The Baptist,,,28 Feb 1566/7,John,M,John,,SPENSER,,,,
SFK,Denham,St John The Baptist,,,28 Nov 1566,Joane,F,John,,ROWLAND,,,,
SFK,Denham,St John The Baptist,,,28 Mar 1568,Marie,F,Richard,,ELSING,,,,
SFK,Denham,St John The Baptist,,,26 Aug 1568,Thomas,M,Gaulter,,LORD,,,,
SFK,Denham,St John The Baptist,,,28 Sep 1568,Thomas,M,Gregorie,,KIRKHAM,,,,
SFK,Denham,St John The Baptist,,,28 Jul 1569,William,M,Robert,,GLOVER,,,,
SFK,Denham,St John The Baptist,,,2 Mar 1569/70,Susan,F,Robert,,BELEMAN,,,,
SFK,Denham,St John The Baptist,,,26 Mar 1571,Ester,F,Robert,,BELEMAN,,,,
SFK,Denham,St John The Baptist,,,4 Jun 1574,Edward,M,Gregorie,,KIRCKHAM,,,,
SFK,Denham,St John The Baptist,,,18 Sep 1575,Susan,F,Thomas,,CLEARE,,,Esquier,
SFK,Denham,St John The Baptist,,,18 Sep 1575,Dorothie,F,Edward,,LEWKENOR,,,Esquier,
SFK,Denham,St John The Baptist,,,5 Feb 1576/7,Alice,F,Robert,,BELEMAN,,,,
SFK,Denham,St John The Baptist,,,8 Oct 1576,William,M,Thomas,,CROSSE,,,,
SFK,Denham,St John The Baptist,,,27 Dec 1576,Anne,F,Thomas,,NEWPOT,,,,
SFK,Denham,St John The Baptist,,,31 Dec 1576,John,M,George,,SPARROWE,,,,
SFK,Denham,St John The Baptist,,,16 Jan 1576/7,Henerie,M,Robert,,BELLEMAN,,,,
SFK,Denham,St John The Baptist,,,26 Aug 1577,Timotheus,M,Robert,,OLDMAYNE,,,,
SFK,Denham,St John The Baptist,,,29 Sep 1577,Ruth,F,Gregorie,,KIRKHAM,,,,
SFK,Denham,St John The Baptist,,,7 Oct 1577,Anne,F,Edward,,LEWKENOR,,,Esquire,
SFK,Denham,St John The Baptist,,,24 Jan 1580/1,Martha,F,Robert,,BELEMAN,,,,
SFK,Denham,St John The Baptist,,,20 Mar 1580/1,John,M,Thomas,,NEWPORT,,,,
SFK,Denham,St John The Baptist,,,25 Jul 1580,Thomas,M,Thomas,,CROSSE,,,,
SFK,Denham,St John The Baptist,,,22 Feb 1581/2,Margeret,F,Robert,,BELEMAN,,,,
SFK,Denham,St John The Baptist,,,24 Feb 1581/2,Martha,-,,,AVIS,,,,
SFK,Denham,St John The Baptist,,,4 Jun 1581,Timothie,-,,,GEFFERIE,,,,
SFK,Denham,St John The Baptist,,,11 Feb 1583/4,Elizabeth,F,Thomas,,CROSSE,,,,
SFK,Denham,St John The Baptist,,,28 Apr 1583,George,M,Thomas,,NEWPORT,,,,
SFK,Denham,St John The Baptist,,,9 Mar 1583/4,Elizabeth,-,Robert,,BELEMAN,,,,
SFK,Denham,St John The Baptist,,,19 Apr 1584,Rebecka,F,William,,AVIS,,,,
SFK,Denham,St John The Baptist,,,25 Jul 1585,Edward,M,Thomas,,NEWPORT,,,,
SFK,Denham,St John The Baptist,,,29 Mar 1585,Thomas,M,Robert,,BELLEMAN,,,,
SFK,Denham,St John The Baptist,,,1 Mar 1586/7,John,M,William,,AVIS,,,,
SFK,Denham,St John The Baptist,,,13 Oct 1586,Marie,F,Robert,,BELEMAN,,,,
SFK,Denham,St John The Baptist,,,3 Apr 1586,Dorothie,-,Thomas,,CROSSE,,,,
SFK,Denham,St John The Baptist,,,13 Sep 1586,Constance,F,Thomas,,NEWPORT,,,,
SFK,Denham,St John The Baptist,,,10 Feb 1586/7,Edward,M,Edward,,LEWKENOR,,,Esquior,
SFK,Denham,St John The Baptist,,,6 Mar 1586/7,Thomas,M,Bartholmew,,BALTHROPPE,,,,
SFK,Denham,St John The Baptist,,,8 Oct 1587,Thomas,M,Thomas,,GARRET,,,,
SFK,Denham,St John The Baptist,,,29 Oct 1587,Thomas,M,William,,AVICE,,,,
SFK,Denham,St John The Baptist,,,1 Sep 1588,Robert,M,Edward,,LEWKENOR,,,Esquire,
SFK,Denham,St John The Baptist,,,6 Jul 1589,Susan,F,Thomas,,CROSSE,,,,
SFK,Denham,St John The Baptist,,,9 Nov 1589,Nicholas,M,William,,AVICE,,,,
SFK,Denham,St John The Baptist,,,14 Dec 1589,Susan,F,Thomas,,GARRARD,,,,
SFK,Denham,St John The Baptist,,,2 Aug 1590,Amise,F,Thomas,,HULL,,,,
SFK,Denham,St John The Baptist,,,12 Sep 1591,Elizabeth,F,Edward,,LEWKENOR,,,Esquier,
SFK,Denham,St John The Baptist,,,12 Apr 1592,Edward,M,William,,AVIS,,,,
SFK,Denham,St John The Baptist,,,12 Apr 1592,Martha,F,Christopher,,RAGHETT,,,,
SFK,Denham,St John The Baptist,,,14 Jul 1594,Jefferie,M,William,,AVIS,,,,
SFK,Denham,St John The Baptist,,,2 Apr 1596,Clement,M,William,,AVIS,,,,
SFK,Denham,St John The Baptist,,,18 Oct 1596,Susan,F,Thomas,,HULL,,,,
SFK,Denham,St John The Baptist,,,17 Apr 1597,Susan,F,Edward,,KEMPE,,,,
SFK,Denham,St John The Baptist,,,1 Sep 1597,Susan,F,Thomas,,GURNAY,,,Esquier,
SFK,Denham,St John The Baptist,,,1 Jan 1598/9,Thomas,M,Christopher,,RAGHETT,,,,
SFK,Denham,St John The Baptist,,,2 Apr 1598,Robert,M,Robert,,CASTELL,,,Esquier,
SFK,Denham,St John The Baptist,,,6 Aug 1598,Margeret,F,Thomas,,HULL,,,,
SFK,Denham,St John The Baptist,,,19 Nov 1598,Dorothie,F,Thomas,,GURNAY,,,Esquier,
SFK,Denham,St John The Baptist,,,28 Jan 1599/00,Samuell,M,William,,AVIS,,,,
SFK,Denham,St John The Baptist,,,4 Feb 1599/00,Anne,F,Matthew,,TOMSON,,,,
SFK,Denham,St John The Baptist,,,20 Jan 1600/01,Edward,M,Edward,,KEMPE,,,,
SFK,Denham,St John The Baptist,,,10 Feb 1600/01,Edward,M,Christopher,,RAGHETT,,,,
SFK,Denham,St John The Baptist,,,16 Mar 1600/01,Edward,M,Godfrey,,ROODES,,,Esquier,
SFK,Denham,St John The Baptist,,,4 May 1600,William,-,,,BAXTER,,,,
SFK,Denham,St John The Baptist,,,11 May 1600,Sarah,-,,,GRIFFEN,,,,
SFK,Denham,St John The Baptist,,,22 Feb 1600/01,Simon,M,Mathew,,TOMPSON,,,,
SFK,Denham,St John The Baptist,,,15 Mar 1600/01,Easter,F,Thomas,,HULL,,,,
SFK,Denham,St John The Baptist,,,7 Jun 1601,Susan,F,Richard,,BLACKERBIE,,,,
SFK,Denham,St John The Baptist,,,15 Aug 1602,James,M,Robert,,QUARLES,,,Esquire,
SFK,Denham,St John The Baptist,,,21 Nov 1602,Ann,F,Robert,,BIRD,,,,
SFK,Denham,St John The Baptist,,,20 Dec 1602,Francis,M,Francis,,LADIMAN,,,,
SFK,Denham,St John The Baptist,,,21 Apr 1603,Robert,M,Mathew,,TOMSONE,,,,
SFK,Denham,St John The Baptist,,,26 Jun 1603,Margaret,F,Richard,,BLACKERBIE,,,,
SFK,Denham,St John The Baptist,,,28 Sep 1603,Susan,F,Robeert,,QUARLES,,,Esquire,
SFK,Denham,St John The Baptist,,,2 Feb 1603/4,Thomas,M,Peter,,BAXTER,,,,
SFK,Denham,St John The Baptist,,,13 May 1604,Edward,M,Edward,,KEMPE,,,,
SFK,Denham,St John The Baptist,,,20 May 1604,Miles,M,Thomas,,HULL,,,,
SFK,Denham,St John The Baptist,,,19 Aug 1604,Thomas,M,Thomas,,CROSSE,,,,
SFK,Denham,St John The Baptist,,,28 Jan 1604/5,Margaret,F,Robert,,WIXE,,,,
SFK,Denham,St John The Baptist,,,16 Dec 1604,Tomasine,F,Mathew,,TOMSONE,,,,
SFK,Denham,St John The Baptist,,,24 Feb 1604/5,Priscilla,F,Robert,,QUARLES,,,Esquire,
SFK,Denham,St John The Baptist,,,24 Mar 1604/5,Susan,F,Timothie,,OLDMAYNE,,,,Father alias prickle
SFK,Denham,St John The Baptist,,,9 Jun 1605,Marie,F,Francis,,LADYMAN,,,,
SFK,Denham,St John The Baptist,,,16 Mar 1605/6,Symon,M,Peter,,BAXTER,,,,
SFK,Denham,St John The Baptist,,,6 Jun 1606,Margaret,F,Timothie,,OLDMAYNE,,,,Father alias prickle
SFK,Denham,St John The Baptist,,,13 Jun 1606,Sarah,F,Thomas,,CROSSE,,,,
SFK,Denham,St John The Baptist,,,25 Jun 1606,William,M,Edward,,KEMPE,,,,
SFK,Denham,St John The Baptist,,,5 Oct 1606,Robert,M,Robert,,QUARLES,,,Esquier,
SFK,Denham,St John The Baptist,,,5 Nov 1606,Dorothie,F,,Martha,,BELLIMAN,,,
SFK,Denham,St John The Baptist,,,24 Dec 1606,Sarah,F,Francis,,LADIMAN,,,,
SFK,Denham,St John The Baptist,,,8 Sep 1606,Susan,F,Mathew,,TOMSONE,,,,
SFK,Denham,St John The Baptist,,,16 Apr 1608,Thomas,M,Thomas,,STUARD,,,Esquier,
SFK,Denham,St John The Baptist,,,17 Jul 1608,Margaret,F,Robert,,BIRD,,,,
SFK,Denham,St John The Baptist,,,20 Nov 1608,Elizabeth,F,Timothie,,OLDMAYNE,,,,Father alias prickle
SFK,Denham,St John The Baptist,,,17 Dec 1608,Edward,M,Fredericke,,JOHNSONE,,,Gent,Twin
SFK,Denham,St John The Baptist,,,17 Dec 1608,Susan,F,Fredericke,,JOHNSONE,,,Gent,Twin
SFK,Denham,St John The Baptist,,,1 Jan 1608/9,Thomas,M,Francis,,LADIMAN,,,,Twin
SFK,Denham,St John The Baptist,,,1 Jan 1608/9,Elizabeth,F,Francis,,LADIMAN,,,,Twin
SFK,Denham,St John The Baptist,,,22 Jan 1608/9,John,M,Edward,,KEMPE,,,,
SFK,Denham,St John The Baptist,,,9 Jun 1609,Rachell,F,Thomas,,CROSSE,,,,
SFK,Denham,St John The Baptist,,,6 Aug 1609,Edward,M,Robert,,QUARLES,,,Esquire,
SFK,Denham,St John The Baptist,,,14 Feb 1609/10,Joane,F,Thomas,,STUARD,,,Esquire,
SFK,Denham,St John The Baptist,,,7 Jan 1609/10,Thomas,M,Robert,,WIXE,,,,
SFK,Denham,St John The Baptist,,,6 Jan 1610/1,Susan,F,Thomas,,TRASH,,,,
SFK,Denham,St John The Baptist,,,19 Jan 1611/2,Marie,F,Timothie,,OLDMAYNE,,,,Father alias prickle
SFK,Denham,St John The Baptist,,,27 Jun 1611,James,M,James,,CUTMERE,,,,
SFK,Denham,St John The Baptist,,,14 Jul 1611,James,M,Edward,,KEMPE,,,,
SFK,Denham,St John The Baptist,,,18 Jul 1611,Francis,M,Robert,,QUARLES,,,Esquier,
SFK,Denham,St John The Baptist,,,28 Apr 1611,Henerie,M,Francis,,LADIMAN,,,,
SFK,Denham,St John The Baptist,,,10 Mar 1611/2,Simon,M,Charles,,PRICKE,,,,
SFK,Denham,St John The Baptist,,,26 Jan 1611/2,Elizabeth,F,Thomas,,CROSSE,,,,
SFK,Denham,St John The Baptist,,,26 Feb 1611/2,Edward,M,Thomas,,STUARD,,,Esquier,
SFK,Denham,St John The Baptist,,,4 Feb 1612/3,Ann,F,Timothie,,OLDMAYNE,,,,Father alias prickle
SFK,Denham,St John The Baptist,,,4 May 1612,Henrie,M,Edward,,LEWKENOR,,,Knight,
SFK,Denham,St John The Baptist,,,17 Feb 1613/4,Edward,M,Edward,,LEWKENOR,,,Knight,
SFK,Denham,St John The Baptist,,,26 Jun 1613,Robert,M,Thomas,,CROSSE,,,,
SFK,Denham,St John The Baptist,,,14 Nov 1614,Susan,F,Thomas,,STUARD,,,Esquire,
SFK,Denham,St John The Baptist,,,20 Nov 1614,Robert,M,Robert,,BIRD,,,,
SFK,Denham,St John The Baptist,,,21 Feb 1614/5,Susan,F,Edward,,LEWKENOR,,,Knight,
SFK,Denham,St John The Baptist,,,10 Apr 1614,Henrie,M,Francis,,LADIMAN,,,,
SFK,Denham,St John The Baptist,,,1 May 1615,Edward,M,Timothie,,OLDMAYNE,,,,Father alias prickle
SFK,Denham,St John The Baptist,,,13 Jul 1615,Margarett,F,,Martha,,BELLIMAN,,,
SFK,Denham,St John The Baptist,,,25 Feb 1615/6,John,M,Robert,,OWERS,,,,
SFK,Denham,St John The Baptist,,,9 Mar 1616/7,Edward,M,Robert,,BIRD,,,,
SFK,Denham,St John The Baptist,,,30 Mar 1617,William,M,Thomas,,CROSSE,,,,
SFK,Denham,St John The Baptist,,,6 Apr 1617,Robert,M,Thomas,,STUARD,,,Esquier,
SFK,Denham,St John The Baptist,,,11 May 1617,Kathrine,F,Edward,,LEWKENOR,,,Knight,
SFK,Denham,St John The Baptist,,,24 May 1617,Timothie,M,Timothie,,OLDMAYNE,,,,Father alias prickle
SFK,Denham,St John The Baptist,,,25 Oct 1617,Barbarie,F,,Prudende,,PAMAN,,,
SFK,Denham,St John The Baptist,,,5 Oct 1617,Susan,F,Christopher,Elizabeth,HOWLET,,,,
SFK,Denham,St John The Baptist,,,17 May 1618,Marie,F,Edward,,LEWKENOR,,,Knight,A posthuma after fathers death see burials
SFK,Denham,St John The Baptist,,,23 Apr 1619,John,M,John,,MURIALL,,,,
SFK,Denham,St John The Baptist,,,4 Jul 1619,Martha,F,Thomas,,CROSSE,,,,
SFK,Denham,St John The Baptist,,,6 Jul 1619,Thomas,M,Thomas,,CATTELINE,,,Gentleman,
SFK,Denham,St John The Baptist,,,Sep 1619,Simon,M,Thomas,,STUARD,,,Esquier,Entered as 31st september
SFK,Denham,St John The Baptist,,,27 Oct 1619,Richard,M,Robert,,BENDISH,,,Gentleman,
SFK,Denham,St John The Baptist,,,20 Dec 1619,Robert,M,Timothie,,OLDMAYNE,,,,Father alias prickle
SFK,Denham,St John The Baptist,,,3 Apr 1621,William,M,John,,MURIALL,,,,
SFK,Denham,St John The Baptist,,,11 May 1621,Elizabeth,F,Francis,,LADIMAN,,,,
SFK,Denham,St John The Baptist,,,13 Aug 1621,Edward,M,Thomas,,CATTELINE,,,Esquire,
SFK,Denham,St John The Baptist,,,19 Jun 1622,Richard,M,Robert,,BIRD,,,,
SFK,Denham,St John The Baptist,,,15 Oct 1622,Judith,M,Thomas,,CATTELINE,,,,
SFK,Denham,St John The Baptist,,,15 Nov 1622,Marie,F,John,,BAISPOOLE,,,,
SFK,Denham,St John The Baptist,,,16 Mar 1622/3,Edmund,M,Edmund,,ISBELL,,,,
SFK,Denham,St John The Baptist,,,6 Sep 1625,Edward,M,Thomas,,SEELIE,,,,
SFK,Denham,St John The Baptist,,,9 Oct 1625,Thomas,M,John,,MURIALL,,,,
SFK,Denham,St John The Baptist,,,26 Dec 1625,Elizabeth,F,Edmund,,ISBELL,,,,
SFK,Denham,St John The Baptist,,,27 Dec 1625,Anna,F,Bartholmewe,,MAYER,,,,
SFK,Denham,St John The Baptist,,,20 Mar 1632/3,Priscilla,F,Francis,,FROST,,,,
SFK,Denham,St John The Baptist,,,3 Oct 1634,William,M,William,Sarah,KEMPE,,,,
SFK,Denham,St John The Baptist,,,4 Jan 1634/5,Abigail,F,Francis,Felice,FROST,,,,
SFK,Denham,St John The Baptist,,,31 Jan 1635/6,Rachell,F,John,Elizabeth,CRANE,,,,
SFK,Denham,St John The Baptist,,,22 Feb 1635/6,Elizabeth,F,Clement,Ann,CRANE,,,,
SFK,Denham,St John The Baptist,,,10 Sep 1636,Edward,M,William,Marie,KEMPE,,,,
SFK,Denham,St John The Baptist,,28 Mar 1637,2 Apr 1637,Timothy,M,William,,ADAMSON CLERKE,,,,
SFK,Denham,St John The Baptist,,,1 Oct 1637,Richard,M,Edmund,Elizabeth,IZBELL,,,,
SFK,Denham,St John The Baptist,,,15 Oct 1637,Clement,M,Clement,Anne,CRANE,,,,
SFK,Denham,St John The Baptist,,,21 Jan 1637/8,Elizabeth,F,Anthony,Anne,TILER,,,,
SFK,Denham,St John The Baptist,,,2 Sep 1638,John,M,William,Sarah,KEMPE,,,,
SFK,Denham,St John The Baptist,,,14 Oct 1638,Phillis,F,Francis,Phillis,FROST,,,,
SFK,Denham,St John The Baptist,,,15 Apr 1639,Elizabeth,F,John,Elizabath,CRANE,,,,
SFK,Denham,St John The Baptist,,,1 Sep 1639,Hannah,F,Clement,Anne,CRANE,,,,
SFK,Denham,St John The Baptist,,5 Mar 1639/40,20 Mar 1639/40,George,M,George,Elizabeth,SWATHE,,,,
SFK,Denham,St John The Baptist,,,31 May 1640,Daniel,M,Francis,Phillis,FROST,,,,
SFK,Denham,St John The Baptist,,,3 Jun 1641,Elizabeth,F,Edward,Frnces,BLANDE,,,,Born in sowe park baptised by leave
SFK,Denham,St John The Baptist,,,1 Feb 1641/2,Bridget,F,Clement,Anne,CRANE,,,,
SFK,Denham,St John The Baptist,,,10 Apr 1642,Sarah,F,John,Elizabeth,CRANE,,,,
SFK,Denham,St John The Baptist,,,15 Sep 1642,Elizabeth,F,Richard,Margret,STIMSON,,,,
SFK,Denham,St John The Baptist,,,11 Dec 1642,Charles,M,Robert,Elizabeth,OURS,,,,
SFK,Denham,St John The Baptist,,,25 Jan 1644/5,William,M,William,Elizabeth,MAYLIN,,,,
SFK,Denham,St John The Baptist,,,5 Apr 1644,Rebecka,F,Clement,Anne,CRANE,,,,
SFK,Denham,St John The Baptist,,,12 Sep 1644,William,M,William,Rebeckah,BARRETS,,,,
SFK,Denham,St John The Baptist,,,10 Jan 1644/5,Anne,F,John,,CRANE,,,,
SFK,Denham,St John The Baptist,,5 Jan 1645/6,18 Jan 1645/6,Thomas,M,William,Anne,PICKERING,,,,
SFK,Denham,St John The Baptist,,2 Feb 1645/6,3 Feb 1645/6,Marie,F,Edward,Marie,SMITH,,,,
SFK,Denham,St John The Baptist,,,29 Mar 1646,Elizabeth,F,William,Elizabeth,MAYLIN,,,,
SFK,Denham,St John The Baptist,,,24 Feb 1646/7,Sarah,F,Clement,,CRANE,,,,
SFK,Denham,St John The Baptist,,,15 Oct 1647,Edward,M,Edward,Marie,SMITH,,,,
SFK,Denham,St John The Baptist,,,14 Jan 1647/8,William,M,William,Anne,PICKERING,,,,
SFK,Denham,St John The Baptist,,,11 Feb 1647/8,Marie,F,William,Marie,PLACENCE,,,,
SFK,Denham,St John The Baptist,,,7 Oct 1649,Robert,M,Robert,Marie,MAYLIN,,,,
SFK,Denham,St John The Baptist,,,23 Nov 1649,John,M,Thomas,Francis,DERCET,,,,
SFK,Denham,St John The Baptist,,,2 Feb 1649/50,William,M,Edward,Marie,SMITH,,,,
SFK,Denham,St John The Baptist,,,10 Feb 1649/50,George,M,William,Marie,PLACENCE,,,,
SFK,Denham,St John The Baptist,,,4 Aug 1650,Thomas,M,William,Elizabeth,MAYLIN,,,,
SFK,Denham,St John The Baptist,,,24 Jan 1650/1,Joyce,F,Edward,Marie,SMITH,,,,
SFK,Denham,St John The Baptist,,,1653,William,M,William,Marie,SMITH,,,,
SFK,Denham,St John The Baptist,,,17 Jul 1653,John,M,John,Grace,OTLEY,,,,
SFK,Denham,St John The Baptist,,,19 Jan 1653/4,Anne,F,William,Anne,MORE,,,,
SFK,Denham,St John The Baptist,,,1 Feb 1653/4,Sarah,F,Thomas,Jane,HELDER,,,,
SFK,Denham,St John The Baptist,,,23 Jun 1654,Ruth,F,William,Anne,PICKERING,,,,
SFK,Denham,St John The Baptist,,,22 Dec 1654,Martha,F,,Martha,,BLACKABE,,,Mother a widow
SFK,Denham,St John The Baptist,,,7 Jan 1654/5,Thomas,M,Robert,Priscilla,PRIGG,,,,
SFK,Denham,St John The Baptist,,,30 Mar 1655,John,M,John,Jane,HELDER,,,,
SFK,Denham,St John The Baptist,,,10 Apr 1655,Anne,F,William,,BROWNE,,,,
SFK,Denham,St John The Baptist,,,29 Jun 1655,William,M,Nicholas,Jane,CHESWRIGHT,,,,
SFK,Denham,St John The Baptist,,,9 Sep 1655,Edward,M,William,Elizabeth,MAYLIN,,,,
SFK,Denham,St John The Baptist,,,15 Nov 1655,Timothie,M,Samuel,Dorothie,MORTLOCK,,,,
SFK,Denham,St John The Baptist,,,24 Sep 1656,Valentine,M,Edward,Marie,SMITH,,,,
SFK,Denham,St John The Baptist,,,13 Nov 1656,Jane,F,Nicholas,Jane,CHERIT,,,,
SFK,Denham,St John The Baptist,,,11 Dec 1656,Jane,F,Thomas,Jane,HELDER,,,,
SFK,Denham,St John The Baptist,,,14 Feb 1656/7,Elizabeth,F,Samuel,Dorothy,MORTLOCK,,,,
SFK,Denham,St John The Baptist,,,8 Jul 1657,Anne,F,Edward,Joan,SELIE,,,,
SFK,Denham,St John The Baptist,,,22 May 1658,Ann,F,Nicholas,Jane,CHESWRIGHT,,,,
SFK,Denham,St John The Baptist,,,17 Jun 1659,Nicholas,M,Nicholas,,CHESWRIGHT,,,,
SFK,Denham,St John The Baptist,,18 Aug 1660,13 Sep 1660,Richard,M,Samuell,Anne,BOARDMAN,,,,
SFK,Denham,St John The Baptist,,,17 Oct 1660,Jane,F,Nicholas,Jane,CHERITT,,,,
SFK,Denham,St John The Baptist,,,14 Dec 1660,Dorothy,F,Thomas,Jane,HELDER,,,,
SFK,Denham,St John The Baptist,,,7 Mar 1660/1,Robert,M,Robert,,BIRD,,,,
SFK,Denham,St John The Baptist,,,12 Jun 1661,Jeremiah,M,Edward,Mary,SMITH,,,,
SFK,Denham,St John The Baptist,,,17 Aug 1661,Mary,F,William,Joane,TAYLOR,,,,
SFK,Denham,St John The Baptist,,,1 Oct 1661,James,M,William,Anne,BROWNE,,,,
SFK,Denham,St John The Baptist,,,28 Nov 1661,Prudence,F,Austine,,WEEDING,,,,
SFK,Denham,St John The Baptist,,,29 Nov 1661,Samuel,M,Joseph,Elizabeth,PEAKE,,,,
SFK,Denham,St John The Baptist,,,20 Mar 1661/2,Mary,F,Samuel,Anne,BOARDMAN,,,,
SFK,Denham,St John The Baptist,,,27 Apr 1662,Samuel,M,John,Joan,OTLEY,,,,
SFK,Denham,St John The Baptist,,,13 May 1662,Edward,M,Nicholas,Jane,CHERRIT,,,,
SFK,Denham,St John The Baptist,,,27 Sep 1662,John,M,William,Elisabeth,HOOD,,,,
SFK,Denham,St John The Baptist,,,7 Feb 1662/3,Thomas,M,Thomas,Jane,HELDER,,,,
SFK,Denham,St John The Baptist,,,17 Jun 1663,Thomas,M,Nicholas,Jane,CHERRIT,,,,
SFK,Denham,St John The Baptist,,,9 Dec 1663,Edward,M,William,Anne,BROWNE,,,,
SFK,Denham,St John The Baptist,,,31 Dec 1663,Sarah,F,Samuell,Anne,BOARDMAN,,,,
SFK,Denham,St John The Baptist,,,30 Jun 1664,Elizabeth,F,Nicholas,Jane,CHERRIT,,,,
SFK,Denham,St John The Baptist,,,2 Sep 1664,Martha,F,William,Elizabeth,HOOD,,,,
SFK,Denham,St John The Baptist,,,7 Feb 1664/5,Elizabeth,F,Henry,Martha,BONNET,,,,
SFK,Denham,St John The Baptist,,,16 Mar 1664/5,Mary,F,John,Grace,OTLEY,,,,
SFK,Denham,St John The Baptist,,,2 Sep 1665,Nicholas,M,Nicholas,Jane,CHERRIT,,,,
SFK,Denham,St John The Baptist,,,19 Sep 1665,John,M,John,Mary,SANDY,,,,
SFK,Denham,St John The Baptist,,,9 Mar 1665/6,Samuel,M,Samuel,Elizabeth,MORTLOCKE,,,,
SFK,Denham,St John The Baptist,,,12 Jul 1666,Timothy,M,Thomas,Jane,HELDER,,,,
SFK,Denham,St John The Baptist,,,12 Oct 1666,David,M,Samuel,Anne,BOARDMAN,,,,
SFK,Denham,St John The Baptist,,,8 Dec 1666,Elizabeth,F,John,Grace,OTLEY,,,,
SFK,Denham,St John The Baptist,,,6 May 1667,William,M,William,Elizabeth,HOOD,,,,
SFK,Denham,St John The Baptist,,,26 May 1667,Anne,F,Henry,Martha,BUNNET,,,,
SFK,Denham,St John The Baptist,,,27 Sep 1667,John,M,John,Susanna,OWERS,,,,
SFK,Denham,St John The Baptist,,,21 Nov 1667,Lewes,M,Samuel,Elizabeth,MORTLOCKE,,,,
SFK,Denham,St John The Baptist,,,17 Dec 1667,William,M,Thomas,Jane,HELDER,,,,
SFK,Denham,St John The Baptist,,,19 Mar 1667/8,Elizabeth,F,Joseph,Elizabeth,PEAKE,,,,
SFK,Denham,St John The Baptist,,,28 Mar 1668,John,M,Samuel,Anne,BOARDMAN,,,,
SFK,Denham,St John The Baptist,,,10 Oct 1669,Prudence,F,Samuel,Anne,BOARDMAN,,,,
SFK,Denham,St John The Baptist,,,13 Oct 1669,Henry,M,Henry,Martha,BUNNET,,,,
SFK,Denham,St John The Baptist,,,24 Apr 1670,Thomas,M,Thomas,Jane,HELDER,,,,
SFK,Denham,St John The Baptist,,,26 May 1670,Anne,F,Samuel,Elizabeth,MORTLOCKE,,,,
SFK,Denham,St John The Baptist,,,27 Oct 1670,Richard,M,John,Grace,OTLEY,,,,
SFK,Denham,St John The Baptist,,,28 Feb 1670/1,John,M,John,Alice,CHALICE,,,,
SFK,Denham,St John The Baptist,,,25 Apr 1671,John,M,John,Mary,SPARROW,,,,
SFK,Denham,St John The Baptist,,,7 Sep 1671,John,M,John,,OWERS,,Southwood parke,,
SFK,Denham,St John The Baptist,,,16 Oct 1671,John,M,Henry,Martha,BUNNET,,,,
SFK,Denham,St John The Baptist,,,14 Mar 1671/2,Edward,M,Thomas,Jane,HELDER,,,,
SFK,Denham,St John The Baptist,,,3 Sep 1672,William,M,Samuel,Anne,BOARDMAN,,,,
SFK,Denham,St John The Baptist,,,4 Oct 1672,Mary,F,Samuel,Elizabeth,MORTLOCKE,,,,
SFK,Denham,St John The Baptist,,,25 Oct 1672,Richard,M,Walter,Elizabeth,RAY,,,,
SFK,Denham,St John The Baptist,,,30 Oct 1672,Edward,M,John,Mary,SPARROW,,,,
SFK,Denham,St John The Baptist,,,7 Nov 1672,Alice,F,John,Alice,CHALLICE,,,,
SFK,Denham,St John The Baptist,,,11 Jul 1673,Hannah,F,John,,OWERS,,Southwoood Parkew,,
SFK,Denham,St John The Baptist,,,12 Sep 1673,Matthew,M,Henry,Martha,BUNNET,,,,
SFK,Denham,St John The Baptist,,,4 Jun 1674,Margaret,F,Walter,Elizabeth,RAY,,,,
SFK,Denham,St John The Baptist,,,5 Nov 1674,Frances,F,John,Allice,CHALLICE,,,,
SFK,Denham,St John The Baptist,,,25 Mar 1674,John,M,Samuel,Elizabeth,MORTLOCK,,,,
SFK,Denham,St John The Baptist,,,24 Feb 1675/6,Samueal,M,John,Mary,SPARROW,,,,
SFK,Denham,St John The Baptist,,,30 May 1676,William,M,Henry,Martha,BUNNET,,,,
SFK,Denham,St John The Baptist,,,15 Jun 1676,Susanna,F,John,Susanna,OWERS,,,,
SFK,Denham,St John The Baptist,,,27 Aug 1676,John,M,Walter,Elizabeth,RAY,,,,
SFK,Denham,St John The Baptist,,,31 Jan 1676/7,Margaret,F,John,Alice,CHALLICE,,,,
SFK,Denham,St John The Baptist,,,11 Nov 1677,Robert,M,Edmund,Mary,BYSHOP,,,,
SFK,Denham,St John The Baptist,,,29 Nov 1677,Henry,M,Walter,Elizabeth,RAY,,,,
SFK,Denham,St John The Baptist,,,5 Dec 1678,James,M,Samuel,Elizabeth,MORTLOCK,,,,
SFK,Denham,St John The Baptist,,,12 Dec 1678,Samuel,M,John,,OWERS,,South parke,,
SFK,Denham,St John The Baptist,,,16 Jan 1678/9,Edward,M,John,Mary,SPARROW,,,,
SFK,Denham,St John The Baptist,,,1 May 1679,William,M,John,Alice,CHALLICE,,,,
SFK,Denham,St John The Baptist,,,13 May 1679,Orbel,M,Walter,Elizabeth,RAY,,,,
SFK,Denham,St John The Baptist,,,10 Feb 1679/80,Mary,F,,Sarah,,HELDER,,,
SFK,Denham,St John The Baptist,,,22 Jun 1680,Edmund,M,Henry,Martha,BUNNET,,,,
SFK,Denham,St John The Baptist,,,18 Jul 1680,John,M,Edmund,Mary,BYSHOP,,,,
SFK,Denham,St John The Baptist,,,10 Jan 1680/1,Richard,M,Samuel,Elizabeth,MORTLOCK,,,,
SFK,Denham,St John The Baptist,,,3 Mar 1680/1,Robert,M,John,Alice,CHALLICE,,,,
SFK,Denham,St John The Baptist,,,10 Jun 1681,Samuel,M,John,Mary,SPARROW,,,,
SFK,Denham,St John The Baptist,,,5 Nov 1681,Robert,M,Robert,,OWERS,,,,
SFK,Denham,St John The Baptist,,,30 Jul 1682,Mary,F,Edmund,Mary,PLUMME,,,,
SFK,Denham,St John The Baptist,,,29 Dec 1682,Sarah,F,John,Alice,CHALLICE,,,,
SFK,Denham,St John The Baptist,,,11 May 1683,Thomas,M,Samuel,Elizabeth,MORTLOCK,,,,
SFK,Denham,St John The Baptist,,,13 Sep 1863,William,M,John,Mary,SPARROW,,,,
SFK,Denham,St John The Baptist,,,26 May 1685,Robert,M,John,Alice,CHALLICE,,,,
SFK,Denham,St John The Baptist,,,7 Jul 1685,Mary,F,John,Mary,SPARROW,,,,
SFK,Denham,St John The Baptist,,,30 Jun 1687,Elizabeth,F,John,Mary,SPARROW,,,,
SFK,Denham,St John The Baptist,,,15 Jan 1687/8,Susanna,F,John,Alice,CHALLICE,,,,
SFK,Denham,St John The Baptist,,,24 May 1688,Elizabeth,F,Ambrose,Elizabeth,ORBEL,,,,
SFK,Denham,St John The Baptist,,,19 Jul 1688,John,M,John,Elizabeth,PARKER,,,,
SFK,Denham,St John The Baptist,,,10 Oct 1688,Mary,F,Jefferey,Martha,DEARSLEY,,,,
SFK,Denham,St John The Baptist,,,29 Apr 1689,Simon Baxter,M,,Elizabeth,,JEFFERES,,,
SFK,Denham,St John The Baptist,,,10 Jan 1689/90,Martha,F,Jefferey,Martha,DEARSLEY,,,,
SFK,Denham,St John The Baptist,,,16 Jan 1689/90,Elizabeth,F,John,Elizabeth,PARKER,,,,
SFK,Denham,St John The Baptist,,,17 Aug 1690,Edward,M,Edward,Susanna,BROWN,,,,
SFK,Denham,St John The Baptist,,,17 Aug 1690,Susanna,F,Edward,Susanna,BROWN,,,,
SFK,Denham,St John The Baptist,,,22 May 1691,Samuel,M,Henry,,BUNNET,,,,
SFK,Denham,St John The Baptist,,,27 Jun 1691,Mary,F,John,Alice,CHALLIS,,,,
SFK,Denham,St John The Baptist,,,2 Jul 1691,Elizabeth,F,Jeffery,Martha,DEARSLEY,,,,
SFK,Denham,St John The Baptist,,,19 Mar 1691/2,Alice,F,John,Elizabeth,PARKER,,,,
SFK,Denham,St John The Baptist,,,28 Aug 1692,Anne,F,Edward,Susanna,BROWN,,,,
SFK,Denham,St John The Baptist,,,14 Oct 1692,Thomas,M,Jefferey,Martha,DEARSLEY,,,,
SFK,Denham,St John The Baptist,,,12 Jan 1692/3,Thomas,M,Henry,,BUNNET,,,,
SFK,Denham,St John The Baptist,,,21 Feb 1693/4,Thomas,M,Henry,Susan,BUNNET,,,,
SFK,Denham,St John The Baptist,,,22 Feb 1693/4,Dinah,F,Jeffery,Martha,DEARSLEY,,,,
SFK,Denham,St John The Baptist,,,24 Jul 1694,Susan,F,John,Mary,ADAMS,,,,
SFK,Denham,St John The Baptist,,,24 Jul 1694,Cassandra,F,John,Mary,ADAMS,,,,
SFK,Denham,St John The Baptist,,,1 Oct 1694,James,M,Edward,Susan,BROWN,,,,
SFK,Denham,St John The Baptist,,,17 Oct 1694,Walter,M,Francis,Elizabeth,ADKINS,,,,
SFK,Denham,St John The Baptist,,,17 Jan 1694/5,George,M,George,Elizabeth,BOWERS,,South parke,,
SFK,Denham,St John The Baptist,,,21 Feb 1694/5,Henry,M,John,Elizabeth,PARKER,,,,
SFK,Denham,St John The Baptist,,,9 May 1695,Thomas,M,Thomas,Mary,FENTON,,,,
SFK,Denham,St John The Baptist,,,15 Aug 1695,Joseph,M,Jefferey,Martha,DEARSLEY,,,,
SFK,Denham,St John The Baptist,,,19 Jan 1695/6,Joseph,M,Joseph,Elizabeth,ASBEY,,,,
SFK,Denham,St John The Baptist,,,18 Sep 1696,Susan,F,Henry,Susan,BUNNET,,,,
SFK,Denham,St John The Baptist,,,17 Dec 1696,John,M,Jeffery,Martha,DEARSLEY,,,,
SFK,Denham,St John The Baptist,,,16 Jan 1696/7,Thomas,M,John,Elizabeth,PARKER,,,,
SFK,Denham,St John The Baptist,,,18 Feb 1696/7,William,M,Edward,Susan,BROWN,,,,
SFK,Denham,St John The Baptist,,,18 Feb 1696/7,Margaret,F,Edward,Susan,BROWN,,,,
SFK,Denham,St John The Baptist,,,12 Nov 1697,Elizabeth,F,George,Elizabeth,BOWERS,,South wood park,,
SFK,Denham,St John The Baptist,,,17 Feb 1697/8,Anna,F,Jeffery,Martha,DEARSLEY,,,,
SFK,Denham,St John The Baptist,,,7 May 1698,Simon,M,Simon,Martha,PECK,,,,
SFK,Denham,St John The Baptist,,,14 May 1698,William,M,William,Martha,ORBEL,,,,
SFK,Denham,St John The Baptist,,,12 Jun 1698,Mary,F,Joseph,Elizabeth,ASBEY,,,,
SFK,Denham,St John The Baptist,,,6 Feb 1698/9,Judith,F,John,Elizabeth,CHALLIS,,,,
SFK,Denham,St John The Baptist,,,10 Apr 1699,John,M,William,Martha,ORBEL,,,,
SFK,Denham,St John The Baptist,,,27 Jul 1699,Susan,F,Jeffery,Martha,DEARSLEY,,,,
SFK,Denham,St John The Baptist,,,7 Aug 1699,Lewes,M,Lewes,Martha,MORTLOCK,,,,
SFK,Denham,St John The Baptist,,,7 Dec 1699,Edmund,M,Demund,,WALKER,,,,
SFK,Denham,St John The Baptist,,,27 Jun 1700,John,M,William,Martha,ORBEL,,,,
SFK,Denham,St John The Baptist,,,30 Jun 1700,Martha,F,Simon,Martha,PECK,,,,
SFK,Denham,St John The Baptist,,,30 Jun 1700,Mary,F,Simon,Martha,PECK,,,,
SFK,Denham,St John The Baptist,,,2 Dec 1700,William,M,John,Elizabeth,CHALLIS,,,,
SFK,Denham,St John The Baptist,,,19 Jan 1700/1,Hannah,F,Joseph,Elizabeth,ASBEY,,,,
SFK,Denham,St John The Baptist,,,16 Mar 1700/1,Elizabeth,F,Richard,Elizabeth,RAY,,,,
SFK,Denham,St John The Baptist,,,1 May 1701,Esther,F,Jeffery,Martha,DEARSLEY,,,,
SFK,Denham,St John The Baptist,,,13 Aug 1701,Robert,M,Edmund,Elizabeth,WALKER,,,,
SFK,Denham,St John The Baptist,,,16 Jan 1701/2,Elizabeth,F,Lewes,Martha,MORTLOCK,,,,
SFK,Denham,St John The Baptist,,,26 Feb 1701/2,William,M,Edward,Elizabeth,BROWN,,,,
SFK,Denham,St John The Baptist,,,6 Apr 1702,Anne,F,John,Elizabeth,CHALLIS,,,,
SFK,Denham,St John The Baptist,,,21 Jun 1702,Walter,M,Richard,Elizabeth,RAY,,,,
SFK,Denham,St John The Baptist,,,30 Oct 1702,Robert,M,Jefferey,Martha,DEARSLEY,,,,
SFK,Denham,St John The Baptist,,,13 May 1703,Judith,F,Simon,Martha,PECK,,,,
SFK,Denham,St John The Baptist,,,30 May 1703,Mary,F,John,Elizabeth,CHALLIS,,,,
SFK,Denham,St John The Baptist,,,3 Jun 1703,Elizabeth,F,Edmund,Elizabeth,WALKER,,,,
SFK,Denham,St John The Baptist,,,29 Oct 1703,Richard,F,Richard,Elizabeth,RAY,,,,
SFK,Denham,St John The Baptist,,,18 Nov 1703,Ambrose,M,William,Martha,ORBEL,,,,
SFK,Denham,St John The Baptist,,,12 Dec 1703,John,M,Joseph,Elizabeth,ASBEY,,,,
SFK,Denham,St John The Baptist,,,11 Feb 1703/4,Anne,F,Lewes,Martha,MORTLOCK,,,,
SFK,Denham,St John The Baptist,,,24 Mar 1703/4,Jeffery,M,Jeffery,Martha,DEARSLEY,,,,
SFK,Denham,St John The Baptist,,,21 May 1704,Elizabeth,F,Isaac,Mary,HAROLD,,,,
SFK,Denham,St John The Baptist,,,20 Aug 1704,Elizabeth,F,John,Elizabeth,CHALLIS,,,,
SFK,Denham,St John The Baptist,,,19 Sep 1704,Mary,F,Edmund,Elizabeth,WALKER,,,,
SFK,Denham,St John The Baptist,,,1 Feb 1704/5,James,M,William,Martha,ORBEL,,,,
SFK,Denham,St John The Baptist,,,25 Mar 1705,John,M,Roger,,LARGENT,,,,
SFK,Denham,St John The Baptist,,,19 Apr 1705,Isaac,M,James,Susan,COOK,,,,
SFK,Denham,St John The Baptist,,,8 May 1705,John,M,Robert,Martha,HEMPSTED,,,,
SFK,Denham,St John The Baptist,,,12 Aug 1705,Martha,F,Jeffery,Martha,DEARSLEY,,,,
SFK,Denham,St John The Baptist,,,4 Feb 1705/6,Robert,M,Robert,Rose,BISHOP,,,,
SFK,Denham,St John The Baptist,,,14 Mar 1705/6,James,M,William,Martha,ORBEL,,,,
SFK,Denham,St John The Baptist,,,24 Mar 1705/6,Elizabeth,F,Edmund,Elizabeth,WALKER,,,,
SFK,Denham,St John The Baptist,,,14 Jun 1706,Martha,F,John,Elizabeth,CHALLIS,,,,
SFK,Denham,St John The Baptist,,,16 Jun 1706,Elizabeth,F,Roger,Susan,LARGENT,,,,
SFK,Denham,St John The Baptist,,,11 Nov 1706,Clement,M,Isaac,Mary,HAROLD,,,,
SFK,Denham,St John The Baptist,,,9 May 1707,Francis,F,Lewis,Martha,MORTLOCK,,,,
SFK,Denham,St John The Baptist,,,29 Sep 1707,Andrew,M,Edmund,Elizabeth,WALKER,,,,
SFK,Denham,St John The Baptist,,,7 Oct 1707,Josephus,-,,,,,,,Vir annorum quinquaginta plus minus duorum
SFK,Denham,St John The Baptist,,,15 Feb 1708/9,Martha,F,John,Elizabeth,CHALLIS,,,,
SFK,Denham,St John The Baptist,,,18 Apr 1708,Benjamin,M,Roger,Susan,LARGENT,,,,
SFK,Denham,St John The Baptist,,,12 Dec 1708,Mary,F,Robert,Rose,BISHOP,,,,
SFK,Denham,St John The Baptist,,,10 Jan 1708/9,William,M,William,Ann,RUTLIDGE,,,,
SFK,Denham,St John The Baptist,,,10 Apr 1709,Elizabeth,F,Edmund,Elizabeth,WALKER,,,,
SFK,Denham,St John The Baptist,,,3 Jul 1709,Sarah,F,Lewis,Martha,MORTLOCK,,,,
SFK,Denham,St John The Baptist,,,14 Jul 1709,Martha,F,William,Martha,ORBEL,,,,
SFK,Denham,St John The Baptist,,,2 Oct 1709,John,M,Isaac,Mary,HARROULD,,,,
SFK,Denham,St John The Baptist,,,4 Dec 1709,Robert,M,John,Elizabeth,CHALLIS,,,,
SFK,Denham,St John The Baptist,,,7 Jan 1709/10,Robert,M,Roger,Susan,LARGENT,,,,
SFK,Denham,St John The Baptist,,,30 Sep 1710,Jane,F,Edmund,Elizabeth,WALKER,,,,
SFK,Denham,St John The Baptist,,,11 Jan 1710/1,Richard,M,John,Elizabeth,CHALLIS,,,,
SFK,Denham,St John The Baptist,,,21 Jan 1710/1,Thomas,M,William,Ann,RUTLIDGE,,,,
SFK,Denham,St John The Baptist,,,23 Mar 1710/1,Benjamin (B),M,,Elizabeth,,GIBBEN,,,
SFK,Denham,St John The Baptist,,,28 Aug 1712,John,M,Edmund,Elizabeth,WALKER,,,,
SFK,Denham,St John The Baptist,,,7 Nov 1712,James,M,Richard,Mary,MORTLOCK,,,,
SFK,Denham,St John The Baptist,,,13 Nov 1712,Anne,F,William,Martha,ORBELL,,,,
SFK,Denham,St John The Baptist,,,15 Feb 1712/3,Anne,F,John,Anne,REEVE,,,,
SFK,Denham,St John The Baptist,,,8 Mar 1712/3,Anne,F,William,Anne,RUTLIDGE,,,,
SFK,Denham,St John The Baptist,,,17 Jul 1713,Susan,F,Lewis,Martha,MORTLOCK,,,,
SFK,Denham,St John The Baptist,,,9 Aug 1713,Edmund,M,John,Elizabeth,CHALLIS,,,,
SFK,Denham,St John The Baptist,,,22 Dec 1713,Samuel,M,Edmund,Elizabeth,WALKER,,,,
SFK,Denham,St John The Baptist,,,28 Mar 1714,Robert,M,Robert,Elisabeth,LOVEDAY,,,,
SFK,Denham,St John The Baptist,,,1 Aug 1714,Mary,F,Richard,Mary,MORTLOCK,,,,
SFK,Denham,St John The Baptist,,,17 Oct 1714,Edward,M,Edward,Alice,SPARROW,,,,
SFK,Denham,St John The Baptist,,,19 Dec 1714,Sarah,F,John,Elisabeth,CHALLIS,,,,
SFK,Denham,St John The Baptist,,,9 Feb 1714/5,Anne,F,Thomas,Anne,SCULTHORP,,,,
SFK,Denham,St John The Baptist,,,27 Nov 1715,John,M,Samuel,Sarah,ABBOT,,,,
SFK,Denham,St John The Baptist,,,16 Dec 1715,William,M,Edmund,Elizabeth,WALKER,,,,
SFK,Denham,St John The Baptist,,,6 May 1716,John,M,John,Anne,REEVE,,,,
SFK,Denham,St John The Baptist,,,11 May 1716,Andrew,M,John,Elisabeth,CHALLIS,,,,
SFK,Denham,St John The Baptist,,,24 Jun 1716,John,M,Robert,Elizabeth,LOVEDAY,,,,
SFK,Denham,St John The Baptist,,,7 Feb 1716/7,William (B),M,,Elizabeth,,REDGIN,,,
SFK,Denham,St John The Baptist,,,31 Mar 1717,Hannah,F,Edward,Alice,SPARROW,,,,
SFK,Denham,St John The Baptist,,,9 Apr 1717,Richard,M,Richard,Mary,MORTLOCK,,,,
SFK,Denham,St John The Baptist,,,8 Sep 1717,Martha,F,William,Anne,RUTLIDGE,,,,
SFK,Denham,St John The Baptist,,,16 Feb 1717/8,William,M,Robert,Rose,BISHOP,,,,
SFK,Denham,St John The Baptist,,,29 Jun 1718,Samuel,M,Samuel,Sarah,ABBOT,,,,
SFK,Denham,St John The Baptist,,,2 Mar 1718/9,Samuel,M,Richard,Mary,MORTLOCK,,,,
SFK,Denham,St John The Baptist,,,5 Jul 1719,Rose,F,Richard,Mary,METCALF,,,,
SFK,Denham,St John The Baptist,,,12 Jul 1719,Luke,M,Luke,Anne,UNDERWOOD,,,,
SFK,Denham,St John The Baptist,,,9 Aug 1719,Thomas,M,John,Elizabeth,CHALLIS,,,,
SFK,Denham,St John The Baptist,,,20 Dec 1719,Alice,F,Edward,Alice,SPARROW,,,,
SFK,Denham,St John The Baptist,,,17 Jan 1719/20,William,M,John,Anne,REEVE,,,,
SFK,Denham,St John The Baptist,,,17 Jan 1719/20,Elizabeth,F,Robert,Elizabeth,LOVEDAY,,,,
SFK,Denham,St John The Baptist,,,28 Aug 1720,Mary,F,John,Anne,ASHBY,,,,
SFK,Denham,St John The Baptist,,,16 Oct 1720,Edward,M,Thomas,Alice,OTTLEY,,Dalham,,
SFK,Denham,St John The Baptist,,,22 Jan 1720/1,George,M,Samuel,Sarah,ABBOT,,,,
SFK,Denham,St John The Baptist,,,21 May 1721,John,M,John,Elizabeth,CATCHPOLE,,,,
SFK,Denham,St John The Baptist,,,9 Aug 1721,Mary,F,Joseph,Mary,DEARSLY,,,,
SFK,Denham,St John The Baptist,,,3 Sep 1721,Elizabeth,F,William,Elizabeth,PLUMB,,,,
SFK,Denham,St John The Baptist,,,4 Mar 1721/2,William,M,Luke,Anne,UNDERWOOD,,,,
SFK,Denham,St John The Baptist,,,4 Mar 1721/2,Thomas,M,Luke,Anne,UNDERWOOD,,,,
SFK,Denham,St John The Baptist,,,7 Jun 1722,Richard,M,Richard,Mary,MORTLOCK,,,,
SFK,Denham,St John The Baptist,,,7 Oct 1722,Alice,F,John,Anne,REEVE,,,,
SFK,Denham,St John The Baptist,,,14 Oct 1722,Mary,F,Edward,Alice,SPARROW,,Dalham,,
SFK,Denham,St John The Baptist,,,30 Dec 1722,Thomas,M,Robert,Elizabeth,LOVEDAY,,,,
SFK,Denham,St John The Baptist,,,6 Jan 1722/3,Lydia,F,Richard,Mary,METCALF,,,,
SFK,Denham,St John The Baptist,,,6 Jul 1723,Dinah,F,Joseph,Mary,DERISLY,,,,
SFK,Denham,St John The Baptist,,,19 Nov 1723,Anne,F,William,Anne,DEARSLY,,,,
SFK,Denham,St John The Baptist,,,29 Dec 1723,Mary,F,John,Elizabeth,CATCHPOLE,,,,
SFK,Denham,St John The Baptist,,,15 Mar 1723/4,Anne,F,Luke Underwood,,,,Anne,,
SFK,Denham,St John The Baptist,,,7 Jun 1724,Mary,F,Samuel,Sarah,ABBOT,,,,
SFK,Denham,St John The Baptist,,,1 Nov 1724,Anne,F,John,Anne,ASHBY,,,,
SFK,Denham,St John The Baptist,,,7 Mar 1724/5,William,M,Edward,Alice,SPARROW,,,,
SFK,Denham,St John The Baptist,,,25 Mar 1724,Joseph,M,Joseph,Mary,DEARSLY,,,,
SFK,Denham,St John The Baptist,,,17 May 1725,William,M,William,Anne,DEARSLY,,,,
SFK,Denham,St John The Baptist,,,28 Oct 1725,Thomas,M,John,Elizabeth,CATCHPOLE,,,,
SFK,Denham,St John The Baptist,,,16 Jan 1725/6,John,M,Luke,Anne,UNDERWOOD,,,,
SFK,Denham,St John The Baptist,,,13 Mar 1725/6,Mary,F,John,,PLUM,,,,
SFK,Denham,St John The Baptist,,,3 Apr 1726,Richard,M,Richard,Mary,METCALF,,,,
SFK,Denham,St John The Baptist,,,18 Feb 1726/7,Elizabeth,F,Samuel,Sarah,ABBOT,,,,
SFK,Denham,St John The Baptist,,,15 Jun 1727,Robert,M,Joseph,Mary,DERISLY,,,,
SFK,Denham,St John The Baptist,,,17 Jul 1727,Thomas,M,William,Anne,DERISLY,,,,
SFK,Denham,St John The Baptist,,,3 Nov 1727,Elizabeth,F,Edward,Alice,SPARROW,,,,
SFK,Denham,St John The Baptist,,,15 Mar 1727/8,John,M,Richard,Mary,MEADCALF,,,,
SFK,Denham,St John The Baptist,,,4 Oct 1728,Amm,F,Lewis,Ann,MORTLOCK,,,,
SFK,Denham,St John The Baptist,,,18 Oct 1728,Elizabeth,F,William,Ann,DERISLY,,,,
SFK,Denham,St John The Baptist,,,3 Feb 1728/9,Sarah,F,Richard,Mary,MORTLOCK,,,,
SFK,Denham,St John The Baptist,,,27 Mar 1729,Walter,M,,Elizabeth,WALTER,RAY,,,Mr walter
SFK,Denham,St John The Baptist,,,28 Dec 1729,John,M,Luke,Ann,HARDEY,,,,
SFK,Denham,St John The Baptist,,,1 Jan 1729/30,Martha,F,Joseph,Mary,DERISLY,,,,
SFK,Denham,St John The Baptist,,,22 Mar 1729/30,John,M,John,Sarah,PLUMB,,,,
SFK,Denham,St John The Baptist,,,12 Nov 1730,Martha,F,Lewis,Ann,MORTLOCK,,,,
SFK,Denham,St John The Baptist,,,13 Dec 1730,Samuel,M,Samuel,Barbary,SUTTELL,,,,
SFK,Denham,St John The Baptist,,,7 Jan 1730/1,Lawson,M,William,Ann,DERISLEY,,,,
SFK,Denham,St John The Baptist,,,21 Jan 1730/1,Thomas,M,Joseph,Mary,DERISLEY,,,,
SFK,Denham,St John The Baptist,,,8 Aug 1731,Luke Hardey,-,,,,,,,See 27 sep 1731
SFK,Denham,St John The Baptist,,,20 Sep 1731,Mary,F,John,Usley,DERISLEY,,,,
SFK,Denham,St John The Baptist,,,8 Oct 1731,Dinah,F,Lewis,Ann,MORTLOCK,,,,
SFK,Denham,St John The Baptist,,,10 Oct 1731,James,M,John,Elizabeth,CATCHPOL,,,,
SFK,Denham,St John The Baptist,,,27 Sep 1731,Luke,M,Luke,Elizabeth,HARDY,,,,
SFK,Denham,St John The Baptist,,,27 Feb 1731/2,Mary,F,Samuel,Barbara,SUTTELL,,,,
SFK,Denham,St John The Baptist,,,5 Aug 1732,Hannah,F,Roger,Hannah,LARGENT,,,,
SFK,Denham,St John The Baptist,,,15 Oct 1732,John,M,Edward,Alice,SPARROW,,,,
SFK,Denham,St John The Baptist,,,5 Nov 1732,Elizabeth,F,Samuel,Elizabeth,ABBOT,,,,Received being between 5 and 6 years old
SFK,Denham,St John The Baptist,,,5 Nov 1732,Henry,M,Luke,Elizabeth,HARDY,,,,
SFK,Denham,St John The Baptist,,,9 Nov 1732,John,M,Samuel,Jane,HALLS,,,,
SFK,Denham,St John The Baptist,,,30 Jan 1732/3,Dinah,F,John,Usley,DERISLEY,,,,
SFK,Denham,St John The Baptist,,,18 Feb 1732/3,Joseph,M,William,Ann,DERISLEY,,,,
SFK,Denham,St John The Baptist,,,24 Jan 1733/4,Lewis,M,Lewis,Ann,MORTLOCK,,,,
SFK,Denham,St John The Baptist,,,17 Feb 1733/4,Mary,F,Robert,Mary,DERISLEY,,,,
SFK,Denham,St John The Baptist,,,28 Jun 1734,Henry,M,William,Ann,MELLER,,South park,,
SFK,Denham,St John The Baptist,,,21 Aug 1734,James,M,James,Mary,COOPER,,,,
SFK,Denham,St John The Baptist,,,28 Dec 1734,Roger,M,Luke,Ann,HARDY,,,,
SFK,Denham,St John The Baptist,,,17 Jan 1734/5,John,M,John,Ursley,DERISLEY,,,,
SFK,Denham,St John The Baptist,,,2 Feb 1734/5,Sary,F,Samuel,Barbary,SUTTELL,,,,
SFK,Denham,St John The Baptist,,,30 Mar 1735,William,M,John,Sary,PLUMB,,,,
SFK,Denham,St John The Baptist,,,1 May 1735,Robert,M,Robert,Mary,DERISLEY,,,,
SFK,Denham,St John The Baptist,,,1 Jun 1735,James,M,Lewis,Ann,MORTLOCK,,,,
SFK,Denham,St John The Baptist,,,10 Feb 1735/6,Mary,F,William,Mary,RUTLIDGE JUN,,,,
SFK,Denham,St John The Baptist,,,15 Aug 1736,Ann,F,Luke,Ann,HARDEY,,,,
SFK,Denham,St John The Baptist,,,29 Aug 1736,Robert,M,John,Usler,DERISLEY,,,,
SFK,Denham,St John The Baptist,,,5 Dec 1736,Alice,F,Joseph,Mary,DERISLEY,,,,
SFK,Denham,St John The Baptist,,,13 Feb 1736/7,Fannea,F,Lewis,Ann,MORTLOCK,,,,
SFK,Denham,St John The Baptist,,,12 Jun 1737,Mary,F,,Ann,,LEENWOOD,,,
SFK,Denham,St John The Baptist,,,2 Oct 1737,Elizabeth,F,Robert,Mary,DERISLEY,,,,
SFK,Denham,St John The Baptist,,,25 Dec 1737,Thomas,M,Samuel,Barbara,SUTTELL,,,,
SFK,Denham,St John The Baptist,,,26 May 1738,John,M,William,,POOTER,,,,
SFK,Denham,St John The Baptist,,,17 Sep 1738,Martha,F,John,Martha,NUN,,,,
SFK,Denham,St John The Baptist,,,15 Dec 1738,Arabelah,F,Jefry,Arabelah,DEARSLEY,,,,
SFK,Denham,St John The Baptist,,,8 Jul 1739,Sarey,F,Thomas,Marey,SHAW,,,,
SFK,Denham,St John The Baptist,,,30 Jan 1739/40,Elizabeth,F,Edmund,Elizabeth,PIT,,,,
SFK,Denham,St John The Baptist,,,13 Sep 1740,Mary,F,Robert,Margit,BARAM,,,,
SFK,Denham,St John The Baptist,,,7 Oct 1740,Elisabeth,F,John,Elisabeth,BARET,,,,
SFK,Denham,St John The Baptist,,,27 Oct 1740,Elisabeth,F,William,Elisabeth,POTTER,,,,
SFK,Denham,St John The Baptist,,,28 Mar 1741,William,M,William,Matthi,BISHOP,,,,
SFK,Denham,St John The Baptist,,,21 Mar 1741/2,Elisabeth (B),F,,Haney,,LARGING,,,
SFK,Denham,St John The Baptist,,,1 Nov 1741,Mary,F,John,Mary,SHAW,,,,
SFK,Denham,St John The Baptist,,,2 May 1742,James,M,Phillip,Ann,WELLS,,,,
SFK,Denham,St John The Baptist,,,27 Aug 1742,Mary,F,Jaffrey,Arabel,DERISLEY,,,,
SFK,Denham,St John The Baptist,,,1742,Edmund,M,Edmund,,PIT,,,,
SFK,Denham,St John The Baptist,,,13 Feb 1742/3,Abraham,M,Abraham,Ann,HORSBON,,,,
SFK,Denham,St John The Baptist,,,20 Feb 1742/3,John,M,John,Mary,SMITH,,,,
SFK,Denham,St John The Baptist,,,17 Apr 1743,Thomas,M,Thomas,Mary,SINKEN,,,,
SFK,Denham,St John The Baptist,,,12 May 1743,Matthea,F,William,Matthea,BUSHOP,,,,
SFK,Denham,St John The Baptist,,,5 Jan 1743/4,Seago (?),M,William,Elizabeth,POTTER,,,,
SFK,Denham,St John The Baptist,,,8 Jan 1743/4,Matthea,F,Thomas,Mary,SHAW,,,,
SFK,Denham,St John The Baptist,,,10 Jun 1744,Phillip,M,Phillip,Ann,WELLS,,,,
SFK,Denham,St John The Baptist,,,7 Oct 1744,Danel,M,Thomas,Mary,SIMKEN,,,,
SFK,Denham,St John The Baptist,,,2 Dec 1744,Isack,M,Edmund,Elisabeth,PITT,,,,
SFK,Denham,St John The Baptist,,,8 Jan 1744/5,Mary,F,John,Elisabeth,BARWICK,,,,
SFK,Denham,St John The Baptist,,,28 Dec 1745,Robert,M,Abram,Ann,ASBON,,,,
SFK,Denham,St John The Baptist,,,4 Jan 1745/6,Rose,F,Thomas,Mary,SHAW,,,,
SFK,Denham,St John The Baptist,,,30 Mar 1746,Benjamin,M,Benjamin,Martha,OTLY,,,,
SFK,Denham,St John The Baptist,,,30 Mar 1746,Ann,F,Phillip,Ann,WELLS,,,,
SFK,Denham,St John The Baptist,,,7 Sep 1746,Samawel,M,Thomas,Mary,SIMKIN,,,,
SFK,Denham,St John The Baptist,,,12 Jun 1747,Thomas,M,John,Erlisabeth,BARRET,,,,
SFK,Denham,St John The Baptist,,,7 Feb 1748/9,James,M,Thomas,Mary,SINKIN,,,,
SFK,Denham,St John The Baptist,,,24 Apr 1748,Thomas,M,Thomas,Mary,SHAWE,,,,
SFK,Denham,St John The Baptist,,,1 May 1748,Sary,F,Phillup,Anne,WELLS,,,,
SFK,Denham,St John The Baptist,,,23 Oct 1748,Sary,-,,,MORTLOCK,,,,
SFK,Denham,St John The Baptist,,,30 Oct 1748,Thomas,-,,,UNDERWOOD,,,,
SFK,Denham,St John The Baptist,,,11 Dec 1748,Henry,-,,,POTTER,,,,
SFK,Denham,St John The Baptist,,,4 Jun 1749,Alice,F,Phillip,Ann,WELLS,,,,
SFK,Denham,St John The Baptist,,,11 Jun 1749,Ann,F,Abraham,Ann,ORSBON,,,,
SFK,Denham,St John The Baptist,,,17 Mar 1749/50,John,M,John,Elizabeth,PARMMER,,,,
SFK,Denham,St John The Baptist,,,2 Sep 1750,Mary,F,Thomas,Mary,SIMKIN,,,,
SFK,Denham,St John The Baptist,,,23 Sep 1750,Alice,F,William,Alice,SCOTT,,,,
SFK,Denham,St John The Baptist,,,6 Jan 1750/1,Elizabeth,F,Abraham,Ann,OSBORN,,,,
SFK,Denham,St John The Baptist,,,21 Apr 1751,Elizabeth,F,Thomas,Mary,SHAW,,,,
SFK,Denham,St John The Baptist,,,5 May 1751,William,M,Phillip,Ann,WELLS,,,,
SFK,Denham,St John The Baptist,,,18 Aug 1752,Mary,F,Edward,Mary,CLIFT,,,,
SFK,Denham,St John The Baptist,,,1 Oct 1752,Danel,M,Thomas,Mary,SIMKIN,,,,
SFK,Denham,St John The Baptist,,,23 Nov 1752,William,M,Benjamin,Martha,OTLEY,,,,
SFK,Denham,St John The Baptist,,,4 Mar 1753,James,M,William,Alice,SCOTT,,,,
SFK,Denham,St John The Baptist,,,16 Mar 1753,Robert,M,John,Elizabeth,PARMER,,,,
SFK,Denham,St John The Baptist,,,17 May 1753,Thomas,M,Joseph,Mary,GREAVES,,,,
SFK,Denham,St John The Baptist,,,27 May 1753,William,M,,Elizabeth,,ABBOT,,,Pass born
SFK,Denham,St John The Baptist,,,17 Jun 1753,Thomas,M,Abraham,Ann,ORSBON,,,,
SFK,Denham,St John The Baptist,,,24 Jun 1753,Susan,F,Edward,Ann,LOFTS,,,,
SFK,Denham,St John The Baptist,,,12 Jul 1754,William,M,William,Mary,CHEASRIGHT,,,,
SFK,Denham,St John The Baptist,,,11 Sep 1754,Ann,F,Thomas,Mary,SIMKIN,,,,
SFK,Denham,St John The Baptist,,,3 Nov 1754,Samuel,M,Philip,Ann,WELLS,,,,
SFK,Denham,St John The Baptist,,,24 Nov 1754,Arabella,F,Edward,Ann,LOFTS,,,,
SFK,Denham,St John The Baptist,,,1 Dec 1754,Robert (B),M,,Ranet,,DERISLY,,,
SFK,Denham,St John The Baptist,,,25 May 1755,Thomas,M,John,Elizabeth,PALMER,,,,
SFK,Denham,St John The Baptist,,,14 Sep 1755,John,M,William,Alice,SCOTT,,,,
SFK,Denham,St John The Baptist,,,4 Oct 1755,Ann,F,Edward,Mary,CLEFT,,,,
SFK,Denham,St John The Baptist,,,6 Jun 1756,Joseph,M,Philup,Ann,WELLS,,,,
SFK,Denham,St John The Baptist,,,6 Jan 1757,John,M,William,Mary,CHALS,,,,
SFK,Denham,St John The Baptist,,,21 Feb 1757,Edward,M,Edward,Mary,CLIFT,,,,
SFK,Denham,St John The Baptist,,,27 Feb 1757,Ann,F,Edward,Ann,LOFTES,,,,
SFK,Denham,St John The Baptist,,,26 Jun 1757,Elizabeth,F,John,Elizabeth,PALMER,,,,
SFK,Denham,St John The Baptist,,,27 Jul 1757,Mary,F,Joseph,Mary,GREAVES,,,,
SFK,Denham,St John The Baptist,,,26 May 1759,Thomas,M,William,Alice,SKOT,,,,
SFK,Denham,St John The Baptist,,,4 Feb 1759,Elizabeth,F,Edward,Ann,LORFTS,,,,
SFK,Denham,St John The Baptist,,,1 Mar 1759,William,M,Joihn,Elizabeth,PEAMMER,,,,
SFK,Denham,St John The Baptist,,,22 Mar 1759,Henry,M,Henry,Judy,MELLER,,,,
SFK,Denham,St John The Baptist,,,8 Apr 1759,John,M,John,Eals(Alice),MYZEN,,,,
SFK,Denham,St John The Baptist,,,15 Apr 1759,William,M,Edward,Mary,CLIFT,,,,
SFK,Denham,St John The Baptist,,,15 Apr 1759,Elizabeth,F,Francis,Elizabeth,SMITH,,,,
SFK,Denham,St John The Baptist,,,27 Dec 1759,Thomas,M,Joseph,Mary,DEARSLEY,,,,
SFK,Denham,St John The Baptist,,,3 Feb 1760,Ann,F,William,Mary,CHALLES,,,,
SFK,Denham,St John The Baptist,,,6 Jul 1760,John,M,Henry,Joudy,MILLER,,,,
SFK,Denham,St John The Baptist,,,31 Aug 1760,Ann (B),F,,Elizabeth,,TURNOR,,,
SFK,Denham,St John The Baptist,,,18 Jan 1761,Alles,F,John,Alles,MISEN,,,,
SFK,Denham,St John The Baptist,,,5 Apr 1761,Susan,F,France,Elizabeth,SMITH,,,,
SFK,Denham,St John The Baptist,,,5 Jul 1761,Samuel(B),M,,Elizabeth,,ABBOT,,,
SFK,Denham,St John The Baptist,,,12 Jul 1761,James,M,Edward,Mary,CLIFT,,,,
SFK,Denham,St John The Baptist,,,12 Jul 1761,William,M,Henry,Jude,MILLER,,,,
SFK,Denham,St John The Baptist,,,3 Aug 1761,Mary,F,Joseph,Mary,DERISLEY,,,,
SFK,Denham,St John The Baptist,,,14 Sep 1761,Mary,F,Thomas,Joanne,HALLS,,,,
SFK,Denham,St John The Baptist,,,27 Sep 1761,John,M,Edwards,Ann,LORFS,,,,
SFK,Denham,St John The Baptist,,,1 Nov 1761,Sarah,F,William,Alles,SCOT,,,,
SFK,Denham,St John The Baptist,,,12 Mar 1762,James,M,John,Elizabeth,PAMMER,,,,
SFK,Denham,St John The Baptist,,,28 Mar 1762,Robert,M,Robert,Sarah,NUN,,,,
SFK,Denham,St John The Baptist,,,4 Apr 1762,Elisabeth,F,Joseph,Mary,GREAVES,,,,
SFK,Denham,St John The Baptist,,,11 Jun 1762,William,M,William (Sic),Elizabeth,SPARROW,,Dalham,,
SFK,Denham,St John The Baptist,,,4 Jul 1762,Anne,F,Henry,Judea,MILLER,,,,
SFK,Denham,St John The Baptist,,,1 Aug 1762,Rachel,F,John,Alles,MISEN,,,,
SFK,Denham,St John The Baptist,,,22 Aug 1762,Mary,F,William,Mary,CHIRLES,,,,
SFK,Denham,St John The Baptist,,,30 Oct 1762,Joanne,F,Thomas,Joanne,HALLS,,,,
SFK,Denham,St John The Baptist,,,5 May 1763,Edward,M,John,Elisabeth,PAMMER,,,,
SFK,Denham,St John The Baptist,,,7 Aug 1763,Robert,M,Robert,Sarah,NUN,,,,
SFK,Denham,St John The Baptist,,,27 Nov 1763,Edward,M,Edward,Ann,LOFTES,,,,
SFK,Denham,St John The Baptist,,,29 Dec 1763,Joseph,M,Joseph,Mary,DEARSLEY,,,,
SFK,Denham,St John The Baptist,,,28 Apr 1764,Joanne,F,Thomas,Joanne,HALLS,,,,
SFK,Denham,St John The Baptist,,,10 Jun 1764,George,M,George,Mary,MACRO,,,,
SFK,Denham,St John The Baptist,,,16 Sep 1764,Mary,F,Thomas,Mary,MORTLOCK,,,,An adult
SFK,Denham,St John The Baptist,,,30 Dec 1764,John,M,Thomas,Elizabeth,SIMKIN,,,,
SFK,Denham,St John The Baptist,,,6 Jan 1765,Susan,F,John,Elizabeth,PALMER,,,,
SFK,Denham,St John The Baptist,,,20 Jan 1765,William,M,William,Mary,CHALLIS,,,,
SFK,Denham,St John The Baptist,,,3 Feb 1765,John,M,William,Ann,SMITH,,,,
SFK,Denham,St John The Baptist,,,27 Jul 1765,Elizabeth,F,Thomas,Joanne,HALLS,,,,
SFK,Denham,St John The Baptist,,,18 Aug 1765,Mary,F,Hinery,Judah,MELLER,,,,
SFK,Denham,St John The Baptist,,,27 Oct 1765,George,M,James,Elizabeth,ATKIN,,,,
SFK,Denham,St John The Baptist,,,10 Feb 1766,Ales,F,John,Ales,MISEN,,,,
SFK,Denham,St John The Baptist,,,15 Jan 1767,Sarah,F,John,Elizabeth,PALMER,,,,
SFK,Denham,St John The Baptist,,,19 Apr 1767,Thomas,M,Thomas,Hannah,HALLS,,,,
SFK,Denham,St John The Baptist,,,3 May 1767,Joseph,M,Abraham,Alice,ORSBON,,,,
SFK,Denham,St John The Baptist,,,10 May 1767,Sarah,F,Robert,Sarah,NUNN,,,,
SFK,Denham,St John The Baptist,,,14 Jun 1767,William,M,William,Ann,SMITH,,,,
SFK,Denham,St John The Baptist,,,14 Jun 1767,Mary,F,Francis,Elizabeth,SMITH,,,,
SFK,Denham,St John The Baptist,,,28 Jun 1767,Elizabeth,F,James,,ATKEN,,,,
SFK,Denham,St John The Baptist,,,1 Oct 1767,James,M,James,Mary,PETCH,,,,
SFK,Denham,St John The Baptist,,,11 Oct 1767,Judith,F,Henry,Judith,MELLER,,,,
SFK,Denham,St John The Baptist,,,4 Jul 1768,Isaac,M,John,Elizabeth,PALMER,,,,
SFK,Denham,St John The Baptist,,,8 Jul 1768,Martha,F,,Martha,,SHAW,,,
SFK,Denham,St John The Baptist,,,5 Feb 1769,Elizabeth,F,Thomas,Elizabeth,SIMPKIN,,,,
SFK,Denham,St John The Baptist,,,14 Feb 1769,James,M,Robert,Sarah,NUN,,,,
SFK,Denham,St John The Baptist,,,14 Oct 1769,Ann,F,William,Alice,SMITH,,,,
SFK,Denham,St John The Baptist,,,10 Dec 1769,Thomas,M,William,Mary,CHALLIS,,,,
SFK,Denham,St John The Baptist,,,29 Dec 1769,Thomas,M,Thomas,Hannah,HALLS,,,,
SFK,Denham,St John The Baptist,,,1 Apr 1770,Henry,M,John,Elizabeth,PALMER,,,,
SFK,Denham,St John The Baptist,,,3 Mar 1771,Jonathan,M,Jonathan,Mary,GRAGGISS,,,,
SFK,Denham,St John The Baptist,,,10 Mar 1771,William (B),M,,Mariah,,SPARK,,,
SFK,Denham,St John The Baptist,,,14 Apr 1771,John,M,Robert,Sarah,NUN,,,,
SFK,Denham,St John The Baptist,,,21 Apr 1771,Diney,F,Edward,ANN,LOFTS,,,,
SFK,Denham,St John The Baptist,,,2 May 1771,Abegal,F,Thomas,Joanna,HALLS,,,,
SFK,Denham,St John The Baptist,,,9 Feb 1772,William (B),M,,Alice,,SKOT,,,
SFK,Denham,St John The Baptist,,,1 Mar 1772,Ann,F,William,Mary,CHALLIS,,,,
SFK,Denham,St John The Baptist,,,8 Mar 1772,Thomas,M,William,Ann,SMITH,,,,
SFK,Denham,St John The Baptist,,,20 Apr 1772,James,M,Thomas,Jasse,HEATH,,,,
SFK,Denham,St John The Baptist,,,7 Jun 1772,Mary,F,Edward,Martha,SHARP,,,,
SFK,Denham,St John The Baptist,,,14 Jun 1772,Frances,F,Thomas,Elizabeth,SIMKEN,,,,
SFK,Denham,St John The Baptist,,,20 Sep 1772,Amelia,F,Jeffery,Amy,DERISLEY,,,,
SFK,Denham,St John The Baptist,,,4 Oct 1772,Mary,F,John,Mary,MORTLOCK,,,,
SFK,Denham,St John The Baptist,,,13 Dec 1772,Amy,F,William,Mary,SWAN,,,,
SFK,Denham,St John The Baptist,,,25 Apr 1773,Elizabeth,F,Thomas,Jesse,HEATH,,,,
SFK,Denham,St John The Baptist,,,18 Jul 1773,John,M,Robert,Sarah,NUN,,,,
SFK,Denham,St John The Baptist,,,1 Aug 1773,Francis,M,Francis,Mary,BRUCE,,,,
SFK,Denham,St John The Baptist,,,12 Sep 1773,Joseph,M,John,Alice,MISEN,,,,
SFK,Denham,St John The Baptist,,,19 Dec 1773,John,M,WILLIAM,SARAH,FROST,,,,
SFK,Denham,St John The Baptist,,,16 Jan 1774,AMY,F,FRANCIS,MARY,BRUCE,,,,
SFK,Denham,St John The Baptist,,,6 Feb 1774,ABRAHAM,M,JOHN,ELIZABETH,PALMER,,,,
SFK,Denham,St John The Baptist,,,17 Apr 1774,AMY,F,JOHN,ALICE,LEVIT,,,,
SFK,Denham,St John The Baptist,,,12 Jun 1774,MARY,F,WILLIAM,ANN,SMITH,,,,
SFK,Denham,St John The Baptist,,,21 Aug 1774,MARY (B),F,,ANN,,ELMOR,,,
SFK,Denham,St John The Baptist,,,15 Jan 1775,MARY,F,JOHN,JANE,BILLEMAN,,,,
SFK,Denham,St John The Baptist,,,30 Apr 1775,JOHN,M,ROBERT,SARAH,NUN,,,,
SFK,Denham,St John The Baptist,,,17 Jun 1775,EDWARD,M,SAMUEL,MARTHA,SHARP,,,,
SFK,Denham,St John The Baptist,,,25 Jun 1775,MATTHEW,M,THOMAS,JOANNA,HALLS,,,,
SFK,Denham,St John The Baptist,,,2 Jul 1775,MARY,F,WILLIAM,SARAH,FROST,,,,
SFK,Denham,St John The Baptist,,,16 Jul 1775,MARY,F,WILLIAM,ELIZABETH,SMITH,,,,
SFK,Denham,St John The Baptist,,,28 Jan 1776,MARTHA,F,EDWARD,ANN,LOFTS,,,,
SFK,Denham,St John The Baptist,,,3 Mar 1776,ROBERT,M,ROBERT,ANN,PALMER,,,,
SFK,Denham,St John The Baptist,,,24 Mar 1776,JOHN,M,JAMES,ANN,JARMAN,,,,
SFK,Denham,St John The Baptist,,,26 May 1776,MARY ANN,F,FRANCIS,MARY,BRUCE,,,,
SFK,Denham,St John The Baptist,,,18 Aug 1776,JOHN,M,JOHN,JANE,BILLEMAN,,,,
SFK,Denham,St John The Baptist,,,8 Sep 1776,RHODY (B),F,,MARY,,WILLINGHAM,,,
SFK,Denham,St John The Baptist,,,15 Sep 1776,HANNAH,F,JONATHAN,MARY,GRAGGIS,,,,
SFK,Denham,St John The Baptist,,,1 Dec 1776,THOMAS,M,WILLIAM,ELIZABETH,SMITH,,,,
SFK,Denham,St John The Baptist,,,25 May 1777,LETTICE,F,ROBERT,SARAH,NUN,,,,
SFK,Denham,St John The Baptist,,,1 Jun 1777,JOHN,M,JOSEPH,ANN,BARROW,,,,
SFK,Denham,St John The Baptist,,,21 Sep 1777,SARAH,F,JOHN,ELIZABETH,PLUMB,,,,
SFK,Denham,St John The Baptist,,,11 Dec 1777,ANN (B),F,,ANN,,WEBB,,,
SFK,Denham,St John The Baptist,,,27 Feb 1778,ELIZABETH,F,THOMAS,MARY,PALMER,,,,
SFK,Denham,St John The Baptist,,,27 Feb 1778,MARTHA (B),F,,ELIZABETH,,SIMKIN,,,
SFK,Denham,St John The Baptist,,,27 Apr 1778,JESSE,F,JOHN,MARY,BILLEMAN,,,,
SFK,Denham,St John The Baptist,,,4 Oct 1778,MARTHA,F,WILLIAM,ELIZABETH,SMITH,,,,
SFK,Denham,St John The Baptist,,,10 Jan 1779,ANN,F,ROBERT,ANN,PALMER,,,,
SFK,Denham,St John The Baptist,,,31 Jan 1779,JOSEPH,M,JONATHAN,MARY,GREYGOOSE,,,,
SFK,Denham,St John The Baptist,,,28 Mar 1779,ANN,F,WILLIAM,ANN,SMITH,,,,
SFK,Denham,St John The Baptist,,,28 Mar 1779,MARTHA,F,JOHN,SUSAN,GREEN,,,,
SFK,Denham,St John The Baptist,,,23 May 1779,THOMAS,M,THOMAS,ALICE,STEED,,,,
SFK,Denham,St John The Baptist,,,23 May 1779,JOHN,M,JOHN,ELIZABETH,BROWN,,,,
SFK,Denham,St John The Baptist,,,30 Dec 1779,ELIZABETH,F,JOHN,ELIZABETH,PLUMB,,,,
SFK,Denham,St John The Baptist,,,2 Jan 1780,MARY,F,THOMAS,MARY,PALMER,,,,
SFK,Denham,St John The Baptist,,,28 May 1780,CHARLOTTE,F,WILLIAM,SARAH,FROST,,,,
SFK,Denham,St John The Baptist,,,2 Jul 1780,ELIZABETH,F,GEORGE,ELIZABETH,MACRO,,,,
SFK,Denham,St John The Baptist,,,30 Jul 1780,ANN,F,ROBERT,SARAH,NUN,,,,
SFK,Denham,St John The Baptist,,,3 Sep 1780,ELIZABETH,F,FRANCIS,MARY,BRUCE,,,,
SFK,Denham,St John The Baptist,,,8 Oct 1780,JOSEPH,M,THOMAS,FRANCES,GRAVES,,,,
SFK,Denham,St John The Baptist,,,7 Feb 1781,LUCE,F,FRANCES,MARY,BRUCE,,,,
SFK,Denham,St John The Baptist,,,25 Feb 1781,ELIZABETH,F,WILLIAM,ELIZABETH,SMITH,,,,
SFK,Denham,St John The Baptist,,,2 Sep 1781,ANN,F,JONATHAN,MARY,GRAYGOOSE,,,,
SFK,Denham,St John The Baptist,,,14 Oct 1781,WILLIAM,M,ROBERT,ANN,PALMER,,,,
SFK,Denham,St John The Baptist,,,17 Nov 1781,JOHN,M,THOMAS,ALICE,STEED,,,,
SFK,Denham,St John The Baptist,,,16 Dec 1781,MARY,F,JOHN,SUSANNA,GREEN,,,,
SFK,Denham,St John The Baptist,,,25 Dec 1781,BET,F,JOHN,NICE,CROWN,,,,
SFK,Denham,St John The Baptist,,,6 Jan 1782,WILLIAM,M,THOMAS,MARY,PALMER,,,,
SFK,Denham,St John The Baptist,,,10 Feb 1782,JOSEPH,M,JOSEPH,ANN,BARROW,,,,
SFK,Denham,St John The Baptist,,,5 May 1782,FANNY,F,THOMAS,FANNY,GRAVES,,,,
SFK,Denham,St John The Baptist,,,19 May 1782,SARAH,F,JOHN,ALICE,LIVETT,,,,
SFK,Denham,St John The Baptist,,,2 Jun 1782,SARAH,F,JOHN,ELIZABETH,BROWN,,,,
SFK,Denham,St John The Baptist,,,8 Sep 1782,JOHN,M,WILLIAM,ELIZABETH,SMITH,,,,
SFK,Denham,St John The Baptist,,,8 Sep 1782,JOHN,M,GEORGE,ELIZABETH,MACRO,,,,
SFK,Denham,St John The Baptist,,,15 Jun 1783,JOSEPH,M,JONATHAN,MARY,GRAYGOOSE,,,,
SFK,Denham,St John The Baptist,,,14 Sep 1783,JOSEPH,M,EDWARD,MARY,LOFTS,,,,
SFK,Denham,St John The Baptist,,,21 Sep 1783,ELIZABETH,F,JOHN,JANE,BILLEMAN,,,,
SFK,Denham,St John The Baptist,,30 Apr 1784,23 May 1784,CHARLOTTE,F,JOHN,ALICE,LIVETT,SCOT,,,
SFK,Denham,St John The Baptist,,13 May 1784,23 May 1784,MARY,F,THOMAS,ALICE,STEED,KING,,,
SFK,Denham,St John The Baptist,,2 Jul 1784,4 Jul 1784,SARAH,F,RICHARD,ELIZABETH,MORTLOCK,COE,,,
SFK,Denham,St John The Baptist,,22 Jun 1784,18 Jul 1784,JOHN,M,THOMAS,MARY,PALMER,WILLINGHAM,,,
SFK,Denham,St John The Baptist,,9 Sep 1784,12 Sep 1784,FANNY,F,THOMAS,FANNY,GRAVES,NUNN,,,
SFK,Denham,St John The Baptist,,25 Nov 1784,25 Dec 1784,ROBERT,M,ROBERT,ANN,PALMER,ISLING,,,
SFK,Denham,St John The Baptist,,2 Apr 1785,17 Apr 1785,ROBERT,M,JOHN,SUSAN,GREEN,OTTLEY,,,
SFK,Denham,St John The Baptist,,27 Mar 1785,1 May 1785,WILLIAM,M,EDWARD,MARY,LOFTS,AGER,,,
SFK,Denham,St John The Baptist,,5 Jul 1785,24 Jul 1785,ELIZABETH,F,JOHN,ELIZABETH,BROWN,SHORTER,,,
SFK,Denham,St John The Baptist,,14 Oct 1785,23 Oct 1785,ANN (B),F,,MARY,,BRUCE,,,
SFK,Denham,St John The Baptist,,24 Oct 1785,6 Nov 1785,MARY,F,THOMAS,FANNY,GRAVES,NUNN,,,
SFK,Denham,St John The Baptist,,7 Dec 1786,1 Jan 1787,MARIA,F,WILLIAM,SARAH,FROST,NUNN,,,
SFK,Denham,St John The Baptist,,23 Dec 1781,9 Apr 1786,SARAH,F,JONATHAN,MARY,GRAYGOOSE,PLEDGER,,,
SFK,Denham,St John The Baptist,,16 Jun 1786,18 Jun 1786,GEORGE,M,JAMES,ANN,GERMAIN,AYLMER,,,
SFK,Denham,St John The Baptist,,15 Aug 1786,27 Aug 1786,MARY,F,WILLIAM,ELIZABETH,SMITH,SHAW,,,
SFK,Denham,St John The Baptist,,8 Oct 1786,29 Oct 1786,ANN,F,WILLIAM,MARY,BARROW,CHALLIS,,,
SFK,Denham,St John The Baptist,,20 Jan 1787,21 Jan 1787,JOHN,M,RICHARD,ELIZABETH,MORTLOCK,COE,,,
SFK,Denham,St John The Baptist,,20 Jan 1787,,JAMES,M,RICHARD,ELIZABETH,MORTLOCK,COE,,,
SFK,Denham,St John The Baptist,,7 Jan 1787,21 Jan 1787,SARAH,F,JOHN,SUSAN,GREEN,OTTLEY,,,
SFK,Denham,St John The Baptist,,24 Apr 1787,6 May 1787,WILLIAM,M,THOMAS,MARY,MOYLE,MILLER,,,
SFK,Denham,St John The Baptist,,19 Jun 1787,1 Jul 1787,THOMAS,M,THOMAS,FANNY,GRAVES,NUNN,,,
SFK,Denham,St John The Baptist,,30 Nov 1787,6 Dec 1787,JOHN,M,JOHN,ALICE,LIVETT,SCOTT,,,
SFK,Denham,St John The Baptist,,9 Dec 1788,6 Jan 1788,MARY,F,ROBERT,ANN,PALMER,ISLING,,,
SFK,Denham,St John The Baptist,,31 Jan 1788,24 Feb 1788,ANN,F,RICHARD,ELIZABETH,MORTLOCK,COE,,,
SFK,Denham,St John The Baptist,,14 Jan 1788,8 Jun 1788,JAMES,M,EDWARD,MARY,LOFTS,AGUR,,,
SFK,Denham,St John The Baptist,,27 Nov 1788,28 Dec 1788,GEORGE,M,GEORGE,MARY,ATKIN,FITCH,,,
SFK,Denham,St John The Baptist,,18 Mar 1789,29 Mar 1789,SALLY,F,THOMAS,MARY,MOYLE,MILLER,,,
SFK,Denham,St John The Baptist,,8 May 1789,21 May 1789,SARAH,F,JAMES,ANN,GERMAIN,AYLMER,,,
SFK,Denham,St John The Baptist,,10 Aug 1789,14 Aug 1789,ELIZABETH,F,GEORGE,ELIZABETH,MACRO,WILSON,,,
SFK,Denham,St John The Baptist,,8 Sep 1789,13 Sep 1789,WILLIAM,M,WILLIAM,ELIZABETH,SMITH,SHAW,,,
SFK,Denham,St John The Baptist,,2 Sep 1789,18 Sep 1789,ROBERT,M,JONATHAN,MARY,GREYGOOSE,PLEDGER,,,
SFK,Denham,St John The Baptist,,27 Oct 1789,1 Nov 1789,PAMELA,F,EDWARD,MARY,LEECH,GRAVES,,,
SFK,Denham,St John The Baptist,,22 Dec 1789,25 Dec 1789,MARY,F,HENRY,ISABELLA,PALMER,PEARSON,,,
SFK,Denham,St John The Baptist,,22 Apr 1790,25 Apr 1790,MOLLY (B),F,,ELLEN,,CORNALL,,,
SFK,Denham,St John The Baptist,,1 Feb 1790,22 Aug 1790,James,M,John,Susan,GREEN,OTTLEY,,,
SFK,Denham,St John The Baptist,,12 Aug 1790,19 Sep 1790,John,M,Robert,Mary,PALMER,GRAVES,,,
SFK,Denham,St John The Baptist,,10 Jan 1791,16 Jan 1791,Mary,F,Edward,Mary,LEECH,GRAVES,,,
SFK,Denham,St John The Baptist,,24 Feb 1791,27 Feb 1791,John,M,John,Elizabeth,MORTLOCK,COE,,,
SFK,Denham,St John The Baptist,,30 May 1791,5 Jun 1791,Ann (B),F,,Mary,,GREYGOOSE,,,
SFK,Denham,St John The Baptist,,8 Jun 1791,26 Jun 1791,William,M,Jonathan,Mary,GREYGOOSE,PLEDGER,,,
SFK,Denham,St John The Baptist,,16 Feb 1791,9 Oct 1791,Bern,M,Edward,Mary,LOFTS,AGUR,,,
SFK,Denham,St John The Baptist,,31 Mar 1792,8 Apr 1792,James,M,Richard,Elizabeth,MORTLOCK,COE,,,
SFK,Denham,St John The Baptist,,18 Feb 1792,8 Apr 1792,Sarah,F,John,Sarah,BAILEY,NUNN,,,
SFK,Denham,St John The Baptist,,28 May 1792,3 Jun 1792,Mary,F,George,Mary,ATKINS,FITCH,,,
SFK,Denham,St John The Baptist,,11 Apr 1792,10 Jun 1792,Thomas,M,James,Ann,GERMAIN,AYLMER,,,
SFK,Denham,St John The Baptist,,,17 Jun 1792,Sarah,F,William,Elizabeth,SMITH,SHAW,,,
SFK,Denham,St John The Baptist,,31 Jul 1792,12 Aug 1792,Richard,M,Thomas,Mary,MOYLE,MILLER,,,
SFK,Denham,St John The Baptist,,26 Sep 1792,30 Sep 1792,Maria,F,James,Ellen,CLIFT,CORNWALL,,,
SFK,Denham,St John The Baptist,,2 Nov 1792,11 Nov 1792,Maria (B),F,,Dina,,LOFTS,,,
SFK,Denham,St John The Baptist,,7 Nov 1792,2 Dec 1792,Ann,F,Cristopher,Abigail,UNDERWOOD,HALLS,,,
SFK,Denham,St John The Baptist,,19 Jan 1793,27 Jan 1793,Thomas,M,Robert,Ann,PALMER,ISLING,,,
SFK,Denham,St John The Baptist,,29 Jul 1793,11 Aug 1793,Joseph,M,Edward,Mary,LEECH,GRAVES,,,
SFK,Denham,St John The Baptist,,21 Aug 1793,25 Aug 1793,Mary,F,John,Ellen,LEVET,SCOT,,,
SFK,Denham,St John The Baptist,,26 Feb 1793,6 Oct 1793,Harriot,F,Edward,Mary,LOFTS,AGUR,,,
SFK,Denham,St John The Baptist,,30 Sep 1793,5 Nov 1793,James,M,James,Ellen,CLIFT,CORNWALL,,,
SFK,Denham,St John The Baptist,,14 Jun 1794,6 Jul 1794,Maria,F,George,Mary,ATKINS,FITCH,,,
SFK,Denham,St John The Baptist,,16 Feb 1795,25 Feb 1795,Mary,F,,Martha,,GREYGOOSE,,,
SFK,Denham,St John The Baptist,,20 May 1795,24 May 1795,Ambrose,M,,Ann,,TURNER,,,
SFK,Denham,St John The Baptist,,15 Jul 1795,19 Jul 1795,John,M,Richard,Elizabeth,MORTLOCK,,,,
SFK,Denham,St John The Baptist,,22 Mar 1796,29 Mar 1769,James,M,James,Ellen,CLIFT,,,,
SFK,Denham,St John The Baptist,,20 May 1796,29 May 1796,David,M,Edward,Mary,LEACH,,,,
SFK,Denham,St John The Baptist,,14 Jun 1796,Aug 1796,William,M,,,CLIFT,,,,
SFK,Denham,St John The Baptist,,22 Feb 1796,28 Aug 1796,Thomas,M,,,EVERED,,,,
SFK,Denham,St John The Baptist,,24 Sep 1796,9 Oct 1796,Richard,M,Thomas,Mary,MOYLE,,,,
SFK,Denham,St John The Baptist,,1 Jan 1797,1 Jan 1797,Elizabeth,F,Matthew,Elizabeth,HALLS,RUFFELL,,,
SFK,Denham,St John The Baptist,,1 Feb 1797,12 Feb 1797,James,M,James,Ann,GERMAN,ELMER,,,
SFK,Denham,St John The Baptist,,12 Aug 1797,17 Feb 1797,William,M,,,HALLS,,,,
SFK,Denham,St John The Baptist,,,19 Aug 1797,William,M,James,Ellen,CLIFT,,,,
SFK,Denham,St John The Baptist,,,7 Sep 1797,Emilia,-,,,ATKINS,,,,
SFK,Denham,St John The Baptist,,20 Jun 1798,21 Jun 1798,Mary,F,,,HALLS,,,,See 1799
SFK,Denham,St John The Baptist,,18 Jun 1798,3 Jul 1798,Joseph,M,,,EVERED,,,,
SFK,Denham,St John The Baptist,,7 Mar 1798,Jul 1798,Joseph,M,Joseph,Constance,HALLS,CORNHILL,,,
SFK,Denham,St John The Baptist,,4 Jul 1798,29 Jul 1798,Lucy,F,Richard,Elizabeth,MORTLOCK,COE,,,
SFK,Denham,St John The Baptist,,,25 Nov 1798,Arbor,M,Richard,Elizabeth,HALLS,,,,
SFK,Denham,St John The Baptist,,,24 Jan 1799,Mary,F,Matthew,Elizabeth,HALLS,,,,
SFK,Denham,St John The Baptist,,,10 Mar 1799,Ann,F,James,Eleanor,CLIFT,,,,
SFK,Denham,St John The Baptist,,,2 Jun 1799,Joseph,M,Edward,Mary,LEACH,,,,
SFK,Denham,St John The Baptist,,,2 Jun 1799,Anness,F,Edward,Mary,LEACH,,,,
SFK,Denham,St John The Baptist,,,30 Jun 1799,Richard (B),M,,Hannah,,GREYGOOSE,,,
SFK,Denham,St John The Baptist,,,12 Jan 1800,Sarah,F,Joseph,Constance,HALLS,,,,
SFK,Denham,St John The Baptist,,,3 Feb 1800,Charles,M,Jeffery,Elizabeth,DERISLEY,,Southwold park,,
SFK,Denham,St John The Baptist,,25 Jun 1800,6 Jul 1800,Charles,M,Matthew,Elizabeth,HALLS,,,,
SFK,Denham,St John The Baptist,,29 Oct 1800,16 Nov 1800,Susan,F,Richard,Elizabeth,HALLS,,,,
SFK,Denham,St John The Baptist,,18 Aug 1800,20 Sep 1800,James,M,Ham,Elizabeth,SPARROW,,,,
SFK,Denham,St John The Baptist,,,8 Jan 1801,Charles,M,Matthew,Elizabeth,HALLS,,,,
SFK,Denham,St John The Baptist,,,8 Jan 1801,John,M,John,Elizabeth,HALE,,Hundon,,A posthuma age 10
SFK,Denham,St John The Baptist,,10 Apr 1801,16 Aug 1801,Thomas (B),M,,Martha,,GREYGOOSE,,,
SFK,Denham,St John The Baptist,,30 Apr 1801,6 Sep 1801,William,M,Richard,Ann,EVERED,,,,
SFK,Denham,St John The Baptist,,,13 Sep 1801,Lucy,F,James,Eleanor,CLIFT,,,,
SFK,Denham,St John The Baptist,,20 Sep 1801,18 Oct 1801,Edward,M,Joseph,Constance,HALLS,,,,
SFK,Denham,St John The Baptist,,8 May 1801,31 Jan 1802,Arabella,F,Jeffery,Elizabeth,DERISLEY,,Southwood park,,
SFK,Denham,St John The Baptist,,3 Jun 1802,6 Jun 1802,Ann,F,Matthew,Elizabeth,HALLS,,,,
SFK,Denham,St John The Baptist,,27 Aug 1802,5 Sep 1802,James,M,Richard,Ann,EVERED,,,,
SFK,Denham,St John The Baptist,,8 Sep 1802,12 Sep 1802,Eliza,F,William,Sarah,SARGANT,,,,
SFK,Denham,St John The Baptist,,17 May 1802,19 Sep 1802,Mary,F,Ham,Elizabeth,SPARROW,,,,
SFK,Denham,St John The Baptist,,,10 Apr 1803,Richard,M,Richard,Elizabeth,MORTLOCK,,,,
SFK,Denham,St John The Baptist,,,29 May 1803,?,F,Joseph,Constance,HALLS,,,,
SFK,Denham,St John The Baptist,,,4 Sep 1803,Mary,F,,Lucy,,BRUCE,,,
SFK,Denham,St John The Baptist,,,1 Apr 1804,William,M,Ham,Elizabeth,SPARROW,,,,
SFK,Denham,St John The Baptist,,26 Oct 1804,28 Oct 1804,Charles,M,Matthew,Elizabeth,HALLS,,,,
SFK,Denham,St John The Baptist,,21 Jan 1805,27 Jan 1805,John,M,John,Phillis,SPARROW,,,,
SFK,Denham,St John The Baptist,,11 Feb 1805,17 Feb 1805,Mary,F,Joseph,Constance,HALLS,,,,
SFK,Denham,St John The Baptist,,1 Mar 1805,3 Mar 1805,John,M,Richard,Ann,EVERED,,,,
SFK,Denham,St John The Baptist,,15 May 1805,26 May 1805,William,M,Abraham,Elizabeth,SPENCER,,,,
SFK,Denham,St John The Baptist,,26 Aug 1805,15 Sep 1805,Joseph,M,John,Elizabeth,BARROW,,,,
SFK,Denham,St John The Baptist,,22 Dec 1805,19 Jan 1806,John,M,John,Charlotte,RADFORTH,,,,
SFK,Denham,St John The Baptist,,12 Jan 1806,19 Jan 1806,Sarah,F,Matthew,Sarah,HALLS,,,,
SFK,Denham,St John The Baptist,,5 Mar 1806,9 Mar 1806,Joseph,M,Joseph,Constance,HALLS,,,,
SFK,Denham,St John The Baptist,,13 Mar 1806,16 Mar 1806,Mary,F,Joseph,Mary,GRAVES,,,,
SFK,Denham,St John The Baptist,,25 Mar 1806,30 Mar 1806,Elizabeth,F,Matthew,Constance,HALLS,,,,
SFK,Denham,St John The Baptist,,,27 Apr 1806,James,M,Simon,Sarah,ASHMAN,,,,
SFK,Denham,St John The Baptist,,21 Jan 1806,29 Jun 1806,John,M,John,Phillis,SPARROW,,,,
SFK,Denham,St John The Baptist,,,14 Dec 1806,Mary,F,Samuel,Sarah,TALBOT,,,,
SFK,Denham,St John The Baptist,,,12 Jan 1807,Sarah,F,Matthew,Sarah,HALLS,,,,
SFK,Denham,St John The Baptist,,,26 Apr 1807,Mary Ann,F,James,Ellen,CLIFT,,,,
SFK,Denham,St John The Baptist,,27 Jun 1807,28 Jun 1807,John,M,William,Martha,CORNWELL,FOREDAM,,,
SFK,Denham,St John The Baptist,,9 Jun 1807,5 Jul 1807,SARAH,F,WILLIAM,SPRINGFIELD,BENTON,,MARY,,
SFK,Denham,St John The Baptist,,11 Jul 1807,29 Jul 1807,SARAH,F,MATTHEW,ELIZABETH,HALLS,RUFFEL,,,
SFK,Denham,St John The Baptist,,7 Jul 1807,2 Aug 1807,ELIZA,F,JOSEPH,CONSTANCE,HALLS,CORNELL,,,
SFK,Denham,St John The Baptist,,9 Jul 1807,16 Aug 1807,ROBERT,M,JAMES,SARAH,CRACK,GREYGOOSE,,,
SFK,Denham,St John The Baptist,,31 May 1807,6 Sep 1807,MARY,F,RICHARD,ANN,EVERED,,,,
SFK,Denham,St John The Baptist,,31 Jan 1808,31 Jan 1808,MARY,F,WILLIAM,HARRIOT,PATTLE,RUTLEDGE,,,
SFK,Denham,St John The Baptist,,14 Apr 1808,13 May 1808,MARY ANN,F,MATTHEW,SARAH,HALLS,PEACOCK,,,
SFK,Denham,St John The Baptist,,7 Apr 1808,11 Sep 1808,WILLIAM,M,JOHN,PHILLIS,SPARROW,ELY,,,
SFK,Denham,St John The Baptist,,13 Oct 1808,16 Oct 1808,JOSEPH,M,RICHARD,ELIZABETH,HALLS,HALLS,,,
SFK,Denham,St John The Baptist,,23 Nov 1808,27 Nov 1808,ANN,F,WILLIAM,MARY,TALBOT,MORTLOCK,,,
SFK,Denham,St John The Baptist,,22 Jan 1809,22 Jan 1809,JOHN,M,WILLIAM,MARTHA,CORNELL,FORDHAM,,,
SFK,Denham,St John The Baptist,,27 Feb 1809,5 Mar 1809,WILLIAM,M,MATTHEW,ELIZABETH,HALLS,RUFFELL,,,
SFK,Denham,St John The Baptist,,21 Apr 1809,23 Apr 1809,MARY,F,JEFFREY,ELIZABETH,DERISLY,HALE,,,
SFK,Denham,St John The Baptist,,9 Sep 1809,10 Sep 1809,MARIA,F,CHARLES,SARAH,MACRO,LEVETT,,,
SFK,Denham,St John The Baptist,,20 Sep 1809,8 Oct 1809,GEORGE BLIDGE,M,,SARAH,,GREEN,,,
SFK,Denham,St John The Baptist,,13 Oct 1809,25 Oct 1809,CHARLES,M,JOSEPH,CONSTANCE,HALLS,CORNELL,,,
SFK,Denham,St John The Baptist,,26 Jan 1810,11 Feb 1810,JAMES,M,WILLIAM,HARRIOT,PATTLE,RUTLEDGE,,,
SFK,Denham,St John The Baptist,,2 Apr 1810,8 Apr 1810,JOSEPH,M,MATTHEW,ELIZABETH,HALLS,RUFFELL,,,
SFK,Denham,St John The Baptist,,3 Apr 1810,29 Apr 1810,ROBERT,M,WILLIAM,ANN,PLUMB,SHIP,,,
SFK,Denham,St John The Baptist,,5 Nov 1808,27 May 1810,JOHN,M,WILLIAM,ROSEMARY,BENTON,SPRINGFIELD,,,
SFK,Denham,St John The Baptist,,13 Jan 1811,3 Feb 1811,MARY MYSON,F,,ELIZABETH,,PATTLE,,,
SFK,Denham,St John The Baptist,,31 Jan 1811,3 Feb 1811,ANN,F,JOHN,LETTICE,BROWN,SPARROW,,,
SFK,Denham,St John The Baptist,,13 Mar 1811,20 Mar 1811,SOPHIA,F,JOSEPH,CONSTANCE,HALLS,CORNELL,,,
SFK,Denham,St John The Baptist,,17 Jun 1811,30 Jun 1811,JAMES,M,MATTHEW,SARAH,HALLS,PEACOCK,,,
SFK,Denham,St John The Baptist,,11 Aug 1811,14 Aug 1811,WILLIAM,M,WILLIAM,MARTHA,CORNWEL,FORDHAM,,,
SFK,Denham,St John The Baptist,,2 Aug 1811,1 Sep 1811,GEORGE,M,CHARLES,ANN,MACRO,ASHMAN,,,
SFK,Denham,St John The Baptist,,8 Aug 1811,13 Oct 1811,ANN,F,,MARIA,,EDWARDS,,,
SFK,Denham,St John The Baptist,,11 Oct 1811,20 Oct 1811,John,M,WILLIAM,MARY,TALBOT,MORTLOCK,,,
SFK,Denham,St John The Baptist,,18 Mar 1811,1 Dec 1811,Ann,F,Ham,Mary,SPARROW,MANNING,,,
SFK,Denham,St John The Baptist,,10 Jan 1812,12 Jan 1812,Maria,F,,Mary,,ATKIN,,,
SFK,Denham,St John The Baptist,,8 Jan 1812,2 Feb 1812,Sally Radford Levett,F,John,Charlotte,RADFORD,LEVETT,,,
SFK,Denham,St John The Baptist,,16 Feb 1812,8 Mar 1812,John,M,George,Elizabeth,GERMAN,ELY,,,
SFK,Denham,St John The Baptist,,21 Sep 1812,21 Jun 1812,John,M,William,Lucy,SMITH,MOULE,,,
SFK,Denham,St John The Baptist,,13 Aug 1812,20 Sep 1812,Elizabeth,F,William,Ann,PLUMB,SHIP,,,
SFK,Denham,St John The Baptist,,,23 Mar 1813,William,M,William,Martha,CORNWELL,,,Shoemaker,
SFK,Denham,St John The Baptist,,,28 Mar 1813,Henry,M,Joseph,Constance,HALL,,,Farmer,
SFK,Denham,St John The Baptist,,,25 Apr 1813,Anne,F,William,Harriet,PATTLE,,,Labourer,
SFK,Denham,St John The Baptist,,,2 May 1813,Susanna,F,Joseph,Elizabeth,BARROW,,,Blacksmith,
SFK,Denham,St John The Baptist,,,30 May 1813,Charles,M,John,Sarah,WALKER,,St james bury st edmunds,Carpenter,
SFK,Denham,St John The Baptist,,,6 Jun 1813,Sally,F,John,Lettice,BROWN,,,Labourer,
SFK,Denham,St John The Baptist,,,2 Aug 1813,Louisa,F,John,Elizabeth,LINGLEY,,,Gamekeeper,
SFK,Denham,St John The Baptist,,,24 Oct 1813,Eliza,F,Matthew,Sarah,HALLS,,,Farmer,
SFK,Denham,St John The Baptist,,,5 Dec 1813,William,M,,Mary,,PALMER,,,
SFK,Denham,St John The Baptist,,,5 Dec 1813,Peter,M,,Mary,,PALMER,,,
SFK,Denham,St John The Baptist,,,3 Apr 1814,Sarah,F,Thomas,Keziah,DERISLEY,,,Farmer,
SFK,Denham,St John The Baptist,,,3 Apr 1814,James,M,George,Elizabeth,GERMAN,,,Labourer,
SFK,Denham,St John The Baptist,,,24 Jul 1814,John Levett,M,John,Charlotta,RADFORD,LEVETT,Dalham,Labourer,
SFK,Denham,St John The Baptist,,,7 Aug 1814,Sarah,F,William,Mary,TALBOT,MORTLOCK,,Labourer,
SFK,Denham,St John The Baptist,,,16 Oct 1814,Charles,M,Charles,Ann,MACROW,ASHMAN,,Labourer,
SFK,Denham,St John The Baptist,,,13 Nov 1814,Jane,F,William,Ann,PLUMB,SHIP,,Labourer,
SFK,Denham,St John The Baptist,,,13 Nov 1814,Ann,F,John,Elizabeth,MORTLOCK,PATTLE,,Labourer,
SFK,Denham,St John The Baptist,,,12 Feb 1815,Jane,F,,Susan,,GREYGOOSE,,,
SFK,Denham,St John The Baptist,,,26 Mar 1815,Harriet,F,John,Elizabeth,LINGLEY,,,Gamekeeper,
SFK,Denham,St John The Baptist,,,28 May 1815,George,M,,Maria,,ROUTLEDGE,,,
SFK,Denham,St John The Baptist,,,4 Jun 1815,Henry,M,James,Ann,MORTLOCK,,,Labourer,
SFK,Denham,St John The Baptist,,,7 Jul 1815,Frederick Cornell,M,Joseph,Constance,HALLS,,,Farmer,
SFK,Denham,St John The Baptist,,,17 Sep 1815,John,M,Joseph,Elizabeth,BARROW,,,Blacksmith,
SFK,Denham,St John The Baptist,,,21 Jan 1816,William,M,Thomas,Keziah,DERISLEY,,,Farmer,
SFK,Denham,St John The Baptist,,,25 Feb 1816,Robert,M,Matthew,Sarah,HALLS,,,Farmer,
SFK,Denham,St John The Baptist,,,19 May 1816,Charles,M,William,Harriet,PATTLE,,,Labourer,
SFK,Denham,St John The Baptist,,,18 Aug 1816,Mary Ann,F,George,Elizabeth,GERMAN,,,Labourer,
SFK,Denham,St John The Baptist,,,12 Jan 1817,Lettice,F,James,Mary,SPARROW,,,Farmer,
SFK,Denham,St John The Baptist,,,12 Jan 1817,Charles,M,James,Ann,MORTLOCK,,,Labourer,
SFK,Denham,St John The Baptist,,,2 Feb 1817,Kitty,F,John,Mary,FITCH,,,Labourer,
SFK,Denham,St John The Baptist,,,2 Feb 1817,William,M,John Thomas,Mary,HALE,,South park,Farmer,
SFK,Denham,St John The Baptist,,,9 Feb 1817,Margaret,F,John,Mary,FITCH,,,Labourer,
SFK,Denham,St John The Baptist,,,2 Mar 1817,Eliza,F,Philip,Maria,LYES,,,Labourer,
SFK,Denham,St John The Baptist,,,2 Mar 1817,Joseph,M,Joseph,Elizabeth,BARROW,,,Blacksmith,
SFK,Denham,St John The Baptist,,,9 Mar 1817,Margaret Macro,F,,Susan,,GREYGOOSE,,,
SFK,Denham,St John The Baptist,,,1 Jun 1817,George,M,John,Elizabeth,MORTLOCK,,,Labourer,
SFK,Denham,St John The Baptist,,,20 Jul 1817,Maria,F,William,Mary,TALBOT,,,Labourer,
SFK,Denham,St John The Baptist,,,17 Aug 1817,Sally,F,Charles,Ann,MACRO,,,Labourer,
SFK,Denham,St John The Baptist,,,2 Dec 1817,William,M,William,Ann,HALLS,,,Farmer,
SFK,Denham,St John The Baptist,,,17 Dec 1817,George Henry,M,John,Elizabeth,LINGLEY,,,Gamekeeper,
SFK,Denham,St John The Baptist,,,21 Jan 1818,Joseph Digby,M,Matthew,Sarah,HALLS,,,Farmer,
SFK,Denham,St John The Baptist,,,27 May 1818,James,M,Henry,Susan,EVERETT,,,Labourer,
SFK,Denham,St John The Baptist,,,1 Jun 1818,Betsy,F,Thomas,Mary,PEACOCK,,,Tailor,
SFK,Denham,St John The Baptist,,,28 Jun 1818,Mary Ann,F,John,Charlotte,RADFORD,,,Labourer,
SFK,Denham,St John The Baptist,,,28 Jun 1818,Maria,F,John,Hannah,DYSON,,,Labourer,
SFK,Denham,St John The Baptist,,,22 Nov 1818,Thomas,M,,Mary,,SMITH,Dalham,,
SFK,Denham,St John The Baptist,,,29 Nov 1818,George,M,Joseph,Constance,HALLS,,,Farmer,
SFK,Denham,St John The Baptist,,,29 Dec 1818,Alice,F,John Thomas,Mary,HALE,,South park,,
SFK,Denham,St John The Baptist,,,17 Jan 1819,George,M,Phillip,Maria,LYES,,,Labourer,
SFK,Denham,St John The Baptist,,,24 Jan 1819,Mary,F,James,Anna,MORTLOCK,,,Labourer,
SFK,Denham,St John The Baptist,,,21 Mar 1819,Joseph,M,Edward,Anness,GREYGOOSE,,,Labourer,
SFK,Denham,St John The Baptist,,,30 May 1819,Rebecca,F,William,Anne,PLUMB,,,Labourer,
SFK,Denham,St John The Baptist,,,2 Aug 1819,Ann,F,Joseph,Elizabeth,BARROW,,,Blacksmith,
SFK,Denham,St John The Baptist,,,29 Aug 1819,William,M,John,Mary,FITCH,,,Labourer,
SFK,Denham,St John The Baptist,,,20 Feb 1820,Susannah,F,John,Elizabeth,MORTLOCK,,,Labourer,
SFK,Denham,St John The Baptist,,,3 May 1820,Hannah Silverstone,F,Thomas,Mary,HALE,,South park,Farmer,
SFK,Denham,St John The Baptist,,,1 Jun 1820,James,M,William,Mary,TALBOTT,,Dalham,Labourer,
SFK,Denham,St John The Baptist,,,9 Jul 1820,Mary Leach,F,Edward,Anness,GREYGOOSE,,,Labourer,
SFK,Denham,St John The Baptist,,,27 Aug 1820,Betsy,F,Charles,Ann,MACRO,,,Labourer,
SFK,Denham,St John The Baptist,,,18 Oct 1820,George,M,James,Mary,SPARROW,,,Farmer,
SFK,Denham,St John The Baptist,,,6 Jan 1821,Susan,F,Philip,Maria,LYES,,,Labourer,
SFK,Denham,St John The Baptist,,,18 Feb 1821,Eliza,F,,Mary,,CLARKE,,,
SFK,Denham,St John The Baptist,,,18 Mar 1821,Jeremiah,M,William,Anne,PLUMB,,,Labourer,
SFK,Denham,St John The Baptist,,,18 Mar 1821,Sally,F,James,Anne,MORTLOCK,,,Labourer,
SFK,Denham,St John The Baptist,,,1 Apr 1821,Emma,F,John,Elizabeth,LINDLEY,,,Gamekeeper,
SFK,Denham,St John The Baptist,,,2 Apr 1821,Joseph,M,Edwin,Constance,HALLS,,,Farmer,
SFK,Denham,St John The Baptist,,,14 Aug 1821,George,M,Joseph Edward,Fanny,LEACH,,,Labourer,
SFK,Denham,St John The Baptist,,,23 Sep 1821,Susannah,F,John,Hannah,DYSON,,,Labourer,
SFK,Denham,St John The Baptist,,,28 Oct 1821,William,M,Richard,Mary,MOULE,,,Labourer,
SFK,Denham,St John The Baptist,,,25 Nov 1821,George,M,Thomas,Sarah,GERMAN,,,Labourer,
SFK,Denham,St John The Baptist,,,9 Dec 1821,Henry,M,Joseph,Elizabeth,BARROW,,,Blacksmith,
SFK,Denham,St John The Baptist,,,25 Dec 1821,Harriet,F,John,Elizabeth,MORTLOCK,,,Labourer,
SFK,Denham,St John The Baptist,,,25 Dec 1821,George,M,George,Ann,OUTLAW,,,Labourer,
SFK,Denham,St John The Baptist,,,18 Feb 1822,Mary Ann,F,John Thomas,Mary,HALE,,Southwood park,Farmer,
SFK,Denham,St John The Baptist,,,11 Mar 1822,Charles,M,William,Ann,PLUMB,,,Labourer,
SFK,Denham,St John The Baptist,,,11 Mar 1822,Susannah,F,William,Ann,PLUMB,,,Labourer,
SFK,Denham,St John The Baptist,,,19 Mar 1822,William,M,Philip,Maria,LIES,,,Labourer,
SFK,Denham,St John The Baptist,,,19 Mar 1822,Susan,F,Edward,Anness,GREYGOOSE,,,Labourer,
SFK,Denham,St John The Baptist,,,31 Mar 1822,Sally,F,George,Elizabeth,GERMAN,,,Labourer,
SFK,Denham,St John The Baptist,,,8 Aug 1822,William,M,Thomas,Bett,DEARSLEY,,,Blacksmith,
SFK,Denham,St John The Baptist,,,25 Dec 1822,Joseph,M,Charles,Ann,MACRO,,,Labourer,
SFK,Denham,St John The Baptist,,,23 Feb 1823,William,M,William,Mary,TALBOT,,Dalham,Labourer,
SFK,Denham,St John The Baptist,,,29 Jun 1823,William,M,James,Ann,MORTLOCK,,,Labourer,
SFK,Denham,St John The Baptist,,,3 Aug 1823,Lucy,F,Joseph,Frances,LEACH,,,Labourer,
SFK,Denham,St John The Baptist,,,5 Oct 1823,George,M,John,Ann,MERKIN,,Dalham,Labourer,
SFK,Denham,St John The Baptist,,,12 Oct 1823,Betsy,F,John Thomas,Mary,HALE,,Southwood park,Farmer,
SFK,Denham,St John The Baptist,,,2 Nov 1823,James,M,Thomas,Sarah,GERMAN,,,Labourer,
SFK,Denham,St John The Baptist,,,23 Nov 1823,Charles,M,William,Ann,PLUMB,,,Labourer,
SFK,Denham,St John The Baptist,,,11 Jan 1824,Marthy,F,William,Susan,PAUSEY,,Dalham,Labourer,
SFK,Denham,St John The Baptist,,,19 Jan 1824,William,M,,Lucy,,MORTLOCK,,,
SFK,Denham,St John The Baptist,,,15 Feb 1824,Sophia,F,Richard,Mary,MOULE,,,Labourer,
SFK,Denham,St John The Baptist,,,14 Mar 1824,Sarah,F,Benjamin,Sarah,PEW,,Sandy,Basket maker,
SFK,Denham,St John The Baptist,,,18 Apr 1824,Henry,M,Henry,Susan,EVERED,,,Labourer,
SFK,Denham,St John The Baptist,,,25 Apr 1824,William,M,John,Charlotte,RADFORD,,Dalham,Labourer,
SFK,Denham,St John The Baptist,,,23 May 1824,Charles,M,Edward,Anness,GREYGOOSE,,,Labourer,
SFK,Denham,St John The Baptist,,,20 Jun 1824,Ellen Ann,F,William,Jessy,KING,,,Inhabitant,
SFK,Denham,St John The Baptist,,,30 Aug 1824,Elenor,F,Richard,Maria,DRAKE,,,Farmer,
SFK,Denham,St John The Baptist,,,26 Sep 1824,Jeremiah,M,John,Hannah,DYSON,,,Labourer,
SFK,Denham,St John The Baptist,,,7 Nov 1824,Eliza,F,William,Sally,ELY,,Farmer,Labourer,
SFK,Denham,St John The Baptist,,,28 Nov 1824,Joseph,M,,Sarah,,ABBOT,,,
SFK,Denham,St John The Baptist,,,15 May 1825,John,M,Thomas,Sarah,GERMIN,,,Labourer,
SFK,Denham,St John The Baptist,,,2 Oct 1825,William,M,Joseph Edward,Frances,LEACH,,,Labourer,
SFK,Denham,St John The Baptist,,,6 Nov 1825,Susan,F,James,Ann,MORTLOCK,,,Labourer,
SFK,Denham,St John The Baptist,,,26 Feb 1826,Eliza,F,William,Susan,PAUSEY,,Dalham,Labourer,
SFK,Denham,St John The Baptist,,,26 Mar 1826,Harriet,F,Joseph,Elizabeth,BARROW,,,Blacksmith,
SFK,Denham,St John The Baptist,,,26 Mar 1826,Abraham,M,Richard,Mary,MOUL,,Dalham,Labourer,
SFK,Denham,St John The Baptist,,,30 Apr 1826,James,M,Robert,Maria,HARVEY,,Dalham,Farmer,
SFK,Denham,St John The Baptist,,,8 Jul 1826,David,M,Jacob,Lucy,WRIGHT,,,Labourer,
SFK,Denham,St John The Baptist,,,9 Jul 1826,Lucy,F,Samuel,Mary,DEATH,,,Labourer,
SFK,Denham,St John The Baptist,,,17 Jul 1826,Eliza,F,John,Mary,HALE,,Southwood park,Farmer,
SFK,Denham,St John The Baptist,,,30 Jul 1826,Eliza,F,William,Ann,PLUMB,,,Labourer,
SFK,Denham,St John The Baptist,,,13 Aug 1826,Betsy,F,James,Mary,EVERED,,,Labourer,
SFK,Denham,St John The Baptist,,,13 Aug 1826,Harriett,F,John,Elizabeth,MORTLOCK,,,Labourer,
SFK,Denham,St John The Baptist,,,15 Oct 1826,Robert,M,Frances,Musk,PATTLE,,Soam,Labourer,Age 15 years
SFK,Denham,St John The Baptist,,,19 Nov 1826,Joseph,M,Edward,Annass,GREYGOOSE,,,Labourer,
SFK,Denham,St John The Baptist,,,24 Dec 1826,Sarah,F,Frances,Mercy Or Musk,PATTLE,,Soham,Labourer,Aged 14 years
SFK,Denham,St John The Baptist,,,25 Dec 1827,William,M,William,Sarah,CORNELL,,Dalham,Cordwainer,
SFK,Denham,St John The Baptist,,,11 Mar 1827,Edward,M,Richard,Maria,DRAKE,,,Farmer,
SFK,Denham,St John The Baptist,,,15 Jul 1827,Edmund,M,Henry,Susan,EVERETT,,,Labourer,
SFK,Denham,St John The Baptist,,,22 Jul 1827,Edward,M,James,Mary,SPARROW,,,Farmer,
SFK,Denham,St John The Baptist,,,26 Aug 1827,William,M,,Sophy,,SIMONDS,,,
SFK,Denham,St John The Baptist,,,2 Sep 1827,Joseph,M,John,Mary,WALKER,,,Carpenter,
SFK,Denham,St John The Baptist,,,7 Oct 1827,Eliza,F,William,Henry,TODD,,Dalham,Labourer,
SFK,Denham,St John The Baptist,,,17 Feb 1828,Susan,F,Francis,Amy,ROBINSON,,,Gamekeeper,
SFK,Denham,St John The Baptist,,,1 Jun 1828,Robert,M,Jacob,Lucy,WRIGHT,,,Labourer,
SFK,Denham,St John The Baptist,,,6 Jun 1828,Eliza,F,Thomas,Sarah,JERMIN,,,Labourer,
SFK,Denham,St John The Baptist,,,8 Jun 1828,Joseph,M,John,Elizabeth,MORTLOCK,,,Labourer,
SFK,Denham,St John The Baptist,,,29 Jun 1828,William,M,James,Mary,EVERETT,,,Labourer,
SFK,Denham,St John The Baptist,,,17 Aug 1828,Joseph,M,John,Mary,HALE,,Southwood park,Farmer,
SFK,Denham,St John The Baptist,,,25 Dec 1828,Ann,F,Richard,Mary,MOULE,,Dunstall green,Labourer,
SFK,Denham,St John The Baptist,,,28 Dec 1828,Edward,M,Edward,Anness,GREYGOOSE,,,Labourer,
SFK,Denham,St John The Baptist,,,8 Feb 1829,Fanny,F,William,Susan,PAUSEY,,Owsden,Labourer,
SFK,Denham,St John The Baptist,,,15 Feb 1829,Charles,M,John,Mary,WALKER,,,Carpenter,
SFK,Denham,St John The Baptist,,,3 May 1829,Henry,M,William,Mary,TODD,,Dalham,Labourer,
SFK,Denham,St John The Baptist,,,12 Jul 1829,James,M,Richard,Maria,DRAKE,,,Baliff,
SFK,Denham,St John The Baptist,,,30 May 1830,Eliza,F,Edward,Annas,GRAYGOOSE,,,Labourer,
SFK,Denham,St John The Baptist,,,25 Aug 1830,Lucy,F,John,Betsy,MORTLOCK,,,Labourer,
SFK,Denham,St John The Baptist,,,19 Sep 1830,Emily,F,James,Mary,EVERETT,,,Labourer,
SFK,Denham,St John The Baptist,,,2 Jan 1831,Susan,F,Jacob,Lucy,WRIGHT,,,Labourer,
SFK,Denham,St John The Baptist,,,16 Jan 1831,Sophia,F,Thomas,Sarah,JERMIN,,,Labourer,
SFK,Denham,St John The Baptist,,,13 Feb 1831,Charles,M,James,Sophia,PLUMB,,,Labourer,
SFK,Denham,St John The Baptist,,,27 Feb 1831,Thomas,M,Richard,Mary,MOULE,,,Labourer,
SFK,Denham,St John The Baptist,,,15 May 1831,Mary Ann,F,James,Miria,MOSS,MACROW,Gazeley denham,,
SFK,Denham,St John The Baptist,,,2 Oct 1831,Matthew,M,Mark,Mary,MYSON,,,Labourer,
SFK,Denham,St John The Baptist,,,27 Nov 1831,Thomas,M,John,Mary,WALKER,,,Carpenter,
SFK,Denham,St John The Baptist,,,27 Nov 1831,William,M,John,Mary,WALKER,,,Carpenter,
SFK,Denham,St John The Baptist,,,10 Jun 1832,Drusilla,F,William,Frances,OSBORNE,,,Shepherd,
SFK,Denham,St John The Baptist,,,10 Jun 1832,Thomas,M,,Becky,,HARRIS,,,
SFK,Denham,St John The Baptist,,,19 Aug 1832,Jonathan,M,Edward,Anness,GREYGOOSE,,,Labourer,
SFK,Denham,St John The Baptist,,,21 Sep 1832,Henry,M,John,Mary,HALE,,Southwood park,Farmer,
SFK,Denham,St John The Baptist,,,21 Sep 1832,Emma,F,John,Mary,HALE,,Southwood park,Farmer,
SFK,Denham,St John The Baptist,,,14 Oct 1833,Andrew,M,James,Maria,PATTLE,,,Labourer,
SFK,Denham,St John The Baptist,,,20 Jan 1833,George,M,James,Sophia,PLUMB,,,Labourer,
SFK,Denham,St John The Baptist,,,31 Mar 1833,John,M,John,Mary,WALKER,,,Carpenter,
SFK,Denham,St John The Baptist,,,15 Sep 1833,Elizabeth,F,Thomas,Sarah,GERMAN,,,Labourer,
SFK,Denham,St John The Baptist,,,13 Oct 1833,Eliza,F,Mark,Mary,MYSON,,,Labourer,
SFK,Denham,St John The Baptist,,,24 Nov 1833,Emily,F,Robert,Anne,OSBORNE,,,Labourer,
SFK,Denham,St John The Baptist,,,1 Dec 1833,William,M,Charles,Rebeckah,HERBERT,,Dunstall green,Farrier,
SFK,Denham,St John The Baptist,,,8 Dec 1833,William,M,Joseph Edward,Sarah,LEECH,,,Labourer,
SFK,Denham,St John The Baptist,,,18 May 1834,Henry,M,William,Fanny,OSBORNE,,,Shepherd,
SFK,Denham,St John The Baptist,,,18 May 1834,Sarah,F,Richard,Mary,MOULE,,,Labourer,
SFK,Denham,St John The Baptist,,,6 Jul 1834,Emma,F,Edward,Anness,GREYGOOSE,,,Labourer,
SFK,Denham,St John The Baptist,,,7 Sep 1834,Thomas,M,John,Mary,HALE,,Southwood park,Farmer,
SFK,Denham,St John The Baptist,,,7 Sep 1834,Harriet,F,William,Maria,TURNER,,,Labourer,
SFK,Denham,St John The Baptist,,,28 Sep 1834,Frederick,M,Richard,Maria,DRAKE,,,Baliff,
SFK,Denham,St John The Baptist,,,26 Oct 1834,Frederick,M,,Lettice,,SPARROW,,,
SFK,Denham,St John The Baptist,,,26 Oct 1834,Sarah,F,John,Mary,WALKER,,,Carpenter,
SFK,Denham,St John The Baptist,,,7 Jun 1835,Harriett,F,James,Maria,PATTLE,,,Labourer,
SFK,Denham,St John The Baptist,,,7 Jun 1835,Mary Ann,F,James,Sarah,ASHMAN,,,Labourer,
SFK,Denham,St John The Baptist,,,15 Jul 1835,James,M,William,Jane,SPARROW,,,Labourer,
SFK,Denham,St John The Baptist,,,11 Oct 1835,Sarah,F,Robert,Ann,OSBORNE,,,Labourer,
SFK,Denham,St John The Baptist,,,11 Oct 1835,James,M,Charles,Rebeckah,HERBERT,,Dunstall green,Farrier,
SFK,Denham,St John The Baptist,,,25 Oct 1835,Eliza,F,George,Lucy,MACRO,,,Labourer,
SFK,Denham,St John The Baptist,,,15 Nov 1835,Fanny,F,Mark,Mary,MYSON,,,Labourer,
SFK,Denham,St John The Baptist,,,17 Jan 1836,David,M,Joseph,Sarah,LEECH,,,Labourer,
SFK,Denham,St John The Baptist,,,14 Feb 1836,Sarah,F,William,Maria,TURNER,,,Labourer,
SFK,Denham,St John The Baptist,,,2 May 1836,Lucy,F,Richard,Harriett,DYSON,,,Labourer,
SFK,Denham,St John The Baptist,,,3 Jul 1836,Sarah Ann,F,John,Susan,RANSDAILE,TODD,,,
SFK,Denham,St John The Baptist,,,17 Jul 1836,Maria,F,William,Frances,OSBORN,,,Labourer,
SFK,Denham,St John The Baptist,,,17 Jul 1836,William,M,Jonas,Marianne,OSBORN,,,Labourer,
SFK,Denham,St John The Baptist,,,17 Jul 1836,James,M,Richard,Mary,MOLE,,,Labourer,
SFK,Denham,St John The Baptist,,,25 Sep 1836,Emma,F,Daniel,Lettice,WATKINSON,,Dalham,Shoe maker,
SFK,Denham,St John The Baptist,,,9 Oct 1836,William,M,Edward,Alice,GREYGOOSE,,,Labourer,
SFK,Denham,St John The Baptist,,,6 Nov 1836,Elizabeth,F,John,Mary,WALKER,,,Carpenter,
SFK,Denham,St John The Baptist,,,18 Dec 1836,Henry,M,Thomas,Sarah,GERMAN,,,Labourer,
SFK,Denham,St John The Baptist,,,18 Dec 1836,Aaron,M,James,Maria,PATTLE,,,Labourer,
SFK,Denham,St John The Baptist,,,26 Feb 1837,Sarah,F,William,Jane,SPARROW,,,Labourer,
SFK,Denham,St John The Baptist,,,3 Dec 1837,Miriam,F,Robert,Anne,OSBORNE,,,Labourer,
SFK,Denham,St John The Baptist,,,25 Feb 1838,Eliza,F,William,Louisa,SPARROW,,,Labourer,
SFK,Denham,St John The Baptist,,,1 Mar 1838,Keziah,F,William,Frances,OSBORNE,,,Shepherd,
SFK,Denham,St John The Baptist,,,8 Apr 1838,Francis,M,Edward,Sarah,LEACH,,,Labourer,
SFK,Denham,St John The Baptist,,,22 Apr 1838,William,M,William,Anne,PATTLE,,,Labourer,
SFK,Denham,St John The Baptist,,,13 May 1838,Rebecca,F,William,Maria,TURNER,,,Labourer,
SFK,Denham,St John The Baptist,,,27 May 1838,Richard,M,James,Sarah,EVERITT,,,Labourer,
SFK,Denham,St John The Baptist,,,24 Jun 1838,Charlotte,F,George,Susan,TURNER,,Hargrave,Labourer,
SFK,Denham,St John The Baptist,,,22 Jul 1838,John,M,Richard,Harriet,DYSON,,,Labourer,
SFK,Denham,St John The Baptist,,,5 Aug 1838,Maria,F,Edward,Alice,GREYGOOSE,,,Labourer,
SFK,Denham,St John The Baptist,,,12 Aug 1838,Frances,F,Jonas,Marianne,OSBORN,,,Labourer,
SFK,Denham,St John The Baptist,,,2 Sep 1838,Thomas,M,Mark,Mary,MYSON,,,Labourer,
SFK,Denham,St John The Baptist,,,28 Oct 1838,Arthur,M,John,Mary Ann,BARROW,,,Blacksmith,
SFK,Denham,St John The Baptist,,,1 Apr 1839,Elizabeth,F,William,Jane,SPARROW,,Dalham,Labourer,
SFK,Denham,St John The Baptist,,,14 Jul 1839,Eliza,F,John,Mary,WALKER,,,Carpenter,
SFK,Denham,St John The Baptist,,,8 Sep 1839,Priscilla,F,James,Maria,PATTLE,OSBORN,,Labourer,
SFK,Denham,St John The Baptist,,,29 Dec 1839,Frederick,M,Thomas,Sarah,JARMAN,,,Labourer,
SFK,Denham,St John The Baptist,,,5 Jan 1840,John,M,Richard,Mary,MOLE,,,Labourer,
SFK,Denham,St John The Baptist,,,9 Jan 1840,Emma,F,Thomas,Betsy,MACRO,,,,
SFK,Denham,St John The Baptist,,,24 Jan 1840,Emma,F,William,Ann,PATTLE,,,Labourer,Twin with matilda same date parents
SFK,Denham,St John The Baptist,,,24 Jan 1840,Matilda,F,William,Ann,PATTLE,LABOURER,,,Twin with emma same date
SFK,Denham,St John The Baptist,,,9 Feb 1840,Eliza,F,Thomas,Susan,SMITH,,,Labourer,
SFK,Denham,St John The Baptist,,,3 May 1840,Keziah,F,James,Mary,FROST,,,Labourer,
SFK,Denham,St John The Baptist,,,21 Jun 1840,Sarah,F,Charles,Maria,MACRO,,,Labourer,
SFK,Denham,St John The Baptist,,,19 Jul 1840,Mary,F,William,Maria,TURNER,,,Labourer,
SFK,Denham,St John The Baptist,,10 Dec 1839,27 Sep 1840,Marianne,F,Robert,Ann,OSBORNE,,,Labourer,
SFK,Denham,St John The Baptist,,,27 Sep 1840,James,M,Richard,Harriet,DYSON,,,Labourer,
SFK,Denham,St John The Baptist,,,18 Oct 1840,Alfred,M,George,Rebeckah,MORTLOCK,,,Labourer,
SFK,Denham,St John The Baptist,,,29 Nov 1840,Emma,F,Mark,Mary,MYSON,,,Thatcher,
SFK,Denham,St John The Baptist,,,7 Feb 1841,Henry,M,William,Sally,JARMAN,JARMAN,,,
SFK,Denham,St John The Baptist,,,30 May 1841,Henry,M,Thomas,Susan,SMITH,,,Labourer,
SFK,Denham,St John The Baptist,,,30 May 1841,Cornelius,M,James,Maria,PATTLE,,,Labourer,
SFK,Denham,St John The Baptist,,,30 May 1841,Johanna,F,Edward,Anness,GREYGOOSE,,,Labourer,
SFK,Denham,St John The Baptist,,,30 Nov 1841,Frederick,M,John,Mary,WALKER,,,Carpenter,
SFK,Denham,St John The Baptist,,,27 Jun 1841,Cornelius,M,Joseph,Sarah,LEECH,,,Labourer,
SFK,Denham,St John The Baptist,,,16 Jul 1841,Silvy,M,Henry,Elizabeth,BARROW,,,Blacksmith,
SFK,Denham,St John The Baptist,,,15 Aug 1841,James,M,Jonas,Marianne,OSBORNE,,,Labourer,
SFK,Denham,St John The Baptist,,,6 Feb 1842,William,M,Thomas,Sarah,JARMAN,,,Labourer,
SFK,Denham,St John The Baptist,,,13 Mar 1842,George,M,William,Jane,SPARROW,,,Gamekeeper,
SFK,Denham,St John The Baptist,,,17 Apr 1842,Elizabeth,F,John,Susan,WEBB,,,Labourer,
SFK,Denham,St John The Baptist,,,29 Jul 1842,Solomon,M,Arthur,Anne,PATTLE,,,Labourer,
SFK,Denham,St John The Baptist,,,14 Aug 1842,Harriet,F,George,Rebecca,MORTLOCK,,,Labourer,
SFK,Denham,St John The Baptist,,,21 Aug 1842,Emma,F,Edward,Anness,GREYGOOSE,,,Labourer,
SFK,Denham,St John The Baptist,,,28 Aug 1842,Priscilla,F,Robert,Anne,OSBORNE,,,Labourer,
SFK,Denham,St John The Baptist,,,4 Sep 1842,Harriet,F,Jacob,Elizabeth,WRIGHT,,,Labourer,
SFK,Denham,St John The Baptist,,,1 Sep 1842,Marianne,F,James,Sarah,EVERED,,,Labourer,
SFK,Denham,St John The Baptist,,,18 Sep 1842,Richard,M,Richard,Mary,MOLE,,,Labourer,
SFK,Denham,St John The Baptist,,,5 Oct 1842,Richard,M,John,Mary,WALKER,,,Carpenter,
SFK,Denham,St John The Baptist,,,5 Nov 1842,Henry James,M,Frederick,Sarah,CORNELL,HALLS,,Farmer,
SFK,Denham,St John The Baptist,,,18 Nov 1842,Henry,M,William,Maria,TURNER,,,Labourer,
SFK,Denham,St John The Baptist,,,25 Dec 1842,Anne,F,Henry,Elizabeth,BARROW,,,Blacksmith,
SFK,Denham,St John The Baptist,,,1 Feb 1843,Elizabeth,F,Mark,Mary,MYSON,,,Thatcher,
SFK,Denham,St John The Baptist,,,1 Sep 1843,Emily,F,Thomas,Susan,SMITH,,,Labourer,
SFK,Denham,St John The Baptist,,,18 Sep 1843,William,M,James,Elizabeth,TODD,,,Labourer,
SFK,Denham,St John The Baptist,,,29 Sep 1843,Elizabeth,F,Joseph,Sarah,BARROW,,Barrow,Blacksmith,
SFK,Denham,St John The Baptist,,,6 Oct 1843,Jonas,M,James,Maria,PATTLE,,,Labourer,
SFK,Denham,St John The Baptist,,,2 Nov 1843,Eliza,F,William,Miriam,LIES,,,Labourer,
SFK,Denham,St John The Baptist,,,25 Dec 1843,Emma,F,Richrd,Harriet,DYSON,,,Labourer,
SFK,Denham,St John The Baptist,,,10 Mar 1844,Uriah,M,Joseph Edward,Sarah,LEECH,,,Parish clerk,
SFK,Denham,St John The Baptist,,,26 May 1844,Henry James,M,Jonas,Mary Anne,OSBORNE,,,Labourer,
SFK,Denham,St John The Baptist,,,26 May 1844,Mary Anne,F,George,Rebecca,MORTLOCK,,,Labourer,
SFK,Denham,St John The Baptist,,,26 May 1844,Edward,M,John,Susan,WEBB,,,Labourer,
SFK,Denham,St John The Baptist,,,8 Sep 1844,Eliza,F,James,Sarah,EVERED,,,Labourer,
SFK,Denham,St John The Baptist,,,8 Sep 1844,John,M,George,Sally,SPARROW,,,Labourer,
SFK,Denham,St John The Baptist,,,13 Oct 1844,Henry,M,Thomas,Betsy,WEBB,,Gazeley,Labourer,
SFK,Denham,St John The Baptist,,,20 Oct 1844,Sarah,F,Henry,Mary,MORTLOCK,,,Labourer,
SFK,Denham,St John The Baptist,,,20 Oct 1844,James,M,Robert,Anne,OSBORN,,,Labourer,
SFK,Denham,St John The Baptist,,,27 Oct 1844,Arthur,M,John,Mary,WALKER,,,Carpenter,
SFK,Denham,St John The Baptist,,,13 Jan 1845,Ellen,F,William,Sophia,HALLS,,Denham castle,Farmer,
SFK,Denham,St John The Baptist,,,13 Jan 1845,William Ruffell,M,George,Sophia,HALLS,,,,Off min
SFK,Denham,St John The Baptist,,,21 Mar 1845,Joseph Walter,M,James,Sarah,CORNWELL,,Dalham,Shoemaker,
SFK,Denham,St John The Baptist,,,20 Apr 1845,John,M,George,Susan,TURNER,,Dalham,Labourer,
SFK,Denham,St John The Baptist,,,21 Sep 1845,Charles,M,William,Maria,TURNER,,,Labourer,
SFK,Denham,St John The Baptist,,,28 Sep 1845,Charles,M,Richard,Harriot,DYSON,,,Labourer,
SFK,Denham,St John The Baptist,,,14 Dec 1845,Emily,F,Thomas,Susan,SMITH,,,Labourer,
SFK,Denham,St John The Baptist,,,6 Jan 1846,Louisa Mary,F,Joseph Edwin,Matilda,HALLS,,Denham hall,Farmer,
SFK,Denham,St John The Baptist,,,1 Mar 1846,John,M,Henry,Eliza,BARROW,,,Blacksmith,
SFK,Denham,St John The Baptist,,,15 Mar 1846,Alfred,M,John,Mary,WALKER,,,Carpenter,
SFK,Denham,St John The Baptist,,,3 May 1846,George,M,John,Susan,WEBB,,,Labourer,
SFK,Denham,St John The Baptist,,,31 May 1846,Drusilla,F,James,Maria,PATTLE,,,Labourer,
SFK,Denham,St John The Baptist,,,31 May 1846,Uriah,M,,Lucy,,LEECH,,,
SFK,Denham,St John The Baptist,,,17 Aug 1846,Eliza,F,George,Rebecca,MORTLOCK,,,Labourer,
SFK,Denham,St John The Baptist,,,16 Sep 1846,Cephas,M,John,Mary Anne,BARROW,,,Labourer,
SFK,Denham,St John The Baptist,,,13 Dec 1846,,-,James,Sarah,EVERED,,,Labourer,
SFK,Denham,St John The Baptist,,,3 Mar 1847,Eliza,F,Mark,Mary,MYSON,,,Labourer,
SFK,Denham,St John The Baptist,,,27 Apr 1847,George,M,Robert,Anne,OSBORNE,,,Labourer,
SFK,Denham,St John The Baptist,,,16 May 1847,Robert,M,George,Susan,TURNER,,Dalham,Labourer,
SFK,Denham,St John The Baptist,,,16 May 1847,,-,Thomas,Susan,SMITH,,,Labourer,
SFK,Denham,St John The Baptist,,,15 Jul 1847,Joseph Frederick,M,Frederick Cornell,Sarah,HALLS,,,Farmer,George halls rector of st johns sub castro lewes off min
SFK,Denham,St John The Baptist,,,8 Aug 1847,Catherine Matilda,F,Joseph,Matilda,HALLS,,,Farmer,
SFK,Denham,St John The Baptist,,,5 Sep 1847,Eliza,F,James,Elizabeth,TODD,,Dalham,Labourer,
SFK,Denham,St John The Baptist,,,24 Oct 1847,Fanny,F,Joseph Edward,Sarah,LEECH,,,Labourer,
SFK,Denham,St John The Baptist,,,24 Oct 1847,John,M,George,Elizabeth,GERMAN,,Dalham,Labourer,
SFK,Denham,St John The Baptist,,,26 Dec 1847,Jonathan,M,Richard,Harriet,DYSON,,,Labourer,
SFK,Denham,St John The Baptist,,,16 Apr 1848,Cephas,M,John,Mary,WALKER,,,Carpenter,
SFK,Denham,St John The Baptist,,,14 May 1848,Maria,F,William,Maria,TURNER,,,Labourer,
SFK,Denham,St John The Baptist,,,29 Jun 1848,Maria,F,James,Sarah,EVERETT,,,Labourer,
SFK,Denham,St John The Baptist,,,3 Sep 1848,Elizabeth Mary,F,,Elizabeth,,EVERETT,,,
SFK,Denham,St John The Baptist,,,10 Sep 1848,Henry George,M,,Harriet,,MORTLOCK,,,
SFK,Denham,St John The Baptist,,,7 Oct 1848,Alfred,M,,Louisa,,SPARROW,,,
SFK,Denham,St John The Baptist,,,15 Oct 1848,James,M,Henry,Mary,MORTLOCK,,,Labourer,
SFK,Denham,St John The Baptist,,,10 Dec 1848,Moses,M,James,Maria,PATTLE,,,Labourer,
SFK,Denham,St John The Baptist,,,6 May 1849,Ellen Ann,F,Frederick Cornell,Sarah,HALLS,,,Farmer,
SFK,Denham,St John The Baptist,,,27 May 1849,Charles,M,Thomas,Susan,SMITH,,,Labourer,
SFK,Denham,St John The Baptist,,,19 Aug 1849,Louisa,F,Henry,Eliza,BARROW,,,Blacksmith,
SFK,Denham,St John The Baptist,,,16 Sep 1849,George,M,Richard,Harriet,DYSON,,,Labourer,
SFK,Denham,St John The Baptist,,,23 Sep 1849,Ann Maria,F,George,Rebecca,MORTLOCK,,,Labourer,
SFK,Denham,St John The Baptist,,,6 Jan 1850,Alfred,M,William,Jane,SPARROW,,,Labourer,
SFK,Denham,St John The Baptist,,,3 Feb 1850,Ann Maria,F,James,Sarah,EVERETT,,,Labourer,
SFK,Denham,St John The Baptist,,,12 Jun 1850,Henry William,M,William,Mary,MORTLOCK,,,Labourer,
SFK,Denham,St John The Baptist,,,21 Jul 1850,Eliza,F,John,Sarah,GERMAN,,,Labourer,
SFK,Denham,St John The Baptist,,,1 Sep 1850,George Samuel,M,George,Elizabeth,GERMAN,,,Labourer,
SFK,Denham,St John The Baptist,,,27 Oct 1850,Emily,F,William,Maria,TURNER,,,Labourer,
SFK,Denham,St John The Baptist,,,18 Nov 1850,Bertha,F,William,Sophia,HALLS,,Denham castle,Farmer, 