+INFO,grace.bowers@btinternet.com,password,SEQUENCED,MARRIAGES,cp437
#,CCC,Grace Bowers,NORFOLK,SFKFREMA.CSV,20-Jan-2008
#,CREDIT,Grace Bowers,grace.bowers@btinternet.com
#,20-Jan-2008,,
SFK,Fressingfield,St Peter and St Paul,,29 Jul 1554,Roberte,BATEMAN,,Wyssett,,,,Elizabeth,BARBOR,,Fressingfield,,,,,,,,,,,,,,
SFK,Fressingfield,St Peter and St Paul,,2 Sep 1554,James,WOLNAUGHE,,Fressingfield,,,,Margarett,DYXSONE,,Cockeley,,,,,,,,,,,,,,
SFK,Fressingfield,St Peter and St Paul,,20 Sep 1554,John,GOODWYN,,Topcrofte,,,,Roose,KYBBYLL,,Fressingfield,,,,,,,,,,,,,,
SFK,Fressingfield,St Peter and St Paul,,14 Oct 1554,Willm,BALLETT,,Fressingfield,,,,Alice,KOO,,Fressingfield,,,,,,,,,,,,,,
SFK,Fressingfield,St Peter and St Paul,,17 Nov 1554,Robert,GRYNDLYNG,,Fressingfield,,,,Marjorie,TOPPESFELDE,,Fressingfield,,,,,,,,,,,,,,
SFK,Fressingfield,St Peter and St Paul,,19 Nov 1554,Richarde,AULDOUS,,Fressingfield,,,,Margarett,GODDERTT,,Fressingfield,,,,,,,,,,,,,,
SFK,Fressingfield,St Peter and St Paul,,9 Sep 1555,Thomas,AULDOUS,,Fressingfield,,,,Franncs,MYCHELL,,Fressingfield,Widow,,,,,,,,,,,,,
SFK,Fressingfield,St Peter and St Paul,,13 Sep 1555,Peter,CROWE,,Cratefilde,,,,Gelion,GILDENSTENE,,Fressingfield,,,,,,,,,,,,,,
SFK,Fressingfield,St Peter and St Paul,,29 Sep 1555,Roberte,KENE,,Fressingfield,,,,Johane,BOTTWRIGHTE,,Fressingfield,,,,,,,,,,,,,,
SFK,Fressingfield,St Peter and St Paul,,13 Oct 1555,William,GRYNLINGE,,Fressingfield,,,,Elizabeth,BOTTWRIGHTE,,Fressingfield,,,,,,,,,,,,,,
SFK,Fressingfield,St Peter and St Paul,,9 Nov 1555,Thomas,HARLINGE,,Carleton Rode,,,,Johanne,WOULNOW,,Fressingfield,widow,,,,,,,,,,,,,
SFK,Fressingfield,St Peter and St Paul,,28 Apr 1556,Bartholomew,PARMYTTER,,Fressingfield,,,,Alicw,DEREWGH,,Fressingfield,widow,,,,,,,,,,,,,
SFK,Fressingfield,St Peter and St Paul,,2 Sep 1557,Lawrence,FYLBYE,,Fressingfield,,,,Johanne,WILLETT,,Fressingfield,,,,,,,,,,,,,,
SFK,Fressingfield,St Peter and St Paul,,9 Sep 1557,William,TOPPESFELD,,Fressingfield,,Gentleman,,Anne,WADE,,Fressingfield,,,,,,,,,,,,,,
SFK,Fressingfield,St Peter and St Paul,,19 Sep 1557,Jeferie,GOODWYN,,Fressingfield,,,,Agnes,RICHEMAN,,Fressingfield,,,,,,,,,,,,,,
SFK,Fressingfield,St Peter and St Paul,,17 Jul 1558,Thomas,BOTWRIGHTE,,Fressingfield,,,,Anne,BYGLINGS,,Fressingfield,,,,,,,,,,,,,,
SFK,Fressingfield,St Peter and St Paul,,30 Aug 1558,John,MYLLES,,Fressingfield,Widower,,,Margarett,GRIGGS,,Fressingfield,,,,,,,,,,,,,,
SFK,Fressingfield,St Peter and St Paul,,17 Oct 1558,William,BALDRY,,Brundishe,Widower,,,Elizabeth,STORER,,Fressingfield,widow,,,,,,,,,,,,,
SFK,Fressingfield,St Peter and St Paul,,9 Sep 1559,William,WOLNOW,,Fressingfield,,,,Agnes,PETITE,,Fressingfield,,,,,,,,,,,,,,
SFK,Fressingfield,St Peter and St Paul,,15 Oct 1559,Roberte,LAWRENCE,,Fressingfield,,,,Johanne,BROCKE,,Fressingfield,,,,,,,,,,,,,,
SFK,Fressingfield,St Peter and St Paul,,17 Oct 1559,*,SPARKE,,Fressingfield,,,,Margerie,WOLNAW,,Fressingfield,Widow,,,,,,,,,,,,,
SFK,Fressingfield,St Peter and St Paul,,2 May 1560,William,COCKEN,,Fressingfield,,,,Margerie,BERY,,Fressingfield,,,,,,,,,,,,,,
SFK,Fressingfield,St Peter and St Paul,,25 May 1560,Godfrey,WOD,,Eston,,,,Anne,POLEY,,Fressingfield,,,,,,,,,,,,,,
SFK,Fressingfield,St Peter and St Paul,,16 Jun 1560,James,ALDOUS,,Fressingfield,,,,Agnes,GODBOLDE,,Fressingfield,,,,,,,,,,,,,,
SFK,Fressingfield,St Peter and St Paul,,5 Aug 1560,Roberte,DUNET,,Halsworth,,,,Johane,FOXE THE ELDER,,Fressingfield,,,,,,,,,,,,,,
SFK,Fressingfield,St Peter and St Paul,,5 Aug 1560,John,BRAME,,Southe Elmham St Nicholas,,,,Johane,FOX YONGER,,Fressingfield,,,,,,,,,,,,,,
SFK,Fressingfield,St Peter and St Paul,,5 Oct 1560,Roberte,MIDDAIE,,Fressingfield,,,,Anne,KEMPE,,Fressingfield,,,,,,,,,,,,,,
SFK,Fressingfield,St Peter and St Paul,,12 Nov 1560,Richarde,ALDOWS,,Fressingfield,,,,Margaret,ROWS,,Fressingfield,,,,,,,,,,,,,,
SFK,Fressingfield,St Peter and St Paul,,3 Dec 1560,John,GOODWYN,,Fressingfield,,,,Margaret,GODBOLD,,Fressingfield,,,,,,,Roberte,GODBOLD,,,,,,
SFK,Fressingfield,St Peter and St Paul,,6 Feb 1560/1,Lewes,BORRETT,,Stradbrook,,,,Katherine,GOBBETT,,Fressingfield,,,,,,,,,,,,,,
SFK,Fressingfield,St Peter and St Paul,,18 May 1561,John,SANDCRAFTE,,Fressingfield,,,,Ants,BALDRIE,,Fressingfield,,,,,,,,,,,,,,
SFK,Fressingfield,St Peter and St Paul,,22 Jun 1561,Robbert,OWLES,,Fressingfield,,,,Johane,GOODWYN,,Fressingfield,,,,,,,,,,,,,,
SFK,Fressingfield,St Peter and St Paul,,22 Jun 1561,Vincent,DONNETT,,Fressingfield,,,,Alice,GILDENSLYVE,,Fressingfield,,,,,,,,,,,,,,
SFK,Fressingfield,St Peter and St Paul,,4 Oct 1561,Thomas,ALDOWS,,Fressingfield,,,,Gillian,FISKE,,Fressingfield,,,,,,,,,,,,,,
SFK,Fressingfield,St Peter and St Paul,,23 Oct 1561,Simon,BETTIS,,Fressingfield,,,,Katherine,TAYLAR,,Fressingfield,,,,,,,,,,,,,,
SFK,Fressingfield,St Peter and St Paul,,7 Dec 1561,Reginald,CORDALL,,Fressingfield,,,,Olyve,WOLNAUGHE,,Fressingfield,,,,,,,,,,,,,,
SFK,Fressingfield,St Peter and St Paul,,26 Apr 1562,Thomas,GRYGS,,Fressingfield,,,,Alice,CLARKE,,Fressingfield,,,,,,,,,,,,,,
SFK,Fressingfield,St Peter and St Paul,,24 May 1562,Robert,GODBOLD,,Wissett,,,,Elizabeth,HARRIS,,Fressingfield,,,,,,,,,,,,,,Eliz Harris Servant With John Barbar Of This Parish
SFK,Fressingfield,St Peter and St Paul,,28 Jun 1562,Godfrey,CRISPE,,Fressingfield,,,,Elizabeth,WOLNAUGHE,,Warnehurste,Widow,,,,,,,,,,,,,
SFK,Fressingfield,St Peter and St Paul,,26 Jul 1562,Thomas,PULHAM,,Stradbrooke,,,,Margerie,STAMP,,Fressingfield,,,,,,,,,,,,,,
SFK,Fressingfield,St Peter and St Paul,,23 Aug 1562,Anthonie,DAINELL,,Fressingfield,,,,Johane,BARBAR,,Fressingfield,,,,,,,,,,,,,,
SFK,Fressingfield,St Peter and St Paul,,20 Sep 1562,William,VINCE,,Fressingfield,,,,Johane,BOTTWRIGHTE,,Fressingfield,,,,,,,,,,,,,,
SFK,Fressingfield,St Peter and St Paul,,1 Dec 1562,Richard,ALDOWS,,Fressingfield,,,,Lettis,BROCKE,,Fressingfield,,,,,,,,,,,,,,
SFK,Fressingfield,St Peter and St Paul,,23 Jan 1562/3,John,GOODWYN,,Topcrofte,,,,Margerie,BOTTWRIGHTE,,Fressingfield,,,,,,,,,,,,,,
SFK,Fressingfield,St Peter and St Paul,,23 Apr 1563,John,BARBAR,,Wittingham Grenne,,,,Alice,CAWVER,,Fressingfield,,,,,,,,,,,,,,John Barbar Son Of Widow Wolnaughe
SFK,Fressingfield,St Peter and St Paul,,12 Sep 1563,Robert,BALDRYE,,Fressingfield,,,,Margarett,BOTTWRIGHTE,,Fressingfield,,,,,,,,,,,,,,Margarett Daughter Of John Bottwrighte
SFK,Fressingfield,St Peter and St Paul,,26 Sep 1563,Simon,WOLNAUGHE,,Fressingfield,,,,Alice,MERICANT,,Fressingfield,,,,,,,,,,,,,,
SFK,Fressingfield,St Peter and St Paul,,21 Oct 1563,James,BARBAR,,Fressingfield,,,,Johane,MAIE,,Fressingfield,,,,,,,,,,,,,,
SFK,Fressingfield,St Peter and St Paul,, * 1563,William,WOLNAUGHE JUNIOR,,,,,,Elizabeth,SERGEANTE,,,,,,,,,,,,,,,,
SFK,Fressingfield,St Peter and St Paul,,7 Feb 1563/4,Richard,GRENLINGE,,Stradbrook,,,,Alice,CADWELL,,,,,,,,,,,,,,,,
SFK,Fressingfield,St Peter and St Paul,,10 Apr 1564,Thomas,WHYTTINGE,,,,,,Elizabeth,SMYTHE,,,,,,,,,,,,,,,,
SFK,Fressingfield,St Peter and St Paul,,28 Nov 1564,Roberte,BOREWARE,,,,,,Elizabeth,BRIDGS,,,,,,,,,,,,,,,,
SFK,Fressingfield,St Peter and St Paul,,23 Sep 1565,Nicholas,BARBAR,,,,,,Margaret,WOLNAUGHE,,,,,,,,,,,,,,,,
SFK,Fressingfield,St Peter and St Paul,,15 Sep 1566,Edmonde,BOTHWRIGHTE,,,,,,Elizabeth,HOWE,,,,,,,,,,,,,,,,
SFK,Fressingfield,St Peter and St Paul,,26 Sep 1566,Henrie,COLBIE,,Brockedishe,,,,Grace,DONNETT,,,,,,,,,,,,,,,,
SFK,Fressingfield,St Peter and St Paul,,12 Jan 1566/7,John,WALE,,,,,,Elizabeth,GOODRAME,,,,,,,,,,,,,,,,
SFK,Fressingfield,St Peter and St Paul,,1 Jun 1567,John,COLBIE,,Brockedishe,,,,Katherine,BETTS,,,widow,,,,,,,,,,,,,
SFK,Fressingfield,St Peter and St Paul,,10 Jul 1567,William,ALDOWS,,,,,,Margaret,NOYES,,,,,,,,,,,,,,,,
SFK,Fressingfield,St Peter and St Paul,,5 Oct 1567,Edmond,BARBAR,,,,,,Thommasyn,SPALDINGE,,,,,,,,,,,,,,,,
SFK,Fressingfield,St Peter and St Paul,,21 Jun 1568,William,ALDOWS,,,,,,Agnes,POOLLEY,,,,,,,,,,,,,,,,
SFK,Fressingfield,St Peter and St Paul,,27 Jun 1568,Roberte,BROWNE,,,,,,Annes,RICKES,,,,,,,,,,,,,,,,
SFK,Fressingfield,St Peter and St Paul,,22 Aug 1568,Gregorie,BARBAR,,,,,,Mariane,COOKE,,,,,,,,,,,,,,,,
SFK,Fressingfield,St Peter and St Paul,,7 Oct 1568,John,BRUSTER,,,,,,Margaret,POLEY,,,,,,,,,,,,,,,,
SFK,Fressingfield,St Peter and St Paul,,10 Oct 1568,Lewes,SANDCRAFTE,,,,,,Margarett,OWLES,,,widow,,,,,,,,,,,,,
SFK,Fressingfield,St Peter and St Paul,,12 Oct 1568,Roberte,GRYNLINGE,,,,,,Margarett,SANDERSON,,,widow,,,,,,,,,,,,,
SFK,Fressingfield,St Peter and St Paul,,7 Nov 1568,Edwarde,KENTE,,Harleston,,,,Katherine,GODBOLDE,,,,,,,,,Roberte,GODBOLDE,,,,,,
SFK,Fressingfield,St Peter and St Paul,,28 Jul 1569,Roberte,COOKE,,Wingefilde,,,,Millicent,BOTTWRIGHTE,,,,,,,,,,,,,,,,
SFK,Fressingfield,St Peter and St Paul,,8 Oct 1569,William,ALDOWS,,,,,,Agnes,ALDOWS,,,,,,Thomas,ALDOWS DECEASED,,William,ALDOWS,,,,,,
SFK,Fressingfield,St Peter and St Paul,,27 Jun 1570,John,BRANNCHE,,Shipmedowe,,,,Elizabeth,BARBAR SENIOR,,,,,,,,,,,,,,,,
SFK,Fressingfield,St Peter and St Paul,,2 Jul 1570,James,BARBAR,,,,,,Margaret,RICHEMAN,,,,,,,,,,,,,,,,
SFK,Fressingfield,St Peter and St Paul,,9 Jul 1570,Giles,BORRETT,,,,,,Alice,GRYNLINGE,,,,,,,,,,,,,,,,
SFK,Fressingfield,St Peter and St Paul,,16 Jul 1570,Henrie,SALMON,,,,,,Agnes,WOLNAUGHE,,,,,,,,,,,,,,,,
SFK,Fressingfield,St Peter and St Paul,,3 Sep 1570,John,MUNSONE,,,,,,Anne,PURCHAS,,,,,,,,,,,,,,,,
SFK,Fressingfield,St Peter and St Paul,,24 Sep 1570,James,WOLNAUGHE,,,,,,Anne,GRYNLINGE,,,,,,,,,,,,,,,,
SFK,Fressingfield,St Peter and St Paul,,17 Jun 1571,Launcelotte,GOOCHE,,Romborowe,,,,Katharine,BARBAR,,,,,,,,,,,,,,,,
SFK,Fressingfield,St Peter and St Paul,,26 Jun 1571,Richarde,ALDOWS,,,,,,Anne,ALDOWS,,,,,,,,,,,,,,,,
SFK,Fressingfield,St Peter and St Paul,,1 Jul 1571,William,BRAME,,,,,,Elizabeth,BARBAR,,,,,,,,,,,,,,,,
SFK,Fressingfield,St Peter and St Paul,,16 Sep 1571,John,HARPER,,,,,,Frawncs,BARBAR,,,,,,,,,,,,,,,,
SFK,Fressingfield,St Peter and St Paul,,23 Sep 1571,Stephen,LEGATTE,,,,,,Margerie,MARKANT,,,,,,,,,,,,,,,,
SFK,Fressingfield,St Peter and St Paul,,11 Feb 1571/2,John,LAWCELL AL BOCHER,,,,,,Alice,BARBAR,,,widow,,,,,,,,,,,,,
SFK,Fressingfield,St Peter and St Paul,,17 Jul 1572,John,DYKES,,,,,,Dorothe,TIBBALL,,,,,,,,,,,,,,,,
SFK,Fressingfield,St Peter and St Paul,,14 Sep 1572,John,GYRLINGE,,,,,,Elizabeth,GODBOLDE,,,,,,,,,,,,,,,,
SFK,Fressingfield,St Peter and St Paul,,22 Aug 1573,*,WATERFFEILDE,,,,,,Elizabeth,BLITHE,,,widow,,,,,,,,,,,,,
SFK,Fressingfield,St Peter and St Paul,,5 Oct 1573,John,SEMAN,,Luisted Parva,,,,Alice,PRATT,,,,,,,,,,,,,,,,
SFK,Fressingfield,St Peter and St Paul,,12 Oct 1573,John,WOLNAUGHE,,,,,,Alice,COONE,,,,,,,,,,,,,,,,
SFK,Fressingfield,St Peter and St Paul,,16 May 1574,John,GODFREY,,,,,,Bridgett,PRESTON,,,,,,,,,,,,,,,,
SFK,Fressingfield,St Peter and St Paul,,11 Jul 1574,James,BOWLER JUNIOR,,,,,,Bridget,LAWCELL,,,,,,,,,,,,,,,,
SFK,Fressingfield,St Peter and St Paul,,8 Aug 1574,Henry,OWLES,,,,,,Elizabeth,GRYNLINGE,,,,,,,,,,,,,,,,
SFK,Fressingfield,St Peter and St Paul,,2 Oct 1574,Edmonde,CHAPMAN,,St Marie Trymley,,,,Ames,ALLWOOD,,,,,,,,,,,,,,,,
SFK,Fressingfield,St Peter and St Paul,,25 Oct 1574,Simon,CHILDROSE,,,,,,Franncs,SHERMAN,,,,,,,,,,,,,,,,
SFK,Fressingfield,St Peter and St Paul,,8 Aug 1575,John,SMITHE,,,,,,Isabell,CALVER,,,,,,,,,,,,,,,,
SFK,Fressingfield,St Peter and St Paul,,18 Sep 1575,Richarde,ADAMES,,,,,,Elizabeth,BARBAR,,,,,,,,,,,,,,,,
SFK,Fressingfield,St Peter and St Paul,,11 Nov 1575,Thomas,GATTES,,,,,,Margaret,TAYLOR,,,,,,,,,,,,,,,,
SFK,Fressingfield,St Peter and St Paul,,14 Jan 1575/6,Camdodis,FENNE,,,,,,Alice,BARBAR,,,,,,,,,,,,,,,,
SFK,Fressingfield,St Peter and St Paul,,24 Jan 1575/6,Roberte,FOXE,,,,,,Awdrie,WIETT,,,,,,,,,,,,,,,,
SFK,Fressingfield,St Peter and St Paul,,15 May 1576,Robert,TOMLINSON,,,,,,Alice,WHITE,,,,,,,,,,,,,,,,
SFK,Fressingfield,St Peter and St Paul,,3 Jun 1576,Stephen,VEYSYE,,,,,,Agnes,BOTTWRIGHTE,,,,,,,,,,,,,,,,
SFK,Fressingfield,St Peter and St Paul,,1 Jul 1576,John,WOLNAUGHE,,,,,,Franncs,CRISPE,,,,,,,,,,,,,,,,
SFK,Fressingfield,St Peter and St Paul,,5 Jul 1576,Edward,ELLIATE,,,,,,Clemente,NOLLOTHE,,,,,,,,,,,,,,,,
SFK,Fressingfield,St Peter and St Paul,,8 Jul 1576,Richard,HAILES,,,,,,Marie,BARBAR,,,,,,,,,,,,,,,,
SFK,Fressingfield,St Peter and St Paul,,10 Sep 1576,Nicholas,MAULE,,,,,,Susane,FOOKER,,,,,,,,,,,,,,,,
SFK,Fressingfield,St Peter and St Paul,,19 May 1577,Jeremye,BOTTWRIGHTE,,,,,,Alice,CARVER,,,,,,,,,,,,,,,,
SFK,Fressingfield,St Peter and St Paul,,2 Jun 1577,Richard,FOXE,,,,,,Alice,BARBAR,,,,,,,,,,,,,,,,
SFK,Fressingfield,St Peter and St Paul,,16 Jun 1577,Bryante,DOGET,,,,,,*,*,,,,,,,,,,,,,,,,
SFK,Fressingfield,St Peter and St Paul,,30 Jun 1577,Richarde,GOWEN,,,,,,Anne,GOODWYNE,,,,,,,,,,,,,,,,
SFK,Fressingfield,St Peter and St Paul,,9 Sep 1577,Thomas,THURKETELL,,,,,,Amye,CHURCHE,,,,,,,,,,,,,,,,
SFK,Fressingfield,St Peter and St Paul,,7 Oct 1577,William,BALLES,,,,,,Johane,OWLES,,,,,,,,,,,,,,,,
SFK,Fressingfield,St Peter and St Paul,,11 May 1578,John,TODE,,,,,,Johane,LENEY,,,,,,,,,,,,,,,,
SFK,Fressingfield,St Peter and St Paul,,6 Jul 1578,Roberte,WOLNAUGHE,,,,,,Katerine,KENE,,,,,,James,WOLNAUGHE,,Roberte,KENE,,,,,,
SFK,Fressingfield,St Peter and St Paul,,13 Jul 1578,Gregorie,BARBAR,,,,,,Ellen,FULLER,,Skoole,,,,William,BARBAR,,Henrie,FULLER,,,,,,
SFK,Fressingfield,St Peter and St Paul,,12 Oct 1578,William,GRENE,,,,,,Marie,PANTRY,,,,,,,,,,,,,,,,
SFK,Fressingfield,St Peter and St Paul,,2 Nov 1578,William,BARBAR,,,,,,Elizabeth,OWLES,,,,,,,,,,,,,,,,
SFK,Fressingfield,St Peter and St Paul,,15 Sep 1578,William,SANDCRAFTE,,,,,,Alice,STOOKES,,,,,,Francis,SANDCRAFTE,,,,,,,,,At Hoxne
SFK,Fressingfield,St Peter and St Paul,,20 Aug 1579,John,GODBOLDE,,,,,,Bridgett,BIRTE,,,,,,,,,,,,,,,,
SFK,Fressingfield,St Peter and St Paul,,28 Aug 1580,Simon,FULCHER,,,,,,Johane,BARBAR,,,,,,,,,,,,,,,,
SFK,Fressingfield,St Peter and St Paul,,4 Sep 1580,John,CULLAM,,,,,,Anne,POTTELL,,,,,,,,,,,,,,,,
SFK,Fressingfield,St Peter and St Paul,,17 Apr 1581,Richarde,FRISTON,,,,,,Johane,ALDOUS,,,,,,,,,,,,,,,,
SFK,Fressingfield,St Peter and St Paul,,21 May 1581,John,WARDE,,,,,,Alice,BOTTRIGHTE,,,,,,,,,,,,,,,,
SFK,Fressingfield,St Peter and St Paul,,29 Jun 1581,Roger,CLERKE,,,,,,Katherine,BOKESEME,,,,,,,,,,,,,,,,
SFK,Fressingfield,St Peter and St Paul,,20 Sep 1582,Thomas,NECHE,,,,,,Marie,BAKER,,,,,,,,,,,,,,,,
SFK,Fressingfield,St Peter and St Paul,,29 Apr 1583,Roberte,GRYNLINGE,,,,,,Grace,LAURENCE,,,,,,,,,John,LAURENCE,Gentleman,,,,,
SFK,Fressingfield,St Peter and St Paul,,21 May 1583,John,BARBAR,,,,,,Alice,FOXE,,,,,,,,,,,,,,,,
SFK,Fressingfield,St Peter and St Paul,,28 May 1583,Malachi,WOLNAUGHE,,,,,,Anne,FEILDE,,,,,,,,,,,,,,,,
SFK,Fressingfield,St Peter and St Paul,,23 Jul 1583,Simon,WOLNAUGHE,,,,,,Margarett,OWLES,,,,,,,,,,,,,,,,
SFK,Fressingfield,St Peter and St Paul,,12 Aug 1583,Franncs,PERCY,,,,,,*,BARBAR,,,widow,,,,,,,,,,,,,
SFK,Fressingfield,St Peter and St Paul,,29 Oct 1583,Felix,POTTELL,,,,,,Jane,JOSSOPE,,,,,,,,,,,,,,,,
SFK,Fressingfield,St Peter and St Paul,,29 Jun 1584,Peter,GOWEN,,,,,,Katherine,GODBOLD,,,,,,,,,,,,,,,,
SFK,Fressingfield,St Peter and St Paul,,22 Sep 1584,Thomas,GOWEN,,,,,,Johane,BARBAR,,,widow,,,,,,,,,,,,,
SFK,Fressingfield,St Peter and St Paul,,22 Sep 1584,Roberte,BELL,,,,,,Alice,SMYTHE,,,,,,,,,,,,,,,,
SFK,Fressingfield,St Peter and St Paul,,22 Sep 1584,John,BECKET,,,,,,Elizabeth,TOMPSON,,,,Late Servant With Mr Toppefilde,,,,,,,,,,,,
SFK,Fressingfield,St Peter and St Paul,,21 Apr 1585,Francs,WOLNAUGHE,,,,,,Jane,FISHER,,,,,,,,,,,,,,,,
SFK,Fressingfield,St Peter and St Paul,,22 Apr 1585,Walter,WARDE,,,,,,Johane,SEWELL,,,,,,,,,,,,,,,,
SFK,Fressingfield,St Peter and St Paul,,27 May 1585,Christopher,WOLNAUGHE,,,,,,Johane,HOWE,,,,,,,,,,,,,,,,
SFK,Fressingfield,St Peter and St Paul,,31 May 1585,Thomas,BUNTINGE,,,,,,Alice,DOWE,,,,,,,,,,,,,,,,
SFK,Fressingfield,St Peter and St Paul,,15 Jun 1585,Gregorie,FRANNCS,,,,,,Prudence,SMITHE,,,,,,,,,,,,,,,,
SFK,Fressingfield,St Peter and St Paul,,1 Jul 1585,Roberte,GARROLD,,,,,,*,*,,,,,,,,,,,,,,,,
SFK,Fressingfield,St Peter and St Paul,,24 Aug 1585,John,BARBAR,,,,,,Jane,BALLES,,,,,,,,,,,,,,,,
SFK,Fressingfield,St Peter and St Paul,,30 Sep 1585,George,NICHOLS,,,,,,Johan,ABES,,,,,,,,,,,,,,,,
SFK,Fressingfield,St Peter and St Paul,,3 Oct 1585,John,DOWSYNGE,,,,,,Martha,LAWRENCE,,,,,,,,,,,,,,,,
SFK,Fressingfield,St Peter and St Paul,,17 Apr 1586,Austen,FLOWER,,,,,,Anne,WELLES,,,,,,,,,,,,,,,,
SFK,Fressingfield,St Peter and St Paul,,17 Apr 1586,Matthyas,GOODWYN,,,,,,Marie,LAWCELL,,,,,,,,,,,,,,,,
SFK,Fressingfield,St Peter and St Paul,,12 May 1586,Stephen,MICHELL,,,,,,Anne,OWLES,,,,,,,,,,,,,,,,
SFK,Fressingfield,St Peter and St Paul,,7 Jun 1586,Theophilus,BOULTON,,,,,,Elizabeth,POTTELL,,,,,,,,,,,,,,,,
SFK,Fressingfield,St Peter and St Paul,,12 Jul 1586,Roberte,HARBORDE,,,,,,Marie,VEASIE,,,,,,,,,,,,,,,,
SFK,Fressingfield,St Peter and St Paul,,19 Sep 1586,Roger,FOXE,,,,,,Johane,BELTS,,,,,,,,,,,,,,,,
SFK,Fressingfield,St Peter and St Paul,,16 Oct 1586,Anthonie,FISHER,,,,,,Marie,FISKE,,,,,,,,,,,,,,,,
SFK,Fressingfield,St Peter and St Paul,,13 Nov 1586,Felex ,POTTELL,,,,,,Prudence ,ELMER,,,,,,,,,,,,,,,,
SFK,Fressingfield,St Peter and St Paul,,13 Nov 1586,John,POTTELL,,,,,,Anne,*,,,,,,,,,,,,,,,,
SFK,Fressingfield,St Peter and St Paul,,4 Dec 1586,Henrie,GODBOLD,,,,,,Anne,MOORE,,,,,,,,,,,,,,,,
SFK,Fressingfield,St Peter and St Paul,,25 Apr 1587,Christopher,EACHARDE,,,,,,Anne,LAWRENCE,,,,,,,,,John,LAWRENCE,Gent,,,,,
SFK,Fressingfield,St Peter and St Paul,,22 Aug 1587,John,BLOBOLD,,,,,,Johane,RAMPLEY,,,widow,,,,,,,,,,,,,
SFK,Fressingfield,St Peter and St Paul,,6 Oct 1587,Thomas,ELSEN,,,,,,Anne,,,,,,,,,,,,,,,,,
SFK,Fressingfield,St Peter and St Paul,,10 Oct 1587,Nicholas,GOOCHE,,,,,,Anne,GOODWYN,,,,,,,,,,,,,,,,
SFK,Fressingfield,St Peter and St Paul,,9 Oct 1587,William,FISHER,,,,,,Anne,ALDOWS,,,,,,,,,,,,,,,,
SFK,Fressingfield,St Peter and St Paul,,12 Dec 1587,Thomas,ATHEROLDE,,,Widower,,,Marie,HARBORDE,,,widow,,,,,,,,,,,,,
SFK,Fressingfield,St Peter and St Paul,,7 May 1588,James,MARKES,,,,,,Roose,GRINLINGE,,,,,,,,,,,,,,,,
SFK,Fressingfield,St Peter and St Paul,,4 Jun 1588,Edward,KEYES,,,,,,Anne,COOPER,,,,,,,,,,,,,,,,
SFK,Fressingfield,St Peter and St Paul,,20 Jan 1588/9,John,HARVEY,,,,,,Lettis,BARBAR,,,,,,,,,,,,,,,,
SFK,Fressingfield,St Peter and St Paul,,23 Jan 1588/9,Charles,FLOWERDEW,,,,,,Mirable,BEARTE,,,,,,,,,,,,,,,,
SFK,Fressingfield,St Peter and St Paul,,6 Feb 1588/9,Simon,BARBAR,,,,,,Anne,ALDOWS,,,,,,,,,,,,,,,,
SFK,Fressingfield,St Peter and St Paul,,17 Jul 1589,Richarde,ALDOWS,,,,,,Elizabeth,SANDCRAFTE,,,,,,,,,,,,,,,,
SFK,Fressingfield,St Peter and St Paul,,6 Nov 1589,John,BRAME,,,,Gent,,Roose,ARMIGER,,,,,,,,,,,,,,,,
SFK,Fressingfield,St Peter and St Paul,,15 Oct 1590,John,ALDOUS,,,,,,Marie,WOLNAUGHE,,,,,,,,,,,,,,,,
SFK,Fressingfield,St Peter and St Paul,,19 Oct 1590,William,ROOSE,,,,,,Anne,PYE,,,,,,,,,,,,,,,,
SFK,Fressingfield,St Peter and St Paul,,14 Nov 1590,John,HASELL,,,,,,Elizabeth,WOLNAUGHE,,,,,,,,,,,,,,,,
SFK,Fressingfield,St Peter and St Paul,,20 Nov 1590,William,COKRAM,,,,,,Margaret,BALDRYE,,,,,,,,,,,,,,,,
SFK,Fressingfield,St Peter and St Paul,,21 Dec 1590,Samuel,WELTON,,,,,,Olyffe,FROSTE,,,,,,,,,,,,,,,,
SFK,Fressingfield,St Peter and St Paul,,21 Jan 1590/1,Robert,PELLES,,,,,,Johane,WOLNAUGHE,,,,,,,,,,,,,,,,
SFK,Fressingfield,St Peter and St Paul,,2 Sep 1591,Francs,GRENEWOOD,,,,,,Elizabeth,JACKSON,,,,,,,,,,,,,,,,
SFK,Fressingfield,St Peter and St Paul,,2 Oct 1591,Robert,COOKE,,,,,,Jane,FULLCHER,,,,,,,,,,,,,,,,
SFK,Fressingfield,St Peter and St Paul,,3 Nov 1591,Thomas,ALDOWS,,,,,,Marie,COREY,,,,,,,,,,,,,,,,
SFK,Fressingfield,St Peter and St Paul,,27 Dec 1591,John,PADMALL,,,,,,Ellen,BOTTWRIGHTE,,,,,,,,,,,,,,,,
SFK,Fressingfield,St Peter and St Paul,,6 Jul 1592,Robert,CONNE,,,,,,Alice,GODBOLD,,,,,,,,,,,,,,,,
SFK,Fressingfield,St Peter and St Paul,,13 Jul 1592,Nicholas,CALVER,,,,,,Christian,BARBAR,,,,,,,,,,,,,,,,
SFK,Fressingfield,St Peter and St Paul,,22 Aug 1592,William,HALL,,,,Minister,,Annys,BARBAR,,,,,,,,,,,,,,,,
SFK,Fressingfield,St Peter and St Paul,,23 Oct 1593,Francs,GODBOLD,,,,,,Francs,TOLE,,,,,,Roberte,GODBOLD,,,,,,,,,
SFK,Fressingfield,St Peter and St Paul,,7 Feb 1593/4,William,WOLNAUGH,,,,,,Grace,COLBIE,,,widow,,,,,,,,,,,,,
SFK,Fressingfield,St Peter and St Paul,,26 May 1594,William,BARBAR,,,,,,Margaret,BARBER,,Chepenhall,,,,,,,Nicholas,BARBER,,,,,,
SFK,Fressingfield,St Peter and St Paul,,10 Jun 1594,John,GODBOLD,,,,,,Bridgett,ROOSE,,,,,,Robert,GODBOLD,,,,,,,,,
SFK,Fressingfield,St Peter and St Paul,,27 Jun 1594,Matthew,MILLER,,,,,,Jane,ROGERS,,,,,,,,,,,,,,,,
SFK,Fressingfield,St Peter and St Paul,,2 Jul 1594,William,BRAME,,,,,,Johane,ALDOWS,,,,,,,,,William,ALDOWS,,,,,,
SFK,Fressingfield,St Peter and St Paul,,20 Sep 1594,William,FISKE,,,,,,Anne,ALDOWS,,,,,,Jeferie,FISKE,,William,ALDOWS,,,,,,
SFK,Fressingfield,St Peter and St Paul,,30 May 1596,George,GARLOND,,,,,,Roose,CORNYSHE,,,,,,,,,,,,,,,,
SFK,Fressingfield,St Peter and St Paul,,1 Jun 1596,John,WITTAM,,,,,,Alice,FISKE,,,widow,,,,,,,,,,,,,
SFK,Fressingfield,St Peter and St Paul,,30 Jun 1596,George,MEANE,,,,,,Anne,DONNETT,,,,,,,,,,,,,,,,
SFK,Fressingfield,St Peter and St Paul,,15 Sep 1596,Thomas,ARTYS,,,,,,Alice,INGLE,,,,,,,,,,,,,,,,
SFK,Fressingfield,St Peter and St Paul,,15 Sep 1596,Thomas,TETHER,,,,,,Margarett,GOODWYN,,,,,,,,,,,,,,,,
SFK,Fressingfield,St Peter and St Paul,,20 Jan 1596/7,John,KENDALL,,,,,,Anne,GRENLINGE,,,,,,,,,,,,,,,,
SFK,Fressingfield,St Peter and St Paul,,26 Jan 1596/7,Thomas,WOLNAUGHE,,,,,,Alice,GOOCHE,,,widow,,,,,,,,,,,,,
SFK,Fressingfield,St Peter and St Paul,,25 Jun 1598,Richarde,DOWSYNGE,,,,,,Roose,COLBIE,,,,,,,,,,,,,,,,
SFK,Fressingfield,St Peter and St Paul,,29 Jun 1598,Thomas,MILLES,,,,,,Faithe,WRIGHTE,,,,,,,,,,,,,,,,
SFK,Fressingfield,St Peter and St Paul,,9 Oct 1598,James,CROWE,,,,,,Elizabeth,GOODE,,,,,,,,,,,,,,,,
SFK,Fressingfield,St Peter and St Paul,,19 Oct 1598,William,ALDOWS,,,,,,Elizabeth,ALDOWS,,,,,,,,,,,,,,,,
SFK,Fressingfield,St Peter and St Paul,,6 Dec 1598,Thomas,HAVEY,,,,,,Anne,WILNAUGHE,,,,,,,,,,,,,,,,
SFK,Fressingfield,St Peter and St Paul,,16 Apr 1599,William,WASE,,,,,,Margarett,DOWNINGE,,,,,,,,,,,,,,,,
SFK,Fressingfield,St Peter and St Paul,,19 Apr 1599,William,BRAME,,,,,,Beatrice,WOLNAUGHE,,,,,,,,,,,,,,,,
SFK,Fressingfield,St Peter and St Paul,,3 May 1599,Robert,GODBOLD,,,,,,Katherine,LAUGHTER,,,,,,,,,,,,,,,,
SFK,Fressingfield,St Peter and St Paul,,2 Jul 1599,Roberte,DUNNETT,,,,,,Marie,BRAME,,,,,,,,,,,,,,,,
SFK,Fressingfield,St Peter and St Paul,,7 Aug 1599,Roberte,ALDOWS,,,,,,Clement,BROCKE,,,,,,,,,,,,,,,,
SFK,Fressingfield,St Peter and St Paul,,24 Sep 1599,Jeremie,CLERKE,,,,,,Johana,WULLNAUGHE,,,,,,,,,,,,,,,,
SFK,Fressingfield,St Peter and St Paul,,3 Apr 1600,Henrie,BLOMEFEILD,,,,,,Agnes,ALDOWES,,,,,,,,,,,,,,,,
SFK,Fressingfield,St Peter and St Paul,,9 May 1600,Simon,GODBOLD,,,,,,Alice,GOWEN,,,,,,,,,,,,,,,,
SFK,Fressingfield,St Peter and St Paul,,23 Sep 1600,Richard,ABELL,,Framesden,,,,Grace,COOPER,,Framlingham,,,,,,,,,,,,,,
SFK,Fressingfield,St Peter and St Paul,,23 Sep 1600,Christopher,COOPER,,,,,,Christian,SMITHE,,,,,,,,,,,,,,,,
SFK,Fressingfield,St Peter and St Paul,,25 Sep 1600,John,LEGATT,,,,,,Joane,ADAMS,,,,,,,,,,,,,,,,
SFK,Fressingfield,St Peter and St Paul,,3 Oct 1600,Richard,HARVIE,,,,,,Alice,MARKOUT,,,,,,,,,,,,,,,,
SFK,Fressingfield,St Peter and St Paul,,29 Jun 1601,James,KEMP,,,,,,Joane,SAMON,,,,,,,,,,,,,,,,
SFK,Fressingfield,St Peter and St Paul,,22 Jun 1602,Richard,STRETTEL,,,,,,Ema,WULLNAUGHE,,,,,,,,,,,,,,,,
SFK,Fressingfield,St Peter and St Paul,,30 Jun 1602,Thomas,MENDHAM,,,,,,Aderin,BARBER,,,,,,,,,,,,,,,,
SFK,Fressingfield,St Peter and St Paul,,20 Jul 1602,Edward,BOYCE,,,,,,Prudence,LAUGHTER,,,,,,,,,,,,,,,,
SFK,Fressingfield,St Peter and St Paul,,27 Sep 1602,Christopher,GODBOLD,,,,,,Anne,GOWEN,,,,,,,,,,,,,,,,
SFK,Fressingfield,St Peter and St Paul,,17 Feb 1602/3,Roberte,CRISPE,,,,,,Marie,DUNNETT,,,widow,,,,,,,,,,,,,
SFK,Fressingfield,St Peter and St Paul,,27 Apr 1603,Richard,HUNTINGE,,,,,,Elizabeth,KNIGHTS,,,,,,,,,,,,,,,,
SFK,Fressingfield,St Peter and St Paul,,14 Jun 1603,Francis,GODBOLD,,,,,,Anne,HILL,,,,,,,,,,,,,,,,
SFK,Fressingfield,St Peter and St Paul,,14 Sep 1603,William,WEBSTER,,,,,,Marie,REEVE,,,,,,,,,,,,,,,,
SFK,Fressingfield,St Peter and St Paul,,19 Sep 1603,John,BORRETT,,,,,,Elizabeth,ALDOWES,,,,,,,,,,,,,,,,
SFK,Fressingfield,St Peter and St Paul,,20 Oct 1603,John,ALDOWS,,,,,,Hester,BACON,,,,,,,,,,,,,,,,
SFK,Fressingfield,St Peter and St Paul,,20 Feb 1603/4,Lionell,GIRLINGE,,,,,,Marjorie,FOX,,,Widow,,,,,,,,,,,,,
SFK,Fressingfield,St Peter and St Paul,,1 May 1604,John,TOPLIFFE,,,,,,Alice,BROWNE,,,,,,,,,,,,,,,,
SFK,Fressingfield,St Peter and St Paul,,23 Jul 1604,William,BLITHE,,,,,,Charitie,BLOMEFEILD,,,,,,,,,,,,,,,,
SFK,Fressingfield,St Peter and St Paul,,16 Aug 1604,John,EVERED,,,,,,Katherine,GODBOLD,,,Widow,,,,,,,,,,,,,
SFK,Fressingfield,St Peter and St Paul,,11 Oct 1604,John,WULLNAUGHE,,,,,,Alice,BROCK,,,,,,,,,,,,,,,,
SFK,Fressingfield,St Peter and St Paul,,22 Oct 1604,Samuel,BARBAR,,,,,,Marie,TURNER,,,,,,,,,,,,,,,,
SFK,Fressingfield,St Peter and St Paul,,6 Dec 1604,William,HARRISON,,,,,,Agnes,ALDOUS,,,,,,,,,,,,,,,,
SFK,Fressingfield,St Peter and St Paul,,2 May 1605,William,YOUNGS,,,,,,Elizabeth,ALDOUS,,,,,,,,,,,,,,,,
SFK,Fressingfield,St Peter and St Paul,,6 Aug 1605,John,GILBERTE ALIAS KAME,,,,,,Susane,MAYHEW,,,,,,,,,,,,,,,,
SFK,Fressingfield,St Peter and St Paul,,27 Oct 1605,Thomas,SANDCRAFTE,,,,,,Johane,BROCKE,,,,,,,,,,,,,,,,
SFK,Fressingfield,St Peter and St Paul,,28 Oct 1605,Richard,UTTINGE,,,,,,Alice,MILLES,,,,,,,,,,,,,,,,
SFK,Fressingfield,St Peter and St Paul,,23 Dec 1605,Edmonde,WOLNAUGHE,,,,,,Grace,BARBAR,,,,,,,,,,,,,,,,
SFK,Fressingfield,St Peter and St Paul,,1 May 1606,John,MILLES,,,,,,Margarett,WRIGHTE,,,,,,,,,,,,,,,,
SFK,Fressingfield,St Peter and St Paul,,30 Jun 1606,Roberte,BRAYE,,,,,,Marie,ALDOWS,,,,,,,,,,,,,,,,
SFK,Fressingfield,St Peter and St Paul,,7 Sep 1606,Thomas,WOLNAUGHE,,,,,,Marie,ALDOWS,,,,,,,,,,,,,,,,
SFK,Fressingfield,St Peter and St Paul,,13 Nov 1606,Thomas,AYNSWORTH,,,,,,Rose,CRICKERNER,,,,,,,,,,,,,,,,
SFK,Fressingfield,St Peter and St Paul,,25 Nov 1606,Thomas,NEALE,,,,,,Prudence,BOYSE,,,,,,,,,,,,,,,,
SFK,Fressingfield,St Peter and St Paul,,11 Dec 1606,George,BORRETT,,,,,,Deborah,SANDCRAFTE,,,,,,,,,,,,,,,,
SFK,Fressingfield,St Peter and St Paul,,24 Jun 1607,John,MILLES,,,,,,Margaret,WRIGHTE,,,,,,,,,,,,,,,,
SFK,Fressingfield,St Peter and St Paul,,6 Jul 1607,Nicholas,BARBAR,,,,,,Anne,ROBSON,,,,,,,,,,,,,,,,
SFK,Fressingfield,St Peter and St Paul,,14 Sep 1607,Edmonde,WOLNAUGHE,,,,,,Anne,MENE,,,,,,,,,,,,,,,,
SFK,Fressingfield,St Peter and St Paul,,27 Sep 1607,Richarde,MENE,,,,,,Katherine,FULCHER,,,,,,,,,,,,,,,,
SFK,Fressingfield,St Peter and St Paul,,21 Oct 1607,James,BARBAR,,,,,,Prudence,DRAKE,,,,,,,,,,,,,,,,
SFK,Fressingfield,St Peter and St Paul,,30 Jun 1608,George,COLE,,,,,,Elizabeth,PHILIPP,,,,,,,,,,,,,,,,
SFK,Fressingfield,St Peter and St Paul,,13 Oct 1608,James,SPALDINGE,,,,,,Grace,ALDOWS,,,,,,,,,,,,,,,,
SFK,Fressingfield,St Peter and St Paul,,5 Dec 1608,Reginald,WEBBE,,,,,,Adrian,COLBIE,,,widow,,,,,,,,,,,,,
SFK,Fressingfield,St Peter and St Paul,,25 Feb 1608/9,Roberte,MEEKE,,,,,,Elizabeth,CRISPE,,,,,,,,,,,,,,,,
SFK,Fressingfield,St Peter and St Paul,,13 Jun 1609,Henrie,SPENLOWE,,,,,,Rebecca,WOLNAUGHE,,,,,,,,,,,,,,,,
SFK,Fressingfield,St Peter and St Paul,,25 Jul 1609,Thomas,CUNNINGHAM,,,,,,Sithe,POTTEL,,,,,,,,,,,,,,,,
SFK,Fressingfield,St Peter and St Paul,,1 Oct 1609,Robberte,WRIGHTE,,,,,,Julian,ALDRED,,,,,,,,,,,,,,,,
SFK,Fressingfield,St Peter and St Paul,,19 Oct 1609,Benjamin,JONGLE,,,,,,Elizabeth,BUTTELS,,,,,,,,,,,,,,,,
SFK,Fressingfield,St Peter and St Paul,,7 Aug 1610,Robert,WOLNAUGHE,,,,,,Rose,DUCKETT,,,,,,,,,,,,,,,,
SFK,Fressingfield,St Peter and St Paul,,20 May 1611,Henrie,HUTCHENSON,,,,,,Elizabeth,BARBAR,,,,,,,,,,,,,,,,
SFK,Fressingfield,St Peter and St Paul,,18 Jul 1611,William,FULCHER,,,,,,Susan,CHURCHE,,,,,,,,,,,,,,,,
SFK,Fressingfield,St Peter and St Paul,,15 Sep 1612,Thomas,FLETTWOOD,,,,,,Susanne,WOLNAUGHE,,,,,,,,,,,,,,,,
SFK,Fressingfield,St Peter and St Paul,,27 Sep 1612,Nathaniel,ALDOWS,,,,,,Elizabeth,GOWEN,,,,,,,,,,,,,,,,
SFK,Fressingfield,St Peter and St Paul,,24 Nov 1612,Josua,GOWEN,,,,,,Sara,GOLDINGE,,,,,,,,,,,,,,,,
SFK,Fressingfield,St Peter and St Paul,,23 May 1613,James,FISKE,,,,,,Alice,CHETLEBOROWE,,,,,,,,,,,,,,,,
SFK,Fressingfield,St Peter and St Paul,,29 Jun 1613,George,MEENE,,,,,,Philipe,HEYWARDE,,,,,,,,,,,,,,,,
SFK,Fressingfield,St Peter and St Paul,,9 Nov 1613,Roberte,BAKER,,,,,,Elizabeth,TOFTWOOD,,,widow,,,,,,,,,,,,,
SFK,Fressingfield,St Peter and St Paul,,25 Apr 1614,Phillippe,WHISOLCROFTE,,,,,,Elizabeth,FISKE,,,,,,,,,,,,,,,,
SFK,Fressingfield,St Peter and St Paul,,21 Sep 1614,Thomas,VINCENT,,,,,,Katherine,ALGAR,,,,,,,,,,,,,,,,
SFK,Fressingfield,St Peter and St Paul,,24 Nov 1614,William,FULLER,,,,,,Christian,ROWSE,,,,,,,,,,,,,,,,
SFK,Fressingfield,St Peter and St Paul,,22 Dec 1614,Francis,SANDCROFTE,,,,,,Margarett,BUTCHER,,,,,,,,,,,,,,,,
SFK,Fressingfield,St Peter and St Paul,,30 Jan 1614/5,Thomas,WOLNAUGHE,,,,,,Pricilla,KNIGHTS,,,,,,,,,,,,,,,,
SFK,Fressingfield,St Peter and St Paul,,15 Feb 1614/5,Robberte,STROGER,,,,,,Anne,CUTTINGE,,,,,,,,,,,,,,,,
SFK,Fressingfield,St Peter and St Paul,,10 Apr 1615,Robert,GEDFREY,,,,,,Margaret,HASBOROUGH,,,,,,,,,,,,,,,,
SFK,Fressingfield,St Peter and St Paul,,13 Jun 1616,Stephen,ADAMS,,,,,,Elizabeth,GREENWOOD,,,,,,,,,,,,,,,,
SFK,Fressingfield,St Peter and St Paul,,27 Jul 1617,Edmund,WOLNOUGH,,,,,,Rebecca,STREET,,,,,,,,,,,,,,,,
SFK,Fressingfield,St Peter and St Paul,,4 Sep 1617,Edmund,BOTWRIGHTE,,,,,,Mary,GOODWYN,,,,,,,,,,,,,,,,
SFK,Fressingfield,St Peter and St Paul,,16 Sep 1617,Robert,ANDROWES,,,,,,Margaret,ALDOUS,,,,,,,,,,,,,,,,
SFK,Fressingfield,St Peter and St Paul,,23 Sep 1617,Robert,HARNSCUE,,,,,,Joane,LEVICKE,,,,,,,,,,,,,,,,
SFK,Fressingfield,St Peter and St Paul,,23 Sep 1617,William,JUDY,,,,,,Judith,FORD,,,,,,,,,,,,,,,,
SFK,Fressingfield,St Peter and St Paul,,25 Sep 1617,Robert,BENTON,,,,,,Margaret,MOORE,,,,,,,,,,,,,,,,
SFK,Fressingfield,St Peter and St Paul,,2 Oct 1617,John,GYNNER,,,,,,Alice,SHERWOOD,,,,,,,,,,,,,,,,
SFK,Fressingfield,St Peter and St Paul,,8 Oct 1617,Richard,STANNARD,,,,,,Bethia,HARRISON,,,,,,,,,,,,,,,,
SFK,Fressingfield,St Peter and St Paul,,9 Oct 1617,Stephen,ALDOUS,,,,,,Margaret,HARRISON,,,widow,,,,,,,,,,,,,
SFK,Fressingfield,St Peter and St Paul,,12 Nov 1617,Nicholas,DAVY,,,,,,Elizabeth,TOPLYN,,,,,,,,,,,,,,,,
SFK,Fressingfield,St Peter and St Paul,,18 May 1618,Thomas,GREATRAKE,,,,,,Mary,FISKE,,,,,,,,,,,,,,,,
SFK,Fressingfield,St Peter and St Paul,,10 Sep 1618,Robert,ANGUR,,,,,,Elizabeth,KEMP,,,,,,,,,,,,,,,,
SFK,Fressingfield,St Peter and St Paul,,29 Sep 1618,John,TRUSSON,,,,,,Elizabeth,FRYAR,,,,,,,,,,,,,,,,
SFK,Fressingfield,St Peter and St Paul,,22 Oct 1618,Thomas,LINCOLNE,,,,,,Mary,GIRLING,,,,,,,,,,,,,,,,
SFK,Fressingfield,St Peter and St Paul,,22 Oct 1618,Gyles,CAVAR,,,,,,Alice,CAVAR,,,,,,,,,,,,,,,,
SFK,Fressingfield,St Peter and St Paul,,26 Apr 1619,Robert,MALLERY,,,,,,Amy,BRADSON,,,,,,,,,,,,,,,,
SFK,Fressingfield,St Peter and St Paul,,17 May 1619,Thomas,SMYTH,,,,,,Elizabeth,WILLIAMS,,,,,,,,,,,,,,,,
SFK,Fressingfield,St Peter and St Paul,,25 Nov 1619,James,BRAME,,,,,,Mary,ALDOUS,,,,,,,,,,,,,,,,
SFK,Fressingfield,St Peter and St Paul,,10 Jul 1620,Edward,PETTIVER,,,,,,Alice,CALVAR,,,,,,,,,,,,,,,,
SFK,Fressingfield,St Peter and St Paul,,5 Oct 1620,William,SANDCRAFTE,,,,Clerk,,Grace,GOWING,,,widow,,,,,,,,,,,,,
SFK,Fressingfield,St Peter and St Paul,,30 Oct 1620,John,GOOCH,,,,,,Joahne,BOTTRED,,,,,,,,,,,,,,,,
SFK,Fressingfield,St Peter and St Paul,,30 Nov 1620,Thomas,CRISPE,,,,,,Annys,ALDOUS,,,,,,,,,,,,,,,,
SFK,Fressingfield,St Peter and St Paul,,26 Jan 1620/1,John,BLOMEFIELD,,,,,,Grace,FRANNCIS,,,,,,,,,,,,,,,,
SFK,Fressingfield,St Peter and St Paul,,18 Jun 1621,John,BARBOR,,,,,,Elizabeth,CULLEN,,,,,,,,,,,,,,,,
SFK,Fressingfield,St Peter and St Paul,,7 Aug 1621,Robert,SPARHAM,,,,,,Elizabeth,SMYTH,,,,,,,,,,,,,,,,
SFK,Fressingfield,St Peter and St Paul,,24 Sep 1621,Franncis,WOLNOUGH,,,,,,Mary,FRYAR,,,,,,,,,,,,,,,,
SFK,Fressingfield,St Peter and St Paul,,4 Oct 1621,Richard,CALVAR,,,,,,Anne,LOYNES,,,,,,,,,,,,,,,,
SFK,Fressingfield,St Peter and St Paul,,2 Dec 1621,William,LEVICKE,,,,,,Elizabeth,COLE,,,,,,,,,,,,,,,,
SFK,Fressingfield,St Peter and St Paul,,31 Jan 1621/2,Thomas,NEEKAR,,,,,,Grace,WITTOM,,,,,,,,,,,,,,,,
SFK,Fressingfield,St Peter and St Paul,,7 Apr 1622,John,BOULTON,,,,,,Sara,COOK,,,,,,,,,,,,,,,,
SFK,Fressingfield,St Peter and St Paul,,26 Sep 1622,William,ALGAR,,,,,,Elizabeth,CLAYDEN,,,,,,,,,,,,,,,,
SFK,Fressingfield,St Peter and St Paul,,22 Nov 1623,Robert,COOK,,,,,,Grace,RAWLINGS,,,,,,,,,,,,,,,,
SFK,Fressingfield,St Peter and St Paul,,10 May 1624,John,BOTTWRIGHT,,,,,,Martha,DIREK,,,,,,,,,,,,,,,,
SFK,Fressingfield,St Peter and St Paul,,21 Jun 1624,John,BALLS,,,,,,Anne,SPARK,,,,,,,,,,,,,,,,
SFK,Fressingfield,St Peter and St Paul,,29 Jun 1624,Josephe,GOODDINGE,,,,,,Bridgett,SHEPHARD,,,,,,,,,,,,,,,,
SFK,Fressingfield,St Peter and St Paul,,1 Jul 1624,John,SMITHE,,,,,,Marie,ALDOUS,,,,,,,,,,,,,,,,
SFK,Fressingfield,St Peter and St Paul,,7 Sep 1624,James,WARDE,,,,,,Marie,LINCOLNE,,,widow,,,,,,,,,,,,,
SFK,Fressingfield,St Peter and St Paul,,23 Sep 1624,John,COOPER,,,,,,Diana,TAYLOR,,,,,,,,,,,,,,,,
SFK,Fressingfield,St Peter and St Paul,,26 Sep 1624,John,ALDOUS,,,,,,Faithe,WOLNAUGHE,,,,,,,,,,,,,,,,
SFK,Fressingfield,St Peter and St Paul,,3 Nov 1624,John,RICHARDS,,,,,,Franncs,EDWARDS,,,,,,,,,,,,,,,,
SFK,Fressingfield,St Peter and St Paul,,4 Nov 1624,Roberte,WARNER,,,,,,Elizabeth,ALDOUS,,,,,,,,,,,,,,,,
SFK,Fressingfield,St Peter and St Paul,,11 Aug 1625,John,BULLIN,,,,,,Johane,PULHAM,,,,,,,,,,,,,,,,
SFK,Fressingfield,St Peter and St Paul,,29 Sep 1625,Mathew,PERCE,,,,,,Christian,SMYTHE,,,,,,,,,,,,,,,,
SFK,Fressingfield,St Peter and St Paul,,20 Oct 1625,John,TAYLOR,,,,,,Rachel,MICHELL,,,,,,,,,,,,,,,,
SFK,Fressingfield,St Peter and St Paul,,16 Oct 1626,Edward,GESSE,,,,,,Johane,WHALE,,,,,,,,,,,,,,,,
SFK,Fressingfield,St Peter and St Paul,,26 Oct 1626,Stephen,PARFETT,,,,,,Marie,GAMBLE,,,,,,,,,,,,,,,,
SFK,Fressingfield,St Peter and St Paul,,14 Nov 1626,John,BORRETT,,,,,,Margaret,BURTON,,,,,,,,,,,,,,,,
SFK,Fressingfield,St Peter and St Paul,,4 Jun 1627,Stephen,PARFETT,,,,,,Marie,MANSHIPPE,,,,,,,,,,,,,,,,
SFK,Fressingfield,St Peter and St Paul,,18 Sep 1627,James,ALDOUS,,,,,,Elizabeth,GODBOLD,,,,,,,,,,,,,,,,
SFK,Fressingfield,St Peter and St Paul,,20 Sep 1627,Thomas,MEANE,,,,,,Anne,TAYLOR,,,,,,,,,,,,,,,,
SFK,Fressingfield,St Peter and St Paul,,1 Nov 1627,Roberte,DAVIE,,,,,,Sarah,SHERWOOD,,,,,,,,,,,,,,,,
SFK,Fressingfield,St Peter and St Paul,,28 Apr 1628,William,ELLIS,,,,,,Marie,GODDARDE,,,,,,,,,,,,,,,,
SFK,Fressingfield,St Peter and St Paul,,9 Jun 1628,William,ALLEN,,,,,,Julian,WIGHTER,,,,,,,,,,,,,,,,
SFK,Fressingfield,St Peter and St Paul,,14 Aug 1628,John,CHAWKER,,,,,,Marie,ALDOUS,,,,,,,,,,,,,,,,
SFK,Fressingfield,St Peter and St Paul,,7 Oct 1628,William,GODBOLD,,,,,,Elizabeth,ALDOUS,,,widow,,,,,,,,,,,,,
SFK,Fressingfield,St Peter and St Paul,,16 Jul 1629,William,GODBOLD,,,,,,Prudence,BARBOR,,,,,,,,,,,,,,,,
SFK,Fressingfield,St Peter and St Paul,,27 Aug 1629,John,MILLES,,,,,,Frances,GODBOLD,,,,,,,,,,,,,,,,
SFK,Fressingfield,St Peter and St Paul,,17 Sep 1629,William,SMYTH,,,,,,Elizabeth,ALDOUS,,,,,,,,,,,,,,,,
SFK,Fressingfield,St Peter and St Paul,,9 Sep 1630,John,THURTON,,,,,,Rachel,FROST,,,,,,,,,,,,,,,,
SFK,Fressingfield,St Peter and St Paul,,14 Oct 1630,Edward,WISEMAN,,,,,,Hester,GODBOLD,,,,,,,,,,,,,,,,
SFK,Fressingfield,St Peter and St Paul,,16 Feb 1631/2,William,POWES,,,,,,Elizabeth,LUSHER,,,,,,,,,,,,,,,,
SFK,Fressingfield,St Peter and St Paul,,18 Jun 1632,James,FALE,,,,Clerk,,Anne,WOLNOUGHE,,,,,,,,,,,,,,,,
SFK,Fressingfield,St Peter and St Paul,,20 Sep 1632,William,SANDCROFT,,,,,,Elizabeth,HOWE,,,,,,,,,,,,,,,,
SFK,Fressingfield,St Peter and St Paul,,11 Oct 1632,Nicholas,BARBOR,,,,,,Elizabeth,BLOBOLD,,,,,,,,,,,,,,,,
SFK,Fressingfield,St Peter and St Paul,,17 Apr 1633,William,YARNER,,,,,,Susan,MALLET,,,,,,,,,,,,,,,,
SFK,Fressingfield,St Peter and St Paul,,23 May 1633,William,HAYWARD,,,,,,Katherine,MAYES,,,,,,,,,,,,,,,,
SFK,Fressingfield,St Peter and St Paul,,26 Jun 1633,William,MURFORD,,,,,,Elizabeth,WOLNOUGHE,,,,,,,,,,,,,,,,
SFK,Fressingfield,St Peter and St Paul,,11 Jul 1633,Roberte,SUSSAM,,,,,,Margaret,LEMAN,,,,,,,,,,,,,,,,
SFK,Fressingfield,St Peter and St Paul,,12 Sep 1633,Richarde,STANTON,,,,,,Joane,PEIRCE,,,,,,,,,,,,,,,,
SFK,Fressingfield,St Peter and St Paul,,3 Dec 1633,Francis,SANDCROFT JUNIOR,,,Widower,,,Margaret,GRENLING,,,widow,,,,,,,,,,,,,
SFK,Fressingfield,St Peter and St Paul,,19 Jun 1634,John,GILLET,,,,,,Katherine,DUNCHE,,,,,,,,,,,,,,,,
SFK,Fressingfield,St Peter and St Paul,,3 Jul 1634,Daniell,GODDARD,,,,,,Alice,STANNERD,,,,,,,,,,,,,,,,
SFK,Fressingfield,St Peter and St Paul,,23 Oct 1634,William,ALDOUS,,,,,,Ruth,BARBOR,,,,,,,,,,,,,,,,
SFK,Fressingfield,St Peter and St Paul,,17 May 1635,Joseph ,LEGGATE,,,,,,Franncs,RICHES,,,,,,,,,,,,,,,,
SFK,Fressingfield,St Peter and St Paul,,9 Jul 1635,Lawrence,CALVAR,,,,,,Mary,BURROUGH,,,,,,,,,,,,,,,,
SFK,Fressingfield,St Peter and St Paul,,30 Jan 1637/8,Robert,LEGATE,,,,,,Jone,REEVE,,,,,,,,,,,,,,,,
SFK,Fressingfield,St Peter and St Paul,,30 Jan 1637/8,Robert,WOLNAUGH,,,,,,Alice,BICKERS,,,,,,,,,,,,,,,,
SFK,Fressingfield,St Peter and St Paul,,12 Apr 1638,Robert,YONGES,,,,,,Margaret,PETTAUGH,,,,,,,,,,,,,,,,
SFK,Fressingfield,St Peter and St Paul,,23 May 1638,John,FORTUNE,,,,,,Hellen,HAWES,,,,,,,,,,,,,,,,
SFK,Fressingfield,St Peter and St Paul,,23 Oct 1638,William,NEWSON,,,,,,Mary,NEWSON,,,,,,,,,,,,,,,,
SFK,Fressingfield,St Peter and St Paul,,11 Jun 1639,Robert,BRAY,,,,,,Liddia,SMITH,,,,,,,,,,,,,,,,
SFK,Fressingfield,St Peter and St Paul,,19 Jun 1639,John,WOLNAUGH,,,,,,Alice,ADKINSON,,,,,,,,,,,,,,,,
SFK,Fressingfield,St Peter and St Paul,,16 Jan 1639/40,Thomas,SHEPHERD,,,Widower,,,Francis,MILLES,,,widow,,,,,,,,,,,,,Ages 70 And 50
SFK,Fressingfield,St Peter and St Paul,,21 Apr 1640,Richard,CROWFOOTE,,,,,,Milicent,MAWLIN,,,,,,,,,,,,,,,,
SFK,Fressingfield,St Peter and St Paul,,2 Sep 1640,Edward,FREEMAN,,,,,,Mary,SPENDLOVE,,,,,,,,,,,,,,,,
SFK,Fressingfield,St Peter and St Paul,,2 Sep 1640,John,ALDOUS,,,,,,Ann,ALDOUS,,,,,,,,,,,,,,,,
SFK,Fressingfield,St Peter and St Paul,,2 Sep 1640,*,BOTWRIGHT,,,,,,Grace,LEBOLD,,,,,,,,,,,,,,,,
SFK,Fressingfield,St Peter and St Paul,,15 Sep 1640,John,POTTLE,,,,,,Elizabeth,RICE,,,,,,,,,,,,,,,,
SFK,Fressingfield,St Peter and St Paul,,8 Oct 1640,Owen,STADY,,,,,,Anne,SHARPE,,,,,,,,,,,,,,,,
SFK,Fressingfield,St Peter and St Paul,,8 Oct 1640,Francis,EDWARDS,,,,,,Rachel,PEIRCE,,,,,,,,,,,,,,,,
SFK,Fressingfield,St Peter and St Paul,,8 Oct 1640,Thomas,SANDCROFT,,,,,,Elizabeth,HARRISON,,,,,,,,,,,,,,,,
SFK,Fressingfield,St Peter and St Paul,,15 Dec 1640,Thomas,SCRIVENER,,,,Gent,,Elizabeth,GRUDGEFEILD,,,,Gentlewoman,,,,,,,,,,,,
SFK,Fressingfield,St Peter and St Paul,,21 Oct 1641,Thomas,MEENE,,,,,,Martha,EARLE,,,,,,,,,,,,,,,,
SFK,Fressingfield,St Peter and St Paul,,21 Oct 1641,Richard,BARKER,,,,,,Jane,COALE,,,,,,,,,,,,,,,,
SFK,Fressingfield,St Peter and St Paul,,1 Mar 1641/2,Anthony,WATERS,,,,,,Mary,ALDOUS,,,,,,,,,,,,,,,,At Weybred
SFK,Fressingfield,St Peter and St Paul,,2 May 1642,John,BREWIT,,,,,,Mary,MURDOCKE,,,,,,,,,,,,,,,,
SFK,Fressingfield,St Peter and St Paul,,27 Sep 1642,Francis,DRIVER,,,,,,Katherine,LEWICKE,,,,,,,,,,,,,,,,
SFK,Fressingfield,St Peter and St Paul,,29 Sep 1642,Thomas,RICHARDS,,,,,,Diana,WATLING,,,,,,,,,,,,,,,,
SFK,Fressingfield,St Peter and St Paul,,13 May 1645,Thomas,BOTWRIGHTE,,,,,,Elizabeth,HARRISON,,,widow,,,,,,,,,,,,,At Withersdale
SFK,Fressingfield,St Peter and St Paul,,25 Jul 1648,William,YOUNGES,,,,,,Anne,ALDOUS,,,,,,,,,,,,,,,, 
SFK,Fressingfield,St Peter and St Paul,,13 May 1645,Thomas,BOTWRIGHTE,,,,,,Elizabeth,HARRISON,,,widow,,,,,,,,,,,,,At Withersdale
SFK,Fressingfield,St Peter and St Paul,,25 Jul 1648,William,YOUNGES,,,,,,Anne,ALDOUS,,,,,,,,,,,,,,,, 
