+INFO,freereg-suffolk@highfields1.plus.com,password,SEQUENCED,MARRIAGES,cp437
#,CCC,JHarold,SUFFOLK,SFKLWHMA.CSV,5 Sep 2011
#,CREDIT,Brian AVEY,freereg-suffolk@highfields1.plus.com
#,5 Sep 2011,transcript provided by Brian AVEY, 
SFK,Little Welnetham,St Mary Magdalene TR,,29 Sep 1557,Robert,KENT,,,,,,Hellen,GODARD,,,,,,,,,,,,,,,,
SFK,Little Welnetham,St Mary Magdalene TR,,21 Jun 1562,William,SYMONT,,,,,,Alice,GOODARD,,,,,,,,,,,,,,,,
SFK,Little Welnetham,St Mary Magdalene TR,,30 Sep 1565,Roger,WARDE,,,,,,Joan,FOSTER,,,,,,,,,,,,,,,,
SFK,Little Welnetham,St Mary Magdalene TR,,Dec 1565,Robert,NUNE,,,,,,Prudence,HOWE,,,,,,,,,,,,,,,,
SFK,Little Welnetham,St Mary Magdalene TR,,11 Jun 1566,Henry,NUNE,,,,,,Mary,GODDARD,,,,,,,,,,,,,,,,
SFK,Little Welnetham,St Mary Magdalene TR,,4 Oct 1566,Roger,DEAY,,,,,,Joan,HARRISON,,,,,,,,,,,,,,,,
SFK,Little Welnetham,St Mary Magdalene TR,,15 Oct 1566,John,WYNTER,,,,,,Elizabeth,CARVER,,,,,,,,,,,,,,,,
SFK,Little Welnetham,St Mary Magdalene TR,,30 Mar 1572,Andrew,PLAYFER,,,,,,Rebecca,FOSTER,,,,,,,,,,,,,,,,
SFK,Little Welnetham,St Mary Magdalene TR,,6 May 1572,John,CROFTES,,,,,,Ciscily,NUNE,,,widow,,,,,,,,,,,,,
SFK,Little Welnetham,St Mary Magdalene TR,,15 Jun 1572,John,OVERING,,,,,,Hellen,SKITTLER,,,,,,,,,,,,,,,,
SFK,Little Welnetham,St Mary Magdalene TR,,3 Aug 1572,Robert,NUNE,,,,,,Elizabeth,STEVEN,,,,,,,,,,,,,,,,
SFK,Little Welnetham,St Mary Magdalene TR,,4 Apr 1573,Thomas,MANHOOD,,,,,,Elizabeth,BRIANT,,,,,,,,,,,,,,,,
SFK,Little Welnetham,St Mary Magdalene TR,,27 Jun 1573,John,HILDRED,,,,,,Alice,FITTS,,,,,,,,,,,,,,,,
SFK,Little Welnetham,St Mary Magdalene TR,,12 Nov 1573,William,FOULE,,,,,,Elizabeth,PECHE,,,,,,,,,,,,,,,,
SFK,Little Welnetham,St Mary Magdalene TR,, * * 1574,Robert,BROWNE,,,,,,Agnes,HEWETT,,,widow,,,,,,,,,,,,,
SFK,Little Welnetham,St Mary Magdalene TR,,23 Oct 1575,Roger,CHAPMAN,,,,,,Joan,ELMER,,,,,,,,,,,,,,,,
SFK,Little Welnetham,St Mary Magdalene TR,,19 Mar 1575/76,Thomas,SPILLSBY,,,,,,Alice,NUNE,,,widow,,,,,,,,,,,,,
SFK,Little Welnetham,St Mary Magdalene TR,,6 Nov 1577,John,HILL,,,,,,Margaret,BRAMSTON,,,,,,,,,,,,,,,,
SFK,Little Welnetham,St Mary Magdalene TR,,5 Jul 1580,Thomas,PARKER,,,,,,Agnes,ELMER,,,,,,,,,,,,,,,,
SFK,Little Welnetham,St Mary Magdalene TR,,21 Jul 1580,William,SKARPE,,,,,,Mary,FOSTER,,,,,,,,,,,,,,,,
SFK,Little Welnetham,St Mary Magdalene TR,,17 Nov 1581,Henry,ANDREWS,,,,,,Christian,RANDALL,,,,,,,,,,,,,,,,
SFK,Little Welnetham,St Mary Magdalene TR,,4 Feb 1581/82,William,ELMAR,,,,,,Joan,HUNT,,,,,,,,,,,,,,,,
SFK,Little Welnetham,St Mary Magdalene TR,,25 Jul 1583,John,KENDALL,,,,,,Anne,INNOLD,,,,,,,,,,,,,,,,
SFK,Little Welnetham,St Mary Magdalene TR,,19 Jul 1585,John,ROWLAND,,,,,,Margarett,BAKER,,,,,,,,,,,,,,,,
SFK,Little Welnetham,St Mary Magdalene TR,,22 Aug 1585,William,HONITON,,,,,,Joan,GOODCHILD,,,,,,,,,,,,,,,,
SFK,Little Welnetham,St Mary Magdalene TR,,17 Feb 1585/86,John,HEYWARD,,,,,,Agnes,WEIGHT,,,,,,,,,,,,,,,,
SFK,Little Welnetham,St Mary Magdalene TR,,23 Dec 1587,Thomas,FORNAHAM,,,,,,Alice,HARPLEY,,,,,,,,,,,,,,,,
SFK,Little Welnetham,St Mary Magdalene TR,,7 Nov 1588,Robert,DEBNEHAM,,,,,,Mary,INNOLD,,,,,,,,,,,,,,,,
SFK,Little Welnetham,St Mary Magdalene TR,,19 Mar 1589/90,Robert,FULLER,,,,,,Anne,DEBENHAM,,,,,,,,,,,,,,,,
SFK,Little Welnetham,St Mary Magdalene TR,,25 Jul 1592,Edward,FILLBRIGG,,,,,,Elizabeth,MANNINGS,,,,,,,,,,,,,,,,
SFK,Little Welnetham,St Mary Magdalene TR,,23 Feb 1595/96,Gualter,WINTER,,,,,,Anne,HUNT,,,,,,,,,,,,,,,,
SFK,Little Welnetham,St Mary Magdalene TR,,21 Apr 1597,William,THEDAM,,,,gent,,Christian,MINSHULL,,,,,,,,,,,,,,,,
SFK,Little Welnetham,St Mary Magdalene TR,,18 Oct 1597,Anthony,MILLES,,,,,,Dorothy,HOWE,,,,,,,,,,,,,,,,
SFK,Little Welnetham,St Mary Magdalene TR,,5 Jun 1598,John,ADAMS,,,,,,Mary,WARD,,,,,,,,,,,,,,,,
SFK,Little Welnetham,St Mary Magdalene TR,,25 Jul 1598,Robert,COLMAN,,,,,,Joan,ROWLAND,,,,,,,,,,,,,,,,
SFK,Little Welnetham,St Mary Magdalene TR,,6 May 1600,Richard,HOWE,,,,,,Jone,HOWE,,,,,,,,,,,,,,,,
SFK,Little Welnetham,St Mary Magdalene TR,,22 Jun 1602,John,HOWE,,,,,,Ann,HOWE,,,,,,,,,,,,,,,,
SFK,Little Welnetham,St Mary Magdalene TR,,14 Jun 1603,John,WERNER,,,,,,Margett,ROWLAND,,,widow,,,,,,,,,,,,,
SFK,Little Welnetham,St Mary Magdalene TR,,23 Jul 1605,Henrye,HILLDRID,,,,,,Elizabeth,BROWNE,,,,,,,,,,,,,,,,
SFK,Little Welnetham,St Mary Magdalene TR,,25 Jul 1605,Anthony,PITT,,,,,,Ellen,STEWARD,,,,,,,,,,,,,,,,
SFK,Little Welnetham,St Mary Magdalene TR,,6 Jun 1608,John,TILLETT,,,,,,Elizabeth,HOULT,,,,,,,,,,,,,,,,
SFK,Little Welnetham,St Mary Magdalene TR,,30 Jan 1609/10,Richard,HALL,,,,,,Diana,MILES,,,,,,,,,,,,,,,,
SFK,Little Welnetham,St Mary Magdalene TR,,2 May 1613,Daniell,SNOWE,,,,,,Abigaill,WOLFFENDEN,,,,,,,,,,,,,,,,
SFK,Little Welnetham,St Mary Magdalene TR,,12 Sep 1614,John,SERGENT,,,,,,Agnes,HUETT,,,,,,,,,,,,,,,,
SFK,Little Welnetham,St Mary Magdalene TR,,18 Oct 1614,Rodger,DIKES,,,,,,Amy,NALER,,,,,,,,,,,,,,,,
SFK,Little Welnetham,St Mary Magdalene TR,,18 Apr 1615,Georg,COCKE,,,,,,Rose,FROST,,,,,,,,,,,,,,,,
SFK,Little Welnetham,St Mary Magdalene TR,,12 Aug 1619,Henry,HOWE,,,,,,Susan,WIFFIN,,,,,,,,,,,,,,,,
SFK,Little Welnetham,St Mary Magdalene TR,,18 Jan 1619/20,Raffe,MANNINGE,,,,,,Marabl,CROFTES,,,,,,,,,,,,,,,,
SFK,Little Welnetham,St Mary Magdalene TR,,10 Jul 1620,Joseph,KICHINER,,,,,,Abigaill,BRIANT,,,,,,,,,,,,,,,,
SFK,Little Welnetham,St Mary Magdalene TR,,30 Apr 1622,William,EELYE,,,,,,Bridgett,DIMBLETON,,,,,,,,,,,,,,,,
SFK,Little Welnetham,St Mary Magdalene TR,,30 Apr 1622,Thomas,MARRETT,,,,,,Susan,WOLFFENDEN,,,,,,,,,,,,,,,,
SFK,Little Welnetham,St Mary Magdalene TR,,22 Oct 1622,Henry,PEACHYE,,,,,,Dorithe,HOWE,,,,,,,,,,,,,,,,
SFK,Little Welnetham,St Mary Magdalene TR,,10 Nov 1625,Gabriel,CATCHPOOLE,,,,,,Ann,LADYMAN,,,,,,,,,,,,,,,,
SFK,Little Welnetham,St Mary Magdalene TR,,18 Apr 1626,Thomas,BAXTER,,,,,,Marion,CULHAM,,,,,,,,,,,,,,,,
SFK,Little Welnetham,St Mary Magdalene TR,,6 Nov 1632,William,DAYE,,,,,,Mary,COLTROP,,,,,,,,,,,,,,,,
SFK,Little Welnetham,St Mary Magdalene TR,,5 May 1634,Christopher,STAFFORD,,,,,,Dorothy,DIMBLETON,,,,,,,,,,,,,,,,
SFK,Little Welnetham,St Mary Magdalene TR,,10 Jun 1634,Thomas,SACHE,,,widower,,,Anne,DAVY,,,widow,,,,,,,,,,,,,
SFK,Little Welnetham,St Mary Magdalene TR,,24 Nov 1634,John,SARGEANT,,,widower,,,Rose,KINGE,,,,,,,,,,,,,,,,
SFK,Little Welnetham,St Mary Magdalene TR,,28 Oct 1635,Anthony,HAYWARD,,,,,,Elizabeth,ANDREWES,,,,,,,,,,,,,,,,
SFK,Little Welnetham,St Mary Magdalene TR,,21 Jan 1635/36,John,MILLS,,,,,,Sara,DIMBLETON,,,,,,,,,,,,,,,,
SFK,Little Welnetham,St Mary Magdalene TR,,23 Oct 1636,Edmund,GOYMER,,,,,,Elizabeth,GOODMAN,,,,,,,,,,,,,,,,
SFK,Little Welnetham,St Mary Magdalene TR,,26 Oct 1637,John,STILEMAN,,,,,,Dorothy,COLTROP,,,,,,,,,,,,,,,,
SFK,Little Welnetham,St Mary Magdalene TR,,2 Nov 1637,Raye,THOMAS,,,,,,Rose,SARGEANT,,,,,,,,,,,,,,,,
SFK,Little Welnetham,St Mary Magdalene TR,,18 Jan 1637/38,William,PAUSY,,,,,,Marget,ANDREWS,,,,,,,,,,,,,,,,
SFK,Little Welnetham,St Mary Magdalene TR,,3 Oct 1638,Roger,BULBROOK,,,,,,Lucretia,MORE,,,,,,,,,,,,,,,,
SFK,Little Welnetham,St Mary Magdalene TR,,5 Jan 1638/39,Stephen,BENCHE,,,,,,Sara,CORDER,,,,,,,,,,,,,,,,
SFK,Little Welnetham,St Mary Magdalene TR,,29 Oct 1639,John,HEYWARD,,,,,,Deborah,WHITEING,,,,,,,,,,,,,,,,
SFK,Little Welnetham,St Mary Magdalene TR,,28 Oct 1640,John,CROUCH,,,,,,Susan,ANDREWES,,,,,,,,,,,,,,,,
SFK,Little Welnetham,St Mary Magdalene TR,,29 Oct 1663,William,BALDWYN,,Thorpe Moirux,,,,Elizabeth,SMYTH,,Lawshall,widow,,,,,,,,,,,,,
SFK,Little Welnetham,St Mary Magdalene TR,,9 May 1667,John,PADLEY,,,,,,Sarah,CASON,,,,,,,,,,,,,,,,
SFK,Little Welnetham,St Mary Magdalene TR,,11 Jun 1667,Robert,FOLKARD,,,,,,Mary,WYAT,,,,,,,,,,,,,,,,
SFK,Little Welnetham,St Mary Magdalene TR,,20 May 1669,John,USHER,,Bury St Mary's,,,,Mary,BRIDON,,Bury St James,,,,,,,,,,,,,,
SFK,Little Welnetham,St Mary Magdalene TR,,31 Aug 1671,George,BAKER,,Hopton,widower,,,Mary,PETT,,Bury St E,,,,,,,,,,,,,,
SFK,Little Welnetham,St Mary Magdalene TR,,14 Sep 1671,John,LEECH,,Lt Wheltham,,,,Sarah,ROBINSON,,,,,,,,,,,,,,,,
SFK,Little Welnetham,St Mary Magdalene TR,,2 Feb 1672/73,John,TOOLE,,Rushbrooke,,,,Mary,PALMER,,,,,,,,,,,,,,,,
SFK,Little Welnetham,St Mary Magdalene TR,,10 Aug 1673,William,TAYLOR,,,,,,Ursula,STEWARD,,,,,,,,,,,,,,,,
SFK,Little Welnetham,St Mary Magdalene TR,,15 Nov 1677,William,LILLY,,Stansted,,,,Joane,ROBINSON,,,,,,,,,,,,,,,,
SFK,Little Welnetham,St Mary Magdalene TR,,10 Jun 1679,Joseph,BUMSTED,,Rushbrooke,,,,Ann,TAYLOR,,Rushbrooke,,,,,,,,,,,,,,
SFK,Little Welnetham,St Mary Magdalene TR,,27 Dec 1681,Thomas,DUNHAM,,Bury St E,,,,Elizabeth,BAKER,,,,,,,,,,,,,,,,
SFK,Little Welnetham,St Mary Magdalene TR,,27 Dec 1681,James,GARWOOD,,,,,,Mary,BAKER,,Norton,,,,,,,,,,,,,,
SFK,Little Welnetham,St Mary Magdalene TR,,31 Jul 1682,John,IWRING,,,,,,Martha,GOODDAY,,,,,,,,,,,,,,,,
SFK,Little Welnetham,St Mary Magdalene TR,,2 Oct 1684,John,IWRING,,,,,,Susan,ROSE,,,,,,,,,,,,,,,,
SFK,Little Welnetham,St Mary Magdalene TR,,16 Oct 1684,John,HUNT,,Bradfield St George,,Mr,,Rachel Mrs,AGAS,,Rushbrook,,,,,,,,,,,,,,
SFK,Little Welnetham,St Mary Magdalene TR,,30 Oct 1684,George,SMITH,,,,,,Elizabeth,ROSE,,,,,,,,,,,,,,,,
SFK,Little Welnetham,St Mary Magdalene TR,,8 Oct 1685,Robert,SMITH,,,,Mr,,Mary Mrs,BIXBY,,Thorpe Morreux,,,,,,,,,,,,,,
SFK,Little Welnetham,St Mary Magdalene TR,,11 Jul 1686,Paul,CHAPLIN,,,,,,Elizabeth,DUNHAM,,Bury St E,,,,,,,,,,,,,,
SFK,Little Welnetham,St Mary Magdalene TR,,9 Jun 1687,John,WHITEROD,,,,,,Elizabeth,TOOLEY,,,,,,,,,,,,,,,,
SFK,Little Welnetham,St Mary Magdalene TR,,9 Oct 1687,Philip,PILBROW,,,,,,Grace,HODSON,,,,,,,,,,,,,,,,
SFK,Little Welnetham,St Mary Magdalene TR,,25 May 1701,John,THREDER,,,,,,Elizabeth,WHITE,,,,,,,,,,,,,,,,
SFK,Little Welnetham,St Mary Magdalene TR,,6 Sep 1702,John,HOW,,Gt Wheltham,,,,Mary,FROST,,,,,,,,,,,,,,,,
SFK,Little Welnetham,St Mary Magdalene TR,,15 Oct 1704,Leonard,CLARKE,,Fornham All Sts,,,,Bridgitt,SPARKE,,Gt Barton,,,,,,,,,,,,,,
SFK,Little Welnetham,St Mary Magdalene TR,,24 Jun 1705,William,LEIGH,,Rattlesden,,,,Bridgitt,KING,,,,,,,,,,,,,,,,
SFK,Little Welnetham,St Mary Magdalene TR,,19 Jan 1705/06,Thomas,KING,,,,,,Rose,SPARROW,,,widow,,,,,,,,,,,,,
SFK,Little Welnetham,St Mary Magdalene TR,,20 Aug 1710,James,HART,,Rushbrooke,,,,Ann,WALES,,Rushbrooke,,,,,,,,,,,,,,
SFK,Little Welnetham,St Mary Magdalene TR,,12 Nov 1710,Thomas,SHOOSMITH,,Rushbrooke,,,,Susan,FROST,,,,,,,,,,,,,,,,
SFK,Little Welnetham,St Mary Magdalene TR,,7 Oct 1714,Thomas,NUN,,Gt Wheltham,,,,Mary,WHITEROD,,,,,,,,,,,,,,,,
SFK,Little Welnetham,St Mary Magdalene TR,,13 Nov 1715,James,FROST,,,,,,Mary,FLACKE,,,,,,,,,,,,,,,,
SFK,Little Welnetham,St Mary Magdalene TR,,2 Feb 1715/16,Robert,JERVAS,,,,,,Barett,FRANCES,,,,,,,,,,,,,,,,
SFK,Little Welnetham,St Mary Magdalene TR,,1 Oct 1724,Thomas,PASKE,,Gt Wheltham,,,,Elizabeth,DURRANT,,,,,,,,,,,,,,,,
SFK,Little Welnetham,St Mary Magdalene TR,,11 Jul 1725,Robert,CANHAM,,Rushbrook,,,,Elizabeth,KING,,,,,,,,,,,,,,,,
SFK,Little Welnetham,St Mary Magdalene TR,,22 Feb 1725/26,Isaac,WILSON,,Rushbrook,,,,Ann,HOWE,,Rushbrook,,,,,,,,,,,,,,
SFK,Little Welnetham,St Mary Magdalene TR,,9 Jul 1728,Edward,BURCH,,Beighton,,,,Margarett,MOURETT,,Lavenham,,,,,,,,,,,,,,
SFK,Little Welnetham,St Mary Magdalene TR,,1 Nov 1733,James,PIETT,,,,,,Esther,SPARKE,,,,,,,,,,,,,,,,
SFK,Little Welnetham,St Mary Magdalene TR,,25 Feb 1733/34,George,BROOK,,,,,,Elizabeth,SMITH,,,,,,,,,,,,,,,,
SFK,Little Welnetham,St Mary Magdalene TR,,13 Jan 1734/35,John,CRICK,,Lawshill,,,,Martha,EURIN,,,,,,,,,,,,,,,,
SFK,Little Welnetham,St Mary Magdalene TR,,27 Apr 1736,Burrough,SHARP,,Bury  St Mary's,,,,Ann,DOLBY,,Bury St Mary's,,,,,,,,,,,,,,Licence
SFK,Little Welnetham,St Mary Magdalene TR,,3 Apr 1738,Richard,HALL,,Rushbrook,,,,Tabitha,KNOCK,,,widow,,,,,,,,,,,,,
SFK,Little Welnetham,St Mary Magdalene TR,,25 Oct 1744,Thomas,BALLS,,Gt Whelnetham,,,,Hannah,PARISH,,,,,,,,,,,,,,,,
SFK,Little Welnetham,St Mary Magdalene TR,,30 Jun 1745,Henry,GRIMWOOD,,Thorp Morieux,widoweer,,,Rebecca,ROSS,,Thorp Morieux,,,,,,,,,,,,,,
SFK,Little Welnetham,St Mary Magdalene TR,,13 Jan 1745/46,Robert,LONDON,,,,,,Hannah,HAWARD,,,,,,,,,,,,,,,,
SFK,Little Welnetham,St Mary Magdalene TR,,5 May 1748,Thomas,WRIGHT,,Felsham,,,,Elizabeth,ROSE,,,,,,,,,,,,,,,,
SFK,Little Welnetham,St Mary Magdalene TR,,16 Oct 1750,Stephen,ALLCOCK,,Lackford,,,,Frances,LING,,,,,,,,,,,,,,,,
SFK,Little Welnetham,St Mary Magdalene TR,,3 Dec 1750,Abraham,FENN,,Bury St Mary's,,,,Abigail,SPARKE,,Bury St Mary's,,,,,,,,,,,,,,
SFK,Little Welnetham,St Mary Magdalene TR,,13 Jan 1757,Charles,BUMPSTEAD,,Woolpit,,,,Ann,LING,,,,,,,,,,,,,,,,
SFK,Little Welnetham,St Mary Magdalene TR,,5 Nov 1757,John,FENNER,,,widower,,,Prudence,REEVE,,,widow,,,,,,,,,,,,,
SFK,Little Welnetham,St Mary Magdalene TR,,3 Jan 1758,Robert,TOOLY,,Gt Whelnetham,,,,Frances,ANDREWS,,,,,,,,,,,,,,,,
SFK,Little Welnetham,St Mary Magdalene TR,,28 Mar 1758,Thomas,ROLFE,,,,,,Elizabeth,SCUTCHY,,,widow,,,,,,,,,,,,,
SFK,Little Welnetham,St Mary Magdalene TR,,8 Feb 1759,John,ALLEN,,,,,,Elizabeth,GOOCH,,,,,,,,,,,,,,,,
SFK,Little Welnetham,St Mary Magdalene TR,,25 Oct 1759,William,LINGLEY,,Gt Whelnetham,,,,Mary,ELY,,,,,,,,,,,,,,,,
SFK,Little Welnetham,St Mary Magdalene TR,,15 Aug 1762,Nicholas,JACKSON,,Bradfield St George,widower,,,Jane,BRIANT,,,widow,,,,,,,,,,,,,
SFK,Little Welnetham,St Mary Magdalene TR,,8 Aug 1763,Ambrose,CLARKE,,,,,,Elizabeth,PLUM,,,,,,,,,,,,,,,,
SFK,Little Welnetham,St Mary Magdalene TR,,11 Oct 1763,Robert,CHRISTMAS,,,,,,Sarah,ALDERTON,,,,,,,,,,,,,,,,
SFK,Little Welnetham,St Mary Magdalene TR,,31 Oct 1765,Thomas,ROLFE,,,widower,,,Mary,NUNN,,,,,,,,,,,,,,,,
SFK,Little Welnetham,St Mary Magdalene TR,,21 Nov 1765,Henry,ROLFE,,,,,,Elizabeth,FLACK,,,widow,,,,,,,,,,,,,
SFK,Little Welnetham,St Mary Magdalene TR,,14 Jan 1766,Thomas,MANNING,,Barrow,,,,Mary,GURLING,,,,,,,,,,,,,,,,
SFK,Little Welnetham,St Mary Magdalene TR,,2 Aug 1768,Robert,GURLING,,,,,,Alice,MARCHANT,,,,,,,,,,,,,,,,
SFK,Little Welnetham,St Mary Magdalene TR,,7 Sep 1768,John,FARROW,,Gt Whelnetham,,,,Ann,BROOK,,,,,,,,,,,,,,,,
SFK,Little Welnetham,St Mary Magdalene TR,,12 Jan 1770,John,DURRANT,,Cockfield,,,,Diana,MARCHANT,,,,,,,,,,,,,,,,
SFK,Little Welnetham,St Mary Magdalene TR,,11 Oct 1770,John,NOTLEY,,Bradfield St George,,,,Ann,LORD,,,,,,,,,,,,,,,,
SFK,Little Welnetham,St Mary Magdalene TR,,5 Nov 1772,John,GURLING,,,,,,Elizabeth,COCKSEDGE,,,,,,,,,,,,,,,,
SFK,Little Welnetham,St Mary Magdalene TR,,10 Feb 1779,John,SPENCER,,,,,,Elizabeth,NUNN,,,,,,,,,,,,,,,,
SFK,Little Welnetham,St Mary Magdalene TR,,3 Jul 1780,James,ARBON,,,,,,Elizabeth,SNELL,,,,,,,,,,,,,,,,
SFK,Little Welnetham,St Mary Magdalene TR,,2 Dec 1780,Samuel,BUGG,,,,,,Ann,BORLEY,,,,,,,,,,,,,,,,
SFK,Little Welnetham,St Mary Magdalene TR,,14 Jul 1783,John,COCKSEDGE,,,,,,Sarah,KARRINGTON,,,,,,,,,,,,,,,,
SFK,Little Welnetham,St Mary Magdalene TR,,31 Jul 1785,Jacob,SAVAGE,,,widower,,,Elizabeth,BELL,,,widow,,,,,,,,,,,,,
SFK,Little Welnetham,St Mary Magdalene TR,,17 Oct 1785,David,WILKINSON,,Westminster St James,widower,,,Sarah,MILLS,,,,,,,,,,,,,,,,
SFK,Little Welnetham,St Mary Magdalene TR,,12 Jan 1786,Nicholas,BROWNE,,Bury St Mary's,widower,,,Violet,ALDERTON,,,,,,,,,,,,,,,,
SFK,Little Welnetham,St Mary Magdalene TR,,28 Jun 1786,Thomas,MARCHANT,,,,,,Mary,WELLS,,,,,,,,,,,,,,,,
SFK,Little Welnetham,St Mary Magdalene TR,,22 Oct 1786,William,WILLINGHAM,,,,,,Frances,REMAN,,,,,,,,,,,,,,,,
SFK,Little Welnetham,St Mary Magdalene TR,,23 Nov 1786,Thomas,CLARKE,,Woolpitt,,,,Susan,FLACK,,,,,,,,,,,,,,,,
SFK,Little Welnetham,St Mary Magdalene TR,,24 Sep 1787,John,POLLY,,,,,,Elizabeth,AVE,,,,,,,,,,,,,,,,
SFK,Little Welnetham,St Mary Magdalene TR,,22 Jan 1788,William,RANSON,,Bradfield St George,,,,Charlotte,NUNN,,,,,,,,,,,,,,,,
SFK,Little Welnetham,St Mary Magdalene TR,,9 Dec 1788,Samuel,THOROGOOD,,Gt Whelnetham,,,,Betty,THOROGOOD,,,,,,,,,,,,,,,,
SFK,Little Welnetham,St Mary Magdalene TR,,26 Jan 1790,William,DENCH,,,widower,,,Rose,ROBINSON,,,,,,,,,,,,,,,,
SFK,Little Welnetham,St Mary Magdalene TR,,21 Mar 1792,John,REEMAN,,,,,,Rachel,LANHAM,,,,,,,,,,,,,,,,
SFK,Little Welnetham,St Mary Magdalene TR,,25 Nov 1792,Solomon,MAULKIN,,Bury St E,,,,Edith,PEARL,,,,,,,,,,,,,,,,
SFK,Little Welnetham,St Mary Magdalene TR,,17 Nov 1795,John,BULLOCK,,,widower,,,Sarah,BARREL,,,widow,,,,,,,,,,,,,
SFK,Little Welnetham,St Mary Magdalene TR,,18 Oct 1796,Thomas,AVES,,,,,,Martha,CANHAM,,,,,,,,,,,,,,,,
SFK,Little Welnetham,St Mary Magdalene TR,,11 Oct 1798,James,UNGLES,,Alpheton,,,,Susan,REMAN,,,,,,,,,,,,,,,,
SFK,Little Welnetham,St Mary Magdalene TR,,30 Sep 1800,William,AIRY,,"Alnwick, NBL",,,,Ann,BIDDELL,,,,,,,,,,,,,,,,
SFK,Little Welnetham,St Mary Magdalene TR,,11 Aug 1803,William,ELDER,,Bradfield Sfk,,,,Sarah,BARRELL,,,,,,,,,,,,William,TOOLEY,Frederick Hervey,SANDYS,MARRIED BY Joseph SANDYS
SFK,Little Welnetham,St Mary Magdalene TR,,24 Jan 1804,Robert,CREASEY,,,,,,Mary,BARRELL,,,,,,,,,,,,,,,,
SFK,Little Welnetham,St Mary Magdalene TR,,14 Feb 1804,George,SILLETT,,,,,,Mary,NUNN,,,,,,,,,,,,,,,,
SFK,Little Welnetham,St Mary Magdalene TR,,10 Mar 1805,James,ELDER,,,,,,Elizabeth,CAWSTON,,,widow,,,,,,,,,,,,,
SFK,Little Welnetham,St Mary Magdalene TR,,1 Apr 1805,Robert,EVERETT,,Lidgate,widower,,,Ruth,ELDER,,,,,,,,,,,,,,,,
SFK,Little Welnetham,St Mary Magdalene TR,,3 May 1805,Henry,ROLFE,,,,,,Charlotte,ALLINGTON,,,,,,,,,,,,,,,,
SFK,Little Welnetham,St Mary Magdalene TR,,5 Nov 1805,Robert,CAWSTON,,,,,,Mary,BAKER,,,,,,,,,,,,,,,,
SFK,Little Welnetham,St Mary Magdalene TR,,15 Nov 1806,John,JOHNSON,,Lawshall,,,,Elizabeth,ROLFE,,,,,,,,,,,,,,,,
SFK,Little Welnetham,St Mary Magdalene TR,,13 Mar 1807,Robert,ALDERTON,,,,,,Mary Ann,WINKUP,,Fornham St Martin,,,,,,,,,,,,,,
SFK,Little Welnetham,St Mary Magdalene TR,,18 Oct 1807,Benjamin,EDWARDS,,,,,,Jane,BARFIELD,,,,,,,,,,,,,,,,
SFK,Little Welnetham,St Mary Magdalene TR,,10 Nov 1807,Joseph,PETTIT,,,,,,Mary,NUNN,,,,,,,,,,,,,,,,
SFK,Little Welnetham,St Mary Magdalene TR,,14 Feb 1809,Robert,LAST,,,,,,Elizabeth,ALDERTON,,,,,,,,,,,,,,,,
SFK,Little Welnetham,St Mary Magdalene TR,,7 Dec 1809,Joseph,AVES,,,,,,Martha,GAULT,,,,,,,,,,,,,,,,
SFK,Little Welnetham,St Mary Magdalene TR,,1 Feb 1810,John,HALLS,,,widower,,,Ruth,FENNER,,,widow,,,,,,,,,,,,,
SFK,Little Welnetham,St Mary Magdalene TR,,14 May 1811,William,GAULT,,,,,,Bett,TOOLY,,,,,,,,,,,,,,,,
SFK,Little Welnetham,St Mary Magdalene TR,,12 Oct 1811,John,ALDERTON,,,,,,Susannah,BURROUGHS,,,,,,,,,,,,,,,,
SFK,Little Welnetham,St Mary Magdalene TR,,4 Jan 1812,William,REEMAN,,,,,,Elizabeth,BANKS,,,,,,,,,,,,,,,,
SFK,Little Welnetham,St Mary Magdalene TR,,20 Feb 1812,William,NEWSON,,Norwich St Saviour's,,,,Mary,CARSS,19,,,,,,,,,,,,,,,
SFK,Little Welnetham,St Mary Magdalene TR,,28 May 1812,John,YOUNGS,,Norwich St Etheldred's,,,,Lois,CARSS,,,,,,,,,,,,,,,,
SFK,Little Welnetham,St Mary Magdalene TR,,10 Nov 1812,John,BRETT,,,,,,Mary,ROSE,,,,,,,,,,,,,,,,
SFK,Little Welnetham,St Mary Magdalene TR,,11 Sep 1814,James,ALLENTINE,,,,,,Susan,MIDDLEDITCH,,,,,,,,,,,,,,,,
SFK,Little Welnetham,St Mary Magdalene TR,,27 Sep 1814,John,BUGG,,,,,,Sarah,ALLENTINE,,,widow,,,,,,,,,,,,,
SFK,Little Welnetham,St Mary Magdalene TR,,21 Jul 1816,John,FARROW,,,,,,Charlotte,WILDEN,,,,,,,,,,,,,,,,
SFK,Little Welnetham,St Mary Magdalene TR,,13 Oct 1817,James,SMITH,,Gt Barton,widoweer,,,Alice,ALLEN,,,,,,,,,,,,,,,,
SFK,Little Welnetham,St Mary Magdalene TR,,24 Dec 1819,John,GRIGGS,,,,,,Judith,TURNER,,,,,,,,,,,,,,,,
SFK,Little Welnetham,St Mary Magdalene TR,,20 Jun 1820,Robert,TOOLEY,,,,,,Elizabeth,BRIDGES,,,,,,,,,,,,,,,,
SFK,Little Welnetham,St Mary Magdalene TR,,16 Aug 1820,William,SMITH,,,,,,Elizabeth,PETTIT,,,,,,,,,,,,,,,,
SFK,Little Welnetham,St Mary Magdalene TR,,26 Jul 1821,Daniel,BANTICK,,Gt Ashfield,,,,Sarah,BUGG,,,,,,,,,,,,,,,,
SFK,Little Welnetham,St Mary Magdalene TR,,22 Apr 1822,Robert,HOLMES,,,widower,,,Frances,CASTON,,,,,,,,,,,,,,,,
SFK,Little Welnetham,St Mary Magdalene TR,,5 Nov 1822,William,CLARKE,,,,,,Sophia,TOOLEY,,,,,,,,,,,,,,,,
SFK,Little Welnetham,St Mary Magdalene TR,,24 Mar 1826,Henry John,ADDISON,,Bury St James,,,,Elizabeth,TAYLOR,,,,,,,,,,,,,,,,
SFK,Little Welnetham,St Mary Magdalene TR,,10 Sep 1826,Thomas,LEECH,,Bury St May's,,,,Mary Ann,REEMAN,,,,,,,,,,,,,,,,
SFK,Little Welnetham,St Mary Magdalene TR,,23 Jan 1827,Isaac,BARRELL,,Brettenham,widower,,,Ann,PLATFOOT,,,,,,,,,,,,,,,,
SFK,Little Welnetham,St Mary Magdalene TR,,9 Oct 1828,William,KILLINGWORTH,,,,,,Bett,GAULT,,,widow,,,,,,,,,,,,,
SFK,Little Welnetham,St Mary Magdalene TR,,13 Apr 1829,William,CASE,,Gt Whelnetham,,,,Sarah,TOOLEY,,,,,,,,,,,,,,,,
SFK,Little Welnetham,St Mary Magdalene TR,,11 Jul 1829,Thomas,LOCK,,Rougham,widower,,,Elizabeth,PAYNE,,,widow,,,,,,,,,,,,,
SFK,Little Welnetham,St Mary Magdalene TR,,4 Sep 1830,Jacob,BUGG,,,,,,Eliza,BAALAM,,Nowton,,,,,,,,,,,,,,
SFK,Little Welnetham,St Mary Magdalene TR,,28 Jul 1831,Frederick,DENTON,,Rushbrook,,,,Ann,PRYKE,,,,,,,,,,,,,,,,
SFK,Little Welnetham,St Mary Magdalene TR,,31 Dec 1832,James,TAYLOR,,Bury St James,,,,Sarah,REEMAN,,,,,,,,,,,,,,,,
SFK,Little Welnetham,St Mary Magdalene TR,,22 Jan 1833,William,BAKER,,Stowmarket,widower,,,Charlotte,KEEBLE,,,,,,,,,,,,,,,,
SFK,Little Welnetham,St Mary Magdalene TR,,28 May 1833,William,FROST,,Rougham,,,,Susan,CASON,,,,,,,,,,,,,,,,
SFK,Little Welnetham,St Mary Magdalene TR,,25 Jun 1833,Daniel,ALDERTON,,,,,,Mary,BURROUGHS,,,,,,,,,,,,,,,,
SFK,Little Welnetham,St Mary Magdalene TR,,1 Oct 1833,John,CAWSTON,,,,,,Mary,MASH,,Gt Whelnetham,,,,,,,,,,,,,,
SFK,Little Welnetham,St Mary Magdalene TR,,11 Nov 1834,George,MINGAY,,,,,,Susan,CAWSTON,,,,,,,,,,,,,,,,
SFK,Little Welnetham,St Mary Magdalene TR,,5 Dec 1836,Henry,BOWLE,,Bury St James,,,,Maria,HUMPHREY,,,,,,,,,,,,,,,,
SFK,Little Welnetham,St Mary Magdalene TR,,28 Apr 1837,Thomas,CLARKE,,,widower,,,Ann,NUNN,,Lawshall,widow,,,,,,,,,,,,,
SFK,Little Welnetham,St Mary Magdalene TR,,5 Jun 1838,Robert,LAST,,,,,,Mary Ann,REEMAN,,,,,,William,LAST,labourer,John,REEMAN,labourer,,,,,
SFK,Little Welnetham,St Mary Magdalene TR,,19 Jan 1839,William,BUGG,,,,,,Martha,OFFORD,,Rushbrooke,,,,Thomas,BUGG,labourer,Nathaniel,OFFORD,labourer,,,,,
SFK,Little Welnetham,St Mary Magdalene TR,,15 Nov 1839,James,PADLEY,,,,,,Charlotte,ALDERTON,,,,,,James,PADLEY,labourer,James,ALDERTON,blacksmith,,,,,
SFK,Little Welnetham,St Mary Magdalene TR,,7 Aug 1841,Daniel,ALDERTON,,,,,,Maria,COOK,,,,,,James,ALDERTON,blacksmith,George,COOK,labourer,,,,,
SFK,Little Welnetham,St Mary Magdalene TR,,24 Dec 1841,James,RODWELL,,,,,,Elizabeth,RETHAM,,Grt Whelnetham,,,,Samuel,RODWELL,labourer,Edward,RETHAM,tradesman,,,,,
SFK,Little Welnetham,St Mary Magdalene TR,,25 Mar 1842,William,HOWE,,Bradfield St Clare,,,,Mary,BANHAM,,,,,,William,HOWE,labourer,George,BANHAM,labourer,,,,,
SFK,Little Welnetham,St Mary Magdalene TR,,28 May 1844,James,COOK,,Rushbrooke,,,,Emily,ALDERTON,,,,,,John,COOK,labourer,James,ALDERTON,blacksmith,,,,,
SFK,Little Welnetham,St Mary Magdalene TR,,6 Jan 1846,James,ALDERTON,,,widower,,,Elizabeth,MILLS,,,widow,,,Daniel,ALDERTON,blacksmith,Thomas,FREEMAN,labourer,,,,,
SFK,Little Welnetham,St Mary Magdalene TR,,23 Jun 1846,Edward,KEMP,,,,,,Eliza,AVIS,,,,,,Benjamin,KEMP,shoemaker,Samuel,AVIS,labourer,,,,,
SFK,Little Welnetham,St Mary Magdalene TR,,24 Oct 1846,James,EVERETT,,,,,,Lois,TOOLEY,,,,,,William,EVERETT,labourer,Robert,TOOLEY,carpenter,,,,,
SFK,Little Welnetham,St Mary Magdalene TR,,10 Jul 1847,Charles,DRURY,,,widower,,,Ellen,KNOCK,,,,,,Samuel,DRURY,labourer,Stephen,KNOCK,labourer,,,,,
SFK,Little Welnetham,St Mary Magdalene TR,,29 Aug 1848,John,WRIGHT,,Lavenham,,butcher,,Judith,COOK,,,,,,William,WRIGHT,labourer,Samuel,COOK,labourer,,,,,
SFK,Little Welnetham,St Mary Magdalene TR,,19 Feb 1850,Theophilus,FISHER,,,,,,Mary Anne,LAST,,,,,,Samuel,FISHER,brickmaker,William,LAST,labourer,,,,,
