+INFO,freereg-suffolk@highfields1.plus.com,password,SEQUENCED,BURIALS,cp437
#,CCC,JHarold,SUFFOLK,SFKLWHBU.CSV,07-Sep-2011
#,CREDIT,Brian AVEY,freereg-suffolk@highfields1.plus.com
#,07-Sep-2011,transcript provided by Brian AVEY,
SFK,Little Welnetham,St Mary Magdalene TR,,* * 1557,John,,,,,REVELL,,,
SFK,Little Welnetham,St Mary Magdalene TR,,* Sep 1557,Joan,,,,,CLARK,,,31 Sep
SFK,Little Welnetham,St Mary Magdalene TR,,30 Nov 1557,John,,,,,HALL,,,
SFK,Little Welnetham,St Mary Magdalene TR,,1 Jan 1557/58,Margarett,,,,,MOSBY,,,
SFK,Little Welnetham,St Mary Magdalene TR,,13 Jan 1557/58,Henry,son of,Thomas,,LADIMAN,LADIMAN,,,
SFK,Little Welnetham,St Mary Magdalene TR,,2 Mar 1557/58,Rose,,,,,HALL,,,
SFK,Little Welnetham,St Mary Magdalene TR,,10 Jan 1558/59,Hellen,,,,,KENT,,,
SFK,Little Welnetham,St Mary Magdalene TR,,20 Jan 1558/59,Thomas,,,,,WHODAM,,,
SFK,Little Welnetham,St Mary Magdalene TR,,11 Feb 1558/59,Alice,,,,,LADIMAN,,,
SFK,Little Welnetham,St Mary Magdalene TR,,10 Mar 1558/59,Alice,,,,,GODDARD,,,
SFK,Little Welnetham,St Mary Magdalene TR,,14 Mar 1558/59,Alice,daughter of,Thomas,,LADIMAN,LADIMAN,,,
SFK,Little Welnetham,St Mary Magdalene TR,,24 Mar 1558/59,Joan,wife of,William,,SYMONT,SYMONT,,,
SFK,Little Welnetham,St Mary Magdalene TR,,17 Sep 1559,Joan,daughter of,William,,SYMONT,SYMONT,,,
SFK,Little Welnetham,St Mary Magdalene TR,,9 Feb 1559/60,Robert,,,,,ADAMS,,,
SFK,Little Welnetham,St Mary Magdalene TR,,15 Feb 1560,Bennet,,,,,DEPNAM,,,
SFK,Little Welnetham,St Mary Magdalene TR,,19 Mar 1559/60,Joan,,,,,WHODAM,,,
SFK,Little Welnetham,St Mary Magdalene TR,,7 Apr 1560,Robert,,,,,WHODAM,,,
SFK,Little Welnetham,St Mary Magdalene TR,,26 May 1560,Andrew,,,,,WEYGHT,,,
SFK,Little Welnetham,St Mary Magdalene TR,,19 Sep 1560,Laurence,,,,,STEVEN,,,
SFK,Little Welnetham,St Mary Magdalene TR,,16 Jan 1560/61,James,,,,,MOSBY,,,
SFK,Little Welnetham,St Mary Magdalene TR,,30 Apr 1561,Thomas,,,,,SMITH,,,late of Cockfield
SFK,Little Welnetham,St Mary Magdalene TR,,19 Dec 1561,John,,,,,GIPPS,,,
SFK,Little Welnetham,St Mary Magdalene TR,,9 Mar 1561/62,John,,,,,GODDARD,,,
SFK,Little Welnetham,St Mary Magdalene TR,,19 Apr 1562,Katheryne,,,,,GODDARD,,,
SFK,Little Welnetham,St Mary Magdalene TR,,2 Nov 1562,Helene,,,,,AVIS,,,
SFK,Little Welnetham,St Mary Magdalene TR,,30 Mar 1563,John,,,,,SYMONT,,,
SFK,Little Welnetham,St Mary Magdalene TR,,9 May 1563,Richard,,,,,BRIANT,,,
SFK,Little Welnetham,St Mary Magdalene TR,,28 Jan 1563/64,John,son of,William,,INNOLD,INNOLD,,,
SFK,Little Welnetham,St Mary Magdalene TR,,8 Jan 1565/66,Thomas,,,,,GODDARD,,,
SFK,Little Welnetham,St Mary Magdalene TR,,31 Jul 1566,Alice,,,,,CHAPMAN,,,widow
SFK,Little Welnetham,St Mary Magdalene TR,,26 Apr 1569,Katheryn,daughter of,Andrew,,OVERING,OVERING,,,
SFK,Little Welnetham,St Mary Magdalene TR,,5 Mar 1569/70,Alexander,,,,,HARVEY,,,
SFK,Little Welnetham,St Mary Magdalene TR,,21 Dec 1570,Anne,daughter of,John,,NUNE,NUNE,,,
SFK,Little Welnetham,St Mary Magdalene TR,,22 Jan 1570/71,William,,,,,NUNE,,,
SFK,Little Welnetham,St Mary Magdalene TR,,23 Feb 1570/71,Rose,wife of,John,,HILDRED,HILDRED,,,
SFK,Little Welnetham,St Mary Magdalene TR,,26 Feb 1570/71,Thomas,son of,John,,NUNE,NUNE,,,
SFK,Little Welnetham,St Mary Magdalene TR,,7 Jul 1571,John,,,,,NUNE,,,
SFK,Little Welnetham,St Mary Magdalene TR,,30 Dec 1571,Maryan,,,,,FITS,,,
SFK,Little Welnetham,St Mary Magdalene TR,,26 Feb 1571/72,William,son of,William,,INNOLD,INNOLD,,,
SFK,Little Welnetham,St Mary Magdalene TR,,5 Dec 1572,Thomas,,,,,FITTS,,,
SFK,Little Welnetham,St Mary Magdalene TR,,14 May 1573,Elizabeth,,,,,RINGLAND,,,
SFK,Little Welnetham,St Mary Magdalene TR,,6 Sep 1573,Edmund,,,,,RINGLAND,,,
SFK,Little Welnetham,St Mary Magdalene TR,,29 Jul 1575,John,son of,John,,CROFTES,CROFTES,,,
SFK,Little Welnetham,St Mary Magdalene TR,,21 Nov 1575,Margarett,wife of,John,,SKITTLER,SKITTLER,,,
SFK,Little Welnetham,St Mary Magdalene TR,,12 Dec 1575,William,,,,,REVELL,,,servant of John HYWARD
SFK,Little Welnetham,St Mary Magdalene TR,,28 Apr 1576,John,son of,Roger,,WARD,WARD,,,
SFK,Little Welnetham,St Mary Magdalene TR,,28 Oct 1576,Joan,daughter of,John,,CROFTES,CROFTES,,,
SFK,Little Welnetham,St Mary Magdalene TR,,15 Aug 1578,Robert,,,,,EADE,,,a stranger
SFK,Little Welnetham,St Mary Magdalene TR,,12 Feb 1578/79,John,son of,John,,ELMAR,ELMAR,,,
SFK,Little Welnetham,St Mary Magdalene TR,,29 Nov 1579,Thomas,son of,Thomas,,MANHOOD,MANHOOD,,,
SFK,Little Welnetham,St Mary Magdalene TR,,22 Dec 1579,Joan,,,,,HART,,,a stranger
SFK,Little Welnetham,St Mary Magdalene TR,,25 Dec 1580,John,,,,,SKITTLER,,,
SFK,Little Welnetham,St Mary Magdalene TR,,1 Aug 1581,Clement,,,,,STEEVEN,,,
SFK,Little Welnetham,St Mary Magdalene TR,,13 Aug 1581,Joan,daughter of,William,,SKARPE,SKARPE,,,
SFK,Little Welnetham,St Mary Magdalene TR,,24 Oct 1582,Agnes,,,,,STEWARD,,,see bapt Aug
SFK,Little Welnetham,St Mary Magdalene TR,,8 Oct 1583,John,son of,John,,STEWARD,STEWARD,,,
SFK,Little Welnetham,St Mary Magdalene TR,,27 Jun 1584,Thomas,,,,,SWEYTON,,,a stranger
SFK,Little Welnetham,St Mary Magdalene TR,,11 Jul 1584,Alice,wife of,John,,HEIWARD,HEIWARD,,,
SFK,Little Welnetham,St Mary Magdalene TR,,30 Oct 1584,John,son of,John,,KENDALL,KENDALL,,,
SFK,Little Welnetham,St Mary Magdalene TR,,9 Mar 1584/85,Alice,wife of,Thomas,,SPILSBY,SPILSBY,,,
SFK,Little Welnetham,St Mary Magdalene TR,,25 Apr 1585,Joan,wife of,John,,ROWLAND,ROWLAND,,,
SFK,Little Welnetham,St Mary Magdalene TR,,1 Mar 1585/86,William,,,,,HARPLEY,,,
SFK,Little Welnetham,St Mary Magdalene TR,,11 Dec 1586,Cisly,wife of,John,,CROFTES,CROFTES,,,
SFK,Little Welnetham,St Mary Magdalene TR,,11 Dec 1587,Margarett,daughter of,John,,DEBNEHM,DEBNEHM,,,
SFK,Little Welnetham,St Mary Magdalene TR,,11 Jan 1587/88,John,,,,,WEIGHT,,,clarke
SFK,Little Welnetham,St Mary Magdalene TR,,14 Feb 1587/88,John,son of,,,ALMON,ALMON,,of Bury,son of Mr
SFK,Little Welnetham,St Mary Magdalene TR,,9 Mar 1587/88,Alice,daughter of,Robert,,STEWARD,STEWARD,,,
SFK,Little Welnetham,St Mary Magdalene TR,,13 Jul 1588,Robert,son of,Richard,,GOODRICK,GOODRICK,,,Richard Esq
SFK,Little Welnetham,St Mary Magdalene TR,,10 Jan 1588/89,John,,,,,HEYWARD,,,
SFK,Little Welnetham,St Mary Magdalene TR,,15 Dec 1589,John,son of,Robert,,DEBNEHM,DEBNEHM,,,
SFK,Little Welnetham,St Mary Magdalene TR,,21 Jul 1590,Edmund,,,,,FOSTER,,,
SFK,Little Welnetham,St Mary Magdalene TR,,30 Nov 1591,Thomas,,,,,VINCENT,,,
SFK,Little Welnetham,St Mary Magdalene TR,,14 Jan 1592/93,James,son of,James,,WOLFENDEN,WOLFENDEN,,,
SFK,Little Welnetham,St Mary Magdalene TR,,15 Aug 1593,Thomas,son of,John,,LADIMAN,LADIMAN,,,
SFK,Little Welnetham,St Mary Magdalene TR,,10 Jul 1594,Margaret,,,,,MATHEW,,,
SFK,Little Welnetham,St Mary Magdalene TR,,9 Aug 1594,William,,,,,INNOLD,,,
SFK,Little Welnetham,St Mary Magdalene TR,,17 Dec 1594,Dorothy,daughter of,,?,KENDAL,KENDAL,,,daughter of widow Kendal; see Bapt 15 Dec
SFK,Little Welnetham,St Mary Magdalene TR,,10 Dec 1596,William,son of,John,,LADIMAN,LADIMAN,,,
SFK,Little Welnetham,St Mary Magdalene TR,,13 Mar 1596/97,Sara,,,,,EVERED,,,servant to Thomas Fornahm
SFK,Little Welnetham,St Mary Magdalene TR,,29 Nov 1597,Robert,,,,,SAXYE,,,
SFK,Little Welnetham,St Mary Magdalene TR,,18 Nov 1598,Thomas,wife of,Thomas,,FORNAM,FORNAM,,,
SFK,Little Welnetham,St Mary Magdalene TR,,30 May 1600,Ann,daughter of,Johannis,,BANNOCK,BANNOCK,,,
SFK,Little Welnetham,St Mary Magdalene TR,,11 Nov 1600,Marye,,,,,WINTER,,,
SFK,Little Welnetham,St Mary Magdalene TR,,29 Nov 1601,Henry,,,,,HOWE,,,
SFK,Little Welnetham,St Mary Magdalene TR,,3 Dec 1601,John,,,,,STEWARD,,,
SFK,Little Welnetham,St Mary Magdalene TR,,3 Feb 1601/02,John,,,,,ROWLAND,,,
SFK,Little Welnetham,St Mary Magdalene TR,,19 Jun 1603,Thomas,,,,,MANWOOD,,,
SFK,Little Welnetham,St Mary Magdalene TR,,5 Aug 1603,John,,,,,LADIMAN,,,
SFK,Little Welnetham,St Mary Magdalene TR,,20 Aug 1605,Elizabeth,,,,,BRIANT,,,Mrs
SFK,Little Welnetham,St Mary Magdalene TR,,12 Jan 1605/06,William,son of,William,,GODFRAY,GODFRAY,,of Bury,
SFK,Little Welnetham,St Mary Magdalene TR,,24 May 1606,Edmund,,,,,INNOLD,,,
SFK,Little Welnetham,St Mary Magdalene TR,,17 Aug 1606,Dorithy,,,,,INNOLD,,,
SFK,Little Welnetham,St Mary Magdalene TR,,6 Oct 1606,Samuell,,,,,INNOLD,,,
SFK,Little Welnetham,St Mary Magdalene TR,,16 Jan 1606/7,Marye,,,,,DEBNAM,,,
SFK,Little Welnetham,St Mary Magdalene TR,,22 Jul 1608,Robert,,,,,INNOLD,,,
SFK,Little Welnetham,St Mary Magdalene TR,,2 Dec 1608,John,,,,,WOLFFENDEN,,,
SFK,Little Welnetham,St Mary Magdalene TR,,26 May 1610,John,,,,,CROFTES,,,
SFK,Little Welnetham,St Mary Magdalene TR,,7 Jul 1610,James,,,,,PIERSON,,,
SFK,Little Welnetham,St Mary Magdalene TR,,30 Oct 1610,?,,,,,HOWE,,,Widow
SFK,Little Welnetham,St Mary Magdalene TR,,7 Apr 1611,William,,,,,RO[UN]GE,,,
SFK,Little Welnetham,St Mary Magdalene TR,,30 Mar 1612,John,,,,,RINGLAND,,,
SFK,Little Welnetham,St Mary Magdalene TR,,10 Jan 1612/13,Robert,,,,,TIPSHATH,,,
SFK,Little Welnetham,St Mary Magdalene TR,,5 Feb 1612/13,Dorithy,,,,,ROOTE,,,
SFK,Little Welnetham,St Mary Magdalene TR,,20 Feb 1613,?,,,,,INNOLD,,,Widow
SFK,Little Welnetham,St Mary Magdalene TR,,10 Mar 1612/13,John,,,,,WRETTHAM,,,
SFK,Little Welnetham,St Mary Magdalene TR,,4 May 1613,Elizabeth,,,,,GREENE,,,a wanderer
SFK,Little Welnetham,St Mary Magdalene TR,,21 May 1613,?,,,,,LADIMAN,,,Mother
SFK,Little Welnetham,St Mary Magdalene TR,,7 Jun 1613,Margett,,,,,WERNER,,,uxor
SFK,Little Welnetham,St Mary Magdalene TR,,7 Aug 1613,Susan,,,,,HUETT,,,maide
SFK,Little Welnetham,St Mary Magdalene TR,,14 Apr 1614,Dorithy,,,,,WILLIS,,,see Bapt
SFK,Little Welnetham,St Mary Magdalene TR,,21 Apr 1614,Susan,,,,,NAYLER,,,see Bapt
SFK,Little Welnetham,St Mary Magdalene TR,,10 Jun 1614,Mary,wife of,Thomas,,NAYLER,NAYLER,,,
SFK,Little Welnetham,St Mary Magdalene TR,,8 Aug 1614,William,,,,,MANNING,,,
SFK,Little Welnetham,St Mary Magdalene TR,,17 Jul 1615,Francis,,,,,TIPSHATH,,,
SFK,Little Welnetham,St Mary Magdalene TR,,3 Oct 1615,Marye,,,,,HUETT,,,
SFK,Little Welnetham,St Mary Magdalene TR,,23 Nov 1616,Agnes,wife of,Robert,,BROWN,BROWN,,,?uxor
SFK,Little Welnetham,St Mary Magdalene TR,,9 May 1617,Gearg,,,,,SCARPP,,,
SFK,Little Welnetham,St Mary Magdalene TR,,27 Mar 1619,Thomas,,,,,FITTS,,,
SFK,Little Welnetham,St Mary Magdalene TR,,17 May 1620,Ales,,,,,NAYLER,,,
SFK,Little Welnetham,St Mary Magdalene TR,,28 Jun 1620,William,,,,,DIMBLETON,,,
SFK,Little Welnetham,St Mary Magdalene TR,,17 Jan 1620/21,John,,,,,THORNTON,,,
SFK,Little Welnetham,St Mary Magdalene TR,,27 Sep 1621,Ann,,,,,?,,,stranger see Bapt Sep
SFK,Little Welnetham,St Mary Magdalene TR,,16 Nov 1623,Robert,husband of,Margett,,STEWARD,STEWARD,,,
SFK,Little Welnetham,St Mary Magdalene TR,,18 Nov 1623,Margett,wife of,Robert,,STEWARD,STEWARD,,,
SFK,Little Welnetham,St Mary Magdalene TR,,24 Aug 1625,John,,,,,LADYMAN,,,
SFK,Little Welnetham,St Mary Magdalene TR,,27 Aug 1625,?,,,,,FISHER,,,Widow
SFK,Little Welnetham,St Mary Magdalene TR,,6 Sep 1626,William,,,,,EUARS,,,
SFK,Little Welnetham,St Mary Magdalene TR,,20 Oct 1626,?,,,,,WRETHAM,,,Mother
SFK,Little Welnetham,St Mary Magdalene TR,,7 Nov 1626,Robert,,,,,MACRO,,,
SFK,Little Welnetham,St Mary Magdalene TR,,7 Jun 1630,Anne,daughter of,Edmund,,HEWET,HEWET,,,
SFK,Little Welnetham,St Mary Magdalene TR,,23 Aug 1630,George Ely,son of,Edmund,,WILLIS,WILLIS,,,son of the wife of Edmund Willis
SFK,Little Welnetham,St Mary Magdalene TR,,8 Sep 1630,Mary,wife of,Robert,,TILLET,TILLET,,,
SFK,Little Welnetham,St Mary Magdalene TR,,16 May 1630,Bezaleel,,,,,CARTER,,,clarke
SFK,Little Welnetham,St Mary Magdalene TR,,8 Sep 1630,Alice,wife of,Robert,,TILLET,TILLET,,,
SFK,Little Welnetham,St Mary Magdalene TR,,4 Oct 1630,Agnes,wife of,John,,SARGEANT,SARGEANT,,,
SFK,Little Welnetham,St Mary Magdalene TR,,11 Oct 1630,Henry,,,,,HOWE,,,
SFK,Little Welnetham,St Mary Magdalene TR,,13 Dec 1630,?,,,,,MANTWOD,,,Mrs
SFK,Little Welnetham,St Mary Magdalene TR,,12 Jan 1630/1,Susan,daughter of,William,,ELY,ELY,,,
SFK,Little Welnetham,St Mary Magdalene TR,,20 Nov 1631,Dorothy,,,,,CORNISH,,,widow
SFK,Little Welnetham,St Mary Magdalene TR,,10 Sep 1632,Elizabeth,,,,,GOODMAN,,,single
SFK,Little Welnetham,St Mary Magdalene TR,,19 Jan 1632/33,?,wife of,Raphe,,MANNING,MANNING,,,
SFK,Little Welnetham,St Mary Magdalene TR,,7 Nov 1634,Francis,daughter of,Edmund,,GOYMAR,GOYMAR,,,single
SFK,Little Welnetham,St Mary Magdalene TR,,17 Apr 1635,Mary,daughter of,Thomas,Mary,CORNISH,CORNISH,,,
SFK,Little Welnetham,St Mary Magdalene TR,,14 Feb 1635/36,Elizabeth,wife of,John,,THORNTON,THORNTON,,,
SFK,Little Welnetham,St Mary Magdalene TR,,7 Mar 1636,John,,,,,SARGEANT,,,
SFK,Little Welnetham,St Mary Magdalene TR,,26 Mar 1636,Robert,son of,Thomas,,WYAT,WYAT,,,
SFK,Little Welnetham,St Mary Magdalene TR,,28 Aug 1636,Priscilla,,,,,GOODMAN,,,widow
SFK,Little Welnetham,St Mary Magdalene TR,,14 Aug 1638,John,,,,,WARNER,,,
SFK,Little Welnetham,St Mary Magdalene TR,,2 Sep 1638,Elizabeth,wife of,John,,CLARKE,CLARKE,,,
SFK,Little Welnetham,St Mary Magdalene TR,,27 Apr 1639,Alexander,son of,Alexander,Sara,PISTOR,PISTOR,,,
SFK,Little Welnetham,St Mary Magdalene TR,,15 Jul 1639,Ursly,daughter of,John,,ELY,ELY,,,
SFK,Little Welnetham,St Mary Magdalene TR,,14 Oct 1639,Thomas,,,,,BUTLER,,,a stranger
SFK,Little Welnetham,St Mary Magdalene TR,,10 Jan 1640/41,Gilian,,,,,SPRING,,,see Bapt 3 Jan
SFK,Little Welnetham,St Mary Magdalene TR,,12 Jan 1640/41,Rose,daughter of,Richard,Elizabeth,MOUNT,MOUNT,,,
SFK,Little Welnetham,St Mary Magdalene TR,,28 Mar 1666,Erasmus,,,,,MARTIALL,,,a traveller
SFK,Little Welnetham,St Mary Magdalene TR,,20 Aug 1666,?,,,,,HOW,,,Widow
SFK,Little Welnetham,St Mary Magdalene TR,,15 Feb 1666/67,Susan,daughter of,John,Mary,JOLLY,JOLLY,,of Gt Wheltham,
SFK,Little Welnetham,St Mary Magdalene TR,,14 Apr 1667,Susan,daughter of,John,Mary,GOODAY,GOODAY,,,
SFK,Little Welnetham,St Mary Magdalene TR,,29 Mar 1669,?,,,,,MANNINGE,,,Widow
SFK,Little Welnetham,St Mary Magdalene TR,,12 Aug 1669,?,,,,,BRETT,,,Vidua
SFK,Little Welnetham,St Mary Magdalene TR,,21 Aug 1672,Sarah,,,,,LEECH,,,
SFK,Little Welnetham,St Mary Magdalene TR,,14 Jul 1673,Benjamin,,,,,LEECH,,,
SFK,Little Welnetham,St Mary Magdalene TR,,24 Sep 1673,Willyam,,,,,CLERKE,,,
SFK,Little Welnetham,St Mary Magdalene TR,,4 Apr 1676,John,son of,John,Phillip,WEBB,WEBB,,,
SFK,Little Welnetham,St Mary Magdalene TR,,7 May 1676,?,,,,,CASON,,,Widow
SFK,Little Welnetham,St Mary Magdalene TR,,7 Dec 1676,Frances,wife of,Ambrose,,WILLYAMSON,WILLYAMSON,,,buried together with V?
SFK,Little Welnetham,St Mary Magdalene TR,,5 Jun 1677,?,wife of,Willyam,,BARKER,BARKER,,,
SFK,Little Welnetham,St Mary Magdalene TR,,3 Aug 1677,Rachell,wife of,Edward,,AGAS,AGAS,,,clerke
SFK,Little Welnetham,St Mary Magdalene TR,,5 Mar 1677/78,Willyam,son of,John,,LEECH,LEECH,,,
SFK,Little Welnetham,St Mary Magdalene TR,,5 Aug 1679,?,,,,,COULSON,,,Widow
SFK,Little Welnetham,St Mary Magdalene TR,,7 Oct 1679,Willyam,,,,,TOOLY,,,
SFK,Little Welnetham,St Mary Magdalene TR,,2 Jan 1679/80,?,,,,,GARWOOD,,,Widow
SFK,Little Welnetham,St Mary Magdalene TR,,4 Jan 1679/80,?,wife of,Robert,,WHITEROD,WHITEROD,,,
SFK,Little Welnetham,St Mary Magdalene TR,,24 Feb 1679/80,Sarah,daughter of,Willyam,,STURGEON,STURGEON,,,
SFK,Little Welnetham,St Mary Magdalene TR,,28 Jun 1680,Elizabeth,wife of,John,,LEECH,LEECH,,,
SFK,Little Welnetham,St Mary Magdalene TR,,9 Jan 1680/81,Elizabeth,daughter of,John,Sarah,LEECH,LEECH,,,
SFK,Little Welnetham,St Mary Magdalene TR,,23 Jan 1680/81,Edward,,,,,AGAS,,,rector for 35 yrs
SFK,Little Welnetham,St Mary Magdalene TR,,16 Apr 1681,William,,,,,TAYLOR,,,
SFK,Little Welnetham,St Mary Magdalene TR,,27 Apr 1681,Robert,son of,William,Ursula,TAYLOR,TAYLOR,,,
SFK,Little Welnetham,St Mary Magdalene TR,,31 Jul 1681,Elizabeth,daughter of,Ambrose,Eliza,FLACK?,FLACK?,,,
SFK,Little Welnetham,St Mary Magdalene TR,,16 Aug 1681,Joseph,son of,Robert,Sarah,WHITEROD,WHITEROD,,,
SFK,Little Welnetham,St Mary Magdalene TR,,2 Sep 1681,Sarah,wife of,William,,BARKER,BARKER,,,
SFK,Little Welnetham,St Mary Magdalene TR,,8 Oct 1681,Mary,wife of,John,,GOODAY,GOODAY,,,
SFK,Little Welnetham,St Mary Magdalene TR,,6 Nov 1681,Dorothy,,,,,GIPPS,,,
SFK,Little Welnetham,St Mary Magdalene TR,,27 Feb 1681/82,Robert,,,,,WHITEROD,,,
SFK,Little Welnetham,St Mary Magdalene TR,,3 Jul 1682,Elizabeth,,,,,TAYLOR,,,
SFK,Little Welnetham,St Mary Magdalene TR,,26 Aug 1682,Philip,wife of,John,,WEBB,WEBB,,,
SFK,Little Welnetham,St Mary Magdalene TR,,31 Dec 1682,Ann,,,,,CLARKE,,,widow
SFK,Little Welnetham,St Mary Magdalene TR,,11 Feb 1682/83,Sarah,,,,,GOODDAY,,,
SFK,Little Welnetham,St Mary Magdalene TR,,15 Apr 1683,Thomas,,,,,KING,,,
SFK,Little Welnetham,St Mary Magdalene TR,,27 Apr 1683,Ann,daughter of,John,,WEBB,WEBB,,,
SFK,Little Welnetham,St Mary Magdalene TR,,11 May 1683,James,son of,James,,GARWOOD,GARWOOD,,,
SFK,Little Welnetham,St Mary Magdalene TR,,15 Jul 1683,Margaret,,,,,FROST,,,
SFK,Little Welnetham,St Mary Magdalene TR,,28 Jul 1683,Ann,wife of,Richard,,WHITEROD,WHITEROD,,,
SFK,Little Welnetham,St Mary Magdalene TR,,8 Sep 1683,Hannah,,,,,BAKER,,,
SFK,Little Welnetham,St Mary Magdalene TR,,11 Mar 1683/84,Martha,,,,,IWRING,,,
SFK,Little Welnetham,St Mary Magdalene TR,,28 Mar 1684,Thomasin,,,,,LEACH,,,
SFK,Little Welnetham,St Mary Magdalene TR,,3 Aug 1684,Francis,,,,,STURGEON,,,
SFK,Little Welnetham,St Mary Magdalene TR,,30 Jul 1685,Margaret,wife of,James,,FROST,FROST,,,
SFK,Little Welnetham,St Mary Magdalene TR,,11 Dec 1685,Mary,,,,,STURGEON,,,
SFK,Little Welnetham,St Mary Magdalene TR,,24 dec 1685,William,,,,,STURGEON,,,
SFK,Little Welnetham,St Mary Magdalene TR,,3 Jan 1685/86,Sarah,,,,,STURGEON,,,
SFK,Little Welnetham,St Mary Magdalene TR,,3 Apr 1686,Elizabeth,daughter of,John,,TOOLEY,TOOLEY,,,
SFK,Little Welnetham,St Mary Magdalene TR,,8 May 1686,John,,,,,BRIDGE,,,
SFK,Little Welnetham,St Mary Magdalene TR,,4 Nov 1686,Elizabeth,daughter of,John,,LEACH,LEACH,,,
SFK,Little Welnetham,St Mary Magdalene TR,,7 Jun 1687,James,son of,James,,FROST,FROST,,,
SFK,Little Welnetham,St Mary Magdalene TR,,10 Jun 1687,Ann,,,,,GOODAY,,,
SFK,Little Welnetham,St Mary Magdalene TR,,12 Feb 1687/88,Mary,daughter of,John,,TOOLEY,TOOLEY,,,
SFK,Little Welnetham,St Mary Magdalene TR,,19 Sep 1688,John,son of,John,,LEACH,LEACH,,,
SFK,Little Welnetham,St Mary Magdalene TR,,14 Oct 1688,John,,,,,LEACH,80,,
SFK,Little Welnetham,St Mary Magdalene TR,,8 May 1690,William,,,,,GARWOOD,,,
SFK,Little Welnetham,St Mary Magdalene TR,,21 May 1690,John,,,,,TOOLEY,,,
SFK,Little Welnetham,St Mary Magdalene TR,,31 Aug 1691,Susan,wife of,James,,FROST,FROST,,,
SFK,Little Welnetham,St Mary Magdalene TR,,7 Feb 1691/92,Esther,,,,,FROST,,,
SFK,Little Welnetham,St Mary Magdalene TR,,17 Apr 1692,Thomas,son of,John,Susan,IWRING,IWRING,infant,,see Bapt 15 Apr
SFK,Little Welnetham,St Mary Magdalene TR,,17 Apr 1692,Susan,wife of,John,,IWRING,IWRING,,,
SFK,Little Welnetham,St Mary Magdalene TR,,4 Sep 1692,John,son of,John,Mary,PYMAN,PYMAN,,,
SFK,Little Welnetham,St Mary Magdalene TR,,30 Nov 1692,Ambrose,,,,,WILLIAMSON,,,
SFK,Little Welnetham,St Mary Magdalene TR,,27 Oct 1693,Robert,,,,,ADAMS,,,
SFK,Little Welnetham,St Mary Magdalene TR,,18 Nov 1693,Mary,,,,,WHITEROD,,,
SFK,Little Welnetham,St Mary Magdalene TR,,25 May 1695,Alicia,,,,,ARMSBY,,,
SFK,Little Welnetham,St Mary Magdalene TR,,31 May 1695,Rose,,,,,SPARKE,,,
SFK,Little Welnetham,St Mary Magdalene TR,,22 Oct 1695,Edmond,,,,,FROST,,,
SFK,Little Welnetham,St Mary Magdalene TR,,6 Nov 1695,John,,,,,SPARKE,,,
SFK,Little Welnetham,St Mary Magdalene TR,,27 Jan 1695/96,Thomas,,,,,GIPSON,,,
SFK,Little Welnetham,St Mary Magdalene TR,,20 Mar 1695/96,Grace,,,,,TOOLEY,,,
SFK,Little Welnetham,St Mary Magdalene TR,,29 Sep 1696,John,,,,,PYMAN,,,
SFK,Little Welnetham,St Mary Magdalene TR,,1 Dec 1696,Thomas,,,,,DUNHAM,,,
SFK,Little Welnetham,St Mary Magdalene TR,,24 Jul 1697,Robert,,,,,TAYLOR,,,
SFK,Little Welnetham,St Mary Magdalene TR,,14 Apr 1698,Ann,,,,,GIBSON,,,
SFK,Little Welnetham,St Mary Magdalene TR,,12 Jun 1698,Bridgitt,daughter of,James,,GARWOOD,GARWOOD,,,
SFK,Little Welnetham,St Mary Magdalene TR,,18 Dec 1698,William,son of,John,Hannah,GIBSON,GIBSON,,,
SFK,Little Welnetham,St Mary Magdalene TR,,25 Dec 1699,Ann,,,,,WILLIS,95,,widow
SFK,Little Welnetham,St Mary Magdalene TR,,1 Dec 1700,Mary,wife of,John,,SPARKE,SPARKE,,,
SFK,Little Welnetham,St Mary Magdalene TR,,8 May 1701,James,son of,Nicholas,,BAKER,BAKER,,,
SFK,Little Welnetham,St Mary Magdalene TR,,12 Oct 1701,James,son of,Joseph,Elizabeth,REEVE,REEVE,infant,,
SFK,Little Welnetham,St Mary Magdalene TR,,12 Jun 1702,Samuel,son of,Nicholas,,BAKER,BAKER,,,
SFK,Little Welnetham,St Mary Magdalene TR,,2 Oct 1703,Ann,wife of,Abraham,,HAMMOND,HAMMOND,,,
SFK,Little Welnetham,St Mary Magdalene TR,,21 Dec 1703,Bridgitt,daughter of,Nicholas,,BAKER,BAKER,,,
SFK,Little Welnetham,St Mary Magdalene TR,,7 Jan 1703/04,Mary,wife of,Nicholas,,BAKER,BAKER,,,
SFK,Little Welnetham,St Mary Magdalene TR,,15 Mar 1704/05,Mary,,,,,TOOLY,,,widow
SFK,Little Welnetham,St Mary Magdalene TR,,7 Jun 1705,Joseph,,,,,SPARROW,,,
SFK,Little Welnetham,St Mary Magdalene TR,,15 Jul 1705,Judith,,,,,PARKE,,,a travellers infant
SFK,Little Welnetham,St Mary Magdalene TR,,4 Oct 1705,Elizabeth,,,,,TOOLEY,,,
SFK,Little Welnetham,St Mary Magdalene TR,,9 Nov 1705,William,,,,,BAULEY,,,
SFK,Little Welnetham,St Mary Magdalene TR,,25 Oct 1706,John,,,,,SPARKE,,,
SFK,Little Welnetham,St Mary Magdalene TR,,31 Oct 1706,John,,,,,JOHNSON,,,
SFK,Little Welnetham,St Mary Magdalene TR,,9 Dec 1706,James,,,,,HOW,,,
SFK,Little Welnetham,St Mary Magdalene TR,,5 Apr 1707,John,,,,,LAIT,,,
SFK,Little Welnetham,St Mary Magdalene TR,,8 Jun 1708,Philip,,,,,WARD,72,,
SFK,Little Welnetham,St Mary Magdalene TR,,31 Aug 1708,Ann,,,,,WARD,,,widow
SFK,Little Welnetham,St Mary Magdalene TR,,26 Dec 1708,Philip,,,,,WARD,27,,
SFK,Little Welnetham,St Mary Magdalene TR,,30 Nov 1710,Elizabeth,wife of,John,,WHITEROD,WHITEROD,,,
SFK,Little Welnetham,St Mary Magdalene TR,,14 Feb 1711/12,Margarett,,,,,WEBB,,,
SFK,Little Welnetham,St Mary Magdalene TR,,6 apr 1712,John,,,,,PETT,,,
SFK,Little Welnetham,St Mary Magdalene TR,,24 Apr 1714,Robert,,,,,WHITEROD,,,
SFK,Little Welnetham,St Mary Magdalene TR,,18 aug 1714,Elizabeth,,,,,IWRING,,,
SFK,Little Welnetham,St Mary Magdalene TR,,10 Jan 1715/16,Ann,,,,,PETT,,,
SFK,Little Welnetham,St Mary Magdalene TR,,2 Feb 1715/16,Elizabeth,daughter of,Paul,Margarett,CHAPLIN,CHAPLIN,,,see Bapt Jan
SFK,Little Welnetham,St Mary Magdalene TR,,12 Feb 1715/16,John,,,,,CATCHPOLE,,,
SFK,Little Welnetham,St Mary Magdalene TR,,23 Dec 1716,John,,,,,IWRING,,,
SFK,Little Welnetham,St Mary Magdalene TR,,9 May 1717,Isaac,,,,,PETT,,,
SFK,Little Welnetham,St Mary Magdalene TR,,1 Jan 1717/18,John,son of,,Mary,GOSHAWKE,GOSHAWKE,,,see Bapt 31 Dec 1717
SFK,Little Welnetham,St Mary Magdalene TR,,11 Jun 1718,John,son of,John,Mary,YARDLEY,YARDLEY,,,see Bapt 10 Jun 1718
SFK,Little Welnetham,St Mary Magdalene TR,,14 Jun 1718,Mary,wife of,John,,YARDLEY,YARDLEY,,,[Yearsley on tombstone]
SFK,Little Welnetham,St Mary Magdalene TR,,21 Oct 1718,Susan,,,,,BAULEY,,,widow
SFK,Little Welnetham,St Mary Magdalene TR,,10 Nov 1718,William,,,,,KING,,of Bury St E,
SFK,Little Welnetham,St Mary Magdalene TR,,3 Feb 1718/19,Elizabeth,wife of,John,,WERNER,WERNER,,,?uxor
SFK,Little Welnetham,St Mary Magdalene TR,,19 May 1720,John,,,,,KING,72,,
SFK,Little Welnetham,St Mary Magdalene TR,,5 Nov 1720,John,son of,Edward,Elizabeth,KING,KING,,,see Bapt 3 Nov
SFK,Little Welnetham,St Mary Magdalene TR,,10 Nov 1720,Ann,,,,,LEACH,,,
SFK,Little Welnetham,St Mary Magdalene TR,,3 Jan 1721,Anthony,,,,,AGAS,76,,rector of this parish & Rushbrook for 40 yrs
SFK,Little Welnetham,St Mary Magdalene TR,,27 Feb 1720/21,Edward,,,,,KING,,,
SFK,Little Welnetham,St Mary Magdalene TR,,10 Oct 1721,Catharine,,,,,BRETTON,44,,widow
SFK,Little Welnetham,St Mary Magdalene TR,,22 Feb 1721/22,Robert,,,,,JARVIS,,,
SFK,Little Welnetham,St Mary Magdalene TR,,5 Mar 1721/22,Jonathan,,,,,KING,,,
SFK,Little Welnetham,St Mary Magdalene TR,,22 Aug 1722,John,,,,,LEACH,,,
SFK,Little Welnetham,St Mary Magdalene TR,,10 May 1723,Mary,wife of,James,,GARWOOD,GARWOOD,,,
SFK,Little Welnetham,St Mary Magdalene TR,,23 May 1723,John,,,,,CHAPMAN,infant,,
SFK,Little Welnetham,St Mary Magdalene TR,,14 Jan 1723/24,Margaret,wife of,Paul,,CHAPMAN,CHAPMAN,,,
SFK,Little Welnetham,St Mary Magdalene TR,,9 Feb 1723/24,Ann,daughter of,John,Frances,CANDLER,CANDLER,,,
SFK,Little Welnetham,St Mary Magdalene TR,,24 Feb 1723/24,Elizabeth,wife of,Ambrose,,FLACK,FLACK,,,
SFK,Little Welnetham,St Mary Magdalene TR,,31 Jan 1724/25,Ann,,,,,AMSBY,,,
SFK,Little Welnetham,St Mary Magdalene TR,,11 Sep 1725,Ambrose,,,,,FLACK,,,
SFK,Little Welnetham,St Mary Magdalene TR,,26 May 1726,John,,,,,WEBB,,,
SFK,Little Welnetham,St Mary Magdalene TR,,22 Aug 1726,Samuel,son of,Paul,Francis,CHAPMAN,CHAPMAN,,,
SFK,Little Welnetham,St Mary Magdalene TR,,11 Sep 1726,Edward,,,,,LEACH,,,
SFK,Little Welnetham,St Mary Magdalene TR,,10 Jun 1727,James,,,,,GARWOOD,,,
SFK,Little Welnetham,St Mary Magdalene TR,,14 Jan 1727/28,Margaret,,,,,SMCE,infant,,
SFK,Little Welnetham,St Mary Magdalene TR,,20 Jan 1727/28,Samuell,,,,,CHAPMAN,infant,,
SFK,Little Welnetham,St Mary Magdalene TR,,17 Mar 1727/28,Sarah,,,,,LEACH,,,widow
SFK,Little Welnetham,St Mary Magdalene TR,,19 May 1728,James,,,,,GARWOOD,,,
SFK,Little Welnetham,St Mary Magdalene TR,,25 May 1728,Elizabeth,,,,,GARWOOD,,,
SFK,Little Welnetham,St Mary Magdalene TR,,25 Jul 1728,Rose,,,,,CATCHPOLE,,,
SFK,Little Welnetham,St Mary Magdalene TR,,28 Jul 1728,Mary,,,,,CANDLER,infant,,
SFK,Little Welnetham,St Mary Magdalene TR,,5 Aug 1728,Nicholas,,,,,BAKER,,,
SFK,Little Welnetham,St Mary Magdalene TR,,18 Aug 1728,John,,,,,WHITEROD,,,
SFK,Little Welnetham,St Mary Magdalene TR,,9 Feb 1728/29,Richard,son of,Richard,Bruce,REEVE,REEVE,,,
SFK,Little Welnetham,St Mary Magdalene TR,,3 Aug 1729,Thomasin,,,,,LEACH,,,widow
SFK,Little Welnetham,St Mary Magdalene TR,,12 Aug 1729,Samuell,,,,,HOW,,,
SFK,Little Welnetham,St Mary Magdalene TR,,24 Sep 1729,James,,,,,SERJEANT,infant,,
SFK,Little Welnetham,St Mary Magdalene TR,,15 Oct 1729,John,son of,John,Hannah,SERJEANT,SERJEANT,,,
SFK,Little Welnetham,St Mary Magdalene TR,,18 Oct 1729,Mary,daughter of,James,Richard,FROST,FROST,,,
SFK,Little Welnetham,St Mary Magdalene TR,,27 Nov 1729,Rose,wife of,Thomas,,KING,KING,,,
SFK,Little Welnetham,St Mary Magdalene TR,,1 May 1730,Ambrose,,,,,FLACK,,,
SFK,Little Welnetham,St Mary Magdalene TR,,15 Oct 1730,Rose,,,,,KING,,,
SFK,Little Welnetham,St Mary Magdalene TR,,24 Apr 1731,Margarett,daughter of,William,Ann,SMEE,SMEE,,,
SFK,Little Welnetham,St Mary Magdalene TR,,18 Dec 1731,Isaac,,,,,WILSON,,,
SFK,Little Welnetham,St Mary Magdalene TR,,18 Mar 1731/32,John,,,,,HAWARD,,,
SFK,Little Welnetham,St Mary Magdalene TR,,22 Feb 1732/33,Hannah,daughter of,John,Hannah,SERJEANT,SERJEANT,,,
SFK,Little Welnetham,St Mary Magdalene TR,,20 Sep 1733,Elizabeth,,,,,FLACK,,,
SFK,Little Welnetham,St Mary Magdalene TR,,4 Jul 1734,Bridget,,,,,KING,,of Gt Whelnetham,widow
SFK,Little Welnetham,St Mary Magdalene TR,,17 Aug 1734,Elizabeth,,,,,BRETTON,,,
SFK,Little Welnetham,St Mary Magdalene TR,,23 Oct 1735,Thomas,,,,,KING,,,
SFK,Little Welnetham,St Mary Magdalene TR,,6 Dec 1735,Mary,,,,,GOSHAWK,,,
SFK,Little Welnetham,St Mary Magdalene TR,,24 Dec 1735,Mary,daughter of,Richard,Prudence,REEVE,REEVE,,,
SFK,Little Welnetham,St Mary Magdalene TR,,30 Mar 1736,Mary,wife of,John,,HOW,HOW,,of Bradfield St Clare,
SFK,Little Welnetham,St Mary Magdalene TR,,12 Jan 1736/37,Mary,,,,,REEVE,infant,,
SFK,Little Welnetham,St Mary Magdalene TR,,13 Mar 1736/37,Isaac,,,,,KING,infant,,
SFK,Little Welnetham,St Mary Magdalene TR,,22 Nov 1737,John,,,,,CANDLER,,,
SFK,Little Welnetham,St Mary Magdalene TR,,1 Sep 1738,Mary,,,,,IRWIN,,,widow
SFK,Little Welnetham,St Mary Magdalene TR,,25 Feb 1739/40,Ann,wife of,John,,LEACH,LEACH,,,
SFK,Little Welnetham,St Mary Magdalene TR,,19 Oct 1741,Thomas,,,,,BRITON,,,
SFK,Little Welnetham,St Mary Magdalene TR,,20 Oct 1741,Sarah,,,,,ADAMS,,,
SFK,Little Welnetham,St Mary Magdalene TR,,7 Mar 1741/42,William,,,,,GIRLING,infant,,
SFK,Little Welnetham,St Mary Magdalene TR,,31 May 1742,Esther,,,,,PETT,,,
SFK,Little Welnetham,St Mary Magdalene TR,,4 Nov 1742,Elizabeth,,,,,HOWARD,,,
SFK,Little Welnetham,St Mary Magdalene TR,,28 Apr 1743,George,,,,,SOUTHGATE,infant,,
SFK,Little Welnetham,St Mary Magdalene TR,,22 Sep 1744,Harriot,wife of,John,,FARROW,FARROW,,of Gt Whelnetham,
SFK,Little Welnetham,St Mary Magdalene TR,,28 Oct 1744,Elizabeth,,,,,FRIEND,infant,,
SFK,Little Welnetham,St Mary Magdalene TR,,16 Dec 1744,Richard,,,,,FROST,,of Bradfield St Clare,
SFK,Little Welnetham,St Mary Magdalene TR,,10 Jun 1745,Charles,,,,,GIRLING,,,
SFK,Little Welnetham,St Mary Magdalene TR,,6 Jul 1745,Richard,,,,,REEVE,,,
SFK,Little Welnetham,St Mary Magdalene TR,,14 Jul 1745,Ann,,,,,WILSON,,,widow
SFK,Little Welnetham,St Mary Magdalene TR,,14 Aug 1747,Betty,,,,,BELL,infant,,
SFK,Little Welnetham,St Mary Magdalene TR,,16 Aug 1747,Thomas,,,,,GREEN,,,
SFK,Little Welnetham,St Mary Magdalene TR,,12 Jan 1747/48,Frances,,,,,CHAPMAN,,,
SFK,Little Welnetham,St Mary Magdalene TR,,9 Feb 1747/48,Thomas,,,,,KING,,,
SFK,Little Welnetham,St Mary Magdalene TR,,18 Jul 1748,Kezia,,,,,SOUTHGATE,infant,,
SFK,Little Welnetham,St Mary Magdalene TR,,15 Aug 1748,Margaret,,,,,GREEN,,,
SFK,Little Welnetham,St Mary Magdalene TR,,15 Nov 1748,William,,,,,CLARK,infant,,
SFK,Little Welnetham,St Mary Magdalene TR,,3 Jul 1749,Sarah,,,,,RIVERS,,,
SFK,Little Welnetham,St Mary Magdalene TR,,9 Nov 1749,Martha,,,,,PIT,,,widow
SFK,Little Welnetham,St Mary Magdalene TR,,18 Jan 1750/51,William,,,,,REEMAN,infant,,
SFK,Little Welnetham,St Mary Magdalene TR,,23 Feb 1750/51,John,,,,,FROST,,,
SFK,Little Welnetham,St Mary Magdalene TR,,23 Jul 1751,William,,,,,SMEE,,,
SFK,Little Welnetham,St Mary Magdalene TR,,18 Sep 1751,John,,,,,BELL,infant,,
SFK,Little Welnetham,St Mary Magdalene TR,,12 Apr 1752,William,son of,William,Elizabeth,REEMAN,REEMAN,,,
SFK,Little Welnetham,St Mary Magdalene TR,,3 Jun 1752,William,,,,,BANKS,infant,,
SFK,Little Welnetham,St Mary Magdalene TR,,14 May 1753,John,son of,John,Ann,AVEY,AVEY,,,
SFK,Little Welnetham,St Mary Magdalene TR,,21 May 1753,John,,,,,FLACK,,,
SFK,Little Welnetham,St Mary Magdalene TR,,6 Jan 1754,Ann,daughter of,,Ann,CARTER,CARTER,,,
SFK,Little Welnetham,St Mary Magdalene TR,,13 Oct 1754,Richard,son of,John,Ann,AVEY,AVEY,,,
SFK,Little Welnetham,St Mary Magdalene TR,,30 Nov 1754,Mary,wife of,William,,HOW,HOW,,of Bradfield St George,
SFK,Little Welnetham,St Mary Magdalene TR,,23 Jan 1755,Ann,daughter of,Robert,Mary,GIRLING,GIRLING,,,
SFK,Little Welnetham,St Mary Magdalene TR,,15 Feb 1755,Hannah,daughter of,James,Mary,GARROD,GARROD,,of Grt Whelnetham,
SFK,Little Welnetham,St Mary Magdalene TR,,9 May 1755,Esther,,,,,FROST,,,widow
SFK,Little Welnetham,St Mary Magdalene TR,,28 Dec 1755,Nathaniel,,,,,PETT,,,
SFK,Little Welnetham,St Mary Magdalene TR,,4 Apr 1756,John,,,,,LEACH,,of rushbrook,
SFK,Little Welnetham,St Mary Magdalene TR,,28 Jun 1756,Esther,,,,,PITT,,of Gt Whelnetham,
SFK,Little Welnetham,St Mary Magdalene TR,,13 Sep 1756,Samuel,,,,,SCUTCHY,,,
SFK,Little Welnetham,St Mary Magdalene TR,,2 Mar 1757,Margaret,,,,,KING,,,smallpox
SFK,Little Welnetham,St Mary Magdalene TR,,20 Mar 1757,Sarah,,,,,FENNER,,,
SFK,Little Welnetham,St Mary Magdalene TR,,22 Mar 1757,Edward,,,,,KING,,,smallpox
SFK,Little Welnetham,St Mary Magdalene TR,,29 Mar 1757,Elizabeth,daughter of,John,,FENNER,FENNER,,,
SFK,Little Welnetham,St Mary Magdalene TR,,12 Apr 1757,Elizabeth,,,,,KING,,,widow; smallpox
SFK,Little Welnetham,St Mary Magdalene TR,,10 Aug 1757,Hannah,,,,,SERJEANT,,,
SFK,Little Welnetham,St Mary Magdalene TR,,12 Jun 1758,Mary,,,,,GARWOOD,,,
SFK,Little Welnetham,St Mary Magdalene TR,,19 Aug 1758,Roger,son of,William,Elizabeth,REEMAN,REEMAN,infant,,
SFK,Little Welnetham,St Mary Magdalene TR,,30 Aug 1758,George,,,,,FLACK,,of Somerton,
SFK,Little Welnetham,St Mary Magdalene TR,,29 Oct 1758,Elizabeth,daughter of,Thomas,Elizabeth,ROFFE,ROFFE,,,
SFK,Little Welnetham,St Mary Magdalene TR,,29 Oct 1758,Mary,daughter of,Thomas,Elizabeth,ROFFE,ROFFE,,,
SFK,Little Welnetham,St Mary Magdalene TR,,10 Nov 1758,Ann,,,,,HARVEY,,,widow
SFK,Little Welnetham,St Mary Magdalene TR,,3 Jul 1759,Joshua,son of,John,elizabeth,ALLEN,ALLEN,,,
SFK,Little Welnetham,St Mary Magdalene TR,,4 Jan 1760,Sarah,daughter of,William,Elizabeth,REEMAN,REEMAN,,,
SFK,Little Welnetham,St Mary Magdalene TR,,15 apr 1760,James,,,,,FLACK,,,of Somerton
SFK,Little Welnetham,St Mary Magdalene TR,,20 Apr 1760,John,,,,,FENNER,,,
SFK,Little Welnetham,St Mary Magdalene TR,,28 Oct 1760,Jonathan,,,,,CARTER,,,
SFK,Little Welnetham,St Mary Magdalene TR,,28 Nov 1760,Susan,daughter of,Ambrose,Elizabeth,FLACK,FLACK,,,
SFK,Little Welnetham,St Mary Magdalene TR,,9 Dec 1760,Thomas,son of,Thomas,Elizabeth,ROFFE,ROFFE,,,
SFK,Little Welnetham,St Mary Magdalene TR,,23 Dec 1760,Elizabeth,wife of,Thomas,,ROFFE,ROFFE,,,
SFK,Little Welnetham,St Mary Magdalene TR,,2 Jan 1761,Alice,,,,,GURLING,,,
SFK,Little Welnetham,St Mary Magdalene TR,,5 Feb 1761,Elizabeth,,,,,ALLEN,,,
SFK,Little Welnetham,St Mary Magdalene TR,,5 May 1761,Edward,son of,Thomas,,ROFFE,ROFFE,,,
SFK,Little Welnetham,St Mary Magdalene TR,,12 Jun 1762,Ann,,,,,SMEE,,,
SFK,Little Welnetham,St Mary Magdalene TR,,23 Jun 1762,Mary,,,,,SERJEANT,,,
SFK,Little Welnetham,St Mary Magdalene TR,,10 Sep 1762,Alice,,,,,CARTER,,,widow
SFK,Little Welnetham,St Mary Magdalene TR,,31 Mar 1763,John,,,,,PACK,,,rector; late of this parish
SFK,Little Welnetham,St Mary Magdalene TR,,2 Jul 1763,John,,,,,SERJANT,,,
SFK,Little Welnetham,St Mary Magdalene TR,,2 Oct 1763,Thomas,son of,John,Elizabeth,ALLEN,ALLEN,,,
SFK,Little Welnetham,St Mary Magdalene TR,,20 Mar 1764,Ambrose,,,,,FLACK,,,
SFK,Little Welnetham,St Mary Magdalene TR,,20 Jun 1764,William,,,,,GARWOOD,,,
SFK,Little Welnetham,St Mary Magdalene TR,,29 Jun 1764,Faith,wife of,Thomas,,HAMMOND,HAMMOND,,,
SFK,Little Welnetham,St Mary Magdalene TR,,9 Sep 1764,Judith,wife of,John,,BELL,BELL,,,
SFK,Little Welnetham,St Mary Magdalene TR,,5 Feb 1766,John,,,,,DOUSE,,,
SFK,Little Welnetham,St Mary Magdalene TR,,9 Apr 1766,Robert,,,,,GREEN,,,
SFK,Little Welnetham,St Mary Magdalene TR,,6 Aug 1766,John,son of,William,Elizabeth,RAYMON,RAYMON,,,? REEMAN
SFK,Little Welnetham,St Mary Magdalene TR,,6 Aug 1767,Esther,,,,,PITT,,,widow
SFK,Little Welnetham,St Mary Magdalene TR,,4 Nov 1767,James,,,,,COOK,,,jnr; smallpox
SFK,Little Welnetham,St Mary Magdalene TR,,12 Jan 1768,James,,,,,COOK,,,snr; smallpox
SFK,Little Welnetham,St Mary Magdalene TR,,14 Sep 1768,Thomas,,,,,ALLEN,,,parish clerk
SFK,Little Welnetham,St Mary Magdalene TR,,30 Sep 1768,William,,,,,ROLFE,infant,,
SFK,Little Welnetham,St Mary Magdalene TR,,10 Jan 1769,William,,,,,SCOTT,,,
SFK,Little Welnetham,St Mary Magdalene TR,,10 May 1769,Thomas,husband of,Elizabeth,,ROLFE,ROLFE,,,
SFK,Little Welnetham,St Mary Magdalene TR,,10 May 1769,Elizabeth,wife of,Thomas,,ROLFE,ROLFE,,,
SFK,Little Welnetham,St Mary Magdalene TR,,14 May 1769,Jane,,,,,ROLFE,infant,,
SFK,Little Welnetham,St Mary Magdalene TR,,30 Jul 1769,Richard,,,,,ALLEN,infant,,
SFK,Little Welnetham,St Mary Magdalene TR,,2 Apr 1770,Mary,,,,,FLACK,infant,,
SFK,Little Welnetham,St Mary Magdalene TR,,6 Apr 1770,Sarah,,,,,SCOTT,,,widow
SFK,Little Welnetham,St Mary Magdalene TR,,10 May 1770,Mary,,,,,FARROW,infant,,
SFK,Little Welnetham,St Mary Magdalene TR,,28 May 1770,Frances,,,,,CANDLER,,,widow
SFK,Little Welnetham,St Mary Magdalene TR,,3 May 1771,Susannah,,,,,STECKLES,25,,single
SFK,Little Welnetham,St Mary Magdalene TR,,31 May 1771,Mary,,,,,ANGEL,infant,,
SFK,Little Welnetham,St Mary Magdalene TR,,24 Jul 1771,Mary,wife of,Robert,,GIRLING,GIRLING,,,Robert snr
SFK,Little Welnetham,St Mary Magdalene TR,,3 Aug 1772,John,,,,,SCUTCHEY,,,
SFK,Little Welnetham,St Mary Magdalene TR,,6 Aug 1772,Robert,,,,,ROLFE,infant,,
SFK,Little Welnetham,St Mary Magdalene TR,,9 May 1773,Goodchild,,,,,ALDERTON,21,,smallpox
SFK,Little Welnetham,St Mary Magdalene TR,,29 Jul 1773,John,,,,,FARROW,,,snr
SFK,Little Welnetham,St Mary Magdalene TR,,10 Jan 1774,Ann,daughter of,Thomas,,HAMMOND,HAMMOND,,,single woman
SFK,Little Welnetham,St Mary Magdalene TR,,11 May 1774,Thomas,,,,,HAMMOND,,,
SFK,Little Welnetham,St Mary Magdalene TR,,24 Aug 1774,Mary,daughter of,Henry,Elizabeth,ROLFE,ROLFE,infant,,
SFK,Little Welnetham,St Mary Magdalene TR,,25 Jan 1775,?,,,,,GARWOOD,,,Widow
SFK,Little Welnetham,St Mary Magdalene TR,,12 Oct 1775,Nicholas,,,,,LOCK,82,,
SFK,Little Welnetham,St Mary Magdalene TR,,4 Mar 1776,Amey,daughter of,John,Ann,FARROW,FARROW,,,a twin
SFK,Little Welnetham,St Mary Magdalene TR,,5 Apr 1776,Diana,wife of,John,,ELY,ELY,,,
SFK,Little Welnetham,St Mary Magdalene TR,,18 Jun 1776,Thomas,,,,,NUNN,infant,,
SFK,Little Welnetham,St Mary Magdalene TR,,30 Jul 1776,Mary,,,,,GARWOOD,infant,,
SFK,Little Welnetham,St Mary Magdalene TR,,20 Oct 1776,Mary,daughter of,,Amey,BROOK,BROOK,,,
SFK,Little Welnetham,St Mary Magdalene TR,,22 Jan 1777,John,,,,,NICHOLLS,70,,tollgate keeper
SFK,Little Welnetham,St Mary Magdalene TR,,28 Jun 1777,Abigail,wife of,Robert,,GIRLING,GIRLING,,,Robert snr
SFK,Little Welnetham,St Mary Magdalene TR,,2 Nov 1778,Frances,,,,,ROLFE,infant,,
SFK,Little Welnetham,St Mary Magdalene TR,,12 Nov 1778,Mary,,,,,LOCK,80,,widow
SFK,Little Welnetham,St Mary Magdalene TR,,20 Dec 1778,Elizabeth,wife of,Henry,,ROLFE,ROLFE,42,,
SFK,Little Welnetham,St Mary Magdalene TR,,28 Feb 1779,Mary,,,,,REEMAN,7,,
SFK,Little Welnetham,St Mary Magdalene TR,,26 Aug 1779,Susan,,,,,COCKSEDGE,31,,single woman
SFK,Little Welnetham,St Mary Magdalene TR,,30 Nov 1779,Robert,son of,Robert,Mary,TOOLEY,TOOLEY,infant,,
SFK,Little Welnetham,St Mary Magdalene TR,,15 Oct 1780,Jane,,,,,WARREN,infant,,from Nowton
SFK,Little Welnetham,St Mary Magdalene TR,,1 Jun 1781,Ann,wife of,John,,AVE,AVE,,,
SFK,Little Welnetham,St Mary Magdalene TR,,28 Sep 1781,Amey,daughter of,Jacob,,BROOK,BROOK,,,Mr Jacob
SFK,Little Welnetham,St Mary Magdalene TR,,20 Mar 1782,Frances,child of ,,Ann,MANSFIELD,MANSFIELD,infant,,
SFK,Little Welnetham,St Mary Magdalene TR,,26 Mar 1782,Mary,wife of,Thomas,,BARRELL,BARRELL,31,,
SFK,Little Welnetham,St Mary Magdalene TR,,27 Mar 1782,Margaret,,,,,GREEN,74,,widow
SFK,Little Welnetham,St Mary Magdalene TR,,4 Apr 1782,Elizabeth,wife of,Charles,,GIRLING,GIRLING,,,
SFK,Little Welnetham,St Mary Magdalene TR,,13 May 1782,Ann,,,,,MANSFIELD,,,mother of Frances above
SFK,Little Welnetham,St Mary Magdalene TR,,15 May 1782,William,,,,,STECKLES,86,,
SFK,Little Welnetham,St Mary Magdalene TR,,20 Aug 1782,George,,,,,COCKSEDGE,infant,,
SFK,Little Welnetham,St Mary Magdalene TR,,19 Jan 1783,Hannah,wife of,William,,DENCH,DENCH,30,,
SFK,Little Welnetham,St Mary Magdalene TR,,30 Apr 1783,Edmund,,,,,SOUTHGATE,80,,married
SFK,Little Welnetham,St Mary Magdalene TR,,2 Sep 1783,Mary,wife of,John,,COCKSEDGE,COCKSEDGE,64,,
SFK,Little Welnetham,St Mary Magdalene TR,,13 Oct 1783,Thomas,,,,,MARCHANT,68,,married
SFK,Little Welnetham,St Mary Magdalene TR,,14 Dec 1783,Ann,wife of,Jacob,,BROOK,BROOK,64,,Mr Jacob
SFK,Little Welnetham,St Mary Magdalene TR,,14 Dec 1783,Mary,wife of,James,,GARWOOD,GARWOOD,70,,
SFK,Little Welnetham,St Mary Magdalene TR,,18 Jan 1784,Elizabeth,,,,,BARRELL,infant,,
SFK,Little Welnetham,St Mary Magdalene TR,,8 Feb 1784,Elizabeth,,,,,COOK,68,,widow
SFK,Little Welnetham,St Mary Magdalene TR,,20 Apr 1784,Susan,wife of,George,,COCKSEDGE,COCKSEDGE,30,,
SFK,Little Welnetham,St Mary Magdalene TR,,15 Jul 1784,John,,,,,GIRLING,86,,widower
SFK,Little Welnetham,St Mary Magdalene TR,,14 Sep 1784,Elizabeth,,,,,MARCHANT,71,,widow
SFK,Little Welnetham,St Mary Magdalene TR,,20 Sep 1784,Susan,wife of,Jacob,,SAVAGE,SAVAGE,47,,
SFK,Little Welnetham,St Mary Magdalene TR,,4 Aug 1785,Samuel,,,,,STECKLES,32,,single
SFK,Little Welnetham,St Mary Magdalene TR,,20 Jan 1786,Ann,,,,,AVEY,infant,,
SFK,Little Welnetham,St Mary Magdalene TR,,6 Apr 1786,John,,,,,BELL,73,,widower
SFK,Little Welnetham,St Mary Magdalene TR,,19 Apr 1786,William,son of,Thomas,Sarah,BARRELL,BARRELL,infant,,
SFK,Little Welnetham,St Mary Magdalene TR,,13 Jul 1786,James,,,,,GARWOOD,30,,married
SFK,Little Welnetham,St Mary Magdalene TR,,26 Jul 1786,Charles,son of,Robert,Sarah,PEARL,PEARL,7,,
SFK,Little Welnetham,St Mary Magdalene TR,,3 Sep 1786,John,son of,Ambrose,Phebe,CLARK,CLARK,infant,,
SFK,Little Welnetham,St Mary Magdalene TR,,3 Sep 1786,John,,,,,ELY,80,,widower
SFK,Little Welnetham,St Mary Magdalene TR,,3 Dec 1786,Elizabeth,wife of,John,,REEMAN,REEMAN,,,
SFK,Little Welnetham,St Mary Magdalene TR,,8 Aug 1787,William,son of,William,Mary,TOOLEY,TOOLEY,infant,,
SFK,Little Welnetham,St Mary Magdalene TR,,2 Dec 1787,Sarah,wife of,Robert,,PEARL,PEARL,38,,
SFK,Little Welnetham,St Mary Magdalene TR,,5 Dec 1787,Rachel,,,,,BARRELL,infant,,
SFK,Little Welnetham,St Mary Magdalene TR,,23 Jan 1788,Robert,,,,,GARWOOD,infant,,
SFK,Little Welnetham,St Mary Magdalene TR,,24 Jul 1788,Mary,,,,,WARREN,17,from Bury,
SFK,Little Welnetham,St Mary Magdalene TR,,27 Nov 1788,Thomas,,,,,BARRELL,36,,married
SFK,Little Welnetham,St Mary Magdalene TR,,30 Nov 1788,Ambrose,,,,,CLARKE,24,,married
SFK,Little Welnetham,St Mary Magdalene TR,,22 Jan 1789,George,,,,,PEARL,20,,
SFK,Little Welnetham,St Mary Magdalene TR,,6 Feb 1789,Ambrose,,,,,CLARKE,infant,,
SFK,Little Welnetham,St Mary Magdalene TR,,31 Mar 1789,Mary,,,,,ALLEN,85,,widow
SFK,Little Welnetham,St Mary Magdalene TR,,18 May 1789,Mary,,,,,COCKSEDGE,infant,,
SFK,Little Welnetham,St Mary Magdalene TR,,12 Jun 1790,Robert,,,,,GIRLING,70,,married
SFK,Little Welnetham,St Mary Magdalene TR,,18 Jul 1790,Thomas,,,,,MANNING,70,,batchelor
SFK,Little Welnetham,St Mary Magdalene TR,,25 Sep 1790,Lina,wife of,Roger,,COCKSEDGE,COCKSEDGE,60,,Mrs Lina; Rev Roger; late Whitely Sp
SFK,Little Welnetham,St Mary Magdalene TR,,16 Dec 1790,Sarah,wife of,John,,AVEY,AVEY,27,,late Bigsby Sp
SFK,Little Welnetham,St Mary Magdalene TR,,8 Nov 1791,William,,,,,HOLT,12,,
SFK,Little Welnetham,St Mary Magdalene TR,,29 Dec 1791,Elizabeth,,,,,HAMMOND,60,,spinster
SFK,Little Welnetham,St Mary Magdalene TR,,19 Mar 1792,John,,,,,COCKSEDGE,82,,widower
SFK,Little Welnetham,St Mary Magdalene TR,,17 Apr 1792,John,,,,,ALLEN,32,,single
SFK,Little Welnetham,St Mary Magdalene TR,,24 Apr 1792,William,,,,,BAKER,infant,,
SFK,Little Welnetham,St Mary Magdalene TR,,21 Aug 1794,Mary,wife of,John,,BULLOCK,BULLOCK,35,,
SFK,Little Welnetham,St Mary Magdalene TR,,25 Aug 1794,Patrick,son of,,Mary Ann,BIGSBY,BIGSBY,infant,,
SFK,Little Welnetham,St Mary Magdalene TR,,19 Apr 1795,Dorothy,daughter of,Avey,Frances,BAKER,BAKER,infant,,
SFK,Little Welnetham,St Mary Magdalene TR,,28 Jul 1795,Mary,wife of,John,,ALDERTON,ALDERTON,70,,
SFK,Little Welnetham,St Mary Magdalene TR,,5 Jun 1796,Ann,wife of,John,,PETTIT,PETTIT,49,of Bradfield St George,
SFK,Little Welnetham,St Mary Magdalene TR,,19 Jan 1797,Jacob,,,,,BROOKS,85,,
SFK,Little Welnetham,St Mary Magdalene TR,,14 May 1797,Mary,,,,,LOCK,65,,
SFK,Little Welnetham,St Mary Magdalene TR,,10 Dec 1797,Robert,,,,,CASON,infant,,
SFK,Little Welnetham,St Mary Magdalene TR,,30 Dec 1797,Michael Thomas,son of,Mann,Hannah,HUTCHINSON,HUTCHINSON,,,
SFK,Little Welnetham,St Mary Magdalene TR,,22 Apr 1798,Thomas,son of,,Mary,BARREL,BARREL,,,
SFK,Little Welnetham,St Mary Magdalene TR,,2 Jul 1800,Margaret,wife of,Danniel,,PLEDGER,PLEDGER,50,of Safron Walden,
SFK,Little Welnetham,St Mary Magdalene TR,,26 oct 1800,Henry,,,,,ROLFE,34,,single
SFK,Little Welnetham,St Mary Magdalene TR,,30 Apr 1801,Walter,son of,,Mary Ann,BIGSBY,BIGSBY,infant,,
SFK,Little Welnetham,St Mary Magdalene TR,,17 May 1801,Ann,,,,,GREEN,55,,widow
SFK,Little Welnetham,St Mary Magdalene TR,,25 Dec 1801,Rebekah,,,,,GINNERY,80,,spinster
SFK,Little Welnetham,St Mary Magdalene TR,,2 May 1802,Samuel,,,,,CAWSTON,40,,
SFK,Little Welnetham,St Mary Magdalene TR,,31 May 1802,Mary Ann Maria,daughter of,,Mary Ann,BIGSBY,BIGSBY,infant,,
SFK,Little Welnetham,St Mary Magdalene TR,,6 Feb 1803,Elizabeth,wife of,John,,GIRLING,GIRLING,58,of Hardgrave,
SFK,Little Welnetham,St Mary Magdalene TR,,24 Apr 1803,Martha,wife of,Robert,,GIRLING,GIRLING,72,of Gt Whelnetham,
SFK,Little Welnetham,St Mary Magdalene TR,,2 Oct 1803,John,,,,,GIRLING,54,of Hardgrave,
SFK,Little Welnetham,St Mary Magdalene TR,,24 Apr 1804,James,,,,,GARWOOD,80,of Bury St Mary's,married
SFK,Little Welnetham,St Mary Magdalene TR,,15 Jun 1804,Elizabeth,wife of,William,,REEMAN,REEMAN,85,,
SFK,Little Welnetham,St Mary Magdalene TR,,29 Nov 1804,Sarah,daughter of,Robert,Mary (BARREL),CREASY,CREASY,infant,of Gt Whelnetham,
SFK,Little Welnetham,St Mary Magdalene TR,,13 Mar 1805,Elizabeth,wife of,Henry,,ROLFE,ROLFE,61,,
SFK,Little Welnetham,St Mary Magdalene TR,,5 May 1805,Avey,husband of,[Frances],,BAKER,BAKER,51,,married
SFK,Little Welnetham,St Mary Magdalene TR,,20 Mar 1806,Roger,,,,,COCKSEDGE,89,of Bury St Edmunds ,Rev Roger  MA; see note in register
SFK,Little Welnetham,St Mary Magdalene TR,,29 Apr 1806,Robert,son of,Robert,Mary,CREASY,CREASY,infant,,
SFK,Little Welnetham,St Mary Magdalene TR,,16 May 1806,Robert,,,,,PEARL,68,of Bury,married; formerly of Sicklesmere
SFK,Little Welnetham,St Mary Magdalene TR,,17 Sep 1806,John,,,,,REEMAN,75,,widower
SFK,Little Welnetham,St Mary Magdalene TR,,21 Dec 1806,Maria Ely,daughter of,,Mary,TOOLEY,TOOLEY,infant,,
SFK,Little Welnetham,St Mary Magdalene TR,,8 Feb 1807,Elizabeth,daughter of,,Mary Ann,BIGSBY,BIGSBY,child,,
SFK,Little Welnetham,St Mary Magdalene TR,,15 Feb 1807,John,,,,,ALDERTON,79,,widower
SFK,Little Welnetham,St Mary Magdalene TR,,10 Jul 1807,Sarah,,,,,CARSS,78,,widow
SFK,Little Welnetham,St Mary Magdalene TR,,23 Aug 1807,John,,,,,AVE,,,single man
SFK,Little Welnetham,St Mary Magdalene TR,,11 Oct 1807,Elizabeth,wife of,John,,ALLEN,ALLEN,75,,
SFK,Little Welnetham,St Mary Magdalene TR,,5 Mar 1808,Elizabeth,daughter of,Thomas,Maria,WEBB,WEBB,2,,Maria (PETTIT)
SFK,Little Welnetham,St Mary Magdalene TR,,26 Jul 1808,John,,,,,SMIRK,69,of Bury St Mary's,single 
SFK,Little Welnetham,St Mary Magdalene TR,,25 Sep 1808,Mary,daughter of,Robert,Mary,CREASY,CREASY,infant,,Mary (BARREL)
SFK,Little Welnetham,St Mary Magdalene TR,,4 Sep 1809,William,,,,,BARRETT,38,,
SFK,Little Welnetham,St Mary Magdalene TR,,20 Jan 1810,William,son of,,Alice,ALLEN,ALLEN,infant,,
SFK,Little Welnetham,St Mary Magdalene TR,,17 Jun 1810,John,,,,,BROOKS,53,,labourer
SFK,Little Welnetham,St Mary Magdalene TR,,16 Aug 1810,Elizabeth Halls,daughter of,,Elizabeth,FENNER,FENNER,,,
SFK,Little Welnetham,St Mary Magdalene TR,,23 Dec 1810,Ann,daughter of,Samuel,Sarah,BUGG,BUGG,5,,
SFK,Little Welnetham,St Mary Magdalene TR,,15 Feb 1811,Mary Ann,,,,,WARREN,,,
SFK,Little Welnetham,St Mary Magdalene TR,,16 Feb 1811,Sarah,,,,,VENT,,,
SFK,Little Welnetham,St Mary Magdalene TR,,12 May 1811,Dorothy,daughter of,John,,HOLT,HOLT,42,,
SFK,Little Welnetham,St Mary Magdalene TR,,12 May 1811,Sophia,daughter of,Samuel,Sophia,BARRETT,BARRETT,16,,Sophia (Wright)
SFK,Little Welnetham,St Mary Magdalene TR,,18 Aug 1811,Edith,daughter of,John,Sarah,COCKSEDGE,COCKSEDGE,,,
SFK,Little Welnetham,St Mary Magdalene TR,,17 Jan 1813,John,,,,,HOLT,40,,
SFK,Little Welnetham,St Mary Magdalene TR,,7 Mar 1813,Mary,daughter of,Robert,,CREASY,CREASY,40,,
SFK,Little Welnetham,St Mary Magdalene TR,,5 Sep 1813,Mary Ann,daughter of,,Judith,WILLINGHAM,WILLINGHAM,infant,,
SFK,Little Welnetham,St Mary Magdalene TR,,6 Feb 1814,William,,,,,REEMAN,89,,widower
SFK,Little Welnetham,St Mary Magdalene TR,,21 Feb 1814,William,,,,,PEARLE,,,
SFK,Little Welnetham,St Mary Magdalene TR,,13 Jul 1815,William,,,,,GARNER,18,of Edwardstone,killed by accident
SFK,Little Welnetham,St Mary Magdalene TR,,21 Jan 1816,Maria,,,,,PEARCE,infant,of Bury,
SFK,Little Welnetham,St Mary Magdalene TR,,15 Dec 1816,Henry,,,,,ROLFE,79,,
SFK,Little Welnetham,St Mary Magdalene TR,,25 Mar 1817,William,,,,,EMERSON,infant,,
SFK,Little Welnetham,St Mary Magdalene TR,,2 Feb 1819,Lucy,,,,,BARRETT,20,,
SFK,Little Welnetham,St Mary Magdalene TR,,14 Feb 1819,Lucy,,,,,REEMAN,7,,
SFK,Little Welnetham,St Mary Magdalene TR,,29 Apr 1819,Charles,,,,,RAMSBOTTOM,infant,,
SFK,Little Welnetham,St Mary Magdalene TR,,8 Jun 1819,Susan,,,,,RAMSBOTTOM,2.5,,
SFK,Little Welnetham,St Mary Magdalene TR,,9 Jun 1819,Sophia,,,,,BUGG,12,,
SFK,Little Welnetham,St Mary Magdalene TR,,16 Mar 1820,Mary Ann,,,,,WILLINGHAM,6.5,,
SFK,Little Welnetham,St Mary Magdalene TR,,15 May 1820,Rachel,,,,,BRETT,78,,
SFK,Little Welnetham,St Mary Magdalene TR,,19 Oct 1820,Sarah,,,,,HOLMES,26,,
SFK,Little Welnetham,St Mary Magdalene TR,,14 Dec 1820,Sarah,,,,,HOLMES,infant,,
SFK,Little Welnetham,St Mary Magdalene TR,,14 Jan 1821,John,,,,,ALLEN,85,,
SFK,Little Welnetham,St Mary Magdalene TR,,8 Jul 1821,Thomas,,,,,MARCHANT,74,,
SFK,Little Welnetham,St Mary Magdalene TR,,13 Oct 1822,Sophia,,,,,BARRETT,58,,
SFK,Little Welnetham,St Mary Magdalene TR,,19 Jan 1825,Mary,,,,,TOOLEY,65,,
SFK,Little Welnetham,St Mary Magdalene TR,,23 Jan 1825,Joseph,,,,,MILLS,38,,
SFK,Little Welnetham,St Mary Magdalene TR,,18 Feb 1825,William,,,,,CLARK,29,,
SFK,Little Welnetham,St Mary Magdalene TR,,7 Nov 1825,Lydia,,,,,HOLT,88,,
SFK,Little Welnetham,St Mary Magdalene TR,,31 Mar 1826,Samuel,,,,,BROMLEY,6,,
SFK,Little Welnetham,St Mary Magdalene TR,,3 Jun 1826,John,,,,,COCKSEDGE,76,,
SFK,Little Welnetham,St Mary Magdalene TR,,7 Nov 1826,Joseph,,,,,HOLT,74,,
SFK,Little Welnetham,St Mary Magdalene TR,,31 Mar 1827,William,,,,,AIRY,77,of Bury St Edmunds,
SFK,Little Welnetham,St Mary Magdalene TR,,13 Apr 1827,Sarah,,,,,BULLOCK,76,,
SFK,Little Welnetham,St Mary Magdalene TR,,27 Apr 1827,Sophia,,,,,CLERK,36,,
SFK,Little Welnetham,St Mary Magdalene TR,,28 Apr 1827,Susan,,,,,CASTON,48,,
SFK,Little Welnetham,St Mary Magdalene TR,,21 May 1827,Robert,,,,,CARSS,77,of Bury St Edmunds,
SFK,Little Welnetham,St Mary Magdalene TR,,2 Sep 1827,John,,,,,AVE,69,of Stanningfield,
SFK,Little Welnetham,St Mary Magdalene TR,,22 Feb 1828,William,,,,,GAULT,40,,
SFK,Little Welnetham,St Mary Magdalene TR,,14 Sep 1829,Sarah,,,,,COCKSEDGE,69,,
SFK,Little Welnetham,St Mary Magdalene TR,,30 Jun 1830,Edward,,,,,LAWRENCE,infant,,
SFK,Little Welnetham,St Mary Magdalene TR,,30 Jan 1831,Alfred,,,,,BUGG,5,,
SFK,Little Welnetham,St Mary Magdalene TR,,6 Mar 1831,John,,,,,HOLMES,infant,,
SFK,Little Welnetham,St Mary Magdalene TR,,18 Mar 1832,John,,,,,BULLOCK,75,of Gt Whelnetham,
SFK,Little Welnetham,St Mary Magdalene TR,,20 May 1832,Prudence,,,,,ALDERTON,78,,
SFK,Little Welnetham,St Mary Magdalene TR,,2 Apr 1833,Mary,,,,,MERCHANT,80,,
SFK,Little Welnetham,St Mary Magdalene TR,,25 Jul 1833,Emma,,,,,CASE,2,,
SFK,Little Welnetham,St Mary Magdalene TR,,23 Feb 1834,Mary,,,,,BIGSBY,70,of Cockfield,
SFK,Little Welnetham,St Mary Magdalene TR,,1 Mar 1834,Sophia,,,,,BAYLHAM,11,,
SFK,Little Welnetham,St Mary Magdalene TR,,17 Jun 1834,Sophia,,,,,CARSS,81,of Bury St James,
SFK,Little Welnetham,St Mary Magdalene TR,,5 apr 1835,Harriet,,,,,DYSON,13,,
SFK,Little Welnetham,St Mary Magdalene TR,,1 May 1835,William,,,,,LAWRENCE,9,,
SFK,Little Welnetham,St Mary Magdalene TR,,2 May 1835,Elizabeth,,,,,DYSON,16,,
SFK,Little Welnetham,St Mary Magdalene TR,,17 May 1835,William,,,,,CASE,33,,
SFK,Little Welnetham,St Mary Magdalene TR,,5 Mar 1836,Caroline,,,,,KNOX,1,,
SFK,Little Welnetham,St Mary Magdalene TR,,9 Apr 1836,Anne,,,,,FENN,55,,
SFK,Little Welnetham,St Mary Magdalene TR,,8 May 1836,Ezra Theobald,,,,,MILLS,18,of Bury St Mary's,
SFK,Little Welnetham,St Mary Magdalene TR,,4 Apr 1837,James,,,,,TOOLEY,infant,,
SFK,Little Welnetham,St Mary Magdalene TR,,17 Sep 1837,Mary,,,,,ALDERTON,44,,
SFK,Little Welnetham,St Mary Magdalene TR,,17 Sep 1837,Mary,,,,,CAUSTON,29,,
SFK,Little Welnetham,St Mary Magdalene TR,,10 Dec 1837,Elizabeth,,,,,PRYKE,2,,
SFK,Little Welnetham,St Mary Magdalene TR,,25 Feb 1838,William,,,,,BUGG,4,,
SFK,Little Welnetham,St Mary Magdalene TR,,7 Apr 1838,Isaiah,,,,,MILLS,12,of Bury St Mary's,
SFK,Little Welnetham,St Mary Magdalene TR,,20 May 1838,Stephen,,,,,KNOX,57,,
SFK,Little Welnetham,St Mary Magdalene TR,,31 May 1838,George,,,,,PRYKE,infant,,
SFK,Little Welnetham,St Mary Magdalene TR,,8 Aug 1838,Mary Ann,,,,,PRYKE,36,,
SFK,Little Welnetham,St Mary Magdalene TR,,27 Dec 1838,Sarah,,,,,PRYKE,15,,
SFK,Little Welnetham,St Mary Magdalene TR,,10 Mar 1839,William,,,,,KILLINGWORTH,50,,
SFK,Little Welnetham,St Mary Magdalene TR,,14 Apr 1839,John,,,,,BLENCOWE,77,of Stoke by Nayland,
SFK,Little Welnetham,St Mary Magdalene TR,,5 May 1839,Sarah,,,,,CASE,43,,
SFK,Little Welnetham,St Mary Magdalene TR,,20 Jun 1839,Emily,,,,,BUGG,infant,of Gt Whelnetham,
SFK,Little Welnetham,St Mary Magdalene TR,,5 Jul 1839,John,,,,,REEMAN,70,,
SFK,Little Welnetham,St Mary Magdalene TR,,5 Nov 1840,Emma,,,,,SCARFE,2,,
SFK,Little Welnetham,St Mary Magdalene TR,,18 Dec 1840,Alice,,,,,TOOLEY,2,,
SFK,Little Welnetham,St Mary Magdalene TR,,1 May 1841,Ann,,,,,AIRY,74,of Greenwich,
SFK,Little Welnetham,St Mary Magdalene TR,,25 May 1841,William,,,,,HOLMES,19,,
SFK,Little Welnetham,St Mary Magdalene TR,,14 Nov 1841,Rachael,,,,,REEMAN,72,,
SFK,Little Welnetham,St Mary Magdalene TR,,5 Dec 1841,Martha,,,,,BUGG,23,of Gt Whelnetham,
SFK,Little Welnetham,St Mary Magdalene TR,,11 May 1842,Daniel,,,,,ALDERTON,88,,
SFK,Little Welnetham,St Mary Magdalene TR,,4 Dec 1842,Joseph,,,,,MILLS,53,,
SFK,Little Welnetham,St Mary Magdalene TR,,17 Jan 1843,William,,,,,TOOLEY,84,,
SFK,Little Welnetham,St Mary Magdalene TR,,3 May 1843,Hasted Jermyn,,,,,HEIGHAM,infant,of Bury St James,
SFK,Little Welnetham,St Mary Magdalene TR,,21 Jan 1844,Edmund,,,,,AVEY,45,of Bradfield St George,
SFK,Little Welnetham,St Mary Magdalene TR,,1 Oct 1844,Henry,,,,,MILLS,2,,
SFK,Little Welnetham,St Mary Magdalene TR,,25 Oct 1844,John,,,,,FENN,70,of Thetford,
SFK,Little Welnetham,St Mary Magdalene TR,,8 Dec 1844,William,,,,,MILLS,22,,
SFK,Little Welnetham,St Mary Magdalene TR,,14 Feb 1845,Mary,,,,,MILLS,79,,
SFK,Little Welnetham,St Mary Magdalene TR,,7 Apr 1845,Alfred,,,,,BUGG,13,,
SFK,Little Welnetham,St Mary Magdalene TR,,22 Apr 1845,Walter,,,,,BUGG,infant,,
SFK,Little Welnetham,St Mary Magdalene TR,,19 May 1845,Alice,,,,,PLUMMER,76,,
SFK,Little Welnetham,St Mary Magdalene TR,,30 Nov 1845,Thomas,,,,,HOLMES,29,,
SFK,Little Welnetham,St Mary Magdalene TR,,16 Apr 1846,Sarah,,,,,DRURY,46,,
SFK,Little Welnetham,St Mary Magdalene TR,,23 Mar 1847,Ann,,,,,CARSS,,,
SFK,Little Welnetham,St Mary Magdalene TR,,21 Dec 1848,Joseph Freeman,,,,,MILLS,30,,
SFK,Little Welnetham,St Mary Magdalene TR,,4 Jan 1849,Isaac,,,,,BUGG,30,,
SFK,Little Welnetham,St Mary Magdalene TR,,12 Apr 1849,Robert,,,,,FORD,infant,,
SFK,Little Welnetham,St Mary Magdalene TR,,1 Feb 1850,Elizabeth,,,,,BLENCOWE,86,of Stoke by Nayland,
SFK,Little Welnetham,St Mary Magdalene TR,,22 Feb 1850,James,,,,,EVERETT,27,,
SFK,Little Welnetham,St Mary Magdalene TR,,31 Dec 1850,Mary,,,,,PEARCE,70,of Bury St Edmunds,
