+INFO,freereg-suffolk@highfields1.plus.com ,password,SEQUENCED,BURIALS,cp437
#,CCC,JHarold,SUFFOLK,SFKLSABU.CSV,1 Sep 2011
#,CREDIT,Brian AVEY,freereg-suffolk@highfields1.plus.com
#,1 Sep 2011,transcript provided by Brian AVEY,
SFK,Little Saxham,St Nicholas TR,,15 Mar 1560,Helen,,Edward,,HARWARD,HARWARD,,,
SFK,Little Saxham,St Nicholas TR,,Apr 1560,Cicyly,,John,,WYLLOT,WYLLOT,,,
SFK,Little Saxham,St Nicholas TR,,2 Apr 1560,Anne,,,,,WORDLY,,,
SFK,Little Saxham,St Nicholas TR,,Oct 1560,Helen,,,,,GARDINER,,,
SFK,Little Saxham,St Nicholas TR,,23 Sep 1561,Elizabeth,daughter of,Wylliam,,HAWSTED,HAWSTED,,,
SFK,Little Saxham,St Nicholas TR,,20 Nov 1563,George,son of,Thomas,,COOKE,COOKE,,,
SFK,Little Saxham,St Nicholas TR,,15 Dec 1566,James,,,,,GIPPES,,,
SFK,Little Saxham,St Nicholas TR,,28 Dec 1568,Henry,son of,Thomas,Margaret,DIXE,DIXE,,,
SFK,Little Saxham,St Nicholas TR,,20 Jan 1569,Margaret,,,,,CROFTES,,,
SFK,Little Saxham,St Nicholas TR,,3 Jun 1571,Oswald,,,,,GIGINS,,,
SFK,Little Saxham,St Nicholas TR,,9 Sep 1571,Ann,,,,,GIPPS,,,
SFK,Little Saxham,St Nicholas TR,,23 Sep 1571,Thomas,,,,,ROSE,,,
SFK,Little Saxham,St Nicholas TR,,10 Jan 1571/72,Joane,daughter of,Emond,Joane,REVE,REVE,,,
SFK,Little Saxham,St Nicholas TR,,28 Sep 1572,William,,,,,MACHIN,,,snr
SFK,Little Saxham,St Nicholas TR,,13 Jan 1574/75,Margaret,,,,,MACHYN,,,widow
SFK,Little Saxham,St Nicholas TR,,28 Jan 1575/76,Robert,son of,Thomas,Alice,ROGERS,ROGERS,,,
SFK,Little Saxham,St Nicholas TR,,9 May 1576,Pernell,wife of,John,,EMYN,EMYN,,,
SFK,Little Saxham,St Nicholas TR,,6 Feb 1577/78,Edmunde,,,,,CROWE,,,
SFK,Little Saxham,St Nicholas TR,,28 Nov 1578,Alice,daughter of,John,Elizabeth,BENOLL,BENOLL,,,
SFK,Little Saxham,St Nicholas TR,,22 Oct 1580,Alice,,,,,ROGER,,,
SFK,Little Saxham,St Nicholas TR,,29 Oct 1580,Thomas,,,,,ASHWELL,,,
SFK,Little Saxham,St Nicholas TR,,6 Jan 1580/81,Jane,,,,,CROFTES,,,
SFK,Little Saxham,St Nicholas TR,,8 Jan 1580/81,John,,,,,FARMER,,,
SFK,Little Saxham,St Nicholas TR,,14 Jan 1580/81,William,,,,,WARREN,,,jnr
SFK,Little Saxham,St Nicholas TR,,22 Jan 1580/81,Helene,,,,,WILLOT,,,
SFK,Little Saxham,St Nicholas TR,,19 Dec 1581,Margaret,daughter of,Geferi,Joane,BERIE,BERIE,,,
SFK,Little Saxham,St Nicholas TR,,29 Nov 1584,Thomas,,,,,ASWELL,,,
SFK,Little Saxham,St Nicholas TR,,25 Feb 1584/85,Joane,wife of,Emunde,,REVE,REVE,,,
SFK,Little Saxham,St Nicholas TR,,20 Jul 1585,Edwarde,son of,John,,IMMINES,IMMINES,,,
SFK,Little Saxham,St Nicholas TR,,7 Jan 1585/86,Elizabeth,wife of,Gorge,,GARRET,GARRET,,,
SFK,Little Saxham,St Nicholas TR,,9 Oct 1586,Margaret,,,,,SPARKE,,,
SFK,Little Saxham,St Nicholas TR,,16 Oct 1586,Edmond,,Jefferie,,BERRIE,BERRIE,,,
SFK,Little Saxham,St Nicholas TR,,22 Nov 1586,John,,,,,WILLET,,,
SFK,Little Saxham,St Nicholas TR,,2 Dec 1586,Alice,wife of,Thomas,,MAIO,MAIO,,,
SFK,Little Saxham,St Nicholas TR,,26 Feb 1586/87,George,son of,John,,COWPER,COWPER,,,of Burie St James
SFK,Little Saxham,St Nicholas TR,,18 Nov 1587,Edmond,,,,,REVE,,,parson; died 16 Nov
SFK,Little Saxham,St Nicholas TR,,29 Dec 1588,Daniell,,,,,GILMIN,,,see baptisms
SFK,Little Saxham,St Nicholas TR,,17 Apr 1589,Anne,,,,,,,,servant to Steven ASHFEILD
SFK,Little Saxham,St Nicholas TR,,12 Jun 1591,Daniel,,,,,GILMIN,,,
SFK,Little Saxham,St Nicholas TR,,May 1593,Charles,,,,,NUTTAL,,,
SFK,Little Saxham,St Nicholas TR,,12 Feb 1593/94,John,,,,,ELLYOT,,,
SFK,Little Saxham,St Nicholas TR,,12 Apr 1594,Robert,,,,,WELLINGHAM,,,
SFK,Little Saxham,St Nicholas TR,,14 Jan 1594/95,Margaret,,,,,BENNET,,,
SFK,Little Saxham,St Nicholas TR,,30 May 1597,Mary,daughter of,Richard,Mary,SHILL,SHILL,,,
SFK,Little Saxham,St Nicholas TR,,5 Sep 1597,Thomas,,,,POOLEY,POOLEY,,,Mr
SFK,Little Saxham,St Nicholas TR,,23 Oct 1597,Alice,wife of,Robert,,WESTHAWE,WESTHAWE,,,Mris Alice wife of Robert gent
SFK,Little Saxham,St Nicholas TR,,8 Feb 1597/98,Thomas,son of,Francis,Anne,CROWE,CROWE,,,
SFK,Little Saxham,St Nicholas TR,,2 Jun 1598,Marget,wife of,William,,EDBURY,EDBURY,,,
SFK,Little Saxham,St Nicholas TR,,30 Nov 1598,Olive,,,,,MANNING,,,widow
SFK,Little Saxham,St Nicholas TR,,27 Feb 1600/01,John,,,,,EMINNE,,,
SFK,Little Saxham,St Nicholas TR,,14 Sep 1604,Susanne,wife of,Thomas,,CROFTES,CROFTES,,,Mris Susanna wife of Mr Thomas Esq; lord of this mannour
SFK,Little Saxham,St Nicholas TR,,16 Jun 1605,Alice,wife of,Thomas,,ROGERS,ROGERS,,,
SFK,Little Saxham,St Nicholas TR,,13 Nov 1605,Elizabeth,daughter of,John,Elizabeth,BENNALL,BENNALL,,,
SFK,Little Saxham,St Nicholas TR,,25 Nov 1605,Elizabeth,daughter of,John,Alice,MAYHEW,MAYHEW,,,
SFK,Little Saxham,St Nicholas TR,,15 Jan 1605/06,George,,,,,GARROOD,,,
SFK,Little Saxham,St Nicholas TR,,1 Mar 1605/06,Mary,daughter of,Thomas,Mary,WILLET,WILLET,,,
SFK,Little Saxham,St Nicholas TR,,21 Mar 1605/06,Isabell,,,,,WYMARK,,,
SFK,Little Saxham,St Nicholas TR,,23 Oct 1606,Anne,wife of,Wylliam,,MACHIN,MACHIN,,,
SFK,Little Saxham,St Nicholas TR,,9 Jan 1607/08,Katherine,,,,,WYLLINGHAM,,,
SFK,Little Saxham,St Nicholas TR,,9 Feb 1607/08,Margaret,,,,,EMINNE,,,
SFK,Little Saxham,St Nicholas TR,,12 Jun 1608,John,,,,,BENNALL,,,snr
SFK,Little Saxham,St Nicholas TR,,6 Feb 1608/09,Margaret,,,,,GOLDINGE,,,widow
SFK,Little Saxham,St Nicholas TR,,7 May 1609,Richard,,,,,GILLYBROWNE,,,
SFK,Little Saxham,St Nicholas TR,,20 Jan 1611/12,William,,,,,BEDDINGFIELD,,,
SFK,Little Saxham,St Nicholas TR,,13 Apr 1612,Thomas,,,,,CROFTES,,,Mr Thomas Esq; lord of this mannour died 13 Apr
SFK,Little Saxham,St Nicholas TR,,4 May 1613,Elizabeth,wife of,William,,WARREN,WARREN,,,
SFK,Little Saxham,St Nicholas TR,,16 May 1613,Anne,wife of,Roberte,,POTTER,POTTER,,,
SFK,Little Saxham,St Nicholas TR,,28 Jan 1614/15,John,son of,Ambrose,,GILLIBROWNE,GILLIBROWNE,,,
SFK,Little Saxham,St Nicholas TR,,16 Feb 1614/15,Thomas,son of,Thomas,Anne,MACHIN,MACHIN,,,
SFK,Little Saxham,St Nicholas TR,,18 Sep 1617,Richard,,,,,WARD,,,Mr; minister
SFK,Little Saxham,St Nicholas TR,,22 Oct 1617,Cassandra,,,,,JACKESON,,,
SFK,Little Saxham,St Nicholas TR,,30 Aug 1618,Jane,,,,,BUTTERMORE,,,
SFK,Little Saxham,St Nicholas TR,,20 Sep 1618,George,,,,,PLEASANCE,,,
SFK,Little Saxham,St Nicholas TR,,8 Dec 1618,Elyzabeth,daughter of,Henry,Mary,LITCHFIELD,LITCHFIELD,,,
SFK,Little Saxham,St Nicholas TR,,8 Dec 1618,Mary,daughter of,Henry,Mary,LITCHFIELD,LITCHFIELD,,,
SFK,Little Saxham,St Nicholas TR,,12 Feb 1618/19,Mary,daughter of,Thomas,Ann,MACHIN,MACHIN,,,
SFK,Little Saxham,St Nicholas TR,,14 Feb 1618/19,Richard,,,,CREAKE,CREAKE,,,
SFK,Little Saxham,St Nicholas TR,,16 Feb 1618/19,Ann,daughter of,Thomas,Ann,MACHIN,MACHIN,,,
SFK,Little Saxham,St Nicholas TR,,29 May 1619,Mary,daughter of,John,Saray,FLETCHER,FLETCHER,,,
SFK,Little Saxham,St Nicholas TR,,26 Jun 1619,Jone,,,,,HOLBACKE,,,
SFK,Little Saxham,St Nicholas TR,,22 Oct 1619,Mary,wife of,Thomas,,JOHNSON,JOHNSON,,,
SFK,Little Saxham,St Nicholas TR,,30 Nov 1619,Phillip,,,,,GILLIBROWNE,,,widow
SFK,Little Saxham,St Nicholas TR,,1 Jan 1619/20,William,,,,,SAXTON,,,
SFK,Little Saxham,St Nicholas TR,,19 Jan 1619/20,Katerin,,,,,GASSKIN,,,
SFK,Little Saxham,St Nicholas TR,,22 Jan 1619/20,Ambrose,,,,,GILLIBROWNE,,,
SFK,Little Saxham,St Nicholas TR,,21 May 1620,John,,,,,DIS,,,
SFK,Little Saxham,St Nicholas TR,,13 Aug 1620,Elizabeth,daughter of,Thomas,Isabell,PLEASANTE,PLEASANTE,,,
SFK,Little Saxham,St Nicholas TR,,3 Feb 1621,Thomas,,,,,JOHNSON,,,
SFK,Little Saxham,St Nicholas TR,,27 Apr 1621,Frances,,,,,CROWE,,,
SFK,Little Saxham,St Nicholas TR,,15 Feb 1621/22,Henry,son of,John,,MAY,MAY,,,
SFK,Little Saxham,St Nicholas TR,,19 Feb 1621/22,Henry,,,,,BENNET,,,
SFK,Little Saxham,St Nicholas TR,,29 Dec 1622,Alice,widow of,William,,AYLOFFE,AYLOFFE,,,widow of William Esq dcd
SFK,Little Saxham,St Nicholas TR,,12 Jan 1622/23,Thomas,,,,,LARNER,,,
SFK,Little Saxham,St Nicholas TR,,12 Jan 1622/23,Siprian,,,,,WILLET,,,
SFK,Little Saxham,St Nicholas TR,,5 Feb 1622/23,Ann,wife of,Joseph,,SMITH,SMITH,,,
SFK,Little Saxham,St Nicholas TR,,6 Mar 1622/23,Thomas,son of,Thomas,,WILLETT,WILLETT,,,
SFK,Little Saxham,St Nicholas TR,,2 Apr 1623,Thomas,,,,,WILLETT,,,
SFK,Little Saxham,St Nicholas TR,,22 Apr 1623,Robert,,,,,CROFTES,,,Mr
SFK,Little Saxham,St Nicholas TR,,28 May 1623,Mary,wife of,Henry,,LEITCHFEILD,LEITCHFEILD,,,
SFK,Little Saxham,St Nicholas TR,,7 Dec 1623,Widow,,,,,BENEFEILDE,,,
SFK,Little Saxham,St Nicholas TR,,8 Jun 1624,Thomas,,,,,SIMSON,,,
SFK,Little Saxham,St Nicholas TR,,17 Jun 1624,Jane,,,,,WIMARKE,,,
SFK,Little Saxham,St Nicholas TR,,9 Nov 1624,Edenn,,,,,GARRETT,,,
SFK,Little Saxham,St Nicholas TR,,15 Aug 1625,Henry,,,,,LEITCHEFEILD,,,
SFK,Little Saxham,St Nicholas TR,,20 Sep 1625,Bridget,daughter of,John,Sarah,FLETCHER,FLETCHER,,,
SFK,Little Saxham,St Nicholas TR,,29 Sep 1625,Margerite,,,,,SIMPSON,,,widow
SFK,Little Saxham,St Nicholas TR,,23 Dec 1625,Alice,wife of,John,,MAYE,MAYE,,,
SFK,Little Saxham,St Nicholas TR,,7 Jan 1625/26,Elizabeth,,,,,BENNOLL,,,widow
SFK,Little Saxham,St Nicholas TR,,11 Feb 1626/27,Theodore,,,,,WALKER,,,
SFK,Little Saxham,St Nicholas TR,,4 Mar 1626/27,James,,,,,FLETCHER,,,
SFK,Little Saxham,St Nicholas TR,,19 Mar 1626/27,Phillip,daughter of,Abraham,Elizabeth,PERSON,PERSON,,,
SFK,Little Saxham,St Nicholas TR,,3 Apr 1627,William,son of,William,Ann,PATTLE,PATTLE,,,
SFK,Little Saxham,St Nicholas TR,,29 Mar 1628,John,,,,,CROFTES,65,,Sir John Kt
SFK,Little Saxham,St Nicholas TR,,18 Apr 1628,John,son of,Henry,Katheren,HOLDEN,HOLDEN,,,
SFK,Little Saxham,St Nicholas TR,,29 Jul 1628,Robert,son of,,Widow,WILLET,WILLET,,,
SFK,Little Saxham,St Nicholas TR,,25 Aug 1628,Mary,daughter of,Henry,,CROFTES,CROFTES,,,Sir Henry Kt
SFK,Little Saxham,St Nicholas TR,,16 Nov 1628,Jane,daughter of,Roger,Jane,IMMANS,IMMANS,,,
SFK,Little Saxham,St Nicholas TR,,21 Jan 1629,Frances,,,,,BEVILL,,,
SFK,Little Saxham,St Nicholas TR,,23 Mar 1628/29,Mother,,,,,PLEASANTS,,,
SFK,Little Saxham,St Nicholas TR,,22 May 1629,Ann,wife of,William,,PATTLE,PATTLE,,,
SFK,Little Saxham,St Nicholas TR,,20 Apr 1630,Lidia,daughter of,Robert,Mary,GAULT,GAULT,,,
SFK,Little Saxham,St Nicholas TR,,15 Sep 1630,Margaret,daughter of,Henry,Katheren,HOLDEN,HOLDEN,,,
SFK,Little Saxham,St Nicholas TR,,14 Jan 1630/31,James,son of,John,Margaret,WYMARKE,WYMARKE,,,
SFK,Little Saxham,St Nicholas TR,,1 Mar 1630/31,Francis,son of,Francis,Susan,RIDGIN,RIDGIN,,,
SFK,Little Saxham,St Nicholas TR,,3 Mar 1630/31,Richard,son of,Francis,Susan,RIDGIN,RIDGIN,,,
SFK,Little Saxham,St Nicholas TR,,26 Apr 1631,Elizabeth,,,,,PERSON,,,
SFK,Little Saxham,St Nicholas TR,,25 Sep 1631,James,,,,,ROBINSON,,,
SFK,Little Saxham,St Nicholas TR,,8 May 1632,Katherin,wife of,Henry,,HOLDEN,HOLDEN,,,
SFK,Little Saxham,St Nicholas TR,,8 Jun 1632,Robert,,,,,GAULE,,,
SFK,Little Saxham,St Nicholas TR,,11 Oct 1632,Thomas,,,,,HOLDEN,,,
SFK,Little Saxham,St Nicholas TR,,1 May 1633,Amye,,,,,ROWSE,,,widow
SFK,Little Saxham,St Nicholas TR,,20 Apr 1634,Ann,wife of,Richard,,BENNALL,BENNALL,,,
SFK,Little Saxham,St Nicholas TR,,18 May 1634,Susan,,John,Sarah,FLETCHER,FLETCHER,,,
SFK,Little Saxham,St Nicholas TR,,2 Jun 1635,Susan,wife of,William,,PEIRSON,PEIRSON,,,
SFK,Little Saxham,St Nicholas TR,,4 Feb 1635/36,John,,,,,HAYLOCKE,,,
SFK,Little Saxham,St Nicholas TR,,7 Feb 1635/36,John,,,,,FLETCHER,,,snr
SFK,Little Saxham,St Nicholas TR,,11 Jan 1636/37,Elysabeth,wife of,Richard,,GREENE,GREENE,,,
SFK,Little Saxham,St Nicholas TR,,25 Jan 1636/37,Widow,,,,,ASHFEILD,,,
SFK,Little Saxham,St Nicholas TR,,14 Mar 1637/38,Daniel,,,,,TOPPER,,,vagrant
SFK,Little Saxham,St Nicholas TR,,8 Apr 1638,Nathaniell,son of,Richard,,BENNALL,BENNALL,,,
SFK,Little Saxham,St Nicholas TR,,30 Oct 1638,Margarett,daughter of,,Widow,GILLIBRAND,GILLIBRAND,,,
SFK,Little Saxham,St Nicholas TR,,20 May 1639,Ann,son of,Michael,Elizabeth,EMONT,EMONT,,,
SFK,Little Saxham,St Nicholas TR,,5 Jun 1639,Elizabeth,daughter of,William,,PEIRSON,PEIRSON,,,
SFK,Little Saxham,St Nicholas TR,,22 Nov 1639,Jane,wife of,Roger,,IMMANS,IMMANS,,,
SFK,Little Saxham,St Nicholas TR,,15 Jun 1640,Edmond,,,,,IMINS,,,
SFK,Little Saxham,St Nicholas TR,,15 Aug 1640,Susan,,,,,CROW,,,
SFK,Little Saxham,St Nicholas TR,,21 Oct 1640,Samuell,son of,Richard,Elizabeth,YONG,YONG,,,
SFK,Little Saxham,St Nicholas TR,,28 Mar 1641,John,,,,,GOODFFRYE,,,
SFK,Little Saxham,St Nicholas TR,,29 Jun 1641,John,,Michael,Elizabeth,EMONT,EMONT,,,
SFK,Little Saxham,St Nicholas TR,,22 Aug 1641,Thomas,,,,,PLEASANCE,,,
SFK,Little Saxham,St Nicholas TR,,13 Feb 1641/42,Henry,son of,Henrye,Elizabeth,CRAFTS,CRAFTS,,,Sir Henrye and Dame Elizabeth
SFK,Little Saxham,St Nicholas TR,,16 May 1642,?,,,,,WILLETT,,,Widow
SFK,Little Saxham,St Nicholas TR,,1 Oct 1642,Elizabeth,wife of,Henry,,CRAFTS,CRAFTS,,,Lady Elizabeth wife of Sir Henry
SFK,Little Saxham,St Nicholas TR,,1 Feb 1642/43,?,daughter of,Edward,Mary,FROST,FROST,,,
SFK,Little Saxham,St Nicholas TR,,14 Feb 1642/43,?,,,,,GODFRY,,,Widow
SFK,Little Saxham,St Nicholas TR,,9 Jun 1643,?,,,,,CROWE,,,Widow
SFK,Little Saxham,St Nicholas TR,,9 Jun 1643,?,son of,John,,HELDER,HELDER,,,
SFK,Little Saxham,St Nicholas TR,,26 Dec 1643,?,son of,Richard,,WOODGATE,WOODGATE,,,
SFK,Little Saxham,St Nicholas TR,,4 Feb 1643/44,Richard,,,,,GREENE,,,
SFK,Little Saxham,St Nicholas TR,,19 Feb 1643/44,John,,,,,HELDER,,,
SFK,Little Saxham,St Nicholas TR,,30 Oct 1644,?,,,,,REGINS,,,Goodman
SFK,Little Saxham,St Nicholas TR,,17 Jan 1644/45,Henry,son of,Henry,Margerie,CROFTS,CROFTS,,,Sir Henrie and Margerie
SFK,Little Saxham,St Nicholas TR,,12 Dec 1645,Edward,,,,,FROST,,,
SFK,Little Saxham,St Nicholas TR,,20 Nov 1647,John,,,,,MAY,,,
SFK,Little Saxham,St Nicholas TR,,1 Dec 1647,Abraham,,,,,PEIRSON,,,
SFK,Little Saxham,St Nicholas TR,,18 Mar 1649,?,,,,,CROFTS,,,Lady
SFK,Little Saxham,St Nicholas TR,,4 Apr 1649,?,,,,,WOODGATE,,,Goodwife
SFK,Little Saxham,St Nicholas TR,,1 May 1649,?,,,,,HOW,,,Goodman
SFK,Little Saxham,St Nicholas TR,,11 Jun 1649,?,daughter of,William,,TIBBET,TIBBET,,,
SFK,Little Saxham,St Nicholas TR,,14 Oct 1649,?,,,,,REDGIN,,,Widow
SFK,Little Saxham,St Nicholas TR,,28 Feb 1649/50,?,,,,,TEBBIT,,,Goodwife
SFK,Little Saxham,St Nicholas TR,,9 Mar 1649/50,Elizabeth,daughter of,Richard,,WOODGATE,WOODGATE,,,
SFK,Little Saxham,St Nicholas TR,,19 Jul 1651,John,husband of,,Margarett,WEYMARKE,WEYMARKE,,,buried with wife
SFK,Little Saxham,St Nicholas TR,,19 Jul 1651,Margarett,wife of,John,,WEYMARKE,WEYMARKE,,,buried with husband
SFK,Little Saxham,St Nicholas TR,,12 Jul 1652,Thomas snr,,,,,KENT,,,
SFK,Little Saxham,St Nicholas TR,,18 Feb 1653/54,Frances,daughter of,Edmund,,POOLY,POOLY,,,Sir Edmund
SFK,Little Saxham,St Nicholas TR,,8 Mar 1653/54,Susan,,,,,STEWARD,,,
SFK,Little Saxham,St Nicholas TR,,6 Jul 1654,Elizabeth,,,,,PERRY,,,
SFK,Little Saxham,St Nicholas TR,,31 Aug 1654,Elizabeth,wife of,Samuell,,BORRETT,BORRETT,,,
SFK,Little Saxham,St Nicholas TR,,1 Sep 1654,Roger,,,,,IMMINS,,,
SFK,Little Saxham,St Nicholas TR,,14 Aug 1656,John,,,,,WEYMARKE,,,
SFK,Little Saxham,St Nicholas TR,,11 Jun 1657,Maurisco,wife of,Robert,,WINTER,WINTER,,,
SFK,Little Saxham,St Nicholas TR,,25 Jul 1657,Widow,,,,,PEIRSON,,,
SFK,Little Saxham,St Nicholas TR,,23 Sep 1657,Widow,,,,,PLEASANCE,,,
SFK,Little Saxham,St Nicholas TR,,20 Nov 1657,Widow,,,,,FLETCHER,,,
SFK,Little Saxham,St Nicholas TR,,17 Mar 1657/58,Easter,daughter of,Edmund,,POOLIE,POOLIE,,,Sir Edmund
SFK,Little Saxham,St Nicholas TR,,11 Apr 1661,Edmund,,,,,PARKER,,,
SFK,Little Saxham,St Nicholas TR,,5 Aug 1661,Samuell,,,,,BORRETT,,,
SFK,Little Saxham,St Nicholas TR,,11 Aug 1661,Elizabeth,wife of,Samuell,,BORRETT,BORRETT,,,
SFK,Little Saxham,St Nicholas TR,,14 Aug 1661,Michaell,,,,,EMONT,,,Mr; minister of this towne
SFK,Little Saxham,St Nicholas TR,,10 Sep 1661,Sara,wife of,Luke,,MAYHEWE,MAYHEWE,,,
SFK,Little Saxham,St Nicholas TR,,12 Dec 1661,Edward,,,,,GREENE,,,
SFK,Little Saxham,St Nicholas TR,,7 Jan 1661/62,Edmund,son of,Thomas,Ann,CARVER,CARVER,,,
SFK,Little Saxham,St Nicholas TR,,29 Mar 1662,Bridget,daughter of,Thomas,Ann,CARVER,CARVER,,,
SFK,Little Saxham,St Nicholas TR,,25 Jul 1662,Thomas,,,,,KENT,,,of Bury St Edmunds
SFK,Little Saxham,St Nicholas TR,,6 Nov 1662,Elizabeth,daughter of,Robert,Anne,MACHIN,MACHIN,,,
SFK,Little Saxham,St Nicholas TR,,1 Dec 1662,John,,,,,COWPER,,,servant to Lady SMITH of Armingland
SFK,Little Saxham,St Nicholas TR,,15 Mar 1662/63,Nicholas,,,,,BARRET,,,
SFK,Little Saxham,St Nicholas TR,,20 Aug 1663,John,,,,,JOHNSON,,,servant to Goodman Thomas MAHEW
SFK,Little Saxham,St Nicholas TR,,27 Mar 1664,Christian,,,,,SPARROW,,,servant to Goodman Cole
SFK,Little Saxham,St Nicholas TR,,23 Jun 1664,John,,,,,CROFTES,,,Mr
SFK,Little Saxham,St Nicholas TR,,28 Oct 1665,Elizabeth,,,,,WERDING,,,widow
SFK,Little Saxham,St Nicholas TR,,14 Nov 1665,Elizabeth,,,,,HOW,,,
SFK,Little Saxham,St Nicholas TR,,23 Nov 1665,Widow,,,,,TEBBETT,,,
SFK,Little Saxham,St Nicholas TR,,19 Aug 1666,Margaret,daughter of,Giles,Anne,COLE,COLE,,,
SFK,Little Saxham,St Nicholas TR,,31 Mar 1667,Henry,,,,,CROFTES,,,Sir Henry
SFK,Little Saxham,St Nicholas TR,,29 Jun 1667,James,,,,,HARTE,,,servant to Lord Croftes
SFK,Little Saxham,St Nicholas TR,,8 Aug 1667,Steeven,,,,,PATRICK,,,blacksmith of Cockfield; passing through
SFK,Little Saxham,St Nicholas TR,,21 Sep 1667,Richard,,,,,BROWNE,,,servant to Lord Crofts
SFK,Little Saxham,St Nicholas TR,,21 Sep 1667,Elizabeth,daughter of,John,An,DENTE,DENTE,,,
SFK,Little Saxham,St Nicholas TR,,16 Dec 1667,Elizabeth,wife of,John,,COPPIN,COPPIN,,,
SFK,Little Saxham,St Nicholas TR,,27 Apr 1668,Michaell,son of,John,Alce,FLETCHER,FLETCHER,,,
SFK,Little Saxham,St Nicholas TR,,19 May 1668,Alce,wife of,John,,FLETCHER,FLETCHER,,,
SFK,Little Saxham,St Nicholas TR,,27 Aug 1668,Ann,wife of,Danyell,,SHULVER,SHULVER,,,
SFK,Little Saxham,St Nicholas TR,,5 Jan 1668/69,Mary,daughter of,Thomas,Mary,GODDARD,GODDARD,,,Mris Mary daughter of Mr Thomas and Dame Mary
SFK,Little Saxham,St Nicholas TR,,4 Dec 1670,Margaret,,,,,ARNALL,,,sevant and niece to Edmont ERNALL
SFK,Little Saxham,St Nicholas TR,,12 Apr 1671,James,,,,,SPARKE,,,
SFK,Little Saxham,St Nicholas TR,,26 Jul 1671,John,son of,Abraham,Martha,BENALL,BENALL,,,
SFK,Little Saxham,St Nicholas TR,,14 May 1672,Mary,daughter of,Willyam,,GREENE,GREENE,,,
SFK,Little Saxham,St Nicholas TR,,18 Aug 1672,?,wife of,,,CROFTES,CROFTES,,,Lady wife of Right Hon Lord
SFK,Little Saxham,St Nicholas TR,,12 Jan 1673/74,Martin,,,,,OAKLEY,,,
SFK,Little Saxham,St Nicholas TR,,26 May 1674,Margery,,,,,CROFTS,,,Lady Margery
SFK,Little Saxham,St Nicholas TR,,8 Dec 1675,?,,,,,HOW,,,widow
SFK,Little Saxham,St Nicholas TR,,30 Mar 1676,Ann,wife of,Robert,,MEACHAM,MEACHAM,,,
SFK,Little Saxham,St Nicholas TR,,25 Jul 1676,Thomas,son of,John,Margaret,COPPEN,COPPEN,,,
SFK,Little Saxham,St Nicholas TR,,22 Apr 1677,Mary,daughter of,Thomas,Deborah,CROW,CROW,,,
SFK,Little Saxham,St Nicholas TR,,11 May 1677,?,,,,,EMOT,,,Mrs; widow of Rector of Saxham
SFK,Little Saxham,St Nicholas TR,,11 Aug 1677,John,,,,,COPPIN,,,
SFK,Little Saxham,St Nicholas TR,,13 Sep 1677,Rt Hon Lord,,,,,CROFTES,,,
SFK,Little Saxham,St Nicholas TR,,10 Jan 1677/78,Widow,,,,,ARNOLD,,,
SFK,Little Saxham,St Nicholas TR,,7 Aug 1678,John,son of,Alexander,Mary,OSWELL,OSWELL,,,
SFK,Little Saxham,St Nicholas TR,,13 Aug 1678,John,son of,John,Rachel,LAIT,LAIT,,,
SFK,Little Saxham,St Nicholas TR,,30 Jan 1679,Elizabeth,son of,John,Elizabeth,BILTON,BILTON,,,cleric
SFK,Little Saxham,St Nicholas TR,,5 Apr 1679,William,,,,,PAIN,,,servant to Capt William CROFTES
SFK,Little Saxham,St Nicholas TR,,14 Apr 1679,William,,,,,ARNOLD,,,given names to Justices of Peace
SFK,Little Saxham,St Nicholas TR,,27 May 1679,Mary,daughter of,John,Rachell,LAIT,LAIT,,,
SFK,Little Saxham,St Nicholas TR,,26 Sep 1679,Cicily,daughter of,Michael,Elizabeth,EMONT,EMONT,,,
SFK,Little Saxham,St Nicholas TR,,22 Oct 1679,Rachel,,,Dorothy,MEACHAM,MEACHAM,,,base child
SFK,Little Saxham,St Nicholas TR,,26 Oct 1679,Mary,daughter of,Timothy,Mary,SHARP,SHARP,,,
SFK,Little Saxham,St Nicholas TR,,26 Jun 1680,John,,,,,FLETCHER,,,sexton of the parish
SFK,Little Saxham,St Nicholas TR,,6 Jul 1680,Mary,daughter of,Robert,Margaret,BUCKLE,BUCKLE,,,
SFK,Little Saxham,St Nicholas TR,,14 Sep 1680,Rose,daughter of,,Widow,GAUNT,GAUNT,,,of Saxham Magna
SFK,Little Saxham,St Nicholas TR,,15 Oct 1680,Mary,wife of,Benjamin,,MILLER,MILLER,,,
SFK,Little Saxham,St Nicholas TR,,15 Nov 1680,William,,,,,GLANFILL,,,servant to Capt William Crofts
SFK,Little Saxham,St Nicholas TR,,10 Jan 1680/81,William,,,,,TEBIT,,,labourer
SFK,Little Saxham,St Nicholas TR,,16 Jan 1680/81,Margaret,daughter of,Robert,Margaret,BUCKLE,BUCKLE,,,
SFK,Little Saxham,St Nicholas TR,,30 Jan 1680/81,An,daughter of,Richard,Margaret,WILLIAMS,WILLIAMS,,,
SFK,Little Saxham,St Nicholas TR,,1 Mar 1680/81,Elizabeth,wife of,John,,MAYPOLE,MAYPOLE,,,
SFK,Little Saxham,St Nicholas TR,,28 Jul 1681,John,son of,John,Elizabeth,BILTON,BILTON,,,
SFK,Little Saxham,St Nicholas TR,,18 Oct 1681,Elizabeth,,,,,CROFTS,,,
SFK,Little Saxham,St Nicholas TR,,28 Nov 1681,Mary,wife of,Alexander,,OSWEL,OSWEL,,,
SFK,Little Saxham,St Nicholas TR,,14 Jan 1681/82,Samuel,,,,,ARNOLD,,,servant to Major William CROFTS
SFK,Little Saxham,St Nicholas TR,,9 May 1682,Elizabeth,daughter of,John,Elizabeth,WEYMARK,WEYMARK,,,
SFK,Little Saxham,St Nicholas TR,,5 Sep 1682,Ann,wife of,Thomas,,CARVER,CARVER,,,
SFK,Little Saxham,St Nicholas TR,,11 Oct 1682,Susanna,daughter of,John,Rachel,LAIT,LAIT,,,
SFK,Little Saxham,St Nicholas TR,,18 Nov 1682,William,son of,Alexander,Mary,OSWEL,OSWEL,,,
SFK,Little Saxham,St Nicholas TR,,25 Jan 1682/83,Susan,daughter of,William,Susan,ARNOLD,ARNOLD,,,
SFK,Little Saxham,St Nicholas TR,,10 Feb 1682/83,Susan,wife of,William,,ARNOLD,ARNOLD,,,
SFK,Little Saxham,St Nicholas TR,,9 Mar 1683/84,Margaret,daughter of,John,Elizabeth,WEYMARK,WEYMARK,,,
SFK,Little Saxham,St Nicholas TR,,16 May 1685,Mary,daughter of,William,An,CROFTS,CROFTS,,,Major William and Dame An
SFK,Little Saxham,St Nicholas TR,,20 Jul 1685,John,,,,,MEACHAM,,,servant to William GAYFER
SFK,Little Saxham,St Nicholas TR,,29 Dec 1685,James,,,,,PLEASANCE,,,
SFK,Little Saxham,St Nicholas TR,,7 Jul 1686,John,,,,,MAYPOLE,,,
SFK,Little Saxham,St Nicholas TR,,29 Sep 1686,John,,,,,BILTON,,,Mr; clerk
SFK,Little Saxham,St Nicholas TR,,28 Nov 1687,Mary,,,,,WEEDING,,,widow
SFK,Little Saxham,St Nicholas TR,,17 Feb 1687/88,Elizabeth,daughter of,Thomas,Rachel,MARSHAL,MARSHAL,,,
SFK,Little Saxham,St Nicholas TR,,27 Sep 1688,William,,,,,GREEN,,,
SFK,Little Saxham,St Nicholas TR,,6 Nov 1688,John,son of,John,Elizabeth,JASKEN,JASKEN,,,
SFK,Little Saxham,St Nicholas TR,,30 Apr 1690,Mary,daughter of,John,Alse,CORNWELL,CORNWELL,,,
SFK,Little Saxham,St Nicholas TR,,30 Apr 1690,Thomas,,,,,CROW,,,
SFK,Little Saxham,St Nicholas TR,,30 Apr 1690,William,,,,,JOLLY,,,
SFK,Little Saxham,St Nicholas TR,,30 Apr 1690,Rachell,,,,,MARSHALL,,,
SFK,Little Saxham,St Nicholas TR,,30 Apr 1690,Mary,,,,,OSWELL,,,
SFK,Little Saxham,St Nicholas TR,,8 Jun 1691,Thomas,,,,,TURNER,,,
SFK,Little Saxham,St Nicholas TR,,4 Nov 1691,Anthony,son of,John,Elizabeth,WEYMARK,WEYMARK,,,
SFK,Little Saxham,St Nicholas TR,,29 Jan 1691/92,John,son of,William,Ann,CROFTS,CROFTS,,,William Esq
SFK,Little Saxham,St Nicholas TR,,14 Jul 1692,Nathaniel snr,,,,,MANING,,,buried at Saxham Magna
SFK,Little Saxham,St Nicholas TR,,28 Nov 1692,Thomas snr,,,,,CARVER,,,
SFK,Little Saxham,St Nicholas TR,,23 Apr 1694,William,son of,William,Ann,CROFTS,CROFTS,,,William Esq
SFK,Little Saxham,St Nicholas TR,,10 May 1694,Henry,,,,,BRADLY,,,
SFK,Little Saxham,St Nicholas TR,,28 Aug 1694,Sarah,daughter of,John,Elizabeth,WEYMACK,WEYMACK,,,
SFK,Little Saxham,St Nicholas TR,,29 Jan 1694/95,William,,,,,CROFTS,,,Esq
SFK,Little Saxham,St Nicholas TR,,13 Oct 1696,Sarah,,,,,GREEN,,,widow
SFK,Little Saxham,St Nicholas TR,,22 Dec 1696,Margaret,daughter of,,Margaret,GIPPS,GIPPS,,,
SFK,Little Saxham,St Nicholas TR,,19 May 1697,Ann,daughter of,John,Dorathy,REVE,REVE,,,
SFK,Little Saxham,St Nicholas TR,,29 Jun 1697,Robert,,,,,WINTER,,,of Bury
SFK,Little Saxham,St Nicholas TR,,8 Jan 1697/98,Mary,wife of,Richard,,FROST,FROST,,,
SFK,Little Saxham,St Nicholas TR,,10 Aug 1698,Robert,,,,,KENT,,,
SFK,Little Saxham,St Nicholas TR,,18 Aug 1698,Elizabeth,daughter of,John,Rose,GARRALD,GARRALD,,,
SFK,Little Saxham,St Nicholas TR,,18 Aug 1698,Rose,wife of,John,,GARRALD,GARRALD,,,
SFK,Little Saxham,St Nicholas TR,,1 Jun 1699,Ann,wife of,John,,CANDELER,CANDELER,,,
SFK,Little Saxham,St Nicholas TR,,17 Jun 1699,Richard,,,,,WILLIAMS,,,
SFK,Little Saxham,St Nicholas TR,,6 Aug 1699,Alice,,,,,WINTER,,,widow of Bury
SFK,Little Saxham,St Nicholas TR,,19 Sep 1699,Mary,wife of,Thomas,,HUBBARD,HUBBARD,,,
SFK,Little Saxham,St Nicholas TR,,16 Mar 1699/00,Catherine,,,,,BUTLER,,,widow sent from Wich in Wocester
SFK,Little Saxham,St Nicholas TR,,8 Apr 1700,Alexander,,,,,OSWELL,,,
SFK,Little Saxham,St Nicholas TR,,6 Jun 1700,Marisco,,,,,WINTER,,,of Bury
SFK,Little Saxham,St Nicholas TR,,4 Oct 1700,Margaret,,,,,WINTER,,,of Bury
SFK,Little Saxham,St Nicholas TR,,12 Jan 1700/01,Mary,daughter of,Jonathan,Mary,FORDHAM,FORDHAM,,,
SFK,Little Saxham,St Nicholas TR,,26 Aug 1701,Sarah,wife of,Robert,,MOONE,MOONE,,,of Bury
SFK,Little Saxham,St Nicholas TR,,10 Jan 1701/02,Sarah,wife of,?,,EMONT,EMONT,,,"wife of Mr Emont; of Bury, buried in father's grave"
SFK,Little Saxham,St Nicholas TR,,24 Jun 1702,Jane,daughter of,Jonathan,Mary,FORDHAM,FORDHAM,,,
SFK,Little Saxham,St Nicholas TR,,7 Jul 1703,Ann,,,,,TEBBET,,,widow
SFK,Little Saxham,St Nicholas TR,,12 Dec 1703,Elizabeth,wife of,Robert,,MACHAM,MACHAM,,,
SFK,Little Saxham,St Nicholas TR,,9 Jan 1703/04,Robert,,,,,MACHAM,,,
SFK,Little Saxham,St Nicholas TR,,17 Mar 1703/04,John,,,,,TYLER,,,
SFK,Little Saxham,St Nicholas TR,,14 Jul 1704,Ann,daughter of,John,Ann,LALHAM,LALHAM,,,
SFK,Little Saxham,St Nicholas TR,,8 Oct 1704,Ambrose,son of,Ambrose,Elizabeth,OSBY,OSBY,,,
SFK,Little Saxham,St Nicholas TR,,19 Mar 1704/05,Francis,,,,,WEBB,,,snr
SFK,Little Saxham,St Nicholas TR,,15 Apr 1706,John,son of,Jonathan,Mary,FORDHAM,FORDHAM,,,
SFK,Little Saxham,St Nicholas TR,,3 Feb 1706/07,Thomas,,,,,HUBBARD,,,
SFK,Little Saxham,St Nicholas TR,,29 Apr 1707,John snr,,,,,CANDLER,,,
SFK,Little Saxham,St Nicholas TR,,13 Jan 1707/08,Richard,,,,,PLEASANTS,,,Fornham St Martins
SFK,Little Saxham,St Nicholas TR,,21 Apr 1708,Penelope,,,,,GREEN,,,widow
SFK,Little Saxham,St Nicholas TR,,7 Jun 1708,Elizabeth,,Ambrose,Elizabeth,OSBY,OSBY,,,
SFK,Little Saxham,St Nicholas TR,,3 Jul 1708,Clement,,,,,SERGEANT,,,
SFK,Little Saxham,St Nicholas TR,,18 Jul 1708,Susan,,,,,EMONT,,,
SFK,Little Saxham,St Nicholas TR,,25 Apr 1709,Deborah,,,,,CROW,,,widow
SFK,Little Saxham,St Nicholas TR,,18 Feb 1710/11,Mary,daughter of,,Dorathy,HARRIS,HARRIS,,,vagabond
SFK,Little Saxham,St Nicholas TR,,15 May 1711,Elizabeth,wife of,Ambrose,,OSBY,OSBY,,,
SFK,Little Saxham,St Nicholas TR,,13 Jul 1711,Frances,daughter of,Simon,Miriam,KEMP,KEMP,,,
SFK,Little Saxham,St Nicholas TR,,20 Aug 1711,Ann,daughter of,John,Alice,CORNWELL,CORNWELL,,,
SFK,Little Saxham,St Nicholas TR,,14 Apr 1712,Clement,son of,Clement,Hannah,SALISBURY,SALISBURY,,,
SFK,Little Saxham,St Nicholas TR,,15 Mar 1712/13,Mary,wife of,Francis,,PATTLE,PATTLE,,,
SFK,Little Saxham,St Nicholas TR,,16 Jul 1713,David,wife of,David,,CHURCH,CHURCH,,,
SFK,Little Saxham,St Nicholas TR,,12 Aug 1713,Simon,son of,Simon,Miriam,KEMP,KEMP,,,
SFK,Little Saxham,St Nicholas TR,,14 Nov 1713,Frances,daughter of,Simon,Miriam,KEMP,KEMP,,,
SFK,Little Saxham,St Nicholas TR,,2 Dec 1713,Mary,daughter of,Joseph,Margaret,WORTH,WORTH,,,
SFK,Little Saxham,St Nicholas TR,,1 Mar 1713/14,Ann,daughter of,John,Mary,MOTT,MOTT,,,
SFK,Little Saxham,St Nicholas TR,,3 Mar 1713/14,Elizabeth,daughter of,Simon,Miriam,KEMP,KEMP,,,
SFK,Little Saxham,St Nicholas TR,,2 Apr 1714,Joseph,son of,Joseph,Margaret,WORTH,WORTH,,,
SFK,Little Saxham,St Nicholas TR,,25 Jun 1714,William,,,,,NORMAN,,,snr
SFK,Little Saxham,St Nicholas TR,,26 Sep 1714,Ann,,,,,HUBBARD,,,widow
SFK,Little Saxham,St Nicholas TR,,3 Sep 1715,William,,,,,ARNOLD,,,of wattisfield
SFK,Little Saxham,St Nicholas TR,,28 Nov 1715,Sarah,wife of,John,,GARRALD,GARRALD,,,
SFK,Little Saxham,St Nicholas TR,,4 Dec 1715,John,,,,,REVE,,,
SFK,Little Saxham,St Nicholas TR,,26 Jun 1716,Ann,,,,,COLE,,,widow
SFK,Little Saxham,St Nicholas TR,,29 Jun 1716,Rachel,,,,,WEBB,,,widow
SFK,Little Saxham,St Nicholas TR,,16 Dec 1716,Simon,son of,Simon,Miriam,KEMP,KEMP,,,
SFK,Little Saxham,St Nicholas TR,,24 Apr 1717,Henry,son of,Thomas,,COZENS,COZENS,,,father late of Emswell
SFK,Little Saxham,St Nicholas TR,,28 Apr 1717,William,son of,Jonathan,,FORDHAM,FORDHAM,,,
SFK,Little Saxham,St Nicholas TR,,27 May 1717,Margaret,,,,,WILLIAMS,,,widow
SFK,Little Saxham,St Nicholas TR,,18 Jun 1717,Margaret,daughter of,Joseph,Margaret,WORTH,WORTH,,,
SFK,Little Saxham,St Nicholas TR,,21 May 1718,Dorothy,,,,,REVE,,,widow
SFK,Little Saxham,St Nicholas TR,,12 Jun 1718,Rebecca,,,,,BUTCHER,,,
SFK,Little Saxham,St Nicholas TR,,9 Aug 1718,Elizabeth,daughter of,Ambrose,Elizabeth,OSBY,OSBY,,,
SFK,Little Saxham,St Nicholas TR,,10 Oct 1719,Samuel,son of,John,Susan,CENHAM,CENHAM,,,
SFK,Little Saxham,St Nicholas TR,,18 Mar 1719/20,Hannah,wife of,Esau,,BUY,BUY,,,
SFK,Little Saxham,St Nicholas TR,,7 Apr 1720,Widow,,,,,LAMB,,,
SFK,Little Saxham,St Nicholas TR,,15 Apr 1720,Mary,wife of,John,,MOTT,MOTT,,,
SFK,Little Saxham,St Nicholas TR,,5 Sep 1720,Sarah,,,,,ARNOLD,,,widow of Watisfield
SFK,Little Saxham,St Nicholas TR,,4 Oct 1720,Richard,,,,,BENSKIN,,,Rev Mr Richard; Rector of this parish
SFK,Little Saxham,St Nicholas TR,,14 Oct 1720,Philip,,,,,PATTLE,infant,,
SFK,Little Saxham,St Nicholas TR,,13 Apr 1721,John,son of,Esau,Hannah,BUY,BUY,,,
SFK,Little Saxham,St Nicholas TR,,24 Jun 1721,Deborah,daughter of,Simon,Miriam,KEMP,KEMP,,,
SFK,Little Saxham,St Nicholas TR,,29 Mar 1722,Elizabeth,,,,,EMERSON,infant,,
SFK,Little Saxham,St Nicholas TR,,26 Jan 1722/23,Mary,daughter of,Henry,Margaret,CROFTES,CROFTES,,,Mrs Mary daughter of Sir Henry and Lady Margaret
SFK,Little Saxham,St Nicholas TR,,9 Sep 1723,William,son of,Joseph,,WORTH,WORTH,,,
SFK,Little Saxham,St Nicholas TR,,8 Dec 1723,Dorcas,,,,,WYMARK,,,a spurious child
SFK,Little Saxham,St Nicholas TR,,23 Dec 1724,?,,,,,BENSKIN,,,Mrs; widow
SFK,Little Saxham,St Nicholas TR,,1 Feb 1724/25,John,,,,,STEDMAN,,, of Thetford; servant of Mr Parsons
SFK,Little Saxham,St Nicholas TR,,18 Jun 1725,Anthony,,,,,CROFTES,,,Esq
SFK,Little Saxham,St Nicholas TR,,9 Aug 1725,Martha,daughter of,Clement,Hannah,SALSBURY,SALSBURY,,,
SFK,Little Saxham,St Nicholas TR,,14 Apr 1726,John,,,,,LALBAM,,,snr
SFK,Little Saxham,St Nicholas TR,,9 May 1726,Mary,daughter of,John,Mary,SEEGROAT,SEEGROAT,,,
SFK,Little Saxham,St Nicholas TR,,27 Jul 1726,David,,,,,CHURCH,,,
SFK,Little Saxham,St Nicholas TR,,15 Aug 1726,William,,,,,BREAM,infant,,
SFK,Little Saxham,St Nicholas TR,,26 Feb 1727,James,,,,,PRICK,,,
SFK,Little Saxham,St Nicholas TR,,19 Jul 1727,Miriam,,,,,KEMP,,,
SFK,Little Saxham,St Nicholas TR,,3 Oct 1727,?,,,,,CROFTES,,,Mrs Croftes senr widow of London
SFK,Little Saxham,St Nicholas TR,,6 Dec 1727,John,,,,,HOWARD,infant,,
SFK,Little Saxham,St Nicholas TR,,7 Dec 1727,John,,,,,PALFRY,,,
SFK,Little Saxham,St Nicholas TR,,25 Aug 1728,Elizabeth,,,,,PALFREY,,,
SFK,Little Saxham,St Nicholas TR,,25 Apr 1729,John,,,,,JARROLD,,,
SFK,Little Saxham,St Nicholas TR,,19 Nov 1729,Francis,,,,,PATTLE,,,
SFK,Little Saxham,St Nicholas TR,,27 Nov 1729,John,son of,Thomas,,BROWN,BROWN,infant,,
SFK,Little Saxham,St Nicholas TR,,16 Dec 1730,?,,,,,SERJEANT,,,Goody
SFK,Little Saxham,St Nicholas TR,,14 Jun 1731,Samuel,son of,Joseph,Margaret,MONEY,MONEY,,,
SFK,Little Saxham,St Nicholas TR,,8 Jul 1731,Elizabeth,daughter of,James,Elizabeth,SALSBURY,SALSBURY,,,
SFK,Little Saxham,St Nicholas TR,,18 Nov 1731,Edward,,,,,MORLEY,,,shepherd
SFK,Little Saxham,St Nicholas TR,,14 May 1732,Hannah,wife of,Clement,,SALSBURY,SALSBURY,,,
SFK,Little Saxham,St Nicholas TR,,31 May 1732,Joseph,son of,Joseph,,WORTH,WORTH,,,
SFK,Little Saxham,St Nicholas TR,,14 Jun 1732,Margaret,daughter of,Joseph,,WORTH,WORTH,,,
SFK,Little Saxham,St Nicholas TR,,3 Jul 1732,Thomas,son of,Joseph,,WORTH,WORTH,,,
SFK,Little Saxham,St Nicholas TR,,14 Feb 1732/33,Thomas,,,,,BROWN,,,
SFK,Little Saxham,St Nicholas TR,,18 Feb 1732/33,John,,,,,EMERSON,,,
SFK,Little Saxham,St Nicholas TR,,2 Mar 1732/33,?,,,,,MUNNY,,,Goody
SFK,Little Saxham,St Nicholas TR,,10 Sep 1733,Elizabeth,daughter of,John,Elizabeth,BETTS,BETTS,infant,,
SFK,Little Saxham,St Nicholas TR,,2 Oct 1733,Simon,,,,,KEMP,,,
SFK,Little Saxham,St Nicholas TR,,3 Jun 1734,Widow,,,,,NORMAN,,,
SFK,Little Saxham,St Nicholas TR,,18 Sep 1734,Francis,child of,,Mary,MOTT,MOTT,,,
SFK,Little Saxham,St Nicholas TR,,31 Jul 1735,?,,,,,KEMP,,,Mrs; widow
SFK,Little Saxham,St Nicholas TR,,20 Jan 1735/36,Mary,wife of,Jonathan,,FORDHAM,FORDHAM,,,
SFK,Little Saxham,St Nicholas TR,,29 Jun 1736,Mary,wife of,John,,MOTT,MOTT,,,
SFK,Little Saxham,St Nicholas TR,,29 Apr 1737,James,son of,James,Elizabeth,SALSBURY,SALSBURY,infant,,
SFK,Little Saxham,St Nicholas TR,,29 Apr 1737,Susan,daughter of,James,Elizabeth,SALSBURY,SALSBURY,infant,,
SFK,Little Saxham,St Nicholas TR,,30 Apr 1737,Charles,,,,,CROFTS,,,Esq; of London
SFK,Little Saxham,St Nicholas TR,,7 May 1737,William,,,,,LALHAM,,,
SFK,Little Saxham,St Nicholas TR,,7 May 1737,Elizabeth,wife of,James,,SALSBURY,SALSBURY,,,
SFK,Little Saxham,St Nicholas TR,,10 May 1737,?,,,,,PALFRY,,,Goody
SFK,Little Saxham,St Nicholas TR,,29 Nov 1738,Mary,,,,,PARKER,,,
SFK,Little Saxham,St Nicholas TR,,18 Jan 1738/39,G,,,,,MAYPOLE,,,
SFK,Little Saxham,St Nicholas TR,,7 Apr 1739,Ann,,,,,GREEN,,,
SFK,Little Saxham,St Nicholas TR,,25 Jun 1739,John,,,,,CORNWELL,,,
SFK,Little Saxham,St Nicholas TR,,19 Jul 1739,John,,,,,FORDHAM,infant,,
SFK,Little Saxham,St Nicholas TR,,19 Aug 1739,John,,,,,WYMARK,,,
SFK,Little Saxham,St Nicholas TR,,4 Oct 1739,Esther,,,,,MANNING,infant,,
SFK,Little Saxham,St Nicholas TR,,9 Aug 1741,?,,,,,CORNWELL,,,Goody
SFK,Little Saxham,St Nicholas TR,,12 Jan 1741/42,John,,,,,MOTT,,,
SFK,Little Saxham,St Nicholas TR,,18 Feb 1741/42,Stephen,,,,,HAROLD,,,of Gt Saxham
SFK,Little Saxham,St Nicholas TR,,10 Sep 1742,,,,,,SPALDING,,,Goody: of Troston
SFK,Little Saxham,St Nicholas TR,,20 Oct 1743,William,,,,,HOWERS,,,
SFK,Little Saxham,St Nicholas TR,,3 Nov 1743,?,,,,,CANHAM,,,Goodman
SFK,Little Saxham,St Nicholas TR,,7 Feb 1743/44,?,,,,,FORDHAM,,,Goodman
SFK,Little Saxham,St Nicholas TR,,26 Jan 1744/45,Ann,wife of,John,,BURGESS,BURGESS,,,
SFK,Little Saxham,St Nicholas TR,,3 Mar 1746/47,?,,,,,DEER,,,Goody
SFK,Little Saxham,St Nicholas TR,,12 apr 1747,Mary,,,,,SMITH,,,
SFK,Little Saxham,St Nicholas TR,,20 Sep 1747,Elizabeth,,,,,EMERSON,,,
SFK,Little Saxham,St Nicholas TR,,8 Apr 1750,Samuel,,,,,LEEDS,,,clerk
SFK,Little Saxham,St Nicholas TR,,25 Jun 1750,James,,,,,EMERSON,,,
SFK,Little Saxham,St Nicholas TR,,24 Feb 1750/51,Sarah,daughter of,Thomas,Sarah,LEMON,LEMON,,,
SFK,Little Saxham,St Nicholas TR,,10 Mar 1750/51,Benjamin,,,,,LARGENT,,,
SFK,Little Saxham,St Nicholas TR,,2 Apr 1751,Sarah,daughter of,William,Susan,ASHMAN,ASHMAN,,,
SFK,Little Saxham,St Nicholas TR,,9 Oct 1751,Clement,,,,,SALISBURY,,,widower
SFK,Little Saxham,St Nicholas TR,,23 Feb 1752,Elizabeth,wife of,Joseph,,MUNEY,MUNEY,,,
SFK,Little Saxham,St Nicholas TR,,24 Sep 1752,Charles,son of,John,Ann,CHURCH,CHURCH,,,
SFK,Little Saxham,St Nicholas TR,,21 Aug 1753,Elizabeth,daughter of,Anthony,,CROFTS,CROFTS,,,Mrs Elizabeth widow of Anthony Esq dcd
SFK,Little Saxham,St Nicholas TR,,2 Jun 1754,Jonathan,son of,John,Rose,RIDLAND,RIDLAND,,,
SFK,Little Saxham,St Nicholas TR,,9 Dec 1754,Mary,wife of,Francis,,LUSHER,LUSHER,,,of Saxham Magna
SFK,Little Saxham,St Nicholas TR,,22 Jul 1755,John,,,,,RIDLAN,,,
SFK,Little Saxham,St Nicholas TR,,30 Aug 1755,William,,,,,MUNNY,,,from Bury St Edmunds
SFK,Little Saxham,St Nicholas TR,,11 Apr 1756,Joseph,,,,,MUNNY,,,
SFK,Little Saxham,St Nicholas TR,,12 May 1756,Frances,widow of,Joseph,,MUNNY,MUNNY,,,Joseph dcd
SFK,Little Saxham,St Nicholas TR,,17 Aug 1756,John,,,,,MANNING,,,
SFK,Little Saxham,St Nicholas TR,,9 Dec 1756,Samuel,son of,John,Tamesin,COPSEY,COPSEY,,,
SFK,Little Saxham,St Nicholas TR,,3 Jan 1757,Thomas,,,,,LEMMON,,,
SFK,Little Saxham,St Nicholas TR,,6 Jun 1757,Hugo,,,,,THOMAS,,,sojourner
SFK,Little Saxham,St Nicholas TR,,22 Sep 1757,John,son of,John,Mary,BEETON,BEETON,,,
SFK,Little Saxham,St Nicholas TR,,28 Jan 1758,Rachel,daughter of,Thomas,Lettice,LYES,LYES,,,
SFK,Little Saxham,St Nicholas TR,,23 Apr 1758,Hannah,,,,,BROWN,,,widow
SFK,Little Saxham,St Nicholas TR,,29 Apr 1758,Esther,widow of,John,,MANNING,MANNING,,,John dcd
SFK,Little Saxham,St Nicholas TR,,31 May 1758,Susan,,,,,CANHAM,,,widow
SFK,Little Saxham,St Nicholas TR,,19 Jul 1758,Thomas,son of,Thomas,Elizabeth,HUNT,HUNT,,,
SFK,Little Saxham,St Nicholas TR,,3 Sep 1758,Hannah,,,,,GOLDSMITH,,,
SFK,Little Saxham,St Nicholas TR,,22 Oct 1758,James,,,,,CANHAM,,,
SFK,Little Saxham,St Nicholas TR,,27 Oct 1758,John,,,,,DEARE,,,
SFK,Little Saxham,St Nicholas TR,,17 May 1759,Thomas,,,,,FURMAN,,,
SFK,Little Saxham,St Nicholas TR,,22 May 1759,John,son of,Thomas,Alice,STOCKEN,STOCKEN,,,
SFK,Little Saxham,St Nicholas TR,,7 Feb 1760,Joseph,son of,,,,MUNNEY,,,
SFK,Little Saxham,St Nicholas TR,,18 May 1760,Elizabeth,daughter of,Thomas,Elizabeth,LING,LING,,,
SFK,Little Saxham,St Nicholas TR,,16 Oct 1760,Mary,daughter of,James,Mary,CORNWELL,CORNWELL,,,
SFK,Little Saxham,St Nicholas TR,,10 Feb 1761,William,son of,Thomas,Elizabeth,LING,LING,,,
SFK,Little Saxham,St Nicholas TR,,10 Mar 1761,Mary,,,,,MOTTE,,,
SFK,Little Saxham,St Nicholas TR,,3 Apr 1761,Martha,,,,,JARRALD,,,widow
SFK,Little Saxham,St Nicholas TR,,26 Apr 1761,Betty Franceis,daughter of,,Franceis,PALFRY,PALFRY,,,
SFK,Little Saxham,St Nicholas TR,,10 May 1761,William,son of,Thomas,Susan,JACKSON,JACKSON,,,
SFK,Little Saxham,St Nicholas TR,,28 Jun 1761,Margaret,daughter of,John,Sarah,MIDDLEDITCH,MIDDLEDITCH,,,
SFK,Little Saxham,St Nicholas TR,,11 Jul 1761,Mary,wife of,James,,CORNWELL,CORNWELL,,,
SFK,Little Saxham,St Nicholas TR,,5 Aug 1761,Sarah,,,,,LEMON,,,widow
SFK,Little Saxham,St Nicholas TR,,5 Aug 1761,Mary,,,,,PATTLE,,,widow
SFK,Little Saxham,St Nicholas TR,,18 Sep 1761,William,,,,,REEVE,,,widower
SFK,Little Saxham,St Nicholas TR,,18 Oct 1761,James,son of,John,Tammason,COPSEY,COPSEY,,,
SFK,Little Saxham,St Nicholas TR,,9 Mar 1762,Simon,son of,Thomas,Susan,JACKSON,JACKSON,,,
SFK,Little Saxham,St Nicholas TR,,22 May 1762,Sarah,wife of,Mr Joseph,,BATCH,BATCH,,,
SFK,Little Saxham,St Nicholas TR,,2 Jul 1762,Mary,,,,,CANHAM,,,widow
SFK,Little Saxham,St Nicholas TR,,7 Nov 1762,James,son of,John,Tammason,COPSEY,COPSEY,,,
SFK,Little Saxham,St Nicholas TR,,10 Mar 1763,Ann,wife of,John,,BAKER,BAKER,,,
SFK,Little Saxham,St Nicholas TR,,29 May 1763,Thomas,son of,John,Ann,BAKER,BAKER,,,
SFK,Little Saxham,St Nicholas TR,,16 Nov 1763,Sarah,wife of,William,,BREAM,BREAM,,,
SFK,Little Saxham,St Nicholas TR,,27 Nov 1763,John,,,,,BIRD,,,
SFK,Little Saxham,St Nicholas TR,,8 Feb 1764,Lettice,wife of,Esau,,BYE,BYE,,,
SFK,Little Saxham,St Nicholas TR,,9 May 1764,James,,,,,GRIGGS,,,
SFK,Little Saxham,St Nicholas TR,,27 Jun 1764,Hannah,wife of,Robert,,GOLDSMITH,GOLDSMITH,,,
SFK,Little Saxham,St Nicholas TR,,6 Oct 1764,Elizabeth,daughter of,Robert,Hannah,GOLDSMITH,GOLDSMITH,,,
SFK,Little Saxham,St Nicholas TR,,24 Mar 1765,John,son of,Benjemine,Mary,BOGGES,BOGGES,,,
SFK,Little Saxham,St Nicholas TR,,22 Sep 1765,John,son of,Thomas,Elizabeth,LING,LING,,,
SFK,Little Saxham,St Nicholas TR,,28 Dec 1765,James,,,,,HARE,,,
SFK,Little Saxham,St Nicholas TR,,16 Mar 1766,Mary,daughter of,Benjamen,Mary,BOGGES,BOGGES,,,
SFK,Little Saxham,St Nicholas TR,,2 Apr 1766,Frances,,,,,LUSHER,,,widower of Barrow
SFK,Little Saxham,St Nicholas TR,,6 Feb 1767,John,,,,,ROSE,,,
SFK,Little Saxham,St Nicholas TR,,11 Feb 1767,Thomas,,,,,STOCKING,,,
SFK,Little Saxham,St Nicholas TR,,4 Mar 1767,Benjamin,son of,Benjamin,Mary,BOGGESS,BOGGESS,,,
SFK,Little Saxham,St Nicholas TR,,5 Jul 1767,Mary,,John,Mary,SIMPSON,SIMPSON,,,
SFK,Little Saxham,St Nicholas TR,,6 Jul 1767,Giles,,,,,MANNING,,,
SFK,Little Saxham,St Nicholas TR,,30 Aug 1767,Esau,,,,,BUY,,,
SFK,Little Saxham,St Nicholas TR,,15 Nov 1767,John,son of,John,Ann,SHINGLEWOOD,SHINGLEWOOD,,,
SFK,Little Saxham,St Nicholas TR,,3 Jan 1768,Ann,wife of,John,,SHINGLEWOOD,SHINGLEWOOD,,,
SFK,Little Saxham,St Nicholas TR,,21 Feb 1768,Alice,,,,,STOCKING,,,widow
SFK,Little Saxham,St Nicholas TR,,8 May 1768,Sarah,wife of,Roger,,HAZEL,HAZEL,,,
SFK,Little Saxham,St Nicholas TR,,29 May 1768,Samuel,son of,Samuel,Sarah,MUSK,MUSK,,,
SFK,Little Saxham,St Nicholas TR,,2 Oct 1768,Elizabeth,daughter of,Benjamin,Mary,BOGGESS,BOGGESS,,,
SFK,Little Saxham,St Nicholas TR,,12 Feb 1769,James,son of,William,Mary,GRIGGS,GRIGGS,,,
SFK,Little Saxham,St Nicholas TR,,28 Jan 1770,Jonathan,,,,,JEWERS,,,
SFK,Little Saxham,St Nicholas TR,,28 Jan 1770,Edward,,,,,MANNING,,,
SFK,Little Saxham,St Nicholas TR,,3 Jun 1770,Thomas,son of,John,Mary,SIMPSON,SIMPSON,,,
SFK,Little Saxham,St Nicholas TR,,13 Aug 1770,Joseph,,,,,BATCH,,,Mr
SFK,Little Saxham,St Nicholas TR,,21 Nov 1770,Ann,daughter of,Isaac,Ann,HARRALD,HARRALD,,,
SFK,Little Saxham,St Nicholas TR,,3 Feb 1771,William,son of,Benjamin,Mary,BOGGESS,BOGGESS,,,
SFK,Little Saxham,St Nicholas TR,,17 Feb 1771,Jane,daughter of,William,Susan,GRIGGS,GRIGGS,,,
SFK,Little Saxham,St Nicholas TR,,17 Mar 1771,Elizabeth,wife of,John,,BETTS,BETTS,,,
SFK,Little Saxham,St Nicholas TR,,9 May 1771,Maria,daughter of,William,Sier,SIER,SIER,,,
SFK,Little Saxham,St Nicholas TR,,2 Jun 1771,George,son of,,Sarah,RIDLAND,RIDLAND,,,
SFK,Little Saxham,St Nicholas TR,,8 Jun 1771,Mary,,,,,MANNING,,,widow
SFK,Little Saxham,St Nicholas TR,,11 Jun 1771,Mary,daughter of,John,Lydia,COOK,COOK,,,
SFK,Little Saxham,St Nicholas TR,,12 Jun 1771,Ann,daughter of,John,Sarah,MIDDLEDITCH,MIDDLEDITCH,,,
SFK,Little Saxham,St Nicholas TR,,21 Jun 1771,Thomas,son of,John,Rachel,MUSK,MUSK,,,
SFK,Little Saxham,St Nicholas TR,,4 Aug 1771,Rose,wife of,John,,MONEY,MONEY,,,
SFK,Little Saxham,St Nicholas TR,,8 Dec 1771,Thomas,son of,John,Mary,SIMPSON,SIMPSON,,,
SFK,Little Saxham,St Nicholas TR,,10 Feb 1772,Sarah,wife of,Roger,,GREEN,GREEN,,,Mr Roger
SFK,Little Saxham,St Nicholas TR,,19 Apr 1772,Thomas,,,,,SECKER,,,
SFK,Little Saxham,St Nicholas TR,,5 Nov 1772,William,son of,William,Mary,SIER,SIER,,,
SFK,Little Saxham,St Nicholas TR,,4 May 1773,James,son of,William,Susan,GRIGGS,GRIGGS,,,
SFK,Little Saxham,St Nicholas TR,,30 Nov 1773,John,,,,,BETTS,,,
SFK,Little Saxham,St Nicholas TR,,13 Jun 1774,Ann Gunstone,daughter of,Timothy,Amy,SEELY,SEELY,,,
SFK,Little Saxham,St Nicholas TR,,10 May 1775,Thomas,,,,,BROWN,,,a stranger
SFK,Little Saxham,St Nicholas TR,,23 Jun 1775,Thomas,son of,John,Mary,SIMPSON,SIMPSON,,,
SFK,Little Saxham,St Nicholas TR,,28 Dec 1775,Charles,,,,,CRISP,,,
SFK,Little Saxham,St Nicholas TR,,9 Oct 1776,Charles,,,,,COSTON,,,
SFK,Little Saxham,St Nicholas TR,,9 Mar 1777,Henry,son of,John,Mary,COPSY,COPSY,,,
SFK,Little Saxham,St Nicholas TR,,31 May 1777,Sarah,daughter of,William,Susan,GRIGGS,GRIGGS,,,
SFK,Little Saxham,St Nicholas TR,,14 Jan 1778,Ann,daughter of,Robert,Mary-Spark,DEATH,DEATH,,,
SFK,Little Saxham,St Nicholas TR,,14 Jan 1778,Mary,daughter of,Robert,Mary-Spark,DEATH,DEATH,,,
SFK,Little Saxham,St Nicholas TR,,Feb 1778,Mary,wife of,William,,SIER,SIER,,,
SFK,Little Saxham,St Nicholas TR,,7 Nov 1778,Elizabeth,daughter of,Timothy,Mary,SHARP,SHARP,,,
SFK,Little Saxham,St Nicholas TR,,7 Nov 1778,John,son of,Timothy,Mary,SHARP,SHARP,,,
SFK,Little Saxham,St Nicholas TR,,12 Jan 1779,Samuel,,,,,LAST,,,
SFK,Little Saxham,St Nicholas TR,,6 Feb 1779,Ann,,,,,GRIGGS,,,
SFK,Little Saxham,St Nicholas TR,,14 Feb 1779,Sarah,daughter of,Benjamin,Mary,BOGGESS,BOGGESS,,,
SFK,Little Saxham,St Nicholas TR,,13 Sep 1779,William,son of,William,Mary,SYER,SYER,,,
SFK,Little Saxham,St Nicholas TR,,7 Oct 1779,James,son of,William,Susan,GRIGGS,GRIGGS,,,
SFK,Little Saxham,St Nicholas TR,,11 Nov 1779,John,,,,,BRIDGES,,,
SFK,Little Saxham,St Nicholas TR,,2 Jan 1780,Robert,son of,Samuel,Sarah,MUSK,MUSK,,,
SFK,Little Saxham,St Nicholas TR,,3 Feb 1780,Roger,,,,,GREEN,,,Mr
SFK,Little Saxham,St Nicholas TR,,13 Feb 1780,Ann,daughter of,Robert,Mary-Spark,DEATH,DEATH,,,
SFK,Little Saxham,St Nicholas TR,,19 Feb 1780,Nathaniel,,,,,FROST,,,
SFK,Little Saxham,St Nicholas TR,,30 Mar 1780,William,,,,,MONEY,,,
SFK,Little Saxham,St Nicholas TR,,3 Apr 1780,Mary,daughter of,Thomas,Sarah,SHARPE,SHARPE,,,
SFK,Little Saxham,St Nicholas TR,,23 Aug 1780,Robert,son of,Robert,Mary-Spark,DEATH,DEATH,,,
SFK,Little Saxham,St Nicholas TR,,9 Feb 1781,James,,,,,MALLOWS,,,labourer
SFK,Little Saxham,St Nicholas TR,,15 May 1781,Thomas,son of,Thomas,Susanna,HUNT,HUNT,,,
SFK,Little Saxham,St Nicholas TR,,10 Sep 1781,John,,,,,MIDDLEDITCH,,,clarke; late of this parish
SFK,Little Saxham,St Nicholas TR,,13 Sep 1781,John,,,,,COOK,,,labourer
SFK,Little Saxham,St Nicholas TR,,8 Oct 1781,Ann,daughter of,Robert,Mary-Spark,DEATH,DEATH,,,
SFK,Little Saxham,St Nicholas TR,,25 Apr 1782,Ann,,,,,JARALD,,,
SFK,Little Saxham,St Nicholas TR,,12 Jul 1782,William,,,,,MANNING,,,
SFK,Little Saxham,St Nicholas TR,,17 Apr 1783,William,,,,,JARRALD,,,
SFK,Little Saxham,St Nicholas TR,,5 May 1783,Samuel,,,,,WELLS,,,
SFK,Little Saxham,St Nicholas TR,,10 Jun 1783,John,,,,,COPSEY,,,
SFK,Little Saxham,St Nicholas TR,,16 Jun 1783,Sarah,daughter of,Timothy,Mary,SHARP,SHARP,,,
SFK,Little Saxham,St Nicholas TR,,26 Aug 1783,James,son of,John,Mary,COPSY,COPSY,,,
SFK,Little Saxham,St Nicholas TR,,3 Sep 1783,Richard,son of,Robert,Mary,COBBING,COBBING,,,
SFK,Little Saxham,St Nicholas TR,,5 Oct 1783,John,,,,,HOWARD,,,
SFK,Little Saxham,St Nicholas TR,,2 Apr 1784,James,son of,William,Susan,GRIGGS,GRIGGS,,,
SFK,Little Saxham,St Nicholas TR,,21 Apr 1784,Benjamin,,,,,MONEY,,,
SFK,Little Saxham,St Nicholas TR,,7 Aug 1784,David,,,,,VERRO,,,
SFK,Little Saxham,St Nicholas TR,,21 Apr 1785,Richard,,,,,ROSBROOK,,,
SFK,Little Saxham,St Nicholas TR,,21 Jul 1785,Thomas,,,,,LING,,,
SFK,Little Saxham,St Nicholas TR,,22 Aug 1785,James,son of,Robert,Mary,PLUMMER,PLUMMER,,,
SFK,Little Saxham,St Nicholas TR,,23 Aug 1785,Martha,daughter of,William,Mary,SIER,SIER,,,
SFK,Little Saxham,St Nicholas TR,,9 Jan 1786,William,,,,,GRIGGS,,,
SFK,Little Saxham,St Nicholas TR,,3 Sep 1786,William,,,,,MIDDLEDITCH,,,
SFK,Little Saxham,St Nicholas TR,,9 Oct 1786,James,son of,Timothy,Mary,SHARP,SHARP,,,
SFK,Little Saxham,St Nicholas TR,,16 Jan 1787,Tammason,,,,,COPSEY,,,widow
SFK,Little Saxham,St Nicholas TR,,17 Jan 1787,Benjamin,,,,,BOGGESS,,,
SFK,Little Saxham,St Nicholas TR,,9 Feb 1787,John,,,,,MONEY,,,
SFK,Little Saxham,St Nicholas TR,,6 Aug 1787,Thomas,son of,William,Mary,SIER,SIER,,,
SFK,Little Saxham,St Nicholas TR,,14 Feb 1788,Sarah,wife of,Samuel,,MUSK,MUSK,,,
SFK,Little Saxham,St Nicholas TR,,15 Apr 1789,Mary,wife of,John,,BEETON,BEETON,,,
SFK,Little Saxham,St Nicholas TR,,10 Oct 1789,Tamasin,,,,,LING,,,small pox
SFK,Little Saxham,St Nicholas TR,,18 Oct 1789,Elizabeth,,,,,LING,,,widow; small pox
SFK,Little Saxham,St Nicholas TR,,25 Oct 1789,Elizabeth,daughter of,John,Elizabeth,CAUSTON,CAUSTON,,,
SFK,Little Saxham,St Nicholas TR,,27 Oct 1789,Elizabeth,,,,,MIDDLEDITCH,,,small pox
SFK,Little Saxham,St Nicholas TR,,27 Oct 1789,William,son of,,Sarah,WEBB,WEBB,,,small pox
SFK,Little Saxham,St Nicholas TR,,4 Jan 1790,John,,,,,WARREN,,,Rev John Warren; clerk 25yrs rector of this parish & 32 yrs rector of Brettenham Nfk
SFK,Little Saxham,St Nicholas TR,,12 May 1790,William,,,,,SPALDING,,,pauper
SFK,Little Saxham,St Nicholas TR,,23 May 1790,Hannah,,,,,CAWSTON,infant,,
SFK,Little Saxham,St Nicholas TR,,25 Nov 1790,William,,,,,CARLTON,,,Mr
SFK,Little Saxham,St Nicholas TR,,2 Feb 1791,Lucy,,,,,CRACK,,,
SFK,Little Saxham,St Nicholas TR,,4 Feb 1792,George,,,,,BRUCE,34,,
SFK,Little Saxham,St Nicholas TR,,25 Mar 1792,Elizabeth,,,,,DEERE,,,pauper
SFK,Little Saxham,St Nicholas TR,,14 May 1792,Susan,,,,,HOWARD,,,pauper
SFK,Little Saxham,St Nicholas TR,,27 Jun 1792,Roger,,,,,HAZZEL,59,,
SFK,Little Saxham,St Nicholas TR,,14 Aug 1792,Susan,daughter of,Ezekiel,Sarah,HAYHOWE,HAYHOWE,,,
SFK,Little Saxham,St Nicholas TR,,24 Dec 1792,Nathaniel,,,,,CANEY,,,of Bury St Edmunds
SFK,Little Saxham,St Nicholas TR,,11 Jan 1793,Mary,,,,,COKO,,,pauper
SFK,Little Saxham,St Nicholas TR,,22 Apr 1793,Mary,,,,,PALMER,3,,
SFK,Little Saxham,St Nicholas TR,,29 Jun 1793,Mary,,,,,ROSBROOK,25,,
SFK,Little Saxham,St Nicholas TR,,23 Jul 1793,Mary,daughter of,Robert,Mary,PLOMMER,PLOMMER,infant,,
SFK,Little Saxham,St Nicholas TR,,6 Oct 1793,George,,,,,GIBBS,,,
SFK,Little Saxham,St Nicholas TR,,22 May 1794,Sarah,wife of,Ezekiel,,HAYHO,HAYHO,,,
SFK,Little Saxham,St Nicholas TR,,19 Jun 1794,Mary,widow of,William,,CALTON,CALTON,,,Mr William dcd
SFK,Little Saxham,St Nicholas TR,,29 Jul 1794,James,son of,John,Elizabeth,CAWSTON,CAWSTON,,,
SFK,Little Saxham,St Nicholas TR,,27 Mar 1795,Elizabeth,,,,,GODFREY,,,spinster
SFK,Little Saxham,St Nicholas TR,,18 Oct 1795,Honor,daughter of,John,Elizabeth,CAWSTON,CAWSTON,,,
SFK,Little Saxham,St Nicholas TR,,30 Oct 1795,James,,,,,PAWSEY,,,
SFK,Little Saxham,St Nicholas TR,,18 Feb 1796,Michael,,,,,CREEN,,,
SFK,Little Saxham,St Nicholas TR,,22 Apr 1796,William,,,,,GIBBS,,,
SFK,Little Saxham,St Nicholas TR,,17 May 1796,Henry,,,,,GARRET,,,
SFK,Little Saxham,St Nicholas TR,,16 Jun 1796,Rachel,,,,,BYE,,,
SFK,Little Saxham,St Nicholas TR,,8 Mar 1797,John,son of,William,Mary,HARALD,HARALD,,,
SFK,Little Saxham,St Nicholas TR,,17 Mar 1797,William,son of,William,Dorothy,RICHARDSON,RICHARDSON,,,
SFK,Little Saxham,St Nicholas TR,,2 Aug 1797,Mary,daughter of,,Lydia,COOKE,COOKE,,,Lydia widow
SFK,Little Saxham,St Nicholas TR,,14 Feb 1798,Sarah,wife of,John,,LAST,LAST,,,
SFK,Little Saxham,St Nicholas TR,,14 Mar 1798,Sarah,,,,,MIDDLEDITCH,,,widow
SFK,Little Saxham,St Nicholas TR,,7 Nov 1798,Robert,,,,,PLUMMER,63,,
SFK,Little Saxham,St Nicholas TR,,15 Jan 1799,Mary,,,,,SPALDING,,,widow
SFK,Little Saxham,St Nicholas TR,,23 Mar 1800,Thomas,,,,,SHARPE,,,
SFK,Little Saxham,St Nicholas TR,,18 May 1800,John,,,,,MUSK,,,
SFK,Little Saxham,St Nicholas TR,,6 Jul 1800,Ann,,,,,ROSBROOK,,,widow
SFK,Little Saxham,St Nicholas TR,,27 Jul 1800,Ann,daughter of,,?,ROSBROOK,ROSBROOK,,,Widow Rosbrook
SFK,Little Saxham,St Nicholas TR,,5 Mar 1801,William,son of,,Margaret,MONEY,MONEY,,,
SFK,Little Saxham,St Nicholas TR,,19 May 1801,Mary,,,,,CANEY,,,widow
SFK,Little Saxham,St Nicholas TR,,25 Jul 1801,Martha,,,,,CANHAM,,,
SFK,Little Saxham,St Nicholas TR,,14 Oct 1801,Robert,,,,,GOLDSMITH,71,,
SFK,Little Saxham,St Nicholas TR,,18 Feb 1802,Sarah,,,,,GREEN,73,,spinster
SFK,Little Saxham,St Nicholas TR,,23 Apr 1802,James,son of,James,Ann,BARWICK,BARWICK,,,Ann Sier
SFK,Little Saxham,St Nicholas TR,,10 May 1802,Robert,,,,,CROWE,,,
SFK,Little Saxham,St Nicholas TR,,28 Jun 1802,John,,,,,GREEN,,,gent
SFK,Little Saxham,St Nicholas TR,,17 Oct 1802,Sarah,daughter of,James,Elizabeth,GARWOOD,GARWOOD,infant,,
SFK,Little Saxham,St Nicholas TR,,21 Oct 1802,Mary,wife of,William,,BEETON,BEETON,37,,
SFK,Little Saxham,St Nicholas TR,,23 Dec 1802,John,,,,,ELEY,57,,
SFK,Little Saxham,St Nicholas TR,,1 Feb 1803,Mary,,,,,BOGGIS,,,widow
SFK,Little Saxham,St Nicholas TR,,17 Feb 1803,Thomason,,,,,GARWOOD,,,
SFK,Little Saxham,St Nicholas TR,,31 Aug 1803,Ann,wife of,Thomas,,SNELLING,SNELLING,,,
SFK,Little Saxham,St Nicholas TR,,27 Mar 1804,Timothy,,,,,SHARPE,,,
SFK,Little Saxham,St Nicholas TR,,19 Jul 1804,Susan,,,,,HAZLE,,,widow
SFK,Little Saxham,St Nicholas TR,,12 Sep 1804,Mary,daughter of,Thomas,Charlotte,GARWOOD,GARWOOD,16,,
SFK,Little Saxham,St Nicholas TR,,24 Mar 1805,Thomas,,,,,HUNT,,,
SFK,Little Saxham,St Nicholas TR,,5 Jun 1805,Richard,,,,,SHARPE,,,died 1 Jun
SFK,Little Saxham,St Nicholas TR,,5 Dec 1805,Susan,,,,,MONEY,77,,died 1 Dec; widow
SFK,Little Saxham,St Nicholas TR,,9 Apr 1806,William,son of,Henry,Elizabeth,PALMER,PALMER,3,,
SFK,Little Saxham,St Nicholas TR,,4 May 1806,Mary,daughter of,Robert,Alice,CROWE,CROWE,,,
SFK,Little Saxham,St Nicholas TR,,17 Sep 1806,Rachael,,,,,MUSK,,,widow
SFK,Little Saxham,St Nicholas TR,,5 Oct 1806,Lydia,,,,,COOKE,,,widow
SFK,Little Saxham,St Nicholas TR,,10 Mar 1808,Elizabeth,daughter of,Richard,Elizabeth,BENTLY,BENTLY,,,
SFK,Little Saxham,St Nicholas TR,,20 Mar 1808,John,,,,,BAKER,,,
SFK,Little Saxham,St Nicholas TR,,6 Oct 1808,Robert,,,,,COBBIN,,,
SFK,Little Saxham,St Nicholas TR,,11 Dec 1808,John,,,,,COPSEY,,,
SFK,Little Saxham,St Nicholas TR,,30 Apr 1809,Elizabeth,wife of,Benjamin,,GYNN,GYNN,,,
SFK,Little Saxham,St Nicholas TR,,26 May 1810,William,,,,,GREEN,66,,unmarried
SFK,Little Saxham,St Nicholas TR,,27 Apr 1811,Branwhite,,,,,GREEN,77,,unmarried
SFK,Little Saxham,St Nicholas TR,,25 May 1811,Nathaniel,,,,,MANNING,35,,
SFK,Little Saxham,St Nicholas TR,,12 Nov 1811,Ann,wife of,Isaac,,HARRALD,HARRALD,75,,
SFK,Little Saxham,St Nicholas TR,,12 Aug 1812,?,,,,,COOK,,,
SFK,Little Saxham,St Nicholas TR,,16 Aug 1812,Thomas,son of,William,Ann,LING,LING,,,
SFK,Little Saxham,St Nicholas TR,,28 May 1813,,,,,,ALLENTON,infant,,
SFK,Little Saxham,St Nicholas TR,,3 Jun 1813,William,,,,,SYER,65,,
SFK,Little Saxham,St Nicholas TR,,13 Jul 1813,William,,,,,BENTLEY,26,,
SFK,Little Saxham,St Nicholas TR,,14 Aug 1813,Harriet Charlotte,,,,,COLDWELL,infant,,of Norwich
SFK,Little Saxham,St Nicholas TR,,10 Feb 1814,Thomas,,,,,COOK,2,,
SFK,Little Saxham,St Nicholas TR,,22 Mar 1814,Ann,,,,,BARWICH,34,,of Sicklesmere
SFK,Little Saxham,St Nicholas TR,,27 May 1814,Mary,,,,,POULTER,46,,
SFK,Little Saxham,St Nicholas TR,,28 Aug 1814,Margaret,,,,,HUNT,25,,
SFK,Little Saxham,St Nicholas TR,,18 Jan 1815,George,,,,,RICHERSON,5,,
SFK,Little Saxham,St Nicholas TR,,15 Feb 1815,Sally,,,,,BENTLEY,infant,,
SFK,Little Saxham,St Nicholas TR,,15 Feb 1815,Ann,,,,,OLLERTON,infant,,
SFK,Little Saxham,St Nicholas TR,,1 Jul 1815,Joseph,,,,,HARROLD,6,,
SFK,Little Saxham,St Nicholas TR,,19 Oct 1815,Elizabeth,,,,,BAKER,77,,
SFK,Little Saxham,St Nicholas TR,,2 Nov 1815,Mary,,,,,GREEN,84,,of Bury St Edmunds
SFK,Little Saxham,St Nicholas TR,,1 Jul 1816,Thomas,,,,,COOK,infant,,
SFK,Little Saxham,St Nicholas TR,,17 Oct 1816,Thomas,,,,,GARWOOD,70,,
SFK,Little Saxham,St Nicholas TR,,8 Feb 1817,Thomas,,,,,FISKE,66,,
SFK,Little Saxham,St Nicholas TR,,1 Mar 1817,George,,,,,JENNISON,infant,,
SFK,Little Saxham,St Nicholas TR,,5 Apr 1818,Robert,,,,,CROWE,infant,,
SFK,Little Saxham,St Nicholas TR,,27 Aug 1818,Thomas,,,,,SHARP,84,,
SFK,Little Saxham,St Nicholas TR,,28 Mar 1819,Sarah,,,,,SHARP,83,,
SFK,Little Saxham,St Nicholas TR,,8 Jul 1819,Ann,,,,,COOK,infant,,
SFK,Little Saxham,St Nicholas TR,,31 May 1820,Elizabeth,,,,,CROWE,infant,,
SFK,Little Saxham,St Nicholas TR,,16 Mar 1821,Margaret,,,,,ALDERTON,infant,,
SFK,Little Saxham,St Nicholas TR,,25 Mar 1821,John,,,,,CAUSTON,66,,
SFK,Little Saxham,St Nicholas TR,,17 Jun 1821,Robert,,,,,KATES,infant,,
SFK,Little Saxham,St Nicholas TR,,30 Oct 1821,Elizabeth,,,,,GARWOOD,60,,
SFK,Little Saxham,St Nicholas TR,,1 May 1822,Eliza,,,,,CRACK,,,
SFK,Little Saxham,St Nicholas TR,,14 Jul 1822,Mary,,,,,ELY,75,,
SFK,Little Saxham,St Nicholas TR,,16 Jul 1822,Louisa Sarah,,,,,LINGWOOD,14,,
SFK,Little Saxham,St Nicholas TR,,20 Oct 1822,James,,,,,HARROLD,29,,of Barrow
SFK,Little Saxham,St Nicholas TR,,11 Feb 1823,William,,,,,SIER,40,,of Bury St Edmunds
SFK,Little Saxham,St Nicholas TR,,4 Apr 1824,Mathew,,,,,MARTIN,64,,
SFK,Little Saxham,St Nicholas TR,,11 Apr 1824,Alice,,,,,CROWE,67,,
SFK,Little Saxham,St Nicholas TR,,16 May 1824,Elizabeth,,,,,CROWE,32,,
SFK,Little Saxham,St Nicholas TR,,22 Jun 1824,Elizabeth,,,,,MORTLOCK,11,,
SFK,Little Saxham,St Nicholas TR,,22 Aug 1824,William,,,,,CROWE,infant,,
SFK,Little Saxham,St Nicholas TR,,28 Aug 1825,Charlotte,,,,,PAWSEY,64,,of Bury St Edmunds
SFK,Little Saxham,St Nicholas TR,,29 Aug 1825,Sarah,,,,,SHARPE,,,
SFK,Little Saxham,St Nicholas TR,,20 Nov 1825,Marian,,,,,CROWE,infant,,
SFK,Little Saxham,St Nicholas TR,,15 Dec 1825,Mary,,,,,SHARPE,10,,
SFK,Little Saxham,St Nicholas TR,,28 Dec 1825,Isaac,,,,,HARROLD,89,,
SFK,Little Saxham,St Nicholas TR,,11 Jan 1826,Thomas,,,,,CLARY,60,,
SFK,Little Saxham,St Nicholas TR,,11 Mar 1826,Mary,,,,,PLUMMER,78,,
SFK,Little Saxham,St Nicholas TR,,12 Apr 1826,William,,,,,CATOR,48,,
SFK,Little Saxham,St Nicholas TR,,13 May 1826,William,,,,,LING,63,,
SFK,Little Saxham,St Nicholas TR,,9 Jan 1827,Benjamin,,,,,LINGWOOD,49,,yeoman
SFK,Little Saxham,St Nicholas TR,,29 Jan 1827,Alice,,,,,EVITT,infant,,
SFK,Little Saxham,St Nicholas TR,,8 Feb 1827,John,,,,,COOK,23,,
SFK,Little Saxham,St Nicholas TR,,7 Mar 1827,Benjamin,,,,,GINN,50,,of Bury St Edmunds
SFK,Little Saxham,St Nicholas TR,,14 oct 1827,Sarah,,,,,HUNT,74,,
SFK,Little Saxham,St Nicholas TR,,27 Dec 1827,James,,,,,ADAMS,50,,
SFK,Little Saxham,St Nicholas TR,,12 Apr 1828,John,,,,,BARWICK,29,,of Bury St Edmunds
SFK,Little Saxham,St Nicholas TR,,15 Jun 1828,Elizabeth,,,,,PALMER,63,,
SFK,Little Saxham,St Nicholas TR,,4 Aug 1828,Mary,,,,,HARROLD,64,,
SFK,Little Saxham,St Nicholas TR,,21 Dec 1828,Elizabeth,,,,,COBBIN,20,,
SFK,Little Saxham,St Nicholas TR,,9 Feb 1829,Mary,,,,,SHARPE,83,,
SFK,Little Saxham,St Nicholas TR,,4 Jun 1829,George,,,,,ALLINGTON,1,,
SFK,Little Saxham,St Nicholas TR,,3 Dec 1829,James,,,,,COOK,72,,
SFK,Little Saxham,St Nicholas TR,,14 Feb 1830,John,,,,,HARROLD,66,,of Bury St Edmunds
SFK,Little Saxham,St Nicholas TR,,22 Jan 1831,Maria,,,,,CRACK,28,,
SFK,Little Saxham,St Nicholas TR,,22 May 1831,Elizabeth,,,,,MARTIN,76,,
SFK,Little Saxham,St Nicholas TR,,7 Aug 1831,Mary Ann,,,,,CRACK,3,,
SFK,Little Saxham,St Nicholas TR,,9 Oct 1831,Sarah,,,,,MALLOWS,90,,
SFK,Little Saxham,St Nicholas TR,,6 Nov 1831,Elizabeth,,,,,CRACK,42,,
SFK,Little Saxham,St Nicholas TR,,1 Jan 1832,Mary,,,,,CAUSTON,66,,
SFK,Little Saxham,St Nicholas TR,,21 Jan 1832,Simon,,,,,CORNELL,60,,
SFK,Little Saxham,St Nicholas TR,,11 Feb 1832,John,,,,,STUTTER,1,,
SFK,Little Saxham,St Nicholas TR,,10 Apr 1832,Mary,,,,,CATOR,24,,
SFK,Little Saxham,St Nicholas TR,,10 Apr 1832,Thomas,,,,,CATOR,26,,
SFK,Little Saxham,St Nicholas TR,,12 Apr 1832,Mary,,,,,COLE,83,,
SFK,Little Saxham,St Nicholas TR,,23 May 1832,William,,,,,COLE,83,,
SFK,Little Saxham,St Nicholas TR,,31 May 1832,Benjamin,,,,,LAST,3,,
SFK,Little Saxham,St Nicholas TR,,23 Jul 1832,Mary,,,,,ADAMS,56,,
SFK,Little Saxham,St Nicholas TR,,16 Dec 1832,Henry,,,,,CLARY,1,,
SFK,Little Saxham,St Nicholas TR,,14 Jan 1834,Mary,,,,,HARROLD,56,,
SFK,Little Saxham,St Nicholas TR,,10 Sep 1834,James,,,,,CRACK,65,,
SFK,Little Saxham,St Nicholas TR,,29 Sep 1834,Daniel,,,,,SHARP,42,,
SFK,Little Saxham,St Nicholas TR,,3 Oct 1834,Thomas,,,,,PETTIT,77,,of Barrow
SFK,Little Saxham,St Nicholas TR,,24 Oct 1834,Sarah,,,,,MORTLOCK,63,,
SFK,Little Saxham,St Nicholas TR,,21 Dec 1834,Harriet,,,,,ALLINGTON,8,,
SFK,Little Saxham,St Nicholas TR,,7 Jan 1835,John gill,,,,,STUTTER,36,,
SFK,Little Saxham,St Nicholas TR,,18 Jan 1835,James,,,,,MORTLOCK,infant,,
SFK,Little Saxham,St Nicholas TR,,12 Mar 1835,Charlotte,,,,,GARWOOD,84,,
SFK,Little Saxham,St Nicholas TR,,19 Mar 1835,Mary,,,,,COBBING,85,,
SFK,Little Saxham,St Nicholas TR,,25 Mar 1835,Ann,,,,,RODWELL,58,,
SFK,Little Saxham,St Nicholas TR,,14 Oct 1835,Joseph,,,,,RICHARDSON,37,,
SFK,Little Saxham,St Nicholas TR,,24 Oct 1835,Elizabeth,,,,,CROW,2,,
SFK,Little Saxham,St Nicholas TR,,25 Dec 1835,Phebe,,,,,CLARY,33,,
SFK,Little Saxham,St Nicholas TR,,5 Jan 1836,Eliza,,,,,COBBING,1,,
SFK,Little Saxham,St Nicholas TR,,26 Jan 1836,John,,,,,POULTER,70,,
SFK,Little Saxham,St Nicholas TR,,12 Mar 1836,Elizabeth,,,,,COBBING,4,,
SFK,Little Saxham,St Nicholas TR,,18 Mar 1836,Mary Ann,,,,,CROW,2,,
SFK,Little Saxham,St Nicholas TR,,10 Jul 1836,Joseph,,,,,CLARY,infant,,
SFK,Little Saxham,St Nicholas TR,,10 Jul 1836,Thomas,,,,,CLARY,infant,,
SFK,Little Saxham,St Nicholas TR,,6 Feb 1837,George,,,,,PAWSEY,47,,"of Bury, St James"
SFK,Little Saxham,St Nicholas TR,,9 Feb 1837,Mary,,,,,COBBING,48,,
SFK,Little Saxham,St Nicholas TR,,28 May 1837,William,,,,,BANKS,1,,
SFK,Little Saxham,St Nicholas TR,,4 Jun 1837,Elizabeth,,,,,EVITT,20,,
SFK,Little Saxham,St Nicholas TR,,10 Sep 1837,George,,,,,MORTLOCK,29,,
SFK,Little Saxham,St Nicholas TR,,14 Sep 1837,Elizabeth,,,,,CRACK,63,,
SFK,Little Saxham,St Nicholas TR,,21 Sep 1837,John,,,,,FINCH,50,,
SFK,Little Saxham,St Nicholas TR,,9 Oct 1837,Thomas,,,,,HARROLD,73,,
SFK,Little Saxham,St Nicholas TR,,12 Nov 1837,James,,,,,CLARY,1,,
SFK,Little Saxham,St Nicholas TR,,1 Mar 1838,Jane,,,,,JENNISON,18,,"Union House, Bury St Edmunds"
SFK,Little Saxham,St Nicholas TR,,8 Jun 1838,Henry,,,,,ALLINGTON,71,,
SFK,Little Saxham,St Nicholas TR,,2 Mar 1839,Daniel,,,,,SHARP,47,,
SFK,Little Saxham,St Nicholas TR,,9 Jun 1839,Mary,,,,,LAST,infant,,
SFK,Little Saxham,St Nicholas TR,,19 Dec 1839,Samuel,,,,,LAST,29,,
SFK,Little Saxham,St Nicholas TR,,13 Feb 1840,Thomas,,,,,EVERED,79,,
SFK,Little Saxham,St Nicholas TR,,24 Feb 1840,Mary,,,,,COPSEY,86,,
SFK,Little Saxham,St Nicholas TR,,2 Mar 1840,Sarah,,,,,PRIOR,78,,of Bury St Edmunds
SFK,Little Saxham,St Nicholas TR,,17 Aug 1841,William,,,,,HARRALD,78,,
SFK,Little Saxham,St Nicholas TR,,12 Nov 1841,Jane,,,,,FINCH,infant,,
SFK,Little Saxham,St Nicholas TR,,10 Dec 1841,Louisa,,,,,SHARP,2,,
SFK,Little Saxham,St Nicholas TR,,12 Dec 1841,George,,,,,LAST,1,,
SFK,Little Saxham,St Nicholas TR,,23 Dec 1841,James,,,,,HARRALD,30,,
SFK,Little Saxham,St Nicholas TR,,10 Mar 1842,Elizabeth,,,,,COOK,39,,
SFK,Little Saxham,St Nicholas TR,,11 May 1842,Mary Ann,,,,,SHARP,infant,,
SFK,Little Saxham,St Nicholas TR,,21 Mar 1843,Jane,,,,,FINCH,infant,,
SFK,Little Saxham,St Nicholas TR,,25 Oct 1843,Ann,,,,,LAST,79,,
SFK,Little Saxham,St Nicholas TR,,14 Dec 1843,Philip,,,,,LAST,8,,
SFK,Little Saxham,St Nicholas TR,,19 Dec 1843,Daniel,,,,,ALDERTON,48,,of Bury St Edmunds
SFK,Little Saxham,St Nicholas TR,,5 Mar 1844,Ann,,,,,CATOR,65,,
SFK,Little Saxham,St Nicholas TR,,24 Apr 1844,Lois,,,,,CROW,70,,
SFK,Little Saxham,St Nicholas TR,,16 Nov 1844,Anna Maria,,,,,PAWSEY,48,,
SFK,Little Saxham,St Nicholas TR,,24 Jan 1845,Mary,,,,,COOK,76,,
SFK,Little Saxham,St Nicholas TR,,2 Mar 1845,Lucy,,,,,CROW,4,,
SFK,Little Saxham,St Nicholas TR,,11 Mar 1845,Josiah,son of,Samuel,Sarah,LAST,LAST,7,,Sarah Farthing
SFK,Little Saxham,St Nicholas TR,,20 Mar 1845,James Rodwell,,,,,KERRY,47,,
SFK,Little Saxham,St Nicholas TR,,2 Oct 1845,Charles,,,,,ADAMS,24,,of London
SFK,Little Saxham,St Nicholas TR,,24 Jan 1846,Elizabeth,,,,,CRACK,77,,
SFK,Little Saxham,St Nicholas TR,,21 Feb 1846,Mary Ann,,,,,CLARY,13,,
SFK,Little Saxham,St Nicholas TR,,20 Mar 1846,James,,,,,CRACK,8,,
SFK,Little Saxham,St Nicholas TR,,20 Nov 1846,James,,,,,CRACK,78,,grandfather of above
SFK,Little Saxham,St Nicholas TR,,30 May 1847,Sarah,,,,,LAST,43,,
SFK,Little Saxham,St Nicholas TR,,22 Aug 1847,George,,,,,MAIDMENT,7,,
SFK,Little Saxham,St Nicholas TR,,2 Mar 1848,Margaret,,,,,BANKS,60,,
SFK,Little Saxham,St Nicholas TR,,5 Mar 1848,Martha,,,,,MAIDMENT,71,,
SFK,Little Saxham,St Nicholas TR,,15 Apr 1849,Sarah,,,,,CLAREY,86,,
SFK,Little Saxham,St Nicholas TR,,15 Aug 1849,Ezekiel,,,,,HAYHOW,88,,
SFK,Little Saxham,St Nicholas TR,,18 Sep 1849,Joseph,,,,,MAIDMENT,29,,
SFK,Little Saxham,St Nicholas TR,,6 Nov 1849,Emily,,,,,BENNET,46,,of Bury St Edmunds
SFK,Little Saxham,St Nicholas TR,,7 Dec 1849,Elizabeth,,,,,ALDERTON,82,,
SFK,Little Saxham,St Nicholas TR,,29 Jan 1850,Elizabeth,,,,,EVERETT,66,,of Horringer
SFK,Little Saxham,St Nicholas TR,,10 Mar 1850,James,,,,,HUNT,64,,
SFK,Little Saxham,St Nicholas TR,,1 Apr 1850,William,,,,,LAST,infant,,
SFK,Little Saxham,St Nicholas TR,,13 Oct 1850,John,,,,,HEAD,81,,
SFK,Little Saxham,St Nicholas TR,,9 Dec 1850,Charlotte,,,,,GINN,80,,of Bury St Edmunds
