+INFO,freereg-suffolk@highfields1.plus.com ,password,SEQUENCED,MARRIAGES,cp437
#,CCC,JHarold,SUFFOLK,SFKLSAMA.CSV,1 Sep 2011
#,CREDIT,Brian AVEY,freereg-suffolk@highfields1.plus.com
#,1 Sep 2011,transcript provided by Brian AVEY,
SFK,Little Saxham,St Nicholas TR,,4 May 1561,James,GARDENER,,,,,,Margaret,CARMAN,,,,,,,,,,,,,,,,
SFK,Little Saxham,St Nicholas TR,,14 Jun 1562,Thomas,GODDARD,,,,,,Mary,HARWARDE,,,,,,,,,,,,,,,,
SFK,Little Saxham,St Nicholas TR,,7 Nov 1563,Thomas,PRICKE,,,,,,Beck,WALLARD,,,,,,,,,,,,,,,,
SFK,Little Saxham,St Nicholas TR,,6 Jul 1567,Thomas,COOKE,,,,,,Alice,LEADER,,,,,,,,,,,,,,,,
SFK,Little Saxham,St Nicholas TR,,30 Jan 1567/68,Augustine,PASKE,,,,,,Philip,BACON,,,,,,,,,,,,,,,,
SFK,Little Saxham,St Nicholas TR,,30 Jul 1569,John,WILLOT,,,,,,Helena,GYPPS,,,,,,,,,,,,,,,,
SFK,Little Saxham,St Nicholas TR,,25 Sep 1569,William,SPARKE,,,,,,An,REVE,,,,,,,,,,,,,,,,
SFK,Little Saxham,St Nicholas TR,,12 Dec 1569,John,ROODINGE,,,,,,Susan,CHUZMUD,,,,,,,,,,,,,,,,
SFK,Little Saxham,St Nicholas TR,,2 Feb 1570,John gent,BUTCHER,,,,,,,KYRBY,,,,,,,,,,,,,,,,
SFK,Little Saxham,St Nicholas TR,,7 Oct 1570,Richard,PRICKE,,,,,,Margaret,CROWE,,,,,,,,,,,,,,,,
SFK,Little Saxham,St Nicholas TR,,2 Jun 1571,Robert,ASWELL,,,,,,Ann,JAZWARD,,,,,,,,,,,,,,,,
SFK,Little Saxham,St Nicholas TR,,6 Jul 1571,William,MACHYN,,,,,,An,NUTTALL,,,,,,,,,,,,,,,,
SFK,Little Saxham,St Nicholas TR,,10 Nov 1575,John,FORBORNE,,,,,,Joan,CRISPE,,,,,,,,,,,,,,,,
SFK,Little Saxham,St Nicholas TR,,6 Jun 1576,Richard,GILLIBROWNE,,,,,,Phillipe,WILLOT,,,,,,,,,,,,,,,,
SFK,Little Saxham,St Nicholas TR,,21 Apr 1577,John,IMYNE,,,,,,Margaret,CROWE,,,,,,,,,,,,,,,,
SFK,Little Saxham,St Nicholas TR,,5 Oct 1578,Robert,LEE,,,,,,Rose,FISHER,,,,,,,,,,,,,,,,
SFK,Little Saxham,St Nicholas TR,,13 Sep 1580,Amberus,ASHWELL,,,,,,Marie,BLAND,,,,,,,,,,,,,,,,
SFK,Little Saxham,St Nicholas TR,,24 Sep 1580,Richarde,BUTTON,,,,,,Joan,COOKE,,,,,,,,,,,,,,,,
SFK,Little Saxham,St Nicholas TR,,24 Sep 1582,Robert,POTTER,,,,,,An,MACHYN,,,,,,,,,,,,,,,,
SFK,Little Saxham,St Nicholas TR,,24 Aug 1583,Emunde,BRADNAME,,,,,,Alice,MARTIN,,,,,,,,,,,,,,,,
SFK,Little Saxham,St Nicholas TR,,1 Oct 1583,Thomas,SLITE,,,,,,Alice,WESTE,,,,,,,,,,,,,,,,
SFK,Little Saxham,St Nicholas TR,,20 Aug 1585,William,SORRELL,,,,,,Marie,GOLDINGHAM,,,,,,,,,,,,,,,,
SFK,Little Saxham,St Nicholas TR,,20 Sep 1585,Jermaine,STOCKDEN,,,,,,Jillian,ALLEN,,,,,,,,,,,,,,,,
SFK,Little Saxham,St Nicholas TR,,2 Nov 1585,Nicolas,BENHAULTE,,,,,,Awdrie,WARREN,,,,,,,,,,,,,,,,
SFK,Little Saxham,St Nicholas TR,,19 Apr 1586,William,CLARKE,,,,,,Joane,MUDDE,,,,,,,,,,,,,,,,
SFK,Little Saxham,St Nicholas TR,,10 Jun 1586,Gorge,PLEASAUNTE,,,,,,Margaret,WILLINGHAM,,,,,,,,,,,,,,,,
SFK,Little Saxham,St Nicholas TR,,12 Jun 1586,Andrewe,GILMIN,,,,,,Marie,ASHFIELD,,,,,,,,,,,,,,,,
SFK,Little Saxham,St Nicholas TR,,9 Oct 1586,James,LAMME,,,,,,Agnes,FLUDDE,,,,,,,,,,,,,,,,
SFK,Little Saxham,St Nicholas TR,,1 Dec 1586,George,GARRET,,,,,,Eden,DODSON,,,,,,,,,,,,,,,,
SFK,Little Saxham,St Nicholas TR,,9 Jul 1587,Peter,HARRINGTON,,,,,,Marie,CARVER,,,,,,,,,,,,,,,,
SFK,Little Saxham,St Nicholas TR,,22 Oct 1587,David,LAITE,,,,,,Anne,O,,,,,,,,,,,,,,,,
SFK,Little Saxham,St Nicholas TR,,28 May 1588,Richard gent,GRESHAM,,,,,,Anne,CROFTES,,,,,,,,,,,,,,,,
SFK,Little Saxham,St Nicholas TR,,26 Oct 1589,Thomas,ROBINSON,,,,,,Anne,ROGERS,,,,,,,,,,,,,,,,
SFK,Little Saxham,St Nicholas TR,,16 Nov 1589,Richard,LEWIS,,,,,,Alice,NUTTALL,,,,,,,,,,,,,,,,
SFK,Little Saxham,St Nicholas TR,,2 Sep 1590,William,SMITHE,,,,,,Dorithie,HOWE,,,,,,,,,,,,,,,,
SFK,Little Saxham,St Nicholas TR,,17 Apr 1593,William,SMITHE,,,,,,Susan,CROWE,,,,,,,,,,,,,,,,
SFK,Little Saxham,St Nicholas TR,,20 May 1594,Nicholas,LINGE,,,,,,Mary,SHEPHARD,,,,,,,,,,,,,,,,
SFK,Little Saxham,St Nicholas TR,,27 May 1594,Anthonye Mr,PENNINGE,,,,,,Elizabethe Mris,CROFTES,,,,,,,,,,,,,,,,
SFK,Little Saxham,St Nicholas TR,,5 Dec 1594,Robarte,HAMMONDE,,,,,,Martha,TAYLOUR,,,,,,,,,,,,,,,,
SFK,Little Saxham,St Nicholas TR,,27 Sep 1597,Robert Mr,BARKER,,,,,,Susan Mris,CROFTES,,,,,,,,,,,,,,,,
SFK,Little Saxham,St Nicholas TR,,8 Nov 1597,John,VERE,,,,,,Mary,CROPLEY,,,,,,,,,,,,,,,,
SFK,Little Saxham,St Nicholas TR,,23 Jul 1598,William,EDBURY,,,,,,Agnes,STOCKINGE,,,,,,,,,,,,,,,,
SFK,Little Saxham,St Nicholas TR,,25 Jul 1598,John,WALKER,,,,,,Marget,DRAKELAND,,,,,,,,,,,,,,,,
SFK,Little Saxham,St Nicholas TR,,19 Dec 1599,William Mr,CROFTES,,,,,,Jane Mris,POWELL,,,,,,,,,,,,,,,,
SFK,Little Saxham,St Nicholas TR,,22 Jan 1600/01,William Mr,AYLEIFE,,,,,,Alice Mris,KETTLEBOROW,,,,,,,,,,,,,,,,
SFK,Little Saxham,St Nicholas TR,,9 Feb 1601/02,Thomas,KENT,,,,,,Bridget,SHERWIN,,,,,,,,,,,,,,,,
SFK,Little Saxham,St Nicholas TR,,10 Oct 1602,Jhon,WYMARK,,,,,,Margaret,HEWBACK,,,,,,,,,,,,,,,,
SFK,Little Saxham,St Nicholas TR,,16 Sep 1604,William,TOPPIN,,,,,,Jane,BENNALL,,,,,,,,,,,,,,,,
SFK,Little Saxham,St Nicholas TR,,30 Sep 1604,Jhon,MAYHEW,,,,,,Alice,PETTIT,,,,,,,,,,,,,,,,
SFK,Little Saxham,St Nicholas TR,,25 Apr 1605,Phillip,PAWFRY,,,,,,Anne,NEWPORT,,,,,,,,,,,,,,,,
SFK,Little Saxham,St Nicholas TR,,3 Oct 1605,Jhon,CHESTON,,,,,,Mary,LYLLY,,,,,,,,,,,,,,,,
SFK,Little Saxham,St Nicholas TR,,23 Jul 1606,Jhon,SHORTE,,,,,,Joane,COLE,,,,,,,,,,,,,,,,
SFK,Little Saxham,St Nicholas TR,,3 Oct 1609,Thomas,ASHFIELD,,,,,,Anne,ROBINSON,,,widow,,,,,,,,,,,,,
SFK,Little Saxham,St Nicholas TR,,9 Jul 1610,Jhon,PLUMMER,,,,,,Alice,PLESAUNCE,,,,,,,,,,,,,,,,
SFK,Little Saxham,St Nicholas TR,,22 Oct 1610,Thomas,LARNER,,,,,,Elizabeth,WINTER,,,widow,,,,,,,,,,,,,
SFK,Little Saxham,St Nicholas TR,,1 Jun 1612,Thomas,STUTTER,,,,,,Joane,GREENE,,,,,,,,,,,,,,,,
SFK,Little Saxham,St Nicholas TR,,17 Oct 1613,Edmund,WARREN,,,,,,Elizabeth,SMITH,,,,,,,,,,,,,,,,
SFK,Little Saxham,St Nicholas TR,,1 Dec 1614,Jhon,TOMSON,,,,,,Elyzabeth,ROBINSON,,,,,,,,,,,,,,,,
SFK,Little Saxham,St Nicholas TR,,1 May 1616,Robert,PRICK,,,,,,Alice,SMITH,,,,,,,,,,,,,,,,
SFK,Little Saxham,St Nicholas TR,,22 Jul 1616,Humphrey Sir,MILDMAY,,,,,,Jane,CROFTES,,,,,,,,,,,,,,,,
SFK,Little Saxham,St Nicholas TR,,8 Oct 1616,Jhon,BENNALL,,,,,,Mary,MURLAND,,,,,,,,,,,,,,,,
SFK,Little Saxham,St Nicholas TR,,20 Jun 1617,Jhon,BOOTYE,,,,,,Margarett,MAN,,,,,,,,,,,,,,,,
SFK,Little Saxham,St Nicholas TR,,14 Jul 1618,John,BONNETT,,,,,,Mary,HINDES,,,,,,,,,,,,,,,,
SFK,Little Saxham,St Nicholas TR,,4 Feb 1618/19,Thomas,PERKE,,,,,,Bridget,DRYVER,,,,,,,,,,,,,,,,
SFK,Little Saxham,St Nicholas TR,,26 May 1619,William,HALL,,,,,,Elyzabeth,CLARKE,,,,,,,,,,,,,,,,
SFK,Little Saxham,St Nicholas TR,,22 Sep 1619,Israell,WOOSON,,,,,,Susan,BENNALL,,,,,,,,,,,,,,,,
SFK,Little Saxham,St Nicholas TR,,7 Oct 1619,Thomas,PLEASANCE,,,,,,Isabell,INGRAM,,,,,,,,,,,,,,,,
SFK,Little Saxham,St Nicholas TR,,23 Feb 1619/20,Jeromy,BROWNING,,,,,,Sislye,PINNER,,,,,,,,,,,,,,,,
SFK,Little Saxham,St Nicholas TR,,24 Apr 1620,William,EASTLING,,,,,,Elizabeth,STANDLY,,,,,,,,,,,,,,,,
SFK,Little Saxham,St Nicholas TR,,8 Oct 1620,Robert,MAPP,,,,,,Alice,CRAWLYE,,,,,,,,,,,,,,,,
SFK,Little Saxham,St Nicholas TR,,12 Oct 1620,John,WALKER,,,,,,Mathew,GILLIBOURNE,,,,,,,,,,,,,,,,
SFK,Little Saxham,St Nicholas TR,,28 Nov 1620,Alexander GENT,GENT,,,,,,Margeret,FOYSON,,,,,,,,,,,,,,,,
SFK,Little Saxham,St Nicholas TR,,8 Apr 1621,Henry,HOLDEN,,,,,,Katherin,COCKER,,,,,,,,,,,,,,,,
SFK,Little Saxham,St Nicholas TR,,21 Apr 1621,Thomas,NUN,,,,,,Elizabeth,EWIN,,,,,,,,,,,,,,,,
SFK,Little Saxham,St Nicholas TR,,9 Sep 1621,Joseph,SMITH,,,,,,Ann,CROWE,,,,,,,,,,,,,,,,
SFK,Little Saxham,St Nicholas TR,,24 Oct 1621,Benjamin,LOWNES,,,,,,Widow,MATHEW,,,widow,,,,,,,,,,,,,
SFK,Little Saxham,St Nicholas TR,,3 Jul 1623,Sammuell,BORRETT,,,,,,Elysabeth,LARNNER,,,,,,,,,,,,,,,,
SFK,Little Saxham,St Nicholas TR,,2 Oct 1623,Robert,WINTER,,,,,,Muroisco,ROMANA,,,,,,,,,,,,,,,,
SFK,Little Saxham,St Nicholas TR,,27 Sep 1624,John,MASON,,,,,,Ann,PAVIS,,,,,,,,,,,,,,,,
SFK,Little Saxham,St Nicholas TR,,19 Apr 1625,Edward,NEWMAN,,,,,,Phebie,HALL,,,,,,,,,,,,,,,,
SFK,Little Saxham,St Nicholas TR,,15 Jun 1626,Edward,HALL,,,,,,Mathew,LORD,,,,,,,,,,,,,,,,
SFK,Little Saxham,St Nicholas TR,,3 Oct 1626,Thomas,MAYHEW,,,,,,Margeret,WYMARKE,,,,,,,,,,,,,,,,
SFK,Little Saxham,St Nicholas TR,,23 Oct 1626,Robert,POLLARD,,,,,,Susann,KENT,,,,,,,,,,,,,,,,
SFK,Little Saxham,St Nicholas TR,,10 Oct 1628,Ralphe,COOKE,,Pakenham,,,,Jane,LAURNER,,,,,,,,,,,,,,,,
SFK,Little Saxham,St Nicholas TR,,16 Jul 1629,John,FAYERCLOTH,,,,,,Marie,WYMARKE,,,,,,,,,,,,,,,,
SFK,Little Saxham,St Nicholas TR,,13 Dec 1629,Christopher Abdy,KNIGHT,,,,,,Mary Mrs,CROFTES,,,,,,,,,,,,,,,,
SFK,Little Saxham,St Nicholas TR,,18 May 1630,John,PRICKE,,,,,,Phillip,UNGLES,,,,,,,,,,,,,,,,
SFK,Little Saxham,St Nicholas TR,,29 Dec 1630,Thomas,FINCH,,,,,,Elizabeth,RAYNOLDS,,,,,,,,,,,,,,,,
SFK,Little Saxham,St Nicholas TR,,19 May 1631,John,WINTER,,,,,,Ann,COCKE,,,,,,,,,,,,,,,,
SFK,Little Saxham,St Nicholas TR,,30 May 1632,John,ACKERLEY,,,,,,Elisabeth,BENNALL,,,,,,,,,,,,,,,,
SFK,Little Saxham,St Nicholas TR,,6 Oct 1632,Thomas,GODFREY,,,,,,Mary,SHIPP,,,,,,,,,,,,,,,,
SFK,Little Saxham,St Nicholas TR,,15 May 1634,William,PEIRSON,,,,,,Susan,FISSON,,,,,,,,,,,,,,,,
SFK,Little Saxham,St Nicholas TR,,21 Jul 1634,Edward,FROST,,,,,,Mary,BAYLY,,,,,,,,,,,,,,,,
SFK,Little Saxham,St Nicholas TR,,6 Jan 1634/35,Richard,KENDALE,,,,,,Mary,YOUNGES,,,,,,,,,,,,,,,,
SFK,Little Saxham,St Nicholas TR,,13 Jun 1637,John,HELDER,,,,,,Grace,WYMARKE,,,,,,,,,,,,,,,,
SFK,Little Saxham,St Nicholas TR,,28 May 1638,James,TUSFELL,,,,,,Margaret,WILLETT,,,,,,,,,,,,,,,,
SFK,Little Saxham,St Nicholas TR,,3 Sep 1638,Richard,YOUNG,,,,,,Elisabeth,EMONT,,,,,,,,,,,,,,,,
SFK,Little Saxham,St Nicholas TR,,20 Sep 1638,William,TEBBETT,,,,,,Grizell,GILLIBRAND,,,,,,,,,,,,,,,,
SFK,Little Saxham,St Nicholas TR,,20 Jul 1643,Nicholas,BARRETT,,,,,,Mary,MAY,,,,,,,,,,,,,,,,
SFK,Little Saxham,St Nicholas TR,,25 Jul 1643,William,,,,,,,Margerie,BIRD,,,,,,,,,,,,,,,,
SFK,Little Saxham,St Nicholas TR,,2 Mar 1645,John,YOUNGES,,Saxam Magna,,,,Amie,EMONT,,,,,,,,,,,,,,,,
SFK,Little Saxham,St Nicholas TR,,10 Jun 1649,,MORTLOCKE,,,,,,Margarett,BLAND,,,,,,,,,,,,,,,,
SFK,Little Saxham,St Nicholas TR,,24 Sep 1649,Joseph,ALEXANDER,,Bury St Edmunds,,,,,ENTWISSELL,,,,,,,,,,,,,,,,
SFK,Little Saxham,St Nicholas TR,,9 Jul 1650,Robert Mr,UNDERWOOD,,Chevinton,,rector,,Mary,WRIGHT,,Bury St Edmunds,,,,,,,,,,,,,,
SFK,Little Saxham,St Nicholas TR,,6 Oct 1650,Wylliam,HALL,,,,,,Anne,REEVE,,,,,,,,,,,,,,,,
SFK,Little Saxham,St Nicholas TR,,17 Aug 1653,George,SPARROWE,,,,,,Anne,BEARE,,,,,,,,,,,,,,,,
SFK,Little Saxham,St Nicholas TR,,11 Jun 1657,Edmund,PLEASANCE,,,,,,Isabell,PLEASANCE,,,,,,,,,,,,,,,,
SFK,Little Saxham,St Nicholas TR,,8 Apr 1662,Richard,ALBON,,Whepstead,,,,Briget,COLLISON,,Hawkedon,,,,,,,,,,,,,,
SFK,Little Saxham,St Nicholas TR,,2 Dec 1662,Edward,PARKER,,Hardwick,,,,Margaret,MONNINGS,,Chevington,,,,,,,,,,,,,,
SFK,Little Saxham,St Nicholas TR,,13 Aug 1663,Edmund,WABIE,,Barnham,,,,Mary,WHITE,,Barnham,,,,,,,,,,,,,,
SFK,Little Saxham,St Nicholas TR,,23 Sep 1663,Charles,WEBB,,,,,,Alice,GOLDSMITH,,,,,,,,,,,,,,,,
SFK,Little Saxham,St Nicholas TR,,7 Oct 1663,James,SPARKE,,,,,,Mary,BARRET,,,,,,,,,,,,,,,,
SFK,Little Saxham,St Nicholas TR,,22 Sep 1665,Samuel,COBB,,Bury St Edmunds,,,,Elizabeth,ORMES,,,,,,,,,,,,,,,,
SFK,Little Saxham,St Nicholas TR,,23 Sep 1667,John,COLLINS,,Thurston,,,,Ann,BARTON,,Grt Saxham,,,,,,,,,,,,,,
SFK,Little Saxham,St Nicholas TR,,23 Apr 1668,Willyam,PLAYFER,,Fornham All Sts,,,,Mary,SUMERS,,,,,,,,,,,,,,,,
SFK,Little Saxham,St Nicholas TR,,29 May 1668,Willyam,SATCHFIELD,,,,servant,,Elizabeth,BROWNE,,,widow,,,,,,,,,,,,,to Lord CROFTES
SFK,Little Saxham,St Nicholas TR,,28 Jun 1668,John,FLETCHER,,,,,,Phoebe,EATHERS,,,,,,,,,,,,,,,,
SFK,Little Saxham,St Nicholas TR,,13 Sep 1668,Gibson Esq,LUCAS,,,widower,,,Mris,CAPELL,,Bury,widow,,,,,,,,,,,,,
SFK,Little Saxham,St Nicholas TR,,26 Apr 1671,Willyam,EASTLING,,Fornham All Sts,,,,Susan,BURLING,,,,,,,,,,,,,,,,
SFK,Little Saxham,St Nicholas TR,,25 Aug 1672,John,TYLER,,,,,,Mary,CHURCH,,,,,,,,,,,,,,,,
SFK,Little Saxham,St Nicholas TR,,10 Oct 1672,Benjamin,MILLER,,,,,,Mary,TYLER,,,,,,,,,,,,,,,,
SFK,Little Saxham,St Nicholas TR,,11 Nov 1672,William,JESUP,,,,,,Mary,SHAW,,,,,,,,,,,,,,,,
SFK,Little Saxham,St Nicholas TR,,12 Jul 1673,William,SOWELL,,Icklingham,widower,,,Mary,SPARKE,,,widow,,,,,,,,,,,,,
SFK,Little Saxham,St Nicholas TR,,24 Jul 1673,Thomas Mr,BARNES,,Bury St Edmunds,,,,Jane Mris,MEDOWES,,Bury St Edmunds,,,,,,,,,,,,,,
SFK,Little Saxham,St Nicholas TR,,17 Apr 1675,Henry Mr Esq,JERMIN,,Chevely,,,,Judith Mrs,POLEY,,Badly,,,,,,,,,,,,,,bride mother Lady POLEY
SFK,Little Saxham,St Nicholas TR,,29 Sep 1675,Alexander,OSWELL,,,,,,Mary,HAMMOND,,,,,,,,,,,,,,,,
SFK,Little Saxham,St Nicholas TR,,25 Nov 1675,Julian,DYSING,,,,,,Ann,WIARD,,Dalham,,,,,,,,,,,,,,
SFK,Little Saxham,St Nicholas TR,,25 Dec 1675,Robert,BUCKLE,,,,,,Margaret,HOW,,,,,,,,,,,,,,,,
SFK,Little Saxham,St Nicholas TR,,1 Feb 1676/77,Daniel,SHULVER,,,,,,Elizabeth,DEW,,,,,,,,,,,,,,,,
SFK,Little Saxham,St Nicholas TR,,24 May 1677,JohN,WALLER,,,,,,Elizabeth,DOD,,,,,,,,,,,,,,,,
SFK,Little Saxham,St Nicholas TR,,4 Oct 1677,Edward,MORTON,,Saxham Magna,widower,,,Susan,PLEASANTS,,,,,,,,,,,,,,,,
SFK,Little Saxham,St Nicholas TR,,25 Jan 1680,Edward,PARKER,,Chevington,,,,Elizabeth,VERDON,,Hargrave,,,,,,,,,,,,,,
SFK,Little Saxham,St Nicholas TR,,12 Mar 1681,Robert,MANNING,,Buria,,,,Sarah,OFFORD,,Barrow,,,,,,,,,,,,,,
SFK,Little Saxham,St Nicholas TR,,22 May 1681,William,PRAT,,Bury,,,,Hanna,NORMAN,,Bury,,,,,,,,,,,,,,
SFK,Little Saxham,St Nicholas TR,,21 Jun 1683,William,ARNOLD,,,widower,,,Sarah,ARNOLD,,,widow,,,,,,,,,,,,,
SFK,Little Saxham,St Nicholas TR,,25 Jun 1683,Simon,WHITHEAD,,Bury St Edmonds,,,,Mary,DALTON,,Bury St Edmonds,,,,,,,,,,,,,,
SFK,Little Saxham,St Nicholas TR,,11 Oct 1683,Thomas,CLARK,,,,,,An,GREEN,,,,,,,,,,,,,,,,
SFK,Little Saxham,St Nicholas TR,,23 Oct 1683,Thomas,HUBBARD,,,widower,,,Mary,WOODWARD,,Flempton,widow,,,,,,,,,,,,,
SFK,Little Saxham,St Nicholas TR,,23 Oct 1684,Richard,ERNSBY,,,,,,An,HOLLOCKS,,,,,,,,,,,,,,,,
SFK,Little Saxham,St Nicholas TR,,18 Jun 1685,Edward,HOWLET,,West Stow,widower,,,Margaret,COPPIN,,,,,,,,,,,,,,,,
SFK,Little Saxham,St Nicholas TR,,21 Jan 1685/86,Thomas,PRIME,,Bury St Edmunds,,,,Jane,CHILDERSTON,,Westley,,,,,,,,,,,,,,
SFK,Little Saxham,St Nicholas TR,,24 Dec 1686,John,JASKEN,,,,,,Elizabeth,BILTON,,,widow,,,,,,,,,,,,,
SFK,Little Saxham,St Nicholas TR,,10 Nov 1690,Robert,BUTCHER,,Thurlow Parva,,,,Mary,HAWKINS,,Thurlow Parva,,,,,,,,,,,,,,
SFK,Little Saxham,St Nicholas TR,,15 Jan 1690/91,John,PALFRY,,,,,,ElizebetH,COOLE,,,,,,,,,,,,,,,,
SFK,Little Saxham,St Nicholas TR,,11 Mar 1691/92,John,BUSSEY,,Bury,,,,Mary,SIZER,,Chevely,,,,,,,,,,,,,,Licence
SFK,Little Saxham,St Nicholas TR,,18 May 1692,Edward,STURGES,,London,,,,Mary,BENSKIN,,Wanlipp Leicester,,,,,,,,,,,,,,
SFK,Little Saxham,St Nicholas TR,,10 Apr 1694,Edward,STEEL,,Bury,,,,Elizabeth,WELHAM,,Bury,,,,,,,,,,,,,,Licence
SFK,Little Saxham,St Nicholas TR,,7 Nov 1695,James,DISEN,,,,,,Ann,PARTRIDGE,,,,,,,,,,,,,,,,
SFK,Little Saxham,St Nicholas TR,,26 Apr 1696,Christopher,ALCOCKE,,Barrow,,,,Anne,WILDING,,Barrow,,,,,,,,,,,,,,
SFK,Little Saxham,St Nicholas TR,,7 Feb 1696/97,Robert,GOARE,,Icklingham,,,,Mary,SKINNER,,Flempton,,,,,,,,,,,,,,
SFK,Little Saxham,St Nicholas TR,,19 Sep 1697,Joseph,MASON,,Barrow,,,,Ruth,CHALLIS,,Barrow,,,,,,,,,,,,,,
SFK,Little Saxham,St Nicholas TR,,5 Oct 1697,John,JARRALD,,,,,,Rose,LING,,,,,,,,,,,,,,,,
SFK,Little Saxham,St Nicholas TR,,25 Nov 1697,William,EASTLAND,,Tudenham,,,,Mary,ASHMAN,,Barrow,,,,,,,,,,,,,,
SFK,Little Saxham,St Nicholas TR,,6 Jan 1697/98,Charles,LE GRICE,,Bury,,,,Mary,JOLLY,,,,,,,,,,,,,,,,
SFK,Little Saxham,St Nicholas TR,,5 Oct 1699,John,LALHAM,,,,,,Ann,RATLEY,,,,,,,,,,,,,,,,
SFK,Little Saxham,St Nicholas TR,,26 May 1700,Thomas,HUBBARD,,,widower,,,Ann,OSWELL,,,widow,,,,,,,,,,,,,
SFK,Little Saxham,St Nicholas TR,,13 Jan 1700/01,Stephen,WHITE,,Bury St James,,,,Margeret,TYLER,,,,,,,,,,,,,,,,
SFK,Little Saxham,St Nicholas TR,,24 Nov 1701,Harmon,HASBROCK,,Bury,,,,Mary,FROST,,Bury,,,,,,,,,,,,,,
SFK,Little Saxham,St Nicholas TR,,1 Oct 1702,Ambrose,OSBY,,,,,,Elizabeth,CROW,,,,,,,,,,,,,,,,
SFK,Little Saxham,St Nicholas TR,,4 Feb 1702/03,John,JULIAN,,Stowmarket,,,,Susanna,KILLET,,Needham,,,,,,,,,,,,,,
SFK,Little Saxham,St Nicholas TR,,4 Apr 1703,John,BETTS,,Bury St James,,,,Frances,SERGEANT,,,,,,,,,,,,,,,,
SFK,Little Saxham,St Nicholas TR,,21 Jan 1703/04,John,NUNN,,Bury,,,,Martha,COCKSEDGE,,Bury,,,,,,,,,,,,,,
SFK,Little Saxham,St Nicholas TR,,12 Oct 1704,John,SMITH,,Pakenham,,,,Margeret,CHINERY,,Barrow,,,,,,,,,,,,,,
SFK,Little Saxham,St Nicholas TR,,11 Oct 1705,William,COLLINS,,Flempton,,,,Elizabeth,PARSONS,,,,,,,,,,,,,,,,
SFK,Little Saxham,St Nicholas TR,,9 Sep 1706,John,HAMMOND,,Reed,,,,Susan,HAMMOND,,Hawkedon,,,,,,,,,,,,,,
SFK,Little Saxham,St Nicholas TR,,11 Sep 1707,John,LING,,Cockfield,,,,Elizabeth,CHANDLER,,,widow,,,,,,,,,,,,,
SFK,Little Saxham,St Nicholas TR,,13 Nov 1707,Ambrose,KEMP,,Chevington,,,,Mary,UNDERWOOD,,Chevington,,,,,,,,,,,,,,
SFK,Little Saxham,St Nicholas TR,,3 Jan 1707/08,Francis,BOWRY,,Bury,,,,Priscilla,WITHERRILL,,Bury,,,,,,,,,,,,,,Licence
SFK,Little Saxham,St Nicholas TR,,9 Apr 1708,Thomas,DANSIE,,Sudbury,widower,,,Hannah,CAPON,,Sudbury,widow,,,,,,,,,,,,,
SFK,Little Saxham,St Nicholas TR,,23 Sep 1708,James,MORTLOCK,,Bury,,,,Sarah,JOLLY,,,,,,,,,,,,,,,,
SFK,Little Saxham,St Nicholas TR,,30 Sep 1708,Anthony Esq,CROFTS,,,,,,Elizabeth Mrs,GIPPS,,Horringer,,,,,,,Sir R,GIPPS,,,,,,bride mother Elizabeth
SFK,Little Saxham,St Nicholas TR,,7 Jul 1710,Thomas,PARKER,,Hargrave,,,,Margaret,NUNNE,,Whepsted,,,,,,,,,,,,,,Licence
SFK,Little Saxham,St Nicholas TR,,12 Oct 1710,Joseph,MONEY,,,,,,Margeret,PECK,,,,,,,,,,,,,,,,
SFK,Little Saxham,St Nicholas TR,,2 Jan 1710/11,John,STOCKINS,,Stowlangtoft,,,,Susanna,BARTON,,,,,,,,,,,,,,,,
SFK,Little Saxham,St Nicholas TR,,8 Oct 1711,John,GOODY,,Nowton,,,,Elizabeth,MONEY,,,,,,,,,,,,,,,,
SFK,Little Saxham,St Nicholas TR,,8 Nov 1711,Ambrose,OSBY,,,widower,,,Elizabeth,BLOOMFEILD,,,widow,,,,,,,,,,,,,
SFK,Little Saxham,St Nicholas TR,,5 Jan 1711/12,William,CHARLES,,Little Livermere,,,,Elizabeth,SAUNDERS,,Little Livermere,,,,,,,,,,,,,,Licence
SFK,Little Saxham,St Nicholas TR,,20 Jan 1712/13,Thomas,CHRISTMAS,,Bury,,,,Mary,ROSE,,Bury,,,,,,,,,,,,,,
SFK,Little Saxham,St Nicholas TR,,31 Jul 1713,John,WOODS,,Wickham Brook,,,,Mary,BULBROOK,,Wickham Brook,,,,,,,,,,,,,,Licence
SFK,Little Saxham,St Nicholas TR,,8 Oct 1713,Thomas,PARSONS,,,,,,Ann,TOWNE,,,,,,,,,,,,,,,,
SFK,Little Saxham,St Nicholas TR,,21 Oct 1715,John,EMERSON,,,,,,Elizabeth,PARKER,,,,,,,,,,,,,,,,
SFK,Little Saxham,St Nicholas TR,,4 Oct 1716,Richard,DOWNS,,Norton,,,,Sarah,TOWNE,,,,,,,,,,,,,,,,
SFK,Little Saxham,St Nicholas TR,,30 Oct 1717,Esau,BUY,,,,,,Hannah,OSWELL,,,,,,,,,,,,,,,,
SFK,Little Saxham,St Nicholas TR,,15 Apr 1718,Thomas,CROSS,,Barrow,,,,Alice,CORNWELL,,,,,,,,,,,,,,,,
SFK,Little Saxham,St Nicholas TR,,30 Jul 1719,John,JOHNSON,,Bury St Edmunds,,,,Elizabeth,BAILEY,,Bury St Edmunds,,,,,,,,,,,,,,Licence
SFK,Little Saxham,St Nicholas TR,,18 Apr 1720,James,GRYGGS,,,,,,Ann,MARTYN,,,,,,,,,,,,,,,,
SFK,Little Saxham,St Nicholas TR,,1 Apr 1722,Gualter,HARVEY,,Hengrave,,,,Elizabeth,LING,,Hengrave,,,,,,,,,,,,,,Licence
SFK,Little Saxham,St Nicholas TR,,1 Oct 1723,Thomas,REDDAL,,Ely,widower,,,Sarah,WYMARK,,,,,,,,,,,,,,,,
SFK,Little Saxham,St Nicholas TR,,22 Oct 1723,John,PATTLE,,,,,,Elisabeth,CLARK,,,,,,,,,,,,,,,,
SFK,Little Saxham,St Nicholas TR,,23 Aug 1724,Joseph,CLARK,,,,,,Jane,LALHAM,,,,,,,,,,,,,,,,
SFK,Little Saxham,St Nicholas TR,,7 Jan 1724/25,James Mr,SPARK,,Pakenham,,,,Susan Mrs,SPARK,,,,,,,,,,,,,,,,Licence
SFK,Little Saxham,St Nicholas TR,,4 Oct 1726,James,PRICK,,,,,,Martha,WYMARK,,,,,,,,,,,,,,,,
SFK,Little Saxham,St Nicholas TR,,2 Mar 1726/27,Thomas,BARRET,,Bury St James,,,,Mary,BULL,,Bury St James,,,,,,,,,,,,,,Licence
SFK,Little Saxham,St Nicholas TR,,22 Oct 1727,Jacob,WRAGG,,Bury,,baker,,Abigail,STEEL,,Bury,,,,,,,,,,,,,,Licence
SFK,Little Saxham,St Nicholas TR,,13 May 1728,Thomas,PECK,,Cheveley,,,,Jane,ELSDEN,,Cheveley,,,,,,,,,,,,,,Licence
SFK,Little Saxham,St Nicholas TR,,9 Jul 1728,William,BETTS,,Hawkedon,,,,Hannah,ERETH,,Cavendish,,,,,,,,,,,,,,Licence
SFK,Little Saxham,St Nicholas TR,,16 Sep 1728,Bryan,HILL,,Bury St Mary,,,,Elizabeth,PEEK,,Bury St Mary,,,,,,,,,,,,,,Licence
SFK,Little Saxham,St Nicholas TR,,20 Oct 1728,John,BURGESS,,,,,,Ann,LALHAM,,,widow,,,,,,,,,,,,,Licence
SFK,Little Saxham,St Nicholas TR,,15 Jan 1729,William,PAGE,,,,,,Mary,CUNINGHAM,,,,,,,,,,,,,,,,
SFK,Little Saxham,St Nicholas TR,,5 Jul 1730,James,SALISBURY,,Fornham St Martin,,,,Elisabeth,PALFRY,,,,,,,,,,,,,,,,
SFK,Little Saxham,St Nicholas TR,,1731,John,HALE,,Grt Saxham,,,,Ann,BIRD,,,,,,,,,,,,,,,,
SFK,Little Saxham,St Nicholas TR,,7 Jan 1730/31,Charles,MITCHEL,,Bury St James,widower,,,Elisabeth,SERGEANT,,Bury St Mary,widow,,,,,,,,,,,,,
SFK,Little Saxham,St Nicholas TR,,9 Mar 1730/31,Robert,MALTON,,,widower,,,Mary,PETITT,,Lawshall,,,,,,,,,,,,,,Licence
SFK,Little Saxham,St Nicholas TR,,6 Apr 1731,Thomas,SMITH,,Lawshall,widower,,,Elizabeth,LAYT,,Lawshall,,,,,,,,,,,,,,Licence
SFK,Little Saxham,St Nicholas TR,,20 Jul 1732,John,CORNWELL,,,,,,Jane,COOK,,Denston,widow,,,,,,,,,,,,,Licence
SFK,Little Saxham,St Nicholas TR,,27 Dec 1733,Joseph,MONEY,,,widower,,,Elizabeth,EMERSON,,,widow,,,,,,,,,,,,,
SFK,Little Saxham,St Nicholas TR,,10 Apr 1737,John,MIDDLEDITCH,,,,,,Sarah,SIMPSON,,,,,,,,,,,,,,,,
SFK,Little Saxham,St Nicholas TR,,19 Dec 1737,William Esq,CROFTES,,,,,,Mrs Mary,DECKER,,St James Sq London,,,,,,,Sir Mathew Bart,DECKER,,,,,,married at London by Licence
SFK,Little Saxham,St Nicholas TR,,8 Jan 1738/39,William,JORDAN,,Timworth,widower,,,Elizabeth,MATHEWS,,,,,,,,,,,,,,,,
SFK,Little Saxham,St Nicholas TR,,1 Jan 1739/40,John,MUNNY,,,,,,Rose,STOCKING,,,,,,,,,,,,,,,,
SFK,Little Saxham,St Nicholas TR,,4 Aug 1740,John,MANNING,,,,,,Susan,CORNWELL,,,,,,,,,,,,,,,,
SFK,Little Saxham,St Nicholas TR,,19 Oct 1740,Robert,JARROLD,,Bury St James,,,,Margaret,WYMARK,,,,,,,,,,,,,,,,Licence
SFK,Little Saxham,St Nicholas TR,,8 Jun 1742,William,PEACOCK,,Bury St James,,,,Ruth,ALLDONS,,Bury St James,,,,,,,,,,,,,,Licence
SFK,Little Saxham,St Nicholas TR,,30 Sep 1743,Henry,VINCENT,,Lawshall,,,,Elizabeth,PLUMB,,Stansfeild ,,,,,,,,,,,,,,
SFK,Little Saxham,St Nicholas TR,,10 Oct 1744,John,DEER,,,,,,Ann,PALMER,,,,,,,,,,,,,,,,
SFK,Little Saxham,St Nicholas TR,,10 Feb 1744/45,William,KERRINGTON,,,,,,Sarah,FORDHAM,,,,,,,,,,,,,,,,
SFK,Little Saxham,St Nicholas TR,,26 Sep 1745,John,BILLUM,,Barrow,widower,,,Mary,BUCKLE,,Barrow,widow,,,,,,,,,,,,,
SFK,Little Saxham,St Nicholas TR,,8 Oct 1745,Joseph,JACKSON,,North Lopham,,,,Christierne,EAME,,Stanningfield,,,,,,,,,,,,,,Licence
SFK,Little Saxham,St Nicholas TR,,22 Nov 1748,John,DEER,,,,,,Elisabeth,SALSBURY,,,,,,,,,,,,,,,,
SFK,Little Saxham,St Nicholas TR,,11 Nov 1750,John,BAKER,,,,,,Ann,MONEY,,,,,,,,,,,,,,,,
SFK,Little Saxham,St Nicholas TR,,29 Oct 1751,Joseph,MUNEY,,,widower,,,Frances,LING,,,,,,,,,,,,,,,,
SFK,Little Saxham,St Nicholas TR,,6 Dec 1753,John,PATTLE,,Bury St James,,,,Margaret,RIVET,,,,,,,,,,,,,,,,
SFK,Little Saxham,St Nicholas TR,,14 Sep 1755,Robert,GOLDSMITH,,,,,,Hannah,SALISBURY,,Westley,,,,,,,,,,,,,,Licence
SFK,Little Saxham,St Nicholas TR,,3 Dec 1755,John,BEETON,,,,,,Mary,MUNNEY,,,,,,,,,,,,,,,,
SFK,Little Saxham,St Nicholas TR,,27 Nov 1756,James,PRUER,,Gazely,,,,Alice,STOCKEN,,,,,,,,,,,,,,,,Licence
SFK,Little Saxham,St Nicholas TR,,5 Oct 1758,Roger,HASEL,,,,,,Sarah,BARDWELL,,,,,,,,,,,,,,,,
SFK,Little Saxham,St Nicholas TR,,14 Jan 1760,Richard,ROSBROOK,,,,,,Ann,MANNING,,,,,,,,,,,,,,,,Licence
SFK,Little Saxham,St Nicholas TR,,16 Jun 1760,Sergeant,HOST,,Langham,,,,Ann,BROWNE,,,,,,,,,,,,,,,,
SFK,Little Saxham,St Nicholas TR,,14 Jul 1760,Francis,MUDD,,,,,,Elisabeth,DRINKMILK,,,,,,,,,,,,,,,,
SFK,Little Saxham,St Nicholas TR,,2 Sep 1760,John,HOLDEN,,Horringer,,,,Rose,STOCKEN,,,,,,,,,,,,,,,,
SFK,Little Saxham,St Nicholas TR,,30 Nov 1760,James,HARE,,,,,,Mary,PEATCH,,,,,,,,,,,,,,,,
SFK,Little Saxham,St Nicholas TR,,14 Apr 1761,Robert,WRIGHT,,,,,,Annes,GORWOOD,,,,,,,,,,,,,,,,
SFK,Little Saxham,St Nicholas TR,,8 Nov 1761,Benjamin,BOGGES,,,,,,Mary,BETTS,,,,,,,,,,,,,,,,
SFK,Little Saxham,St Nicholas TR,,19 Dec 1761,Francis,PATTLE,,Wepsted,widower,,,Rose,RIDLAND,,,widow,,,,,,,,,,,,,
SFK,Little Saxham,St Nicholas TR,,18 Jan 1762,Timothy,SEELY,,Gazely,,,,Amy,MIDDLEDITCH,,,,,,,,,,,,,,,,
SFK,Little Saxham,St Nicholas TR,,23 Sep 1762,Isaac,HARRALD,,,,,,Ann,BRIDGES,,,,,,,,,,,,,,,,
SFK,Little Saxham,St Nicholas TR,,12 Feb 1763,William,BREAM,,Nowton,,woolcomber,,Sarah,STOCKING,,,,,,,,,,,,,,,,Licence
SFK,Little Saxham,St Nicholas TR,,22 Jan 1764,James,MALLOWS,,,,,,Sarah,HOWARD,,,,,,,,,,,,,,,,
SFK,Little Saxham,St Nicholas TR,,13 Oct 1764,Richard,BOGGES,,,,,,Hannah,PYE,,,,,,,,,,,,,,,,
SFK,Little Saxham,St Nicholas TR,,3 Dec 1765,Timothy,SHARP,,,,,,Mary,COPSEY,,,,,,,,,,,,,,,,
SFK,Little Saxham,St Nicholas TR,,15 Dec 1766,Robert,MARTIN,,,,,,Sarah,MOODY,,,,,,,,,,,,,,,,
SFK,Little Saxham,St Nicholas TR,,18 Oct 1767,John,COOK,,,,,,Lydia,BOREHAM,,,,,,,,,,,,,,,,
SFK,Little Saxham,St Nicholas TR,,30 Apr 1769,William,SMITH,,,widower,,,Elizabeth,BAKER,,,,,,,,,,,,,,,,
SFK,Little Saxham,St Nicholas TR,,15 Oct 1769,Timothy,STORY,,Fornham St Geniveve,,,,Elisabeth,FORDHAM,,,,,,,,,,,,,,,,Licence
SFK,Little Saxham,St Nicholas TR,,27 Mar 1770,John,MONEY,,,,,,Sarah,MARTIN,,,,,,,,,,,,,,,,
SFK,Little Saxham,St Nicholas TR,,9 Apr 1770,Mark,LAST,,,,,,Mary,PRICK,,,,,,,,,,,,,,,,
SFK,Little Saxham,St Nicholas TR,,16 Apr 1770,James,JARRALD,,,,,,Elizabeth,SMITH,,,,,,,,,,,,,,,,
SFK,Little Saxham,St Nicholas TR,,30 Sep 1770,William,SYER,,Gt Saxham,,,,Mary,MONEY,,,,,,,,,,,,,,,,Licence
SFK,Little Saxham,St Nicholas TR,,22 Apr 1771,Thomas,SECKER,,,,,,Alice,BUCKINGHAM,,,,,,,,,,,,,,,,
SFK,Little Saxham,St Nicholas TR,,8 Dec 1771,Isaac,SUTTON,,,,,,Mary,HARE,,,widow,,,,,,,,,,,,,
SFK,Little Saxham,St Nicholas TR,,27 Oct 1773,Peter,BOREHAM,,,,,,Sarah,LIES,,Stansfield,,,,,,,,,,,,,,Licence
SFK,Little Saxham,St Nicholas TR,,31 Dec 1775,William,ROLFE,,Woodditton Cambridgeshire,,,,Martha,STIFF,,,,,,,,,,,,,,,,Licence
SFK,Little Saxham,St Nicholas TR,,14 Apr 1776,John,ELY,,,,,,Mary,MANNING,,,,,,,,,,,,,,,,
SFK,Little Saxham,St Nicholas TR,,12 Oct 1777,Samuel,HAMMOND,,,,,,Ann,SPARROW,,,,,,,,,,,,,,,,
SFK,Little Saxham,St Nicholas TR,,29 Jan 1778,Edmund,JACOB,,Pakenham,,,,Mary,GIBBS,,,,,,,,,,,,,,,,Licence
SFK,Little Saxham,St Nicholas TR,,18 Jun 1778,William,SYER,,,widower,,,Mary,FENN,,,,,,,,,,,,,,,,Licence
SFK,Little Saxham,St Nicholas TR,,11 Oct 1779,William,TOOLY,,,,,,Mary,MANNERD,,,,,,,,,,,,,,,,
SFK,Little Saxham,St Nicholas TR,,12 Nov 1780,Thomas,BANKS,,Gt Saxham,,,,Elisabeth,SPALDING,,,,,,,,,,,,,,,,
SFK,Little Saxham,St Nicholas TR,,7 Dec 1780,John,HUNT,,Norton,,,,Ann,HASEL,,,,,,,,,,,,,,,,
SFK,Little Saxham,St Nicholas TR,,12 Dec 1780,Edward gent,PRIOR,,,,,,Sarah,CALTON,,,,,,,,,,,,,,,,
SFK,Little Saxham,St Nicholas TR,,26 Feb 1784,James,GREEN,,Westley,,,,Ann,GIBBS,,,,,,,,,,,,,,,,
SFK,Little Saxham,St Nicholas TR,,2 Feb 1786,Valentine,PRIGG,,Barrow,,,,Elizabeth,CHALLIS,,,,,,,,,,,,,,,,
SFK,Little Saxham,St Nicholas TR,,14 Jan 1787,John,HARRALD,,,,,,Mary,GILL,,Bury St James,,,,,,,,,,,,,,
SFK,Little Saxham,St Nicholas TR,,21 May 1787,Roger,HASELL,,,widower,,,Susanna,GRIGGS,,,widow,,,,,,,,,,,,,
SFK,Little Saxham,St Nicholas TR,,17 Nov 1788,Robert,TAYLOR,,Gt Saxham,,,,Hannah,SHARPE,,,,,,,,,,,,,,,,
SFK,Little Saxham,St Nicholas TR,,23 Apr 1789,Abraham,SARGENT,,Hargrave,,,,Elizabeth,VARO,,,widow,,,,,,,,,,,,,
SFK,Little Saxham,St Nicholas TR,,26 Jan 1790,Timothy,SHARP,,,,,,Susanna,LEFTERHAND,,,,,,,,,,,,,,,,
SFK,Little Saxham,St Nicholas TR,,31 May 1790,Ezekiel,HAYHOW,,,,,,Sarah,MURKIN,,,,,,,,,,,,,,,,
SFK,Little Saxham,St Nicholas TR,,11 Oct 1790,William,BEETON,,,,,,Mary,OLDERTON,,,,,,,,,,,,,,,,
SFK,Little Saxham,St Nicholas TR,,11 Nov 1790,John,WINCH,,Chevington,,,,Ann,SHARP,,,,,,,,,,,,,,,,
SFK,Little Saxham,St Nicholas TR,,11 Oct 1792,Abraham,PARKER,,Ousden,,,,Fanny,MARTIN,,,,,,,,,,,,,,,,
SFK,Little Saxham,St Nicholas TR,,13 Oct 1793,John,POWTER,,,,,,Mary,SPARROW,,,,,,,,,,,,,,,,
SFK,Little Saxham,St Nicholas TR,,16 Jan 1796,Thomas,BANKS,,,widower,,,Ann,SECRET,,,widow,,,,,,,,,,,,,
SFK,Little Saxham,St Nicholas TR,,13 Feb 1797,Robert,MULLEY,,,,,,Eleanor,COBBIN,,,,,,,,,,,,,,,,
SFK,Little Saxham,St Nicholas TR,,12 Nov 1798,James,BARWICK,,,,,,Ann,SIERS,,,,,,,,,,,,Robert,RUSHBROOKE,William,SIER,Licence
SFK,Little Saxham,St Nicholas TR,,14 Jan 1799,James,CRACK,,,,,,Mary,BOGGIS,,,,,,,,,,,,,,,,
SFK,Little Saxham,St Nicholas TR,,11 Feb 1799,Luke,KING,,Risby,,,,Hannah,PLUMMER,,,,,,,,,,,,,,,,
SFK,Little Saxham,St Nicholas TR,,16 May 1799,Samuel,CLARKE,,,,,,Elizabeth,ROBERSON,,Gt Saxham,,,,,,,,,,,,,,
SFK,Little Saxham,St Nicholas TR,,5 Aug 1799,Benjamin,WISEMAN,,Barrow,,,,Maria,MUSK,,,,,,,,,,,,,,,,
SFK,Little Saxham,St Nicholas TR,,24 Oct 1800,John,OFFORD,,,,,,Bridget,WATSON,,,,,,,,,,,,,,,,
SFK,Little Saxham,St Nicholas TR,,22 Oct 1801,John,CROW,,,,,,Lois,BROWN,,,,,,,,,,,,,,,,
SFK,Little Saxham,St Nicholas TR,,12 Jan 1802,Thomas,SNELLING,,,,,,Ann,GOLDSMITH,,,,,,,,,,,,,,,,
SFK,Little Saxham,St Nicholas TR,,2 Jul 1805,Thomas,BROWN,,Horringer,,,,Rachel,SHARPE,,,,,,,,,,,,,,,,
SFK,Little Saxham,St Nicholas TR,,12 Dec 1805,Benjamin,GINN,,,,,,Elizabeth,HARRALD,,,,,,,,,,,,,,,,
SFK,Little Saxham,St Nicholas TR,,13 Jun 1806,Zachariah,VINCENT,,,,,,Mary,ALDRIDGE,,,,,,,,,,,,,,,,
SFK,Little Saxham,St Nicholas TR,,13 Oct 1806,John,STEEDE,,Denham,,,,Susan,COOK,,,,,,,,,,,,,,,,
SFK,Little Saxham,St Nicholas TR,,25 Apr 1808,Anthony,CANHAM,,Mildenhall,,,,Elizabeth,JOLLY,,,,,,,,,,,,,,,,Licence
SFK,Little Saxham,St Nicholas TR,,1 Mar 1810,Charles,TURNER,20,Norwich,,,,Mary Ann,PAWSEY,19,,,,,,,,,,,,,,,Licence
SFK,Little Saxham,St Nicholas TR,,19 May 1811,William,HARRALD,,,,,,Ann,GRANGER,,Newmarket St Mary,,,,,,,,,,,,,,
SFK,Little Saxham,St Nicholas TR,,13 Jun 1811,Benjamin,GYNN,,,widower,,,Charlotte,GARWOOD,,,,,,,,,,,,,,,,
SFK,Little Saxham,St Nicholas TR,,9 Oct 1811,Richard,COBBIN,,Ickworth,,,,Mary,BENTLEY,,,,,,,,,,,,,,,,Licence
SFK,Little Saxham,St Nicholas TR,,29 Oct 1811,William,FREWER,,Bury St James,,,,Elizabeth,SIER,,,,,,,,,,,,,,,,Licence
SFK,Little Saxham,St Nicholas TR,,30 Dec 1811,Joseph,BARROW,,Denham,,,,Elizabeth,BANKS,,,,,,,,,,,,,,,,
SFK,Little Saxham,St Nicholas TR,,22 Mar 1812,James,ADAMS,,,,,,Mary,PASKE,,,,,,,,,,,,,,,,
SFK,Little Saxham,St Nicholas TR,,7 Dec 1812,William,BENTLEY,,,,,,Margaret,OLLERTON,,,,,,,,,,,,,,,,
SFK,Little Saxham,St Nicholas TR,,23 Apr 1813,Thomas,EVERED,,,,,,Mary,BYFORD,,,,,,,,,,,,,,,,
SFK,Little Saxham,St Nicholas TR,,13 Sep 1813,William,GARWOOD,,,,,,Mary,RICHERSON,,,,,,,,,,,,,,,,
SFK,Little Saxham,St Nicholas TR,,13 Nov 1813,William,CROW,,,,,,Sarah,BENTLEY,,,,,,,,,,,,,,,,
SFK,Little Saxham,St Nicholas TR,,1814,Charles,EVERETT,,,,,,Alice,RICHARDSON,,,,,,,,,,,,,,,,
SFK,Little Saxham,St Nicholas TR,,29 Aug 1814,Thomas,ELEY,,,,,,Susan,MANNING,,,,,,,,,,,,,,,,
SFK,Little Saxham,St Nicholas TR,,7 Nov 1814,John,EVET,,,,,,Alice,CROW,,,,,,,,,,,,,,,,
SFK,Little Saxham,St Nicholas TR,,1 Jun 1819,Ambrose,TURNER,,Melford,,,,Susan,COOKE,,,,,,,,,,,,,,,,
SFK,Little Saxham,St Nicholas TR,,22 Feb 1821,William,ANDERSON,,,,,,Mabel,EVERED,,,,,,,,,,,,,,,,
SFK,Little Saxham,St Nicholas TR,,20 Jun 1821,John,GREEN,,,widower,,,Tabitha,SMITH,,Bury St James,,,,,,,,,,,,,,
SFK,Little Saxham,St Nicholas TR,,18 Apr 1822,James,PEACHEY,,,,,,Maria,JENNISON,,,,,,,,,,,,,,,,Licence
SFK,Little Saxham,St Nicholas TR,,28 Oct 1823,Edmund,CROW,,,,,,Elizabeth,DEATH,,,,,,,,,,,,,,,,
SFK,Little Saxham,St Nicholas TR,,8 Jun 1826,Robert,PEARSONS,,,,,,Ann,HASELGROVE,,Saffron Walden,,,,,,,,,,,,,,Licence
SFK,Little Saxham,St Nicholas TR,,25 Jun 1826,Joseph,RICHARDSON,,,,,,Susan,ROSBROOK,,Barrow,,,,,,,,,,,,,,
SFK,Little Saxham,St Nicholas TR,,24 Aug 1826,John,LAST,,,,,,Sarah,CROW,,,,,,,,,,,,,,,,
SFK,Little Saxham,St Nicholas TR,,5 Sep 1826,James,MORTLOCK,,,,,,Sarah,CRACK,,,,,,,,,,,,,,,,
SFK,Little Saxham,St Nicholas TR,,24 May 1827,John,HARRALD,,,,,,Mary Ann,GREEN,,,,,,,,,,,,,,,,
SFK,Little Saxham,St Nicholas TR,,17 Feb 1828,George,COOK,,,,,,Elizabeth,BURROWS,,,,,,,,,,,,,,,,
SFK,Little Saxham,St Nicholas TR,,26 May 1828,William,CRACK,,,,,,Mary,MANNING,,,,,,,,,,,,,,,,
SFK,Little Saxham,St Nicholas TR,,3 Jul 1828,William,ALLINGTON,,,,,,Susan,FROST,,,,,,,,,,,,,,,,
SFK,Little Saxham,St Nicholas TR,,4 Oct 1828,Benjamin,LAST,,,,,,Ann,RANSOM,,,,,,,,,,,,,,,,
SFK,Little Saxham,St Nicholas TR,,25 Dec 1828,Edward,CROWE,,,widower,,,Mary,FROST,,,,,,,,,,,,,,,,
SFK,Little Saxham,St Nicholas TR,,31 Mar 1829,Thomas,CLARY,,,,,,Mary Ann,PLUMMER,,,,,,,,,,,,,,,,
SFK,Little Saxham,St Nicholas TR,,24 May 1829,Thomas,CATOR,,,,,,Mary,JARMANEY,,,,,,,,,,,,,,,,
SFK,Little Saxham,St Nicholas TR,,10 Oct 1829,John,PALMER,,,,,,Charlotte,PARISH,,,,,,,,,,,,,,,,
SFK,Little Saxham,St Nicholas TR,,5 Dec 1829,James,ORBELL,,Risby,widower,,,Sarah,OLLINGTON,,,,,,,,,,,,,,,,
SFK,Little Saxham,St Nicholas TR,,29 Mar 1830,John,CLARY,,,,,,Phoeby,COOK,,,,,,,,,,,,,,,,
SFK,Little Saxham,St Nicholas TR,,6 May 1831,Henry,PALMER,,,widower,,,Isabella,LOFTS,,,widow,,,,,,,,,,,,,
SFK,Little Saxham,St Nicholas TR,,17 Jul 1834,Joseph,CLARY,,,,,,Sophia,CRACK,,,,,,,,,,,,,,,,
SFK,Little Saxham,St Nicholas TR,,11 Oct 1834,John,CRACK,,,widower,,,Ann,LING,,,,,,,,,,,,,,,,
SFK,Little Saxham,St Nicholas TR,,21 Apr 1835,William,MORTLOCK,,,widower,,,Ann,CRICK,,,widow,,,,,,,,,,,,,
SFK,Little Saxham,St Nicholas TR,,25 Jul 1835,Robert,CROW,,,,,,Mary Ann,FINCH,,,,,,,,,,,,,,,,
SFK,Little Saxham,St Nicholas TR,,15 Oct 1835,James,SEAKENS,,,,,,Mary Ann,COOK,,,,,,,,,,,,,,,,
SFK,Little Saxham,St Nicholas TR,,23 Apr 1836,John,BANKS,,,,,,Susan LAST,LAST,,,,,,,,,,,,,,,,
SFK,Little Saxham,St Nicholas TR,,13 Oct 1838,John,SHARPE,,,,,,Elizabeth,FINCH,,,,,,Daniel,SHARPE,labourer,John,FINCH,coachman,,,,,
SFK,Little Saxham,St Nicholas TR,,19 Jan 1839,James,LAST,,,,,,Hannah,ALDERTON,,,,,,James,LAST,labourer,Henry,ALDERTON,labourer,,,,,
SFK,Little Saxham,St Nicholas TR,,9 Mar 1839,Thomas,FINCH,,,,,,Mary Ann,DURRANT,,Horringer,,,,John,FINCH,coachman,Robert,DURRANT,labourer,,,,,
SFK,Little Saxham,St Nicholas TR,,9 Mar 1839,Thomas,HUNT,,,,,,Eliza FINCH,FINCH,,,,,,James,HUNT,labourer,John,FINCH,coachman,,,,,
SFK,Little Saxham,St Nicholas TR,,13 Mar 1839,Robert,COBBIN,,,,,,Ann,CATOR,,,,,,Richard,COBBIN,labourer,William,CATOR,,,,,,
SFK,Little Saxham,St Nicholas TR,,18 May 1839,Richard,HEATH,,Bury,,,,Mary Ann,CROW,,,,,,Richard,HEATH,tailor,John,CROW,labourer,,,,,
SFK,Little Saxham,St Nicholas TR,,7 Aug 1841,William,EVITT,,,,,,Sarah,COBBIN,,,,,,John,EVITT,labourer,Richard,COBBIN,ratcatcher,,,,,
SFK,Little Saxham,St Nicholas TR,,26 Dec 1844,George,COOK,,,widower,,,Ann,BURTON,,,widow,,,James,COOK,labourer,Britton,CHURCHMAN,,,,,,
SFK,Little Saxham,St Nicholas TR,,8 Mar 1845,William,PODD,,Gt Saxham,,blacksmith,,Mary,HUNT,,,,,,William,PODD,gamekeeper,James,HUNT,labourer,,,,,
SFK,Little Saxham,St Nicholas TR,,27 May 1848,William,NUNN,,Horringer,widower,,,Charlotte,GARWOOD,,Horringer,,,,Thomas,NUNN,labourer,James,GARWOOD,labourer,,,,,
SFK,Little Saxham,St Nicholas TR,,8 Aug 1848,Joseph,BANKS,,,,,,Charlotte,COOKE,,Depden,,,,James,BANKS,labourer,Joseph,COOKE,bailiff,,,,,
SFK,Little Saxham,St Nicholas TR,,3 Dec 1848,James,SHARP,,,,,,Sarah,ALDERTON,,,,,,Daniel,SHARP,labourer,William,ALDERTON,labourer,,,,,
SFK,Little Saxham,St Nicholas TR,,* * 1849,John,TAYLOR,,Gt Saxham,,,,Maria,SHARP,,,,,,Robert,TAYLOR,labourer,Daniel,SHARP,labourer,,,,,
SFK,Little Saxham,St Nicholas TR,,15 Dec 1849,Charles,PALMER,,Horringer,,,,Charlotte,EVITT,,,,,,William,PALMER,bailiff,John,EVITT,labourer,,,,,
SFK,Little Saxham,St Nicholas TR,,24 Dec 1849,James,WRIGHT,,Ipswich,,smith,,Ellen,MORTLOCK,,,,,,,WRIGHT,,George,MORTLOCK,labourer,,,,,
SFK,Little Saxham,St Nicholas TR,,10 Nov 1850,Robert,WRIGHT,,Langham,,,,Susan,CRACK,,,,,,Henry,WRIGHT,labourer,John,CRACK,labourer,,,,,
SFK,Little Saxham,St Nicholas TR,,16 Nov 1850,Jonathan,HAGREEN,,Westly,,,,Harriet,CROW,,,,,,James,HAGREEN,labourer,Edmund,CROW,labourer,,,,,
SFK,Little Saxham,St Nicholas TR,,5 Dec 1850,Richard,HARRIS,,Chevington,widower,,,Ann Elizabeth,HARRALD,,,,,,Thomas,HARRIS,labourer,James,HARRALD,shoemaker,,,,,
