+INFO,freereg-suffolk@highfields1.plus.com ,password,SEQUENCED,BAPTISMS,cp437
#,CCC,JHarold,SUFFOLK,SFKLSABA.CSV,1 Sep 2011
#,CREDIT,Brian AVEY,freereg-suffolk@highfields1.plus.com
#,1 Sep 2011,transcript provided by Brian AVEY,
SFK,Little Saxham,St Nicholas TR,,,23 Nov 1559,Anne,F,Christopher,,BROOKE,,,,
SFK,Little Saxham,St Nicholas TR,,,14 Mar 1559/60,Henry,M,Edward,,HARWOOD,,,,
SFK,Little Saxham,St Nicholas TR,,,20 Mar 1559/60,Wylliam,M,Wylliam,,WARMER,,,,
SFK,Little Saxham,St Nicholas TR,,,15 Dec 1560,Wylliam,M,Robert,,SPALDING,,,,
SFK,Little Saxham,St Nicholas TR,,,1 Mar 1560/61,George,M,Thomas,,COOKE,,,,
SFK,Little Saxham,St Nicholas TR,,,22 Apr 1561,Elizabeth,F,,,HARWARD,,,,
SFK,Little Saxham,St Nicholas TR,,,23 Dec 1561,?,M,Robert,,WYLLINGHAM,,,,
SFK,Little Saxham,St Nicholas TR,,,3 May 1562,Elizabeth,F,Christopher,,BROOKE,,,,
SFK,Little Saxham,St Nicholas TR,,,11 Oct 1562,Robert,M,John,,FRIEND,,,,
SFK,Little Saxham,St Nicholas TR,,,* * 1563,Sir John,M,Thomas,,CROFTES,,,see note in register died 1628,
SFK,Little Saxham,St Nicholas TR,,,10 Mar 1562/63,John,M,John,,GARNER,,,,
SFK,Little Saxham,St Nicholas TR,,,10 Mar 1562/63,Thomas,M,James,,LARNER,,,,
SFK,Little Saxham,St Nicholas TR,,,25 Jul 1563,Wylliam,M,Thomas,,COOKE,,,,
SFK,Little Saxham,St Nicholas TR,,,14 Nov 1563,Edward,M,Wyllyam,,CLARKE,,,,
SFK,Little Saxham,St Nicholas TR,,,29 Nov 1563,Margaret,F,John,,MORRIS,,,,
SFK,Little Saxham,St Nicholas TR,,,4 Dec 1563,Constance,F,Edmund,,CROWE,,,,
SFK,Little Saxham,St Nicholas TR,,,17 Jan 1564/65,Wylliam,M,Henry,,SHARPE,,,,
SFK,Little Saxham,St Nicholas TR,,,28 Jan 1564/65,Jhon,M,Christopher,,BROOKE,,,,
SFK,Little Saxham,St Nicholas TR,,,20 Apr 1565,Henry,M,Thomas Esq,Susan,CROFTES,,,,
SFK,Little Saxham,St Nicholas TR,,,2 Mar 1565/66,John,M,James,Agnes,CRYKE,,,,
SFK,Little Saxham,St Nicholas TR,,,16 Mar 1565/66,Agnes,F,?,Helen,DAVY,,,,
SFK,Little Saxham,St Nicholas TR,,,13 Oct 1566,Thomas,M,Thomas,Constance,COOKE,,,,
SFK,Little Saxham,St Nicholas TR,,,27 Oct 1566,Susan,F,Edmund,Margaret,CROWE,,,,
SFK,Little Saxham,St Nicholas TR,,,28 Nov 1566,Richard,M,Thomas,Margaret,DIXE,,,,
SFK,Little Saxham,St Nicholas TR,,,30 Mar 1567,Frauncys,M,Thomas Esq,Susan,CROFTES,,,,
SFK,Little Saxham,St Nicholas TR,,,11 Dec 1567,Prescilla,F,Christopher,Emme,BROOKE,,,,
SFK,Little Saxham,St Nicholas TR,,,16 Apr 1568,Henry,M,Thomas,Margaret,DIXE,,,,
SFK,Little Saxham,St Nicholas TR,,,25 Apr 1568,William,M,Thomas Esq,Susan,CROFTES,,,,
SFK,Little Saxham,St Nicholas TR,,,25 Jul 1568,Rose,F,Jacob,Agnes,CRIKE,,,,
SFK,Little Saxham,St Nicholas TR,,,6 Apr 1569,Marie,F,Thomas,Constance,COOKE,,,,
SFK,Little Saxham,St Nicholas TR,,,18 Jun 1569,Anna,F,Thomas Esq,Susan,CROFTES,,,,
SFK,Little Saxham,St Nicholas TR,,,29 Jan 1569/70,Anne,F,Thomas,Margaret,DYXE,,,,
SFK,Little Saxham,St Nicholas TR,,,1 Jul 1570,Thomas,M,John,Helena,WILLET,,,,
SFK,Little Saxham,St Nicholas TR,,,10 Jun 1571,Christopher,M,John,Elizabeth,TOMSON,,,,
SFK,Little Saxham,St Nicholas TR,,,23 Aug 1571,Elizabeth,F,William,Agnes,WARREN,,,,
SFK,Little Saxham,St Nicholas TR,,,4 Sep 1571,George,M,George,Elizabeth,GARRARD,,,,
SFK,Little Saxham,St Nicholas TR,,,13 Apr 1572,Francis,F,John,Elizabeth,BENOLLT,,,,
SFK,Little Saxham,St Nicholas TR,,,7 Sep 1572,Hughe,M,John,Helene,WYLLET,,,,
SFK,Little Saxham,St Nicholas TR,,,14 Dec 1572,Francis,M,Thomas,Margaret,DYX,,,,
SFK,Little Saxham,St Nicholas TR,,,4 Jan 1572/73,Robert,M,Thomas Esq,Susan,CROFTES,,,,
SFK,Little Saxham,St Nicholas TR,,,29 Mar 1573,John,M,William,,MACHIN,,,,
SFK,Little Saxham,St Nicholas TR,,,Apr 1573,Richarde,M,John,Elizabeth,BENOLL,,,,
SFK,Little Saxham,St Nicholas TR,,,10 Jan 1574,Edmund,M,Thomas Esq,Susan,CROFTS,,,,
SFK,Little Saxham,St Nicholas TR,,,21 Nov 1574,Elizabeth,F,John,Alice,STEWARD,,,,
SFK,Little Saxham,St Nicholas TR,,,3 Mar 1574/75,Philipa,F,John,Elizabeth,BENOLL,,,,
SFK,Little Saxham,St Nicholas TR,,,3 Jul 1575,Elizabeth,F,John,Elizabeth,LAXHAM,,,,
SFK,Little Saxham,St Nicholas TR,,,28 Aug 1575,Thomas,M,William,An,MACHIN,,,,
SFK,Little Saxham,St Nicholas TR,,,4 Dec 1575,Margaret,F,Thomas,Margaret,DYXE,,,,
SFK,Little Saxham,St Nicholas TR,,,25 Apr 1576,Elizabeth,F,Thomas Esq,Susan,CROFTES,,,,
SFK,Little Saxham,St Nicholas TR,,,9 May 1576,An,F,John,Pernell,EMINES,,,,
SFK,Little Saxham,St Nicholas TR,,,30 May 1576,William,M,William,Agnes,WARREN,,,,
SFK,Little Saxham,St Nicholas TR,,,24 Mar 1576/77,Joan,F,John,Elizabeth,BENOLL,,,,
SFK,Little Saxham,St Nicholas TR,,,1 Feb 1577/78,Susan,F,Thomas Esq,Susan,CROFTES,,,,
SFK,Little Saxham,St Nicholas TR,,,10 Mar 1577/78,Richard,M,Richard,,GILLYBROWNE,,,,
SFK,Little Saxham,St Nicholas TR,,,14 Apr 1579,Thomas,M,William,Agnes,WAREN,,,,
SFK,Little Saxham,St Nicholas TR,,,16 Nov 1578,Alice,F,John,Elizabeth,BENOLL,,,,
SFK,Little Saxham,St Nicholas TR,,,13 Aug 1580,An,F,Geffery,Joane,BERYE,,,,
SFK,Little Saxham,St Nicholas TR,,,15 Aug 1580,An,F,John,Ann,BUDDE,,,,
SFK,Little Saxham,St Nicholas TR,,,12 Oct 1580,Elizabeth,F,John,,BENOLL,,,,
SFK,Little Saxham,St Nicholas TR,,,29 Oct 1580,Jane,F,Thomas Esq,Susan,CROFTES,,,,
SFK,Little Saxham,St Nicholas TR,,,28 Jan 1581/82,John,M,John,An,BUDD,,,,
SFK,Little Saxham,St Nicholas TR,,,4 Feb 1581/82,Dorithe,F,Thomas Esq,Susan,CROFTES,,,,
SFK,Little Saxham,St Nicholas TR,,,29 Feb 1581/82,Warren,M,William,Agnes,John,,,,
SFK,Little Saxham,St Nicholas TR,,,3 Mar 1581/82,An,F,John,Elizabeth,BENOLT,,,,
SFK,Little Saxham,St Nicholas TR,,,4 Mar 1581/82,Margaret,F,William,An,MACHIN,,,,
SFK,Little Saxham,St Nicholas TR,,,25 Feb 1582/83,Edmund,M,Gefery,Joane,BERYE,,,,
SFK,Little Saxham,St Nicholas TR,,,13 Oct 1583,Thomas,M,Thomas,Alice,ARNOLDE,,,,
SFK,Little Saxham,St Nicholas TR,,,25 Dec 1583,Edmunde,M,Edmunde,Alice,BRADNAME,,,,
SFK,Little Saxham,St Nicholas TR,,,5 Apr 1584,Susan,F,John,Elizabeth,BENOLL,,,,
SFK,Little Saxham,St Nicholas TR,,,8 Aug 1584,John,M,Francis,An,CROWE,,,,
SFK,Little Saxham,St Nicholas TR,,,12 Jan 1584/85,An,F,William,Agnes,WARREN,,,,
SFK,Little Saxham,St Nicholas TR,,,25 Apr 1585,Elizabeth,F,Jefferie,Joane,BERIE,,,,
SFK,Little Saxham,St Nicholas TR,,,24 Apr 1586,Steven,M,Thomas,Alice,ARNOLDE,,,,
SFK,Little Saxham,St Nicholas TR,,,3 Jul 1586,Marie,F,John,Elizabeth,BENALTE,,,,
SFK,Little Saxham,St Nicholas TR,,,3 Jul 1586,Sarie,F,John,Elizabeth,BENALTE,,,,
SFK,Little Saxham,St Nicholas TR,,,4 Sep 1586,An,F,Francis,An,CROWE,,,,
SFK,Little Saxham,St Nicholas TR,,,23 Apr 1587,Alice,F,Clement,Elizabeth,ROGERS,,,,
SFK,Little Saxham,St Nicholas TR,,,24 May 1587,Alice,F,George,Marget,PLESAUNTE,,,,
SFK,Little Saxham,St Nicholas TR,,,17 Sep 1587,Edmund,M,William,Ann,WARREN,,,,
SFK,Little Saxham,St Nicholas TR,,,12 Nov 1587,Steven,M,George,Eden,GARRET,,,,
SFK,Little Saxham,St Nicholas TR,,,4 Feb 1587/88,Jefferie,M,Jefferie,Joane,BERIE,,,,
SFK,Little Saxham,St Nicholas TR,,,28 Apr 1588,George,M,Rychard,,BISHOP,,,,
SFK,Little Saxham,St Nicholas TR,,,10 Nov 1588,Edmond,M,Francis,,CROWE,,,,
SFK,Little Saxham,St Nicholas TR,,,1 Dec 1588,Daniell,M,Daniell,,GILMIN,,,,
SFK,Little Saxham,St Nicholas TR,,,Jun 1589,Marie,F,George,,GARRET,,,,
SFK,Little Saxham,St Nicholas TR,,,1 Aug 1589,John,M,John,,BENALTE,,,,
SFK,Little Saxham,St Nicholas TR,,,1 Nov 1589,John,M,Miles,,BURLOND,,,,
SFK,Little Saxham,St Nicholas TR,,,25 Dec 1589,Thomas,M,George,,PLEASAUNTE,,,,
SFK,Little Saxham,St Nicholas TR,,,Apr 1590,Marie,F,Jefferie,,BERIE,,,,
SFK,Little Saxham,St Nicholas TR,,,26 Jul 1590,Thomas,M,Thomas,,CHINERIE,,,,
SFK,Little Saxham,St Nicholas TR,,,21 Sep 1590,Elizabeth,M,Thomas,,ROBINSON,,,,
SFK,Little Saxham,St Nicholas TR,,,13 Oct 1590,Marie,F,William,,WARREN,,,,
SFK,Little Saxham,St Nicholas TR,,,Dec 1590,Francis,M,George,,PLESAUNT,,,,
SFK,Little Saxham,St Nicholas TR,,,3 Jan 1590/91,John,M,Richard,,BISHOP,,,,
SFK,Little Saxham,St Nicholas TR,,,Feb 1590/91,Francis,M,Francis,,CROWE,,,,
SFK,Little Saxham,St Nicholas TR,,,9 Jan 1591/92,Margaret,F,Jefferie,,BERIE,,,,
SFK,Little Saxham,St Nicholas TR,,,2 Apr 1592,Robert,M,George,,GARRET,,,,
SFK,Little Saxham,St Nicholas TR,,,9 Apr 1592,Edmond,M,Miles,,BURLOND,,,,
SFK,Little Saxham,St Nicholas TR,,,Oct 1592,Robert,M,Thomas,,CHINERIE,,,,
SFK,Little Saxham,St Nicholas TR,,,Jul 1593,Anne,F,Francis,,CROWE,,,,
SFK,Little Saxham,St Nicholas TR,,,1 Jul 1593,Christian,F,Richard,,BISHOPE,,,,
SFK,Little Saxham,St Nicholas TR,,,8 Jul 1593,Margaret,F,,,SPENSER,,,,
SFK,Little Saxham,St Nicholas TR,,,24 Mar 1593/94,Thomas,M,Thomas,Mary,WYLLET,,,,
SFK,Little Saxham,St Nicholas TR,,,14 Apr 1594,Elizabeth,F,William,Susanne,SMITHE,,,,
SFK,Little Saxham,St Nicholas TR,,,14 Jul 1594,Thomas,M,John,Elyzabethe,BENALL,,,,
SFK,Little Saxham,St Nicholas TR,,,May 1595,Anthonie,F,Mr Anthony,Mris Elizabeth,PENNINGE,,,,
SFK,Little Saxham,St Nicholas TR,,,10 Jan 1595/96,John,M,Thomas,Mary,WILLET,,,,
SFK,Little Saxham,St Nicholas TR,,,29 Feb 1595/96,John,M,George,Margaret,PLESAUNCE,,,,
SFK,Little Saxham,St Nicholas TR,,,2 May 1596,Richard,M,Henry,Mildred,SPENSER,,,,
SFK,Little Saxham,St Nicholas TR,,,6 Jan 1596/97,Mary,F,Richard,Mary,SHILL,,,,
SFK,Little Saxham,St Nicholas TR,,,2 Feb 1596/97,Elizabeth,F,Mr Richard,Anne,GRESHAM,,,,
SFK,Little Saxham,St Nicholas TR,,,24 Apr 1597,Thomas,M,Francis,Anne,CROWE,,,,
SFK,Little Saxham,St Nicholas TR,,,12 Jun 1597,Roberte,M,Miles,Dorithy,BURLOND,,,,
SFK,Little Saxham,St Nicholas TR,,,16 Jun 1597,Thomas,M,Mr Francis,Margaret,CROFTES,,,,
SFK,Little Saxham,St Nicholas TR,,,4 Dec 1597,Christopher,M,George,Edeny,GARRET,,,,
SFK,Little Saxham,St Nicholas TR,,,7 May 1598,Mary,F,Thomas,Mary,WILLET,,,,
SFK,Little Saxham,St Nicholas TR,,,10 Dec 1598,Thomas,M,Francis,Ann,CROWE,,,,
SFK,Little Saxham,St Nicholas TR,,,26 Aug 1599,Francis,F,Charles,Katherinne,SHAWE,,,,
SFK,Little Saxham,St Nicholas TR,,,18 Nov 1599,Thomas,M,Henrie,Mildred,SPENSER,,,,
SFK,Little Saxham,St Nicholas TR,,,18 May 1600,Rose,F,Richard,Mary,SHILL,,,,
SFK,Little Saxham,St Nicholas TR,,,28 Sep 1600,William,M,Mr William,Jane,CROFTES,,,,
SFK,Little Saxham,St Nicholas TR,,,26 Oct 1600,Franncys,M,Thomas,Mary,WYLLET,,,,
SFK,Little Saxham,St Nicholas TR,,,* Apr 1601,Roger,M,Roger,Jane,EMINNE,,,,
SFK,Little Saxham,St Nicholas TR,,,18 Oct 1601,Edwarde,M,Charles,Katherine,SHAWE,,,,
SFK,Little Saxham,St Nicholas TR,,,17 Jan 1602,Jane,F,Mr William,Mris Jane,CROFTES,,,,
SFK,Little Saxham,St Nicholas TR,,,6 Jun 1602,Susan,F,Thomas,Bridget,KENT,,,,
SFK,Little Saxham,St Nicholas TR,,,19 Sep 1602,Priscilla,F,Francis,Anne,CROWE,,,,
SFK,Little Saxham,St Nicholas TR,,,12 Dec 1602,Anthony,M,Thomas,Mary,WYLLET,,,,
SFK,Little Saxham,St Nicholas TR,,,27 Dec 1602,Susan,F,William,Ellen,MASON,,,,
SFK,Little Saxham,St Nicholas TR,,,13 Mar 1602/03,Charles,M,Charles,Katherine,SHAWE,,,,
SFK,Little Saxham,St Nicholas TR,,,12 Oct 1603,Edmund,M,Roger,Jane,EMINNE,,,,
SFK,Little Saxham,St Nicholas TR,,,30 Oct 1603,Anne,F,Edmunde,Elizabeth,FROSTE,,,,
SFK,Little Saxham,St Nicholas TR,,,13 Nov 1603,Elizabeth,F,Thomas,Bridget,KENT,,,,
SFK,Little Saxham,St Nicholas TR,,,6 Jan 1604/05,Peter,M,Wylliam,Ellen,MASON,,,,
SFK,Little Saxham,St Nicholas TR,,,3 Mar 1604/05,Ambrose,M,Ambrose,Anne,GOLDSMITH,,,,
SFK,Little Saxham,St Nicholas TR,,,28 Mar 1605,Cyprian,M,Thomas,Mary,WYLLET,,,,
SFK,Little Saxham,St Nicholas TR,,,20 Oct 1605,Roger,M,Francys,Anne,CROWE,,,,
SFK,Little Saxham,St Nicholas TR,,,20 Oct 1605,Elizabeth,F,John,Alice,MAYHEW,,,,
SFK,Little Saxham,St Nicholas TR,,,27 Oct 1605,Margaret,F,Ambrose,Martha,GYLLYBROWNE,,,,
SFK,Little Saxham,St Nicholas TR,,,8 Jun 1606,Thomas,M,Richard,Elizabeth,GIPPES,,,,
SFK,Little Saxham,St Nicholas TR,,,23 Oct 1606,Jane,F,Roger,Jane,EMINE,,,,
SFK,Little Saxham,St Nicholas TR,,,1 Jan 1606/07,Mary,F,John,Alice,MAYHEW,,,,
SFK,Little Saxham,St Nicholas TR,,,15 Feb 1606/07,Susan,F,Henry,Anne,SPENSER,,,,
SFK,Little Saxham,St Nicholas TR,,,28 Jun 1607,Wyllyam,M,Abraham,Elizabeth,PEERSON,,,,
SFK,Little Saxham,St Nicholas TR,,,22 Nov 1607,Mary,F,Ambrose,Mary,GYLLYBROWNE,,,,
SFK,Little Saxham,St Nicholas TR,,,15 Dec 1607,Francys,M,Thomas,Bridget,KENT,,,,
SFK,Little Saxham,St Nicholas TR,,,16 Mar 1607/08,Edward,M,Thomas,Mary,WILLET,,,,
SFK,Little Saxham,St Nicholas TR,,,21 Jun 1608,Robert,M,Robert,Margery,DISSE,,,,
SFK,Little Saxham,St Nicholas TR,,,20 Sep 1608,John,M,John,Margaret,WYMARKE,,,,
SFK,Little Saxham,St Nicholas TR,,,15 Mar 1608/09,John,M,John,Alice,MAYHEW,,,,
SFK,Little Saxham,St Nicholas TR,,,21 Jun 1609,Frances,F,Roger,Jane,EMINE,,,,
SFK,Little Saxham,St Nicholas TR,,,17 Dec 1609,Bridget,F,Thomas,Bridget,KENT,,,,
SFK,Little Saxham,St Nicholas TR,,,30 Sep 1610,Thomas,M,Thomas,Anne,ASHFIELD,,,,
SFK,Little Saxham,St Nicholas TR,,,28 Oct 1610,Margaret,F,John,Alice,MAYHEW,,,,
SFK,Little Saxham,St Nicholas TR,,,8 Nov 1610,Margaret,F,Thomas,Mary,WILLET,,,,
SFK,Little Saxham,St Nicholas TR,,,11 Nov 1610,Mary,F,John,Margaret,WYMARKE,,,,
SFK,Little Saxham,St Nicholas TR,,,9 Dec 1610,Wylliam,M,Wylliam,Anne,DAWSON,,,,
SFK,Little Saxham,St Nicholas TR,,,31 Mar 1611,Anne,F,Robert,Margery,DISSE,,,,
SFK,Little Saxham,St Nicholas TR,,,31 May 1612,William,M,Thomas,Bridget,KENT,,,,
SFK,Little Saxham,St Nicholas TR,,,14 Jun 1612,Anne,F,Roger,Jane,EMINE,,,,
SFK,Little Saxham,St Nicholas TR,,,18 Oct 1612,Richard,M,Thomas,Anne,ASHFIELD,,,,
SFK,Little Saxham,St Nicholas TR,,,6 Dec 1612,Alice,F,John,Alice,MAYHEW,,,,
SFK,Little Saxham,St Nicholas TR,,,10 Feb 1612/13,Henry,M,Henry,Anne,SPENSER,,,,
SFK,Little Saxham,St Nicholas TR,,,16 May 1613,Martha,F,Wylliam,Martha,ESTLINNE,,,,
SFK,Little Saxham,St Nicholas TR,,,19 Sep 1613,Robert,M,Thomas,Mary,WILLET,,,,
SFK,Little Saxham,St Nicholas TR,,,5 Dec 1613,Thomas,M,Thomas,Anne,MACHYN,,,,
SFK,Little Saxham,St Nicholas TR,,,27 Mar 1614,John,M,William,Anne,DAWSON,,,,
SFK,Little Saxham,St Nicholas TR,,,28 Aug 1614,Dorathie,F,John,Margaret,WIMARKE,,,,
SFK,Little Saxham,St Nicholas TR,,,Nov 1614,,M,Ambrose,,GILLIBROWNE,,,,
SFK,Little Saxham,St Nicholas TR,,,4 Jan 1614/15,Ambrose,M,John,Alce,MAHEW,,,,
SFK,Little Saxham,St Nicholas TR,,,19 Jan 1614/15,Thomas,M,Thomas,Bridget,KENT,,,,
SFK,Little Saxham,St Nicholas TR,,,14 Mar 1614/15,George,M,George,Joone,PLOMTON,,,,
SFK,Little Saxham,St Nicholas TR,,,30 Apr 1615,Mary,F,John,Sara,FLETCHER,,,,
SFK,Little Saxham,St Nicholas TR,,,2 May 1615,Elizabeth,F,Richard,Anne,BENNALL,,,,
SFK,Little Saxham,St Nicholas TR,,,4 May 1615,William,M,Thomas,Anne,MACHIN,,,,
SFK,Little Saxham,St Nicholas TR,,,8 May 1616,James,M,John,Margaret,WIMARKE,,,,
SFK,Little Saxham,St Nicholas TR,,,5 Jul 1616,Jhon,M,Sir John kt,Lady Dorrithie,BENNETT,,,,
SFK,Little Saxham,St Nicholas TR,,,3 Nov 1646,Elizabeth,F,Richard,Elizabeth,YOUNG,,,,
SFK,Little Saxham,St Nicholas TR,,,18 Mar 1616/17,Thomas,M,John,Mary,BENNALL,,,,
SFK,Little Saxham,St Nicholas TR,,,30 Mar 1617,Mary,F,Thomas,Anne,MACHIN,,,,
SFK,Little Saxham,St Nicholas TR,,,13 Jul 1617,Ann,F,Thomas,Bridget,KENT,,,,
SFK,Little Saxham,St Nicholas TR,,,27 Aug 1617,Thomas,M,Sir John kt,Lady Frances,CROMPTON,,,,
SFK,Little Saxham,St Nicholas TR,,,5 Oct 1617,Bridget,F,John,Saray,FLETCHER,,,,
SFK,Little Saxham,St Nicholas TR,,,7 Oct 1617,Nathauniell,M,Richard,Anne,BENNALL,,,,
SFK,Little Saxham,St Nicholas TR,,,7 Oct 1617,James,M,John,Alse,MAYHEWE,,,,
SFK,Little Saxham,St Nicholas TR,,,1 Jan 1617/18,Elyzabeth,F,William,Anne,DASON,,,,
SFK,Little Saxham,St Nicholas TR,,,29 May 1618,Mary,F,Henry,Mary,LETCHFILDE,,,,
SFK,Little Saxham,St Nicholas TR,,,5 Jul 1618,John,M,John,Susan,LINGE,,,,
SFK,Little Saxham,St Nicholas TR,,,4 Aug 1618,Edmonde,M,Sir Henry kt,Lady Elizabeth,CROFTES,,,,
SFK,Little Saxham,St Nicholas TR,,,6 Sep 1618,Henrye,M,Sir John kt,Lady Dorrithy,BENNETT,,,,
SFK,Little Saxham,St Nicholas TR,,,8 Sep 1618,Charles,M,Sir John kt,Lady Frances,CROMPTON,,,,
SFK,Little Saxham,St Nicholas TR,,,7 Mar 1618/19,Phillis,F,Richard,Anne,BENNALL,,,,
SFK,Little Saxham,St Nicholas TR,,,15 Aug 1619,Constance,F,Thomas,Susan,HAYWARD,,,,
SFK,Little Saxham,St Nicholas TR,,,16 Jan 1619/20,John,M,John,Sara,FLETCHER,,,,
SFK,Little Saxham,St Nicholas TR,,,11 Jun 1620,Edward,M,Sir John,Lady Frances,CROMPTON,,,,
SFK,Little Saxham,St Nicholas TR,,,11 Jun 1620,John,M,Michaell,Elizabeth,EMONT,,,,
SFK,Little Saxham,St Nicholas TR,,,1 Aug 1620,Elizabeth,F,John,Margerett,WYMARKE,,,,
SFK,Little Saxham,St Nicholas TR,,,3 Aug 1620,Siscelie,F,Thomas,Bridgett,KENT,,,,
SFK,Little Saxham,St Nicholas TR,,,12 Aug 1620,Elizabeth,F,Thomas,Isabell,PLEASANTE,,,,
SFK,Little Saxham,St Nicholas TR,,,1 Nov 1620,Ann,F,Thomas,Ann,MACHAM,,,,
SFK,Little Saxham,St Nicholas TR,,,24 Feb 1620/21,Henry,M,Richard,Ann,BENNALL,,,,
SFK,Little Saxham,St Nicholas TR,,,* Apr 1621,?,,John,,WYMARKES,,,,
SFK,Little Saxham,St Nicholas TR,,,23 Oct 1621,Margerite,F,Thomas,Elizabeth,NUNN,,,,
SFK,Little Saxham,St Nicholas TR,,,28 Oct 1621,Frances,M,Sir John,Lady Frances,CROMPTON,,,,
SFK,Little Saxham,St Nicholas TR,,,30 Jan 1621/22,John,M,John,Alice,MAY,,,,
SFK,Little Saxham,St Nicholas TR,,,30 Jan 1621/22,Izabell,F,Thomas,Izabell,PLEASANT,,,,
SFK,Little Saxham,St Nicholas TR,,,10 Apr 1622,John,M,Sir Humfry kt,Lady Jane,MYLEMY,,,,
SFK,Little Saxham,St Nicholas TR,,,12 May 1622,James,M,John,Sara,FLETCHER,,,,
SFK,Little Saxham,St Nicholas TR,,,11 Aug 1622,John,M,Robart,Dorothie,HOODE,,,,
SFK,Little Saxham,St Nicholas TR,,,26 Dec 1622,Ann,F,Michaell,Elizabeth,EMONT,,,,
SFK,Little Saxham,St Nicholas TR,,,19 Feb 1623,Thomas,M,Richard,Ann,BENNALL,,,,
SFK,Little Saxham,St Nicholas TR,,,18 Jul 1623,Anthony,M,Sir John kt,Lady Frances,CROMPTON,,,,
SFK,Little Saxham,St Nicholas TR,,,7 Sep 1623,John,M,Robert,Ellin,MANNING,,,,
SFK,Little Saxham,St Nicholas TR,,,30 Sep 1623,Sammuell,M,John,Alse,MAYHEWE,,,,
SFK,Little Saxham,St Nicholas TR,,,11 Dec 1623,Margrett,F,Thomas,Bridget,KENT,,,,
SFK,Little Saxham,St Nicholas TR,,,25 Jul 1624,Elysabeth,F,Thomas,Isabell,PLEASANCE,,,,
SFK,Little Saxham,St Nicholas TR,,,20 Mar 1624/25,Elizabeth,F,William,Ann,PATTELL,,,,
SFK,Little Saxham,St Nicholas TR,,,22 Mar 1624/25,Mary,F,Michaell,Elizabeth,EMONT,,,,
SFK,Little Saxham,St Nicholas TR,,,26 May 1625,Rose,F,Richard,Ann,BENNALL,,,,
SFK,Little Saxham,St Nicholas TR,,,2 Apr 1626,Katheryne,F,Thomas,Bridgett,KENT,,,,
SFK,Little Saxham,St Nicholas TR,,,15 Oct 1626,Elizabeth,F,Henry,Katherin,HOLDING,,,,
SFK,Little Saxham,St Nicholas TR,,,26 Mar 1627,William,M,William,Ann,PATTLE,,,,
SFK,Little Saxham,St Nicholas TR,,,15 Apr 1627,Amye,F,Michael,Elizabeth,EMONT,,,,
SFK,Little Saxham,St Nicholas TR,,,18 Aug 1627,Thomas,M,Robert,Margerite,SIMPSON,,,,
SFK,Little Saxham,St Nicholas TR,,,25 Nov 1627,Abraham,M,Richard,Ann,BENNALL,,,,
SFK,Little Saxham,St Nicholas TR,,,17 Apr 1628,John,M,Henry,Katherin,HOLDEN,,,,
SFK,Little Saxham,St Nicholas TR,,,29 Apr 1628,Michael,M,William,Ann,PATTLE,,,,
SFK,Little Saxham,St Nicholas TR,,,10 Aug 1628,Robert,M,Thomas,Isabell,PLEASANTS,,,,
SFK,Little Saxham,St Nicholas TR,,,12 Aug 1628,Richard,M,John,Sarah,FLETCHER,,,,
SFK,Little Saxham,St Nicholas TR,,,3 Dec 1628,Henry,M,Robert,Mariscoe,WINTER,,,,
SFK,Little Saxham,St Nicholas TR,,,9 May 1629,Cicily,F,Michaell,Elizabeth,EMONT,,,,
SFK,Little Saxham,St Nicholas TR,,,22 Sep 1629,Frances,F,Mr Edmond,Lady,POOLYE,CROMPTON,,,
SFK,Little Saxham,St Nicholas TR,,,25 Mar 1630,Francis,M,Francis,Susan,RIDGIN,,,,
SFK,Little Saxham,St Nicholas TR,,,25 Mar 1630,Richard,M,Francis,Susan,RIDGIN,,,,
SFK,Little Saxham,St Nicholas TR,,,14 Sep 1630,Margeret,F,Harry,Katheren,HOLDEN,,,,
SFK,Little Saxham,St Nicholas TR,,,6 Oct 1631,Susan,F,Michael,Elizabeth,EMONT,,,,
SFK,Little Saxham,St Nicholas TR,,,16 Oct 1631,Thomas,M,Francis,Katheren,WILLET,,,,
SFK,Little Saxham,St Nicholas TR,,,25 May 1632,Thomas,M,Robert,Mariscoe,WINTER,,,,
SFK,Little Saxham,St Nicholas TR,,,12 Dec 1633,Thomas,M,John,Bridgett,KILDERBYE,,,,
SFK,Little Saxham,St Nicholas TR,,,24 Dec 1633,Thomas,M,,Priscilla,,CROWE,,,
SFK,Little Saxham,St Nicholas TR,,,20 Feb 1633/34,Sarah,F,Michael,Elizabeth,EMONT,,,,
SFK,Little Saxham,St Nicholas TR,,,23 Mar 1633/34,Edmund,M,John,Sarah,FLETCHER,,,,
SFK,Little Saxham,St Nicholas TR,,,15 Jul 1634,Elizabeth,F,Robert,Mary,WINTER,,,,
SFK,Little Saxham,St Nicholas TR,,,17 Aug 1634,Ann,F,Robert,Hellen,MANNING,,,,
SFK,Little Saxham,St Nicholas TR,,,26 Oct 1634,John,M,Edward,Mary,FROST,,,,
SFK,Little Saxham,St Nicholas TR,,,31 May 1635,Elysabeth,F,William,Susan,PEIRSON,,,,
SFK,Little Saxham,St Nicholas TR,,,17 Apr 1636,Frances,F,Michael,Elizabeth,EMONT,,,,
SFK,Little Saxham,St Nicholas TR,,,15 Jan 1636/37,Margerett,F,Robert,Mariscoe,WINTER,,,,
SFK,Little Saxham,St Nicholas TR,,,28 Jun 1637,Katherin,F,Sir Henry,Lady Elizabeth,CROFTES,,,,
SFK,Little Saxham,St Nicholas TR,,,3 Dec 1637,Thomas,M,Thomas,Elizabeth,HOWE,,,,
SFK,Little Saxham,St Nicholas TR,,,3 Dec 1637,Susan,F,Richard,Mary,WOODGATE,,,,
SFK,Little Saxham,St Nicholas TR,,,28 Jan 1637/38,Margerett,F,John,Rebeckah,BARKWAY,,,,
SFK,Little Saxham,St Nicholas TR,,,27 May 1638,Elizabeth,F,Edward,Mary,FROST,,,,
SFK,Little Saxham,St Nicholas TR,,,16 Jun 1639,Robert,M,Robert,Mariscoe,WINTER,,,,
SFK,Little Saxham,St Nicholas TR,,,23 Jun 1639,Margerite,F,William,Grisell,TEBBIT,,,,
SFK,Little Saxham,St Nicholas TR,,,3 May 1640,Elizabeth,F,Richard,Marye,WOODGATE,,,,
SFK,Little Saxham,St Nicholas TR,,,10 May 1640,Elizabeth,F,Daniell,Ann,SHULVER,,,,
SFK,Little Saxham,St Nicholas TR,,,15 Aug 1641,Helline,F,Edward,Mary,FROST,,,,
SFK,Little Saxham,St Nicholas TR,,,5 Feb 1641/42,Margaritt,F,Thomas,Elizabeth,HOWE,,,,
SFK,Little Saxham,St Nicholas TR,,,27 Mar 1642,John,M,Richard,Marie,WOODGATT,,,,
SFK,Little Saxham,St Nicholas TR,,,15 May 1642,Edmond,M,Roger,,CROW,,,,
SFK,Little Saxham,St Nicholas TR,,,15 May 1642,Margarett,F,Daniell,Ann,SHULVER,,,,
SFK,Little Saxham,St Nicholas TR,,,30 Jun 1644,John,M,James,Margarett,PLEASANCE,,,,
SFK,Little Saxham,St Nicholas TR,,,22 Sep 1644,Elizabeth,F,Roger,Elizabeth,CROWE,,,,
SFK,Little Saxham,St Nicholas TR,,,10 Oct 1644,Henry,M,Sir Henry,Margerie,CROFTS,,,,
SFK,Little Saxham,St Nicholas TR,,,20 Oct 1644,Elizabeth,F,Richard,Mary,WOODGATE,,,,
SFK,Little Saxham,St Nicholas TR,,,14 Nov 1644,Daniell,M,Daniell,Anne,SHULVER,,,,
SFK,Little Saxham,St Nicholas TR,,,21 Jun 1646,Anne,F,Roger,Elizabeth,CROWE,,,,
SFK,Little Saxham,St Nicholas TR,,,26 Nov 1646,Robert,M,Thomas,Elizabeth,HOWE,,,,
SFK,Little Saxham,St Nicholas TR,,,25 Jan 1647,Mary,F,Sir Henry,Dame Margerie,CROFTS,,,,
SFK,Little Saxham,St Nicholas TR,,,2 Feb 1646/47,Roger,M,Daniell,Anne,SHULVER,,,,
SFK,Little Saxham,St Nicholas TR,,,20 Sep 1647,Susanna,F,James,Margarett,PLEASANCE,,,,
SFK,Little Saxham,St Nicholas TR,,,28 Mar 1648,Anne,F,Henry,Margarett,WABIE,,,,
SFK,Little Saxham,St Nicholas TR,,,2 Sep 1648,Annis,F,John,Alse,FLETCHER,,,,
SFK,Little Saxham,St Nicholas TR,,,1 Jan 1648/49,Elizabeth,F,Henry,Mary,HOLDEN,,,,
SFK,Little Saxham,St Nicholas TR,,,2 Aug 1649,Edward,M,John,Bridgett,HEYWARD,,,,
SFK,Little Saxham,St Nicholas TR,,,20 Sep 1649,John,M,Daniell,Anne,SHULVER,,,,
SFK,Little Saxham,St Nicholas TR,,,12 Jun 1650,John,M,John,,FLETCHER,,,,
SFK,Little Saxham,St Nicholas TR,,,30 Jun 1650,Henry,M,Henry,Mary,HOLDEN,,,,
SFK,Little Saxham,St Nicholas TR,,,8 Sep 1650,John,M,Roger,,CROWE,,,,
SFK,Little Saxham,St Nicholas TR,,,28 Sep 1652,Margarett,F,Henry,Margarett,WABIE,,,,
SFK,Little Saxham,St Nicholas TR,,,8 Feb 1652/53,James,M,John,,GAYFER,,,,
SFK,Little Saxham,St Nicholas TR,,,24 Feb 1652/53,Thomas,M,Henry,,HOLDEN,,,,
SFK,Little Saxham,St Nicholas TR,,,4 Jul 1653,Margarett,F,John,Sarah,WEYMARKE,,,,
SFK,Little Saxham,St Nicholas TR,,,4 Jul 1653,Jankin,M,Jankin,,?,,shepherd,,
SFK,Little Saxham,St Nicholas TR,,,27 Oct 1654,John,M,John,Sarah,WEYMARKE,,,,
SFK,Little Saxham,St Nicholas TR,,,2 Dec 1654,William,M,Edmund,Mary,ARNOLD,,,,
SFK,Little Saxham,St Nicholas TR,,,3 Jan 1654/55,Francis,M,Richard,Elizabeth,BROWNE,,,,
SFK,Little Saxham,St Nicholas TR,,,26 Feb 1655/56,Rose,F,Peter,Rose,GAUNT,,,,
SFK,Little Saxham,St Nicholas TR,,,2 Mar 1656/57,,F,Greene,,GREENE,,,,
SFK,Little Saxham,St Nicholas TR,,,3 May 1657,Thomas,M,Thomas,Margarett,PERKINS,,,,
SFK,Little Saxham,St Nicholas TR,,,3 Dec 1657,Edward,M,Edward,,GREENE,,,,
SFK,Little Saxham,St Nicholas TR,,,11 Mar 1657/58,Dorothie,F,Robert,Anne,MACHIN,,,,
SFK,Little Saxham,St Nicholas TR,,,2 Apr 1658,Samuell,M,Edmund,Mary,ARNOLD,,,,
SFK,Little Saxham,St Nicholas TR,,,25 Apr 1658,Elizabeth,F,Edmund,Isabell,PLEASANCE,,,,
SFK,Little Saxham,St Nicholas TR,,,1 Oct 1658,Luke,M,Luke,Sarah,MAY,,,,
SFK,Little Saxham,St Nicholas TR,,,1 May 1659,Alice,F,John,Alice,FLETCHER,,,,
SFK,Little Saxham,St Nicholas TR,,,15 Mar 1660,Mary,F,Richard,Elizabeth,BROWNE,,,,
SFK,Little Saxham,St Nicholas TR,,,5 Jan 1661/62,Edmund,M,Thomas,Ann,CARVER,,,,
SFK,Little Saxham,St Nicholas TR,,,27 Apr 1662,John,M,William,Penelope,GREEN,,,,
SFK,Little Saxham,St Nicholas TR,,,5 Sep 1662,Elizabeth,F,Thomas,Helen,MAHEW,,,,
SFK,Little Saxham,St Nicholas TR,,,22 Mar 1662/63,Elisabeth,F,Giles,Ann,COLE,,,,
SFK,Little Saxham,St Nicholas TR,,,6 Sep 1663,John,M,Robert,Anne,MACHIN,,,,
SFK,Little Saxham,St Nicholas TR,,,8 Apr 1664,William,M,Edmund,Isabel,PLEASANCE,,,,
SFK,Little Saxham,St Nicholas TR,,,30 Oct 1664,Abraham,M,Abraham,Martha,BENHAL,,,,
SFK,Little Saxham,St Nicholas TR,,,5 Mar 1664/65,Margaret,F,Giles,Anne,COLE,,,,
SFK,Little Saxham,St Nicholas TR,,,1 Nov 1665,Bridget,F,John,Bridget,REYNOLDS,,,,
SFK,Little Saxham,St Nicholas TR,,,11 Mar 1665/66,Robert,M,Robert,Ann,MACHIN,,,,
SFK,Little Saxham,St Nicholas TR,,,14 Dec 1666,Richard,M,Abraham,Martha,BENNAL,,,,
SFK,Little Saxham,St Nicholas TR,,,25 Jul 1667,Elizabeth,F,John,Ann,DENTE,,,,
SFK,Little Saxham,St Nicholas TR,,,30 Aug 1668,Mary,F,Edward,Elizabeth,MURTON,,,from Grt Saxham no minister,
SFK,Little Saxham,St Nicholas TR,,,13 Dec 1668,Elizabeth,F,John,Ann,DENT,,,,
SFK,Little Saxham,St Nicholas TR,,,30 Jan 1668/69,Mary,F,Willyam,Mary,PLAYFER,,,,
SFK,Little Saxham,St Nicholas TR,,,29 Aug 1669,Elizabeth,F,Thomas,Debora,CROW,,,,
SFK,Little Saxham,St Nicholas TR,,,10 Oct 1669,John,M,John,Margaret,COPPIN,,,,
SFK,Little Saxham,St Nicholas TR,,,26 Apr 1671,Willyam,M,Willyam,Susan,EASTLING,,,,
SFK,Little Saxham,St Nicholas TR,,,7 May 1671,John,M,Abraham,Martha,BENALL,,,,
SFK,Little Saxham,St Nicholas TR,,,7 Jan 1671/72,Alce,F,Charles,Alce,WEEB,,,,
SFK,Little Saxham,St Nicholas TR,,,10 Mar 1671/72,James,M,John,Marget,JOLLE,,,,
SFK,Little Saxham,St Nicholas TR,,,29 Sep 1672,Joseph,M,John,Margaret,COPPIN,,,,
SFK,Little Saxham,St Nicholas TR,,,4 Oct 1672,Elizabeth,F,Roger,Elizabeth,EDWARDS,,,,
SFK,Little Saxham,St Nicholas TR,,,20 Apr 1673,Charles,M,Charles,Alce,WEEB,,,,
SFK,Little Saxham,St Nicholas TR,,,29 Jun 1673,Thomas,M,Thomas,Debora,CROW,,,,
SFK,Little Saxham,St Nicholas TR,,,13 Jul 1673,Joyce,F,Thomas,Joyce,BLADWELL,,,,
SFK,Little Saxham,St Nicholas TR,,,29 Jul 1673,John,M,John,Mary,TYLER,,,,
SFK,Little Saxham,St Nicholas TR,,,3 Oct 1673,Mary,F,Abraham,Martha,BENALL,,,,
SFK,Little Saxham,St Nicholas TR,,,11 Apr 1675,Mary,F,Benjamin,Mary,MILLER,,,,
SFK,Little Saxham,St Nicholas TR,,,24 Apr 1675,Frances,F,Clement,Ann,SERGEANT,,,,
SFK,Little Saxham,St Nicholas TR,,,14 Oct 1675,William,M,Alexander,Mary,OSWELL,,,,
SFK,Little Saxham,St Nicholas TR,,,14 Oct 1675,Margaret,F,John,Mary,TILER,,,,
SFK,Little Saxham,St Nicholas TR,,,20 Jun 1676,Thomas,M,John,Margaret,COPPEN,,,,
SFK,Little Saxham,St Nicholas TR,,,3 Oct 1676,Susan,F,Charles,Alice,WEB,,,,
SFK,Little Saxham,St Nicholas TR,,,16 Nov 1676,Clement,M,Clement,Ann,SERGEANT,,,,
SFK,Little Saxham,St Nicholas TR,,,10 Dec 1676,Benjamin,M,Benjamin,Mary,MILLER,,,,
SFK,Little Saxham,St Nicholas TR,,,1 Feb 1676/77,Mary,F,Alexander,Mary,OSWELL,,,,
SFK,Little Saxham,St Nicholas TR,,,4 Feb 1676/77,Elizabeth,F,John,Elizabeth,MAYPOLE,,,,
SFK,Little Saxham,St Nicholas TR,,,22 Apr 1677,Mary,F,Thomas,Deborah,CROW,,,,
SFK,Little Saxham,St Nicholas TR,,,2 Sep 1677,Robert,M,Robert,Margaret,BUCKLE,,,,
SFK,Little Saxham,St Nicholas TR,,,9 Sep 1677,Elizabeth,F,Edmund,Susan,SPARK,,,,
SFK,Little Saxham,St Nicholas TR,,,25 Dec 1677,Abraham,M,John dcd,Margaret,COPPIN,,,,
SFK,Little Saxham,St Nicholas TR,,,3 Jan 1677/78,Edward,M,John,Elizabeth,BILTON,,,,
SFK,Little Saxham,St Nicholas TR,,,1 Jul 1678,Rachel,F,,Dorothy,,MEACHAM,,,
SFK,Little Saxham,St Nicholas TR,,,12 Aug 1678,John,M,John,Rachel,LAIT,,,,
SFK,Little Saxham,St Nicholas TR,,,8 Dec 1678,An,F,John,Deborah,CROW,,,,
SFK,Little Saxham,St Nicholas TR,,,23 Mar 1678/79,Margaret,F,Robert,Margaret,BUCKLE,,,,
SFK,Little Saxham,St Nicholas TR,,,1 May 1679,Susanna,F,John,Elizabeth,WEYMARK,,,,
SFK,Little Saxham,St Nicholas TR,,,26 May 1679,Mary,M,John,Rachel,LAIT,,,,
SFK,Little Saxham,St Nicholas TR,,,7 Aug 1679,Elizabeth,F,John,Elizabeth,BILTON,,,,
SFK,Little Saxham,St Nicholas TR,,,18 Apr 1680,Rachel,F,John,Rachel,LAIT,,,,
SFK,Little Saxham,St Nicholas TR,,,27 Jun 1680,Mary,F,Robert,Margaret,BUCKLE,,,,
SFK,Little Saxham,St Nicholas TR,,,7 Oct 1680,John,M,John,Elizabeth,BILTON,,,,
SFK,Little Saxham,St Nicholas TR,,,5 Feb 1680/81,An,F,Clement,An,SERJEANT,,,,
SFK,Little Saxham,St Nicholas TR,,,22 Sep 1681,Martha,F,Abraham,Martha,BENNAL,,,,
SFK,Little Saxham,St Nicholas TR,,,9 Feb 1681/82,Margaret,F,John,Elizabeth,WEYMARK,,,,
SFK,Little Saxham,St Nicholas TR,,,12 Feb 1682,John,M,Thomas,Deborah,CROW,,,,
SFK,Little Saxham,St Nicholas TR,,,9 Apr 1682,Margaret,F,John,Mary,MAYPOLE,,,,
SFK,Little Saxham,St Nicholas TR,,,20 Apr 1682,An,F,John,Elizabeth,BILTON,,cleric,,
SFK,Little Saxham,St Nicholas TR,,,23 Sep 1682,Susannah,F,John,Rachel,LAIT,,,,
SFK,Little Saxham,St Nicholas TR,,,23 Jan 1682/83,Susan,F,William,Susan,ARNOLD,,,,
SFK,Little Saxham,St Nicholas TR,,,6 Sep 1683,Mary,F,Alexander,Mary,OSWEL,,,,
SFK,Little Saxham,St Nicholas TR,,,14 Oct 1683,James,M,William,Margaret,GAYFER,,,,
SFK,Little Saxham,St Nicholas TR,,,14 Dec 1683,Thomas,M,Thomas,An,CLARK,,,,
SFK,Little Saxham,St Nicholas TR,,,6 Aug 1684,Anthony,M,Major William,Mrs Ann,CROFTS,,,,
SFK,Little Saxham,St Nicholas TR,,,18 Sep 1684,John,M,John,Elizabeth,WEYMARK,,,,
SFK,Little Saxham,St Nicholas TR,,,7 Dec 1684,Mary,F,David,Mary,CHURCH,,,,
SFK,Little Saxham,St Nicholas TR,,,27 Dec 1684,John,M,William,Margaret,GAYFER,,,,
SFK,Little Saxham,St Nicholas TR,,,15 May 1685,Mary,F,Major William,Dame Ann,CROFTS,,,,
SFK,Little Saxham,St Nicholas TR,,,6 Aug 1685,Mary,F,John,Elizabeth,BILTON,,cleric,,
SFK,Little Saxham,St Nicholas TR,,,11 Feb 1685/86,Sarah,F,John,Mary,MAYPOLE,,,,
SFK,Little Saxham,St Nicholas TR,,,18 Nov 1686,Martha,F,Alexander,Mary,OSWELL,,,,
SFK,Little Saxham,St Nicholas TR,,,5 May 1687,Margaret,F,William,Margaret,GAINFORD,,,,
SFK,Little Saxham,St Nicholas TR,,,4 Sep 1687,David,M,David,Mary,CHURCH,,,,
SFK,Little Saxham,St Nicholas TR,,,10 Nov 1687,Elizabeth,F,John,Elizabeth,JASKEN,,,,
SFK,Little Saxham,St Nicholas TR,,,2 Feb 1687/88,Elizabeth,F,Thomas,Rachel,MARSHAL,,,,
SFK,Little Saxham,St Nicholas TR,,,22 Jun 1688,James,M,John,Elizabeth,DIEPER,,,,
SFK,Little Saxham,St Nicholas TR,,,26 Oct 1688,John,M,John,Elizabeth,JASKEN,,,,
SFK,Little Saxham,St Nicholas TR,,,25 Nov 1688,Thomas,M,John,Ann,MOTLOCK,,,,
SFK,Little Saxham,St Nicholas TR,,,1 Feb 1688/89,Mary,F,John,Alice,CORNWELL,,,,
SFK,Little Saxham,St Nicholas TR,,,11 Apr 1689,Ann,F,Thomas,Rachel,MARSHAL,,,,
SFK,Little Saxham,St Nicholas TR,,,29 Dec 1689,Ann,F,Robert,,PATERIDGE,,,of Silam ,
SFK,Little Saxham,St Nicholas TR,,,5 Jan 1689/90,Hanna,F,Alexander,Mary,OSWELL,,,,
SFK,Little Saxham,St Nicholas TR,,,10 Jun 1690,Charles,M,William Esq,Dame Ann,CROFTES,,,,
SFK,Little Saxham,St Nicholas TR,,,14 Jun 1690,Richard,M,John,Alice,CORNWELL,,,,
SFK,Little Saxham,St Nicholas TR,,,21 Dec 1690,Elizabeth,F,John,Ann,CANDLER,,,,
SFK,Little Saxham,St Nicholas TR,,,9 Oct 1691,John,M,William Esq,Ann,CROFTS,,,,
SFK,Little Saxham,St Nicholas TR,,,3 Nov 1691,John,M,John,Elizabeth,PALFRY,,,,
SFK,Little Saxham,St Nicholas TR,,,26 Nov 1691,John,M,John,Ann,CANDLER,,,,
SFK,Little Saxham,St Nicholas TR,,,5 Jan 1691/92,Ann,F,John,Alice,CORNWALL,,,,
SFK,Little Saxham,St Nicholas TR,,,17 Jan 1692/93,Henry,M,William Esq,Ann,CROFTS,,,,
SFK,Little Saxham,St Nicholas TR,,,12 Feb 1692/93,Finsham,?,,,LAMB,,,,
SFK,Little Saxham,St Nicholas TR,,,15 Mar 1692/93,Thomas,M,,,SERGEANT,,,,
SFK,Little Saxham,St Nicholas TR,,,14 Dec 1693,Barbary,F,John,Elizabeth,WEYMACK,,,,
SFK,Little Saxham,St Nicholas TR,,,17 Apr 1694,John,M,John,Alice,CORNWELL,,,,
SFK,Little Saxham,St Nicholas TR,,4 Apr 1695,13 May 1695,Martha,F,John,Elizabeth,WEYMACK,,,,
SFK,Little Saxham,St Nicholas TR,,24 * 1695,24 * 1695,William,M,William,Elizabeth,NORMAN,,,,
SFK,Little Saxham,St Nicholas TR,,,28 Feb 1695/96,Alice,F,John,Alice,CORNWALL,,,,
SFK,Little Saxham,St Nicholas TR,,,26 Apr 1696,Anne,F,John,Dorathy,REVE,,,,
SFK,Little Saxham,St Nicholas TR,,,17 May 1696,Margaret,F,,Margaret,,GIPPS,,base child,
SFK,Little Saxham,St Nicholas TR,,,16 Jul 1696,Margaret,F,John,Elizabeth,WEYMACK,,,,
SFK,Little Saxham,St Nicholas TR,,,12 Sep 1697,Sarah,F,John,Elizabeth,WEYMACK,,,,
SFK,Little Saxham,St Nicholas TR,,,30 Apr 1698,Deborah,F,John,Alice,CORNWALL,,,,
SFK,Little Saxham,St Nicholas TR,,,13 Aug 1698,Elizabeth,F,John,Rose,GARRALD,,,,
SFK,Little Saxham,St Nicholas TR,,,16 Nov 1699,Elizabeth,F,John,Elizabeth,PALFREY,,,,
SFK,Little Saxham,St Nicholas TR,,,15 Dec 1699,Elizabeth,F,John,Alice,CORNWALL,,,,
SFK,Little Saxham,St Nicholas TR,,,24 Dec 1699,Elizabeth,F,Jonathan,Mary,FORDHAM,,,,
SFK,Little Saxham,St Nicholas TR,,,2 Jun 1700,Richard,M,John,Dorothy,REVE,,,,
SFK,Little Saxham,St Nicholas TR,,,18 Aug 1700,Ann,F,John,Ann,LALHAM,,,,
SFK,Little Saxham,St Nicholas TR,,,17 Nov 1700,Sarah,F,John,Sarah,GARROLD,,,,
SFK,Little Saxham,St Nicholas TR,,,5 Jan 1700/01,Mary,F,Jonathan,Mary,FORDHAM,,,,
SFK,Little Saxham,St Nicholas TR,,,15 Sep 1701,Elizabeth,F,John,Elizabeth,JOLLY,,,,
SFK,Little Saxham,St Nicholas TR,,,30 Sep 1701,Martha,F,Edward,Martha,SPARKE,,,,
SFK,Little Saxham,St Nicholas TR,,,21 Dec 1701,Mary,F,Jonathan,Mary,FORDHAM,,,,
SFK,Little Saxham,St Nicholas TR,,,15 Feb 1701/02,Francis,M,Andrew,Mary,STERLING,,,,
SFK,Little Saxham,St Nicholas TR,,,29 Nov 1702,Jonathan,M,Jonathan,Mary,FORDHAM,,,,
SFK,Little Saxham,St Nicholas TR,,,25 Jul 1703,James,M,John,Sarah,GARROLD,,,,
SFK,Little Saxham,St Nicholas TR,,,1 Aug 1703,Ann,F,John,Ann,LALHAM,,,,
SFK,Little Saxham,St Nicholas TR,,,21 May 1704,Martha,F,Andrew,Mary,STERLING,,,,
SFK,Little Saxham,St Nicholas TR,,,6 Oct 1704,Ambrose,M,Ambrose,Elizabeth,OSBY,,,,
SFK,Little Saxham,St Nicholas TR,,,10 Feb 1704/05,John,M,Jonatham,Mary,FORDHAM,,,,
SFK,Little Saxham,St Nicholas TR,,,25 Jan 1705/06,Robert,M,John,Sarah,GARROLD,,,,
SFK,Little Saxham,St Nicholas TR,,,30 Jan 1705/06,John,M,Ambrose,Elizabeth,OSBY,,,,
SFK,Little Saxham,St Nicholas TR,,,25 Mar 1706,Susanna,F,John,Alice,CORNWELL,,,,
SFK,Little Saxham,St Nicholas TR,,,20 Oct 1706,Sarah,F,Jonathan,Mary,FORDHAM,,,,
SFK,Little Saxham,St Nicholas TR,,,27 Apr 1707,John,M,John,Ann,LALHAM,,,,
SFK,Little Saxham,St Nicholas TR,,,15 Jun 1707,Elizabeth,F,Ambrose,Elizabeth,OSBY,,,,
SFK,Little Saxham,St Nicholas TR,,,20 Jul 1707,Mary,F,John,Mary,MOTT,,,,
SFK,Little Saxham,St Nicholas TR,,,1 Feb 1707/08,Mary,F,Jonathan,Mary,FORDHAM,,,,
SFK,Little Saxham,St Nicholas TR,,,30 May 1708,Josuah,M,John,Mary,WOODWARD,,,,
SFK,Little Saxham,St Nicholas TR,,,30 Jul 1708,Miriam,F,Simon,Miriam,KEMP,,,,
SFK,Little Saxham,St Nicholas TR,,,29 Aug 1708,Elizabeth,F,Clement,Hannah,SALISBURY,,,,
SFK,Little Saxham,St Nicholas TR,,,15 Oct 1708,Elizabeth,F,John,Sarah,JARROLD,,,,
SFK,Little Saxham,St Nicholas TR,,,17 Dec 1708,Fannah,F,Richard,Margaret,ASHMAN,,,,
SFK,Little Saxham,St Nicholas TR,,,9 Jun 1709,Adam,M,Jonathan,Mary,FORDHAM,,,,
SFK,Little Saxham,St Nicholas TR,,,6 Nov 1709,Ambrose,M,Ambrose,Elizabeth,OSBY,,,,
SFK,Little Saxham,St Nicholas TR,,,24 Aug 1710,William,M,Joseph,Margeret,WORTH,,,,
SFK,Little Saxham,St Nicholas TR,,,29 Apr 1711,Ann,F,John,Mary,MOTT,,,,
SFK,Little Saxham,St Nicholas TR,,,26 Jun 1711,William,M,Anthony Esq,Elizabeth,CROFTS,,,,
SFK,Little Saxham,St Nicholas TR,,,13 Oct 1711,Richard,M,Richard,Margaret,ASHMAN,,,,
SFK,Little Saxham,St Nicholas TR,,,1 Nov 1711,Joseph,M,Joseph,Margaret,MONEY,,,,
SFK,Little Saxham,St Nicholas TR,,,21 Nov 1712,Mary,F,Joseph,Margaret,WORTH,,,,
SFK,Little Saxham,St Nicholas TR,,,1 Feb 1712/13,Elizabeth,F,Ambrose,Elizabeth,OSBY,,,,
SFK,Little Saxham,St Nicholas TR,,,1 Mar 1712/13,Hannah,F,Clement,Hannah,SALISBURY,,,,
SFK,Little Saxham,St Nicholas TR,,,25 Mar 1713,John,M,Joseph,Margaret,MONEY,,,,
SFK,Little Saxham,St Nicholas TR,,,29 May 1713,Frances,F,Simon,Miriam,KEMP,,,,
SFK,Little Saxham,St Nicholas TR,,,30 Oct 1713,William,M,John,Ann,LALHAM,,,,
SFK,Little Saxham,St Nicholas TR,,,5 Nov 1713,Joseph,M,Joseph,Margaret,WORTH,,,,
SFK,Little Saxham,St Nicholas TR,,,19 Nov 1713,Elizabeth,F,Joseph,Margaret,WORTH,,,,
SFK,Little Saxham,St Nicholas TR,,,6 Feb 1714/15,John,M,John,Susan,CENHAM,,,,
SFK,Little Saxham,St Nicholas TR,,,9 Mar 1714/15,Abraham,M,Ambrose,Elizabeth,OSBY,,,,
SFK,Little Saxham,St Nicholas TR,,,25 Mar 1715,Deborah,F,Simon,Miriam,KEMP,,,,
SFK,Little Saxham,St Nicholas TR,,,19 Apr 1715,Thomas,M,Joseph,Margaret,MONEY,,,,
SFK,Little Saxham,St Nicholas TR,,,10 Jun 1715,George,M,Jonathan,Mary,FORDHAM,,,,
SFK,Little Saxham,St Nicholas TR,,,25 Aug 1715,Sarah,F,James,Sarah,MORTLOCK,,,,
SFK,Little Saxham,St Nicholas TR,,,24 May 1716,Simon,M,Simon,Miriam,KEMP,,,,
SFK,Little Saxham,St Nicholas TR,,,24 Jun 1716,Clement,M,Clement,Hannah,SALISBURY,,,,
SFK,Little Saxham,St Nicholas TR,,,16 Aug 1716,James,M,John,Elizabeth,EMERSON,,,,
SFK,Little Saxham,St Nicholas TR,,,24 Jan 1716/17,James,M,John,Susan,CENHAM,,,,
SFK,Little Saxham,St Nicholas TR,,,2 May 1717,Margaret,F,Joseph,Margaret,MONEY,,,,
SFK,Little Saxham,St Nicholas TR,,,9 May 1717,Robert,M,Ambrose,Elizabeth,OSBY,,,,
SFK,Little Saxham,St Nicholas TR,,,10 May 1717,Thomas,M,Joseph,Margaret,WORTH,,,,
SFK,Little Saxham,St Nicholas TR,,,10 Jul 1718,Margaret,F,Joseph,Margaret,WORTH,,,,
SFK,Little Saxham,St Nicholas TR,,,4 Sep 1718,Elizabeth,F,John,Elizabeth,EMERSON,,,,
SFK,Little Saxham,St Nicholas TR,,,7 Sep 1718,Mary,F,Esau,Hannah,BUY,,,,
SFK,Little Saxham,St Nicholas TR,,,18 Jan 1718/19,Sarah,F,,Sarah,,WYMACK,,base child,
SFK,Little Saxham,St Nicholas TR,,,7 May 1719,Benjamin,M,Joseph,Margaret,MONEY,,,,
SFK,Little Saxham,St Nicholas TR,,,17 May 1719,Francis,M,Francis,Mary,PATTLE,,,,
SFK,Little Saxham,St Nicholas TR,,,16 Jul 1719,John,M,Joseph,Margaret,WORTH,,,,
SFK,Little Saxham,St Nicholas TR,,,3 Oct 1719,Samuel,M,John,Susan,CENHAM,,,,
SFK,Little Saxham,St Nicholas TR,,,29 Dec 1719,Elizabeth,F,John,Elizabeth,JOLLY,,,,
SFK,Little Saxham,St Nicholas TR,,,31 Jan 1719/20,John,M,Esau,Hannah,BUY,,,,
SFK,Little Saxham,St Nicholas TR,,,2 Feb 1719/20,Elizabeth,F,Ambrose,Elizabeth,OSBY,,,,
SFK,Little Saxham,St Nicholas TR,,,6 Aug 1720,Ann,F,John,Martha,JARROLD,,,,
SFK,Little Saxham,St Nicholas TR,,,9 Oct 1720,Philip,M,,,PATTLE,,,,
SFK,Little Saxham,St Nicholas TR,,,26 Jan 1720/21,Rachel,F,Goodman,,BYE,,,by his 2nd wife,
SFK,Little Saxham,St Nicholas TR,,,23 Feb 1720/21,Joseph,M,Joseph,Margaret,WORTH,,,,
SFK,Little Saxham,St Nicholas TR,,,9 Apr 1721,James,M,James,Ann,GRIGGS,,,,
SFK,Little Saxham,St Nicholas TR,,,14 Apr 1721,Mathew,M,John,Elizabeth,EMERSON,,,,
SFK,Little Saxham,St Nicholas TR,,,29 Jul 1721,Ann,F,Joseph,Margaret,MONEY,,,,
SFK,Little Saxham,St Nicholas TR,,,5 Feb 1721/22,John,M,Thomas,Alse,CRASK,,,,
SFK,Little Saxham,St Nicholas TR,,,11 Mar 1721/22,Thomas,M,Ambrose,Elizabeth,OSBOURN,,,,
SFK,Little Saxham,St Nicholas TR,,,12 Jun 1722,Ann,F,Joseph,Margaret,WORTH,,,,
SFK,Little Saxham,St Nicholas TR,,,7 Dec 1722,Mary,F,Joseph,Margaret,MONEY,,,,
SFK,Little Saxham,St Nicholas TR,,,13 Feb 1722/23,Ann,F,James,Ann,GRIGGS,,,,
SFK,Little Saxham,St Nicholas TR,,,12 Apr 1723,Thomas,M,Thomas,Hannah,BROWN,,,,
SFK,Little Saxham,St Nicholas TR,,,14 Apr 1723,Lavinia,F,Esau,Hannah,BYE,,,,
SFK,Little Saxham,St Nicholas TR,,,30 Jun 1723,William,M,John,Martha,JARROLD,,,,
SFK,Little Saxham,St Nicholas TR,,,25 Aug 1723,Margaret,F,Joseph,Margaret,WORTH,,,Margaret died of childbed,
SFK,Little Saxham,St Nicholas TR,,,23 Nov 1723,Martha,F,Clement,Hannah,SALSBURY,,,,
SFK,Little Saxham,St Nicholas TR,,,31 Dec 1723,Hannah,F,John,Elizabeth,EMERSON,,,,
SFK,Little Saxham,St Nicholas TR,,,2 Jan 1724/25,Anna,F,Thomas,Hannah,BROWN,,,,
SFK,Little Saxham,St Nicholas TR,,,1 May 1725,William,M,Joseph,Margaret,MONEY,,,,
SFK,Little Saxham,St Nicholas TR,,,12 Jul 1725,Sarah,F,John,Sarah,MARTIN,,,,
SFK,Little Saxham,St Nicholas TR,,,29 Jul 1725,Sarah,F,James,Ann,GRIGGS,,,,
SFK,Little Saxham,St Nicholas TR,,,16 Oct 1725,Mary,F,John,Mary,SEGRAAT,,,,
SFK,Little Saxham,St Nicholas TR,,,27 Dec 1725,James,M,John,Hannah,JARROLD,,,,
SFK,Little Saxham,St Nicholas TR,,,6 Aug 1727,Mary,F,Thomas,Hannah,BROWN,,,,
SFK,Little Saxham,St Nicholas TR,,,12 Jan 1727/28,Edmund,M,Joseph,Margaret,MONEY,,,,
SFK,Little Saxham,St Nicholas TR,,,19 Mar 1727/28,Hannah,F,James,Ann,GRIGGS,,,,
SFK,Little Saxham,St Nicholas TR,,,16 May 1729,Martha,F,Thomas,Martha,STUTTERS,,,,
SFK,Little Saxham,St Nicholas TR,,,26 Jul 1729,John,M,Thomas,Hannah,BROWN,,,,
SFK,Little Saxham,St Nicholas TR,,,12 Nov 1730,Samuel,M,Joseph,Margaret,MONEY,,,,
SFK,Little Saxham,St Nicholas TR,,,20 May 1731,Elizabeth,F,James,Elizabeth,SALSBURY,,,,
SFK,Little Saxham,St Nicholas TR,,,2 Sep 1731,Ann,F,John,Esther,MANNING,,,,
SFK,Little Saxham,St Nicholas TR,,,10 Apr 1732,William,M,John,Elizabeth,HAWARD,,,,
SFK,Little Saxham,St Nicholas TR,,,2 Oct 1732,Elizabeth,F,James,Elizabeth,SALSBURY,,,,
SFK,Little Saxham,St Nicholas TR,,,15 Jan 1732/33,Samuel,M,Joseph,Margaret,MONY,,,,
SFK,Little Saxham,St Nicholas TR,,,25 Feb 1732/33,Francis,M,Francis Esq,,FOQUIER,,,,
SFK,Little Saxham,St Nicholas TR,,,7 Jul 1733,William,M,Thomas,Martha,STUTTERS,,,,
SFK,Little Saxham,St Nicholas TR,,,12 Aug 1733,Elisabeth,F,John,Elizabeth,BETTS,,,,
SFK,Little Saxham,St Nicholas TR,,,21 Sep 1733,William,M,James,Ann,GRIGGS,,,,
SFK,Little Saxham,St Nicholas TR,,,4 Dec 1733,Henry,M,John,Esther,MANNING,,,,
SFK,Little Saxham,St Nicholas TR,,,19 Feb 1733/34,Robert,M,Robert,Hannah,SHEPHERD,,,,
SFK,Little Saxham,St Nicholas TR,,,14 Apr 1734,Lambart,M,John,Susan,HAWARD,,,,
SFK,Little Saxham,St Nicholas TR,,,10 Jun 1734,Francis,M,Francis,Mary,MOTT,MOTT,servant,bastard child of servant of Francis Foquiere Esq at the Hall,
SFK,Little Saxham,St Nicholas TR,,,23 Jun 1734,William,M,Francis,Katharine,FOQUIER,,,,
SFK,Little Saxham,St Nicholas TR,,,20 Aug 1734,William,M,,Sarah,,FORDHAM,,bastard child,
SFK,Little Saxham,St Nicholas TR,,,23 Sep 1734,Henrietta Charlotta,F,Joseph,Ann,GOODYIERE,,,,
SFK,Little Saxham,St Nicholas TR,,,22 Dec 1734,Hannah,F,,Elizabeth,,SALSBURY,,base child,
SFK,Little Saxham,St Nicholas TR,,,18 Feb 1734/35,Mary,F,Adam,Mary,FORDHAM,,,,
SFK,Little Saxham,St Nicholas TR,,,3 Apr 1735,John,M,John,Sarah,NUNN,,,,
SFK,Little Saxham,St Nicholas TR,,,9 May 1735,Susan,F,James,Elizabeth,SALSBURY,,,,
SFK,Little Saxham,St Nicholas TR,,,16 May 1735,Alice,F,Thomas,Alice,STOCKING,,,,
SFK,Little Saxham,St Nicholas TR,,,11 Nov 1753,Stephen,M,,Mary,MUNNEY,,,base child,
SFK,Little Saxham,St Nicholas TR,,,5 Feb 1735/36,Esther,F,John,,MANNING,,,,
SFK,Little Saxham,St Nicholas TR,,,5 Sep 1736,Robert,M,John,Susan,HAWARD,,,,
SFK,Little Saxham,St Nicholas TR,,,18 Apr 1737,Rose,F,James,Ann,GRIGGS,,,,
SFK,Little Saxham,St Nicholas TR,,,31 Jul 1737,Mary,F,James,Mary,CANHAM,,,,
SFK,Little Saxham,St Nicholas TR,,,31 Jul 1737,Mary,F,John,Sarah,NUNN,,,,
SFK,Little Saxham,St Nicholas TR,,,4 Sep 1737,John,M,Thomas,Ales,STOCKING,,,,
SFK,Little Saxham,St Nicholas TR,,,2 Apr 1738,Sarah,F,John,Sarah,MIDDLEDITCH,,,,
SFK,Little Saxham,St Nicholas TR,,,16 Jul 1738,Mary,F,G,,MONEY,,shoemaker,,
SFK,Little Saxham,St Nicholas TR,,,24 Sep 1738,William,M,John,Esther,MANNING,,,,
SFK,Little Saxham,St Nicholas TR,,,24 Feb 1739/40,James,M,Thomas,Alice,STOCKING,,,,
SFK,Little Saxham,St Nicholas TR,,,18 May 1740,John,M,John,Sarah,MIDDLEDITCH,,,,
SFK,Little Saxham,St Nicholas TR,,,20 Aug 1740,John,M,Adam,Mary,FORDHAM,,,,
SFK,Little Saxham,St Nicholas TR,,,2 Nov 1740,Susan,F,James jnr,Susan,CANHAM,,,,
SFK,Little Saxham,St Nicholas TR,,,27 Nov 1740,Richard,M,Richard,Elizabeth,JAQUES,,,,
SFK,Little Saxham,St Nicholas TR,,,27 Feb 1740/41,Joseph,M,Joseph,Rachel,MUNNY,,,,
SFK,Little Saxham,St Nicholas TR,,,3 May 1741,Miles,M,John,,HAWARD,,,,
SFK,Little Saxham,St Nicholas TR,,,6 Jan 1741/42,John,M,John,Susan,MANNING,,,,
SFK,Little Saxham,St Nicholas TR,,,15 Jan 1741/2,Rose,F,John,Rose,MUNNY,,,,
SFK,Little Saxham,St Nicholas TR,,,30 May 1742,Amicia,F,John,Sarah,MIDDLEDITCH,,,,
SFK,Little Saxham,St Nicholas TR,,,6 Jun 1742,Sarah,F,Adam,Mary,FORDHAM,,,,
SFK,Little Saxham,St Nicholas TR,,,6 Feb 1742/43,John,M,John,Rose,REDNALL,,,,
SFK,Little Saxham,St Nicholas TR,,,30 Apr 1743,Mary,F,John,Elizabeth,BETTS,,,,
SFK,Little Saxham,St Nicholas TR,,,20 Jun 1743,James,M,James,,EMERSON,,,,
SFK,Little Saxham,St Nicholas TR,,,1 Mar 1743/44,Susan,F,John,Susan,MANNING,,,,
SFK,Little Saxham,St Nicholas TR,,,9 Mar 1743/44,Hannah,F,Joseph,,MUNNY,,,,
SFK,Little Saxham,St Nicholas TR,,,8 Jul 1744,Sarah,F,Thomas,,STOCKING,,,,
SFK,Little Saxham,St Nicholas TR,,,20 Nov 1744,John Money,M,John,Mary,CANHAM,SMITH,,bastard,
SFK,Little Saxham,St Nicholas TR,,,3 Feb 1744/45,Elizabeth,F,John,,MIDDLEDITCH,,,,
SFK,Little Saxham,St Nicholas TR,,,8 Feb 1744/45,James,M,James,,EMERSON,,,,
SFK,Little Saxham,St Nicholas TR,,,20 May 1745,,M,John,,HAWARD,,,,
SFK,Little Saxham,St Nicholas TR,,,6 Jun 1745,Mary,F,,,CLARK,,,,
SFK,Little Saxham,St Nicholas TR,,,6 Jun 1745,Robert,M,,,CLARK,,,,
SFK,Little Saxham,St Nicholas TR,,,6 Jun 1745,Sarah,F,,,CLARK,,,,
SFK,Little Saxham,St Nicholas TR,,,1 Jul 1745,Mary,F,John,Rose,RIDNAL,,,,
SFK,Little Saxham,St Nicholas TR,,,15 Oct 1745,John,M,Abraham,Margaret,PRAT,,,,
SFK,Little Saxham,St Nicholas TR,,,1 Feb 1746/47,Rose,F,John,,REDNAL,,,,
SFK,Little Saxham,St Nicholas TR,,,6 Apr 1747,James,M,John,Rose,MONEY,,,,
SFK,Little Saxham,St Nicholas TR,,,6 Jun 1747,Elizabeth,F,Thomas,Ales,STOCKING,,,,
SFK,Little Saxham,St Nicholas TR,,,14 Jun 1747,Thomas,M,Thomas,Sarah,LEMON,,,,
SFK,Little Saxham,St Nicholas TR,,,22 Jun 1747,Elizabeth,F,James,Elizabeth,EMERSON,,,,
SFK,Little Saxham,St Nicholas TR,,,12 Dec 1747,Thomas,M,John,,COPSEY,,,,
SFK,Little Saxham,St Nicholas TR,,,24 Jul 1748,Abraham,M,Abraham,Margaret,PRAT,,,,
SFK,Little Saxham,St Nicholas TR,,,11 Oct 1748,Thomas,M,John,Susan,MANNING,,,,
SFK,Little Saxham,St Nicholas TR,,,21 Nov 1748,Jeremiah,M,Ashmer,,?,,shepherd,,
SFK,Little Saxham,St Nicholas TR,,,13 Jan 1748/49,James,M,Joseph,Jane,CLERK,,,,
SFK,Little Saxham,St Nicholas TR,,,9 Apr 1749,Sarah,F,Thomas,Sarah,Lemon,,,,
SFK,Little Saxham,St Nicholas TR,,,7 May 1749,Richard,M,John,,Middleditch,,,,
SFK,Little Saxham,St Nicholas TR,,,14 May 1749,Thomas,M,John,,REDNAL,,,,
SFK,Little Saxham,St Nicholas TR,,,25 Mar 1750,John,M,John,,DEER,,,,
SFK,Little Saxham,St Nicholas TR,,,19 May 1750,Elisabeth,F,John,Ann,BAKER,,,,
SFK,Little Saxham,St Nicholas TR,,,8 Jun 1750,Mary,F,John,Rose,MONEY,,,,
SFK,Little Saxham,St Nicholas TR,,,24 Jun 1750,Rose,F,Thomas,Alice,STOCKING,,,,
SFK,Little Saxham,St Nicholas TR,,,14 Oct 1750,Charlotte,F,John,Tamason,COPSY,,,,
SFK,Little Saxham,St Nicholas TR,,,6 Jan 1750/51,Margaret,F,Abraham,Margaret,PRATT,,,,
SFK,Little Saxham,St Nicholas TR,,,28 Feb 1750/51,Sarah,F,William,Susan,ASHMAN,,,,
SFK,Little Saxham,St Nicholas TR,,,24 Mar 1750/51,Mary,F,Thomas,Sarah,LEMMON,,,,
SFK,Little Saxham,St Nicholas TR,,,15 Sep 1751,Alice,F,Thomas,Elizabeth,LING,,,,
SFK,Little Saxham,St Nicholas TR,,,6 Oct 1751,William,M,John,Ann,BAKER,,,,
SFK,Little Saxham,St Nicholas TR,,,15 Mar 1752,George,M,William,Mary,PRUER,,,born in Attleburgh  Nfk,
SFK,Little Saxham,St Nicholas TR,,,1 May 1752,William,M,John,Sarah,MIDDLEDITCH,,,,
SFK,Little Saxham,St Nicholas TR,,,21 May 1752,James,M,Thomas,Alice,STOCKEN,,,,
SFK,Little Saxham,St Nicholas TR,,,2 Aug 1752,Sarah,F,John,Rose,RIDLAN,,,,
SFK,Little Saxham,St Nicholas TR,,,6 Aug 1752,Charles,M,John,Ann,CHURCH,,,,
SFK,Little Saxham,St Nicholas TR,,,30 Oct 1752,John,M,Edward,Ann,GOODCHILD,,,,
SFK,Little Saxham,St Nicholas TR,,,20 Nov 1752,Hannah,F,Joseph,Frances,MUNNEY,,,,
SFK,Little Saxham,St Nicholas TR,,,11 Feb 1753,John,M,John,Tamason,COPSEY,,,,
SFK,Little Saxham,St Nicholas TR,,,29 Apr 1753,John,M,Thomas,Sarah,LEMON,,,,
SFK,Little Saxham,St Nicholas TR,,,17 Jun 1753,Thomas,M,Thomas,Elizabeth,LING,,,,
SFK,Little Saxham,St Nicholas TR,,,14 Apr 1754,Jonathon,M,John,Rose,RIDDLAN,,,,
SFK,Little Saxham,St Nicholas TR,,,20 Jun 1754,John,M,John,Ann,BAKER,,,,
SFK,Little Saxham,St Nicholas TR,,,22 Sep 1754,Ann,F,John,Sarah,MIDDLEDITCH,,,,
SFK,Little Saxham,St Nicholas TR,,,25 Jan 1755,Aaron,M,,Alice,,STOCKEN,,base child,
SFK,Little Saxham,St Nicholas TR,,,21 Feb 1755,John,M,Richard,Mary,AVEY,,,,
SFK,Little Saxham,St Nicholas TR,,,25 May 1755,Ann,F,John,Rose,RIDLAND,,,,
SFK,Little Saxham,St Nicholas TR,,,7 Sep 1755,William,M,Thomas,Sarah,LEMON,,,,
SFK,Little Saxham,St Nicholas TR,,,22 Sep 1755,Mary,F,Henry,Jane,CANION,,,,
SFK,Little Saxham,St Nicholas TR,,,18 Oct 1755,William,M,John,Rose,MUNNY,,,,
SFK,Little Saxham,St Nicholas TR,,,4 Jan 1756,Samuel,M,John,Tamasin,COPSEY,,,,
SFK,Little Saxham,St Nicholas TR,,,6 Jan 1756,Ann,F,Robert,Hannah,GOULDSMITH,,,,
SFK,Little Saxham,St Nicholas TR,,,1 Feb 1756,Mary,F,Abraham,Margaret,PRATT,,,,
SFK,Little Saxham,St Nicholas TR,,,7 Mar 1756,William,M,William,Susan,MUNNY,,,,
SFK,Little Saxham,St Nicholas TR,,,1 Jun 1756,Susan,F,William,Mary,PRUER,,,,
SFK,Little Saxham,St Nicholas TR,,,20 Jun 1756,John,F,,Ann,,MANNING,,base child,
SFK,Little Saxham,St Nicholas TR,,,17 Jul 1756,Joseph,F,Nathaniel,Mary,FROST,,,,
SFK,Little Saxham,St Nicholas TR,,,10 Oct 1756,John,M,John,Mary,BEETON,,,,
SFK,Little Saxham,St Nicholas TR,,,30 Oct 1756,Mary,F,Richard,Mary,AVEY,,,,
SFK,Little Saxham,St Nicholas TR,,,12 Dec 1756,Hannah,F,Robert,Hannah,GOULDSMITH,,,,
SFK,Little Saxham,St Nicholas TR,,,18 Sep 1757,William,M,John,Mary,BEETON,,,,
SFK,Little Saxham,St Nicholas TR,,,14 Apr 1758,Jane,F,Henery,Jane,CANYAN,,,,
SFK,Little Saxham,St Nicholas TR,,,8 Jun 1758,Edith,F,Thomas,Alice,STOCKING,,,,
SFK,Little Saxham,St Nicholas TR,,,17 Sep 1758,Hannah,F,Richard,Mary,AVEY,,,,
SFK,Little Saxham,St Nicholas TR,,,29 Oct 1758,Ann,F,Thomas,Elizabeth,LING,,,,
SFK,Little Saxham,St Nicholas TR,,,12 Nov 1758,Margery,F,Robert,Hannah,GOLDSMITH,,,,
SFK,Little Saxham,St Nicholas TR,,,21 Jan 1759,Ann,F,Roger,Sarah,HAZEL,,,,
SFK,Little Saxham,St Nicholas TR,,,13 Feb 1759,Mary,F,James,Mary,COPPING,,,,
SFK,Little Saxham,St Nicholas TR,,,10 Jan 1760,Margaret,F,John,Sarah,MIDDLEDITCH,,,,
SFK,Little Saxham,St Nicholas TR,,,20 Jan 1760,Jonathan,M,Charles,Elizabeth,CORSTONE,,,,
SFK,Little Saxham,St Nicholas TR,,,17 Feb 1760,Edmund,M,John,Mary,BEETON,,,,
SFK,Little Saxham,St Nicholas TR,,,23 Feb 1760,William,M,Thomas,Elizabeth,LING,,,,
SFK,Little Saxham,St Nicholas TR,,,2 Mar 1760,Betty Frances,F,,Frances,,PALFRY,,,
SFK,Little Saxham,St Nicholas TR,,,14 Mar 1760,James,M,James,Mary,COPING,,,,
SFK,Little Saxham,St Nicholas TR,,,19 Apr 1760,Richard,M,Richard,Mary,AVEY,,,,
SFK,Little Saxham,St Nicholas TR,,,10 Aug 1760,James,M,Roger,Sarah,HEAZOL,,,,
SFK,Little Saxham,St Nicholas TR,,,19 Oct 1760,Richard,M,Richard,Ann,ROSBROCK,,,,
SFK,Little Saxham,St Nicholas TR,,,25 Nov 1760,Sarah,F,Mr Joseph,Sarah,BATCH,,,,
SFK,Little Saxham,St Nicholas TR,,,19 Feb 1761,William,M,Thomas,Susan,JACKSON,,,,
SFK,Little Saxham,St Nicholas TR,,,12 Apr 1761,Thomas,M,John,Mary,BEETON,,,,
SFK,Little Saxham,St Nicholas TR,,,26 Apr 1761,James,M,John,Tammason,COPSEY,,,,
SFK,Little Saxham,St Nicholas TR,,,26 Jul 1761,Betty,F,Richard,Mary,AVEY,,,,
SFK,Little Saxham,St Nicholas TR,,,30 Aug 1761,Hannah,F,Robert,Hannah,GOULDSMITH,,,,
SFK,Little Saxham,St Nicholas TR,,,23 May 1762,Thomas,M,Richard,Ann,ROSBRUCK,,,,
SFK,Little Saxham,St Nicholas TR,,,13 Jun 1762,Thomas,M,Thomas,Sarah,SHARP,,,,
SFK,Little Saxham,St Nicholas TR,,,1 Aug 1762,James,M,John,Tammason,COPSEY,,,,
SFK,Little Saxham,St Nicholas TR,,,30 Jan 1763,William,M,Thomas,Elizabeth,LINGE,,,,
SFK,Little Saxham,St Nicholas TR,,,27 Feb 1763,Thomas,M,John,Ann,BAKER,,,,
SFK,Little Saxham,St Nicholas TR,,,17 Apr 1763,Sarah,F,Roger,Sarah,HEAZEL,,,,
SFK,Little Saxham,St Nicholas TR,,,22 May 1763,John,M,Isaac,Ann,HARRALD,,,,
SFK,Little Saxham,St Nicholas TR,,,17 Jul 1763,Ann,F,Henry,Jane,CANYAN,,,,
SFK,Little Saxham,St Nicholas TR,,,31 Jul 1763,Sarah,F,James,Mary,HARE,,,,
SFK,Little Saxham,St Nicholas TR,,,9 Jan 1764,Simon,M,Thomas,Susan,JACKSON,,,,
SFK,Little Saxham,St Nicholas TR,,,5 Mar 1764,William,M,John,Mary,BETTON,,,,
SFK,Little Saxham,St Nicholas TR,,,1 Apr 1764,Thomas,M,Richard,Mary,AVEY,,,,
SFK,Little Saxham,St Nicholas TR,,,22 Apr 1764,Mary,F,James,Sarah,MALLOWS,,,,
SFK,Little Saxham,St Nicholas TR,,,9 Sep 1764,Elizabeth,F,Robert,Hannah,GOLDSMITH,,,,
SFK,Little Saxham,St Nicholas TR,,,10 Mar 1765,John,M,John,Rachel,MUSK,,,,
SFK,Little Saxham,St Nicholas TR,,,19 Mar 1765,John,M,Benjemine,Mary,BOGGIS,,,,
SFK,Little Saxham,St Nicholas TR,,,11 Jun 1765,William,M,Isaac,Ann,HARRALD,,,,
SFK,Little Saxham,St Nicholas TR,,,16 Jun 1765,Ann,F,Richard,Ann,ROSBROOK,,,,
SFK,Little Saxham,St Nicholas TR,,,10 Jul 1765,Timothy,M,Thomas,Sarah,SHARP,,,,
SFK,Little Saxham,St Nicholas TR,,,28 Jul 1765,John,M,Thomas,Elizabeth,LING,,,,
SFK,Little Saxham,St Nicholas TR,,,28 Sep 1765,John,M,John,Ann,SHINGLEWOOD,,,,
SFK,Little Saxham,St Nicholas TR,,,6 Dec 1765,William Carlton,M,John,Mary,SIMPSON,,,,
SFK,Little Saxham,St Nicholas TR,,,8 Dec 1765,William,M,Roger,Sarah,HAZEL,,,,
SFK,Little Saxham,St Nicholas TR,,,3 Mar 1766,Mary,F,Benjamin,Mary,BOGGES,,,,
SFK,Little Saxham,St Nicholas TR,,,23 Mar 1766,Ann,F,Samuel,Ann,CURTISE,,,,
SFK,Little Saxham,St Nicholas TR,,,18 May 1766,Sarah,F,James,Sarah,MALLOWS,,,,
SFK,Little Saxham,St Nicholas TR,,,30 Nov 1766,Elizabeth,F,John,Elizabeth,LING,,,,
SFK,Little Saxham,St Nicholas TR,,,26 Jan 1767,Mary,F,John,Ann,SHINGLEWOOD,,,,
SFK,Little Saxham,St Nicholas TR,,,20 Feb 1767,Benjamin,M,Benjamin,Mary,BOGGESS,,,,
SFK,Little Saxham,St Nicholas TR,,,11 Apr 1767,Mary,F,John,Mary,SIMPSON,,,,
SFK,Little Saxham,St Nicholas TR,,,3 May 1767,Mary,F,John,Rachel,MUSK,,,,
SFK,Little Saxham,St Nicholas TR,,,17 May 1767,Ann,F,Isaac,Ann,HARRALD,,,,
SFK,Little Saxham,St Nicholas TR,,,29 Nov 1767,Hannah,F,Thomas,Sarah,SHARPE,,,,
SFK,Little Saxham,St Nicholas TR,,,8 Dec 1767,Charlotte,F,Timothy,Mary,SHARP,,,,
SFK,Little Saxham,St Nicholas TR,,,29 May 1768,John,M,Samuel,Sarah,MUSK,,,,
SFK,Little Saxham,St Nicholas TR,,,20 Sep 1768,Elisabeth,F,Benjamin,Mary,BOGGESS,,,,
SFK,Little Saxham,St Nicholas TR,,,6 Nov 1768,Lydia,F,John,Lydia,COOK,,,,
SFK,Little Saxham,St Nicholas TR,,,6 Nov 1768,James,M,William,Susan,GRIGGS,,,,
SFK,Little Saxham,St Nicholas TR,,,6 Nov 1768,John,M,Robert,Mary,PLUMB,,,,
SFK,Little Saxham,St Nicholas TR,,,28 Nov 1768,Ann,F,James,Sarah,MALLOWS,,,,
SFK,Little Saxham,St Nicholas TR,,,12 Feb 1769,John,M,John,Mary,SIMPSON,,,,
SFK,Little Saxham,St Nicholas TR,,,20 May 1769,Mary,F,Timothy,Mary,SHARP,,,,
SFK,Little Saxham,St Nicholas TR,,,8 Oct 1769,Thomas,M,Isaac,Ann,HARRALD,,,,
SFK,Little Saxham,St Nicholas TR,,,5 Nov 1769,Mary,F,John,Lydia,COOK,,,,
SFK,Little Saxham,St Nicholas TR,,,19 Nov 1769,Ann,F,William,Elizabeth,SMITH,,,,
SFK,Little Saxham,St Nicholas TR,,,25 Mar 1770,Thomas,M,John,Rachel,MUSK,,,,
SFK,Little Saxham,St Nicholas TR,,,6 May 1770,William,M,Benjamin,Mary,BOGGESS,,,,
SFK,Little Saxham,St Nicholas TR,,,21 May 1770,Thomas,M,John,Mary,SIMPSON,,,,
SFK,Little Saxham,St Nicholas TR,,,16 Jul 1770,Mark,M,Mark,Mary,LAST,,,,
SFK,Little Saxham,St Nicholas TR,,,16 Sep 1770,Mary,F,Timothy,Mary,SHARP,,,,
SFK,Little Saxham,St Nicholas TR,,,17 Sep 1770,Esther,F,Richard,Ann,ROSBROOK,,,,
SFK,Little Saxham,St Nicholas TR,,,8 Oct 1770,Charlotte,F,Thomas,Charlotte,GARRALD,,,,
SFK,Little Saxham,St Nicholas TR,,,6 Jan 1771,William,M,William,,SPALDING,,,,
SFK,Little Saxham,St Nicholas TR,,,3 Feb 1771,Maria,F,William,Mary,SIER,,,,
SFK,Little Saxham,St Nicholas TR,,,10 Feb 1771,Jane,F,William,Susan,GRIGGS,,,,
SFK,Little Saxham,St Nicholas TR,,,24 Mar 1771,George,M,Robert,Mary,PLUMMER,,,,
SFK,Little Saxham,St Nicholas TR,,,14 May 1771,George,M,,Sarah,,RIDLAND,,,
SFK,Little Saxham,St Nicholas TR,,,23 Jun 1771,John,M,John,Lydia,COOK,,,,
SFK,Little Saxham,St Nicholas TR,,,11 Aug 1771,James,M,James,Sarah,MALLOWS,,,,
SFK,Little Saxham,St Nicholas TR,,,18 Sep 1771,Mary Ann,F,Isaac,Ann,HARRALD,,,,
SFK,Little Saxham,St Nicholas TR,,,24 Nov 1771,Mary,F,Benjamin,Mary,BOGGES,,,,
SFK,Little Saxham,St Nicholas TR,,,24 Nov 1771,Thomas,M,John,Mary,SIMPSON,,,,
SFK,Little Saxham,St Nicholas TR,,,29 Feb 1772,Thomas,M,Thomas,Alice,SECKER,,,,
SFK,Little Saxham,St Nicholas TR,,,19 Apr 1772,Isaac,M,Isaac,Mary,SUTTON,,,,
SFK,Little Saxham,St Nicholas TR,,,26 Apr 1772,Daniel,M,Thomas,Sarah,SHARPE,,,,
SFK,Little Saxham,St Nicholas TR,,,17 May 1772,Ann,F,Timothy,Mary,SHARP,,,,
SFK,Little Saxham,St Nicholas TR,,,4 Oct 1772,Edward,M,John,Rachel,MUSK,,,,
SFK,Little Saxham,St Nicholas TR,,,10 Oct 1772,William,M,William,Mary,SIER,,,,
SFK,Little Saxham,St Nicholas TR,,,4 Jan 1773,Joshua,M,John,Lydia,COOK,,,,
SFK,Little Saxham,St Nicholas TR,,,12 Apr 1773,James,M,William,Susan,GRIGGS,,,,
SFK,Little Saxham,St Nicholas TR,,,14 Apr 1773,John,M,Thomas,Charlotte,GARRALD,,,,
SFK,Little Saxham,St Nicholas TR,,,17 May 1773,Mary,F,Mark,Mary,LAST,,,,
SFK,Little Saxham,St Nicholas TR,,,14 Sep 1773,John,M,Timothy,Mary,SHARP,,,,
SFK,Little Saxham,St Nicholas TR,,,7 Nov 1773,James,M,Isaac,Ann,HARRALD,,,,
SFK,Little Saxham,St Nicholas TR,,,4 Jan 1774,Elisabeth,F,Benjamin,Mary,BOGGESS,,,,
SFK,Little Saxham,St Nicholas TR,,,13 Feb 1774,Mary Ann,F,James,Ann,SIMPSON,,,,
SFK,Little Saxham,St Nicholas TR,,,3 Apr 1774,Mary,F,Robert,Mary,PLUMMER,,,,
SFK,Little Saxham,St Nicholas TR,,,22 May 1774,Thomas,M,James,Sarah,MALLOWS,,,,
SFK,Little Saxham,St Nicholas TR,,,30 Jun 1774,Elizabeth,F,Thomas Hunt,Susanna,REEVE,,,,
SFK,Little Saxham,St Nicholas TR,,,10 Jul 1774,Elizabeth,F,William,Mary,SPALDING,,,,
SFK,Little Saxham,St Nicholas TR,,,29 Sep 1774,Robert,M,Samuel,Sarah,MUSK,,,,
SFK,Little Saxham,St Nicholas TR,,,22 Jan 1775,Thomas,M,John,Mary,SIMPSON,,,,
SFK,Little Saxham,St Nicholas TR,,,12 Mar 1775,Maria,F,John,Rachel,MUSK,,,,
SFK,Little Saxham,St Nicholas TR,,,16 Apr 1775,Julan,M,Thomas,Sarah,SHARPE,,,,
SFK,Little Saxham,St Nicholas TR,,,23 Apr 1775,Elizabeth,F,Timothy,Mary,SHARP,,,,
SFK,Little Saxham,St Nicholas TR,,,5 Jun 1775,Sarah,F,John,Sarah,MONEY,,,,
SFK,Little Saxham,St Nicholas TR,,,16 Jul 1775,James,M,John,Lydia,COOK,,,,
SFK,Little Saxham,St Nicholas TR,,,29 Oct 1775,Susannah,F,Mark,Mary,LAST,,,,
SFK,Little Saxham,St Nicholas TR,,,10 Dec 1775,David,M,David Verro,Elizabeth,COCKERTON,,,,
SFK,Little Saxham,St Nicholas TR,,,12 Dec 1775,Ann,F,John,Mary,COPSY,,,,
SFK,Little Saxham,St Nicholas TR,,,5 Mar 1776,Susannah,F,Isaac,Ann,HARRALD,,,,
SFK,Little Saxham,St Nicholas TR,,,11 Aug 1776,Mary,F,William,Mary,SIER,,,,
SFK,Little Saxham,St Nicholas TR,,,28 Oct 1776,Samuel Alexander,M,James,Ann,SIMPSON,,,,
SFK,Little Saxham,St Nicholas TR,,,13 Nov 1776,Tamasin Wright,M,Timothy,Mary,SHARP,,,,
SFK,Little Saxham,St Nicholas TR,,,30 Dec 1776,Joshua Xtmas,M,Joshua,Mary,COE,,,,
SFK,Little Saxham,St Nicholas TR,,,12 Jan 1777,James,M,Thomas,Charlotte,GARRALD,,,,
SFK,Little Saxham,St Nicholas TR,,,12 Jan 1777,Hannah,F,Robert,Mary,PLUMMER,,,,
SFK,Little Saxham,St Nicholas TR,,,28 Feb 1777,Henry,M,John,Mary,COPSEY,,,,
SFK,Little Saxham,St Nicholas TR,,,2 Mar 1777,Sarah,F,William,Susan,GRIGGS,,,,
SFK,Little Saxham,St Nicholas TR,,,30 Mar 1777,Sarah,F,James,Sarah,MALLOWS,,,,
SFK,Little Saxham,St Nicholas TR,,,6 Apr 1777,Abraham,M,Thomas,Sarah,SHARPE,,,,
SFK,Little Saxham,St Nicholas TR,,,13 Apr 1777,Elizabeth,F,John,Sarah,MONEY,,,,
SFK,Little Saxham,St Nicholas TR,,,1 Jun 1777,John,M,John,Mary,ELY,,,,
SFK,Little Saxham,St Nicholas TR,,,27 Jul 1777,Elizabeth,F,David,Elizabeth,VERRO,,,,
SFK,Little Saxham,St Nicholas TR,,,8 Aug 1777,Susanna,F,Thomas,Susanna,HUNT,,,,
SFK,Little Saxham,St Nicholas TR,,,11 Jan 1778,Henry Kenyon,M,John,Mary,COPSEY,,,,
SFK,Little Saxham,St Nicholas TR,,,12 Jan 1778,Ann,F,Robert,Mary,DEATH,SPARK,,,
SFK,Little Saxham,St Nicholas TR,,,12 Jan 1778,Mary,F,Robert,Mary,DEATH,SPARK,,,
SFK,Little Saxham,St Nicholas TR,,,1 Mar 1778,Thomas,M,Timothy,Mary,SHARP,,,,
SFK,Little Saxham,St Nicholas TR,,,12 Apr 1778,Elisabeth,F,John,Lydia,COOK,,,,
SFK,Little Saxham,St Nicholas TR,,,7 Sep 1778,Elizabeth,F,Isaac,Ann,HARALD,,,,
SFK,Little Saxham,St Nicholas TR,,,13 Sep 1778,Robert,M,Robert,Alice,CROW,,,,
SFK,Little Saxham,St Nicholas TR,,,3 Jan 1779,John,M,Mark,Mary,LAST,,,,
SFK,Little Saxham,St Nicholas TR,,,5 Jan 1779,Mary,F,Thomas,Sarah,SHARPE,,,,
SFK,Little Saxham,St Nicholas TR,,,7 Feb 1779,Sarah,F,Benjamin,Mary,BOGGESS,,,,
SFK,Little Saxham,St Nicholas TR,,,29 Mar 1779,Sarah,F,Thomas,Charlotte,GARRALD,,,,
SFK,Little Saxham,St Nicholas TR,,,4 Apr 1779,William,M,William,Mary,SYER,,,,
SFK,Little Saxham,St Nicholas TR,,,20 Jun 1779,Ann,F,Robert,Mary,DEATH,SPARK,,,
SFK,Little Saxham,St Nicholas TR,,,15 Aug 1779,John,M,Robert,Mary,COBBING,,,,
SFK,Little Saxham,St Nicholas TR,,,22 Sep 1779,James,M,William,Susan,GRIGGS,,,,
SFK,Little Saxham,St Nicholas TR,,,17 Oct 1779,Elizabeth,F,Timothy,Mary,SHARP,,,,
SFK,Little Saxham,St Nicholas TR,,,27 Feb 1780,William,M,James,Sarah,MALLOWS,,,,
SFK,Little Saxham,St Nicholas TR,,,18 Apr 1780,Robert,M,Robert,Mary,DEATH,SPARK,,,
SFK,Little Saxham,St Nicholas TR,,,4 May 1780,Mary,F,John,Lydia,COOK,,,,
SFK,Little Saxham,St Nicholas TR,,,4 May 1780,Susan,F,John,Lydia,COOK,,,,
SFK,Little Saxham,St Nicholas TR,,,27 May 1780,Ann,F,William,Mary,SIER,,,,
SFK,Little Saxham,St Nicholas TR,,,28 May 1780,Thomas,M,Samuel,Mary,COKER,,,,
SFK,Little Saxham,St Nicholas TR,,,23 Jul 1780,Sarah,F,John,Sarah,MUSK,,,,
SFK,Little Saxham,St Nicholas TR,,,24 Jul 1780,Thomas,M,Thomas,Susanna,HUNT,,,,
SFK,Little Saxham,St Nicholas TR,,,6 Feb 1781,Sarah,F,Robert,Mary,COBBING,,,,
SFK,Little Saxham,St Nicholas TR,,,6 May 1781,Benjamin,M,Mark,Mary,LAST,,,,
SFK,Little Saxham,St Nicholas TR,,,27 May 1781,Samuel,M,,,MUSK,,,born abt 1733,
SFK,Little Saxham,St Nicholas TR,,,27 May 1781,Sarah,F,Timothy,Mary,SHARP,,,,
SFK,Little Saxham,St Nicholas TR,,,24 Jun 1781,John,M,Robert,Alice,CROW,,,,
SFK,Little Saxham,St Nicholas TR,,,1 Jul 1781,Robert,M,Thomas,Elizabeth,BANKS,,,,
SFK,Little Saxham,St Nicholas TR,,,9 Sep 1781,Ann,F,Robert,Mary,DEATH,SPARK,,,
SFK,Little Saxham,St Nicholas TR,,,9 Sep 1781,James,M,Robert,Mary,PLUMMER,,,,
SFK,Little Saxham,St Nicholas TR,,,18 Nov 1781,Mary,F,John,Sarah,MONEY,,,,
SFK,Little Saxham,St Nicholas TR,,,20 Dec 1781,James,M,John,Copsey,COPSEY,,,,
SFK,Little Saxham,St Nicholas TR,,,25 Dec 1781,Ann,F,Robert,Ann,KATES,,,,
SFK,Little Saxham,St Nicholas TR,,,22 Jan 1782,Susanna,F,Charles Fuller,Mary,POLLINGTON,,,,
SFK,Little Saxham,St Nicholas TR,,,6 Feb 1782,Elizabeth,F,William,Mary,SIER,,,,
SFK,Little Saxham,St Nicholas TR,,,7 Apr 1782,Thomas,M,Thomas,Charlotte,GARRALD,,,,
SFK,Little Saxham,St Nicholas TR,,,22 May 1782,Ann,F,Benjamin,Mary,BOGGESS,,,,
SFK,Little Saxham,St Nicholas TR,,,6 Jan 1783,Mary,F,David,Elizabeth,VERRO,,,,
SFK,Little Saxham,St Nicholas TR,,,10 Feb 1783,Thomas,M,Thomas,Susanna,HUNT,,,,
SFK,Little Saxham,St Nicholas TR,,,21 Feb 1783,Elisabeth,F,Thomas,Elizabeth,BANKS,,,,
SFK,Little Saxham,St Nicholas TR,,,7 Mar 1783,James,M,John,Sarah,MUSK,,,,
SFK,Little Saxham,St Nicholas TR,,,30 Mar 1783,Richard,M,Robert,Mary,COBBING,,,,
SFK,Little Saxham,St Nicholas TR,,,26 Aug 1783,Mary,F,Robert,Alice,CROW,,,,
SFK,Little Saxham,St Nicholas TR,,,23 Nov 1783,John,M,Timothy,Mary,SHARP,,,,
SFK,Little Saxham,St Nicholas TR,,,3 Dec 1783,James,M,William,Susan,GRIGGS,,,,
SFK,Little Saxham,St Nicholas TR,,,21 Dec 1783,James,M,John,Mary,COPSEY,,,,
SFK,Little Saxham,St Nicholas TR,,,11 Feb 1784,Margarett,F,John,Sarah,MONEY,,,,
SFK,Little Saxham,St Nicholas TR,,,5 Apr 1784,Tamasin,F,Thomas,Charlotte,GARRALD,,,,
SFK,Little Saxham,St Nicholas TR,,,6 Jun 1784,Richard,M,Robert,Mary,COBBING,,,,
SFK,Little Saxham,St Nicholas TR,,,1 Feb 1785,James,M,John,Mary,ELY,,,,
SFK,Little Saxham,St Nicholas TR,,,8 Feb 1785,James,M,,Elizabeth,VERRO,,,widow,
SFK,Little Saxham,St Nicholas TR,,,28 Feb 1785,Martha,F,William,Mary,SIER,,,,
SFK,Little Saxham,St Nicholas TR,,,4 May 1785,James,M,Thomas,Susanna,HUNT,,,,
SFK,Little Saxham,St Nicholas TR,,,20 Aug 1785,John,M,Thomas,Elizabeth,BANKS,,,,
SFK,Little Saxham,St Nicholas TR,,,22 Dec 1785,Peggy,F,Robert,Mary,COBBING,,,,
SFK,Little Saxham,St Nicholas TR,,,12 Feb 1786,Phoebe,F,John,Mary,COPSEY,,,,
SFK,Little Saxham,St Nicholas TR,,,18 Mar 1786,Mary,F,James,Mary,COOK,,,,
SFK,Little Saxham,St Nicholas TR,,,28 Apr 1786,John,M,William,Mary,SIER,,,,
SFK,Little Saxham,St Nicholas TR,,,23 Jun 1786,Elizabeth,F,Mark,Mary,LAST,,,,
SFK,Little Saxham,St Nicholas TR,,,6 Jul 1786,Thomas,M,Valentine,Elizabeth,PRIGG,,,,
SFK,Little Saxham,St Nicholas TR,,,9 Jul 1786,Henry,M,Thomas,Charlotte,GARRALD,,,,
SFK,Little Saxham,St Nicholas TR,,,7 Oct 1786,James,M,Timothy,Mary,SHARP,,,,
SFK,Little Saxham,St Nicholas TR,,,18 Feb 1787,Mary,F,Robert,Mary,PLUMMER,,,,
SFK,Little Saxham,St Nicholas TR,,,11 Mar 1787,Sarah,F,John,Mary,ELY,,,,
SFK,Little Saxham,St Nicholas TR,,,11 Mar 1787,Thomas,M,William jnr,,GIBBS,,,born abt 1773,
SFK,Little Saxham,St Nicholas TR,,,4 May 1787,Alice,F,Robert,Alice,CROW,,,,
SFK,Little Saxham,St Nicholas TR,,,20 May 1787,Ellen,F,George,Rachel,BARTON,MYSON,,,
SFK,Little Saxham,St Nicholas TR,,,18 Jul 1787,Thomas,M,William,Mary,SIER,,,,
SFK,Little Saxham,St Nicholas TR,,,29 Nov 1787,Mary Jane,F,John,Mary,COPSEY,,,,
SFK,Little Saxham,St Nicholas TR,,,9 Jan 1788,?,M,Thomas,Elizabeth,BANKS,,,,
SFK,Little Saxham,St Nicholas TR,,,14 Apr 1788,Sukey,F,Robert,Mary,COBBING,,,,
SFK,Little Saxham,St Nicholas TR,,,21 Apr 1788,John,M,John Rolf,Elizabeth,VALE,,,,
SFK,Little Saxham,St Nicholas TR,,,4 Aug 1788,Bet,F,John,Rachel,MUSK,,,,
SFK,Little Saxham,St Nicholas TR,,,26 Aug 1788,Mary,F,Thomas,Charlotte,GARRALD,,,,
SFK,Little Saxham,St Nicholas TR,,,27 Nov 1788,Esther,F,Henry,Elizabeth,OLLERTON,,,,
SFK,Little Saxham,St Nicholas TR,,,26 Mar 1789,Sarah,F,Timothy,Mary,SHARP,,,,
SFK,Little Saxham,St Nicholas TR,,,14 Feb 1790,Sarah,F,John,Mary,COPSEY,,,,
SFK,Little Saxham,St Nicholas TR,,,14 Feb 1790,William,M,William,Mary,HURRELL,,,,
SFK,Little Saxham,St Nicholas TR,,,4 Apr 1790,George,M,James,Charlotte,PAWSEY,,,,
SFK,Little Saxham,St Nicholas TR,,,23 Apr 1790,Esther,F,Thomas,Elizabeth,BANKS,,,,
SFK,Little Saxham,St Nicholas TR,,,2 May 1790,Hannah,F,John,Elizabeth,CAWSTON,,,,
SFK,Little Saxham,St Nicholas TR,,,6 Jun 1790,Nathaniel,M,Nathaniel,Elizabeth,MARTIN,,,,
SFK,Little Saxham,St Nicholas TR,,,2 Feb 1791,Daniel,M,,Lucy,,CRACK,,,
SFK,Little Saxham,St Nicholas TR,,,27 Mar 1791,Susan,F,Ezekiell,Sarah,HAYHOWE,,,,
SFK,Little Saxham,St Nicholas TR,,,17 Apr 1791,William,M,Robert,Alice,CROW,,,,
SFK,Little Saxham,St Nicholas TR,,,1 May 1791,Peggy,F,Henry,Elizabeth,ALDERTON,,,,
SFK,Little Saxham,St Nicholas TR,,,5 Jun 1791,Mary Ann,F,James,Charlotte,PAWSEY,,,,
SFK,Little Saxham,St Nicholas TR,,,12 Jun 1791,Elizabeth,F,John,Rachel,MUSK,,,,
SFK,Little Saxham,St Nicholas TR,,,19 Jun 1791,Thomas,M,John,Mary,ELY,,,,
SFK,Little Saxham,St Nicholas TR,,,19 Jun 1791,Susanna,F,William,,GIBBS,,,aged 16; born about 1775,
SFK,Little Saxham,St Nicholas TR,,,10 Jul 1791,James,M,Timothy,Mary,SHARPE,,,,
SFK,Little Saxham,St Nicholas TR,,,24 Jul 1791,Mary,F,John,Elizabeth,CAWSTON,,,,
SFK,Little Saxham,St Nicholas TR,,,9 Oct 1791,Mary Ann,F,Thomas,Sarah,CLAREY,,,,
SFK,Little Saxham,St Nicholas TR,,,26 Feb 1792,Sarah,F,,Rachel,,MISON,,,
SFK,Little Saxham,St Nicholas TR,,,4 Mar 1792,Bet,F,John,Mary,COPSEY,,,,
SFK,Little Saxham,St Nicholas TR,,,27 May 1792,Mary-Ann,F,Thomas,Elizabeth,BANKS,,,,
SFK,Little Saxham,St Nicholas TR,,,10 Jun 1792,Mary-Ann,F,Robert,Mary,COBBING,,,,
SFK,Little Saxham,St Nicholas TR,,,1 Jul 1792,John,M,Nathaniel,Elizabeth,MARTIN,,,,
SFK,Little Saxham,St Nicholas TR,,,9 Sep 1792,William,M,Thomas,Charlotte,GARRALD,,,,
SFK,Little Saxham,St Nicholas TR,,,30 Dec 1792,John,M,Ezekiel,Sarah,HAYHOWE,,,,
SFK,Little Saxham,St Nicholas TR,,,30 Dec 1792,Mary,F,Ezekiel,Sarah,HAYHOWE,,,,
SFK,Little Saxham,St Nicholas TR,,,24 Feb 1793,Honor,F,John,Elizabeth,CAWSTON,,,,
SFK,Little Saxham,St Nicholas TR,,,5 May 1793,Henry,M,Henry,Elizabeth,ALDERTON,,,,
SFK,Little Saxham,St Nicholas TR,,,14 Jun 1793,Susan,F,James,Charlotte,Pawsey,,,,
SFK,Little Saxham,St Nicholas TR,,,23 Jun 1793,Henry,M,George,Sarah,Gibbs,,,,
SFK,Little Saxham,St Nicholas TR,,,17 Nov 1793,James,M,Thomas,Sarah,CLARY,,,,
SFK,Little Saxham,St Nicholas TR,,,25 Dec 1793,Sukey,F,John,Mary,COPSEY,,,,
SFK,Little Saxham,St Nicholas TR,,,1 Jun 1794,James,M,John,Elizabeth,CAWSTON,,,,
SFK,Little Saxham,St Nicholas TR,,,13 Jul 1794,Bet,F,John,Mary,ELY,,,,
SFK,Little Saxham,St Nicholas TR,,,5 Oct 1794,John,M,John,Mary,POWTER,,,,
SFK,Little Saxham,St Nicholas TR,,,16 Nov 1794,James,M,William,Mary,HARRALD,,,,
SFK,Little Saxham,St Nicholas TR,,,17 May 1795,Bet,F,Robert,Alice,CROWE,,,,
SFK,Little Saxham,St Nicholas TR,,23 Dec 1793,2 Jul 1795,Joseph,M,James,Charlotte,PAWSEY,,,,
SFK,Little Saxham,St Nicholas TR,,3 Mar 1795,2 Jul 1795,William,M,James,Charlotte,PAWSEY,,,,
SFK,Little Saxham,St Nicholas TR,,20 Aug 1795,25 Oct 1795,Edward,M,Thomas,Charlotte,GARWOOD,,,,
SFK,Little Saxham,St Nicholas TR,,,13 Sep 1795,Daniel,M,Henry,Elizabeth,OLINTON,,,,
SFK,Little Saxham,St Nicholas TR,,11 Jul 1795,4 Oct 1795,James,M,James,Charlotte,COBBING,,,,
SFK,Little Saxham,St Nicholas TR,,25 Mar 1794,11 Oct 1795,John,M,John,Mary,MUSK,,,,
SFK,Little Saxham,St Nicholas TR,,,22 May 1796,William,M,Thomas,Sarah,CLARY,,,,
SFK,Little Saxham,St Nicholas TR,,5 Feb 1797,13 Feb 1797,John,M,William,Mary,HARRALD,,,,
SFK,Little Saxham,St Nicholas TR,,,5 Mar 1797,William,M,John,Mary,POULTER,,,,
SFK,Little Saxham,St Nicholas TR,,30 Aug 1795,26 Mar 1797,Sophia,F,John,Mary,COPSEY,,,,
SFK,Little Saxham,St Nicholas TR,,12 Mar 1797,16 Apr 1797,Eleanor,F,Thomas,Ann,BANKS,,,,
SFK,Little Saxham,St Nicholas TR,,26 Feb 1797,14 May 1797,Honour,F,John,Elizabeth,CAWSTON,,,,
SFK,Little Saxham,St Nicholas TR,,1 Jun 1797,9 Jul 1797,Maria,F,John,Mary,Turner,,,,
SFK,Little Saxham,St Nicholas TR,,22 Aug 1797,3 Sep 1797,Mary,F,Henry,Isabella,PALMER,,,,
SFK,Little Saxham,St Nicholas TR,,4 Feb 1798,8 Apr 1798,Joseph,M,William,Dorothy,RICHARDSON,,,,
SFK,Little Saxham,St Nicholas TR,,22 Apr 1798,27 May 1798,Charlotte,F,Thomas,Sarah,CLAREY,,,,
SFK,Little Saxham,St Nicholas TR,,22 May 1798,27 May 1798,Deboreux,M,Henry,Elizabeth,OLLERTON,,,,
SFK,Little Saxham,St Nicholas TR,,23 Jun 1798,1 Jul 1798,Hannah,F,Robert,Elizabeth,BENTLEY,,,,
SFK,Little Saxham,St Nicholas TR,,26 Aug 1798,23 Sep 1798,Jane,F,John,Mary,COPSEY,,,,
SFK,Little Saxham,St Nicholas TR,,* * 1795,30 Sep 1798,Joseph,M,Richard,Hannah,SHARPE,,,,abt Mar
SFK,Little Saxham,St Nicholas TR,,9 Apr 1798,25 Dec 1798,Mary Ann,F,William,Mary,HARRALD,MALLOWS,,,
SFK,Little Saxham,St Nicholas TR,,5 May 1799,12 May 1799,John,M,James,Ann,BARWICK,SIER,,,
SFK,Little Saxham,St Nicholas TR,,25 Dec 1798,12 May 1799,Ann,F,William,Ann,LING,,,,
SFK,Little Saxham,St Nicholas TR,,16 May 1799,16 Jun 1799,Ann,F,Thomas,Ann,BANKS,,,,
SFK,Little Saxham,St Nicholas TR,,29 Aug 1799,1 Sep 1799,John,M,Henry,Isabella,PALMER,,,,
SFK,Little Saxham,St Nicholas TR,,14 Dec 1799,15 Dec 1799,George,M,Thomas,Eleanor,BOWERS,PAYNE,,,
SFK,Little Saxham,St Nicholas TR,,,5 Jan 1800,Jeremiah,M,Richard,Hannah,SHARPE,PARKER,,,
SFK,Little Saxham,St Nicholas TR,,,6 Apr 1800,Alice,F,William,Dorothy,RICHARDSON,,,,
SFK,Little Saxham,St Nicholas TR,,7 May 1800,11 May 1800,Edmund,M,Robert,Alice,CROW,,,,
SFK,Little Saxham,St Nicholas TR,,20 Apr 1800,18 May 1800,Robert,M,John,Mary,POUTER,,,,
SFK,Little Saxham,St Nicholas TR,,13 Apr 1800,24 Aug 1800,Alice Nunn,F,,Jemima,,WATSON,,,
SFK,Little Saxham,St Nicholas TR,,4 Sep 1800,28 Sep 1800,John,M,William,Mary,HARRALD,,,,
SFK,Little Saxham,St Nicholas TR,,28 Dec 1800,29 Dec 1800,Mary,F,William,Ann,LING,,,,
SFK,Little Saxham,St Nicholas TR,,25 Dec 1800,25 Jan 1801,Sarah,F,James,Elizabeth,GARWOOD,,,,
SFK,Little Saxham,St Nicholas TR,,,16 Feb 1801,William,M,,Margaret,,MONEY,,,
SFK,Little Saxham,St Nicholas TR,,26 Jun 1801,28 Jun 1801,John,M,Henry,Elizabeth,OLINTON,,,,
SFK,Little Saxham,St Nicholas TR,,6 Oct 1801,18 Oct 1801,Harriet,F,Thomas,Eleanor,BOWERS,PAYNE,,,
SFK,Little Saxham,St Nicholas TR,,21 Sep 1801,1 Jun 1802,William,M,William,Dorothea,RICHARDSON,,,,
SFK,Little Saxham,St Nicholas TR,,12 Feb 1802,6 Jun 1802,Elizabeth,F,Robert,Elizabeth,BENTLEY,,,,
SFK,Little Saxham,St Nicholas TR,,16 Apr 1802,6 Jun 1802,Thomas,M,Thomas,Sarah,CLARY,,,,
SFK,Little Saxham,St Nicholas TR,,17 Sep 1802,26 Sep 1802,Mary Ann,F,John,Loues,CROWE,,,,
SFK,Little Saxham,St Nicholas TR,,,19 Dec 1802,William,M,Henry,Elizabeth,PALMER,,,,
SFK,Little Saxham,St Nicholas TR,,,1 May 1803,James,M,James,Elizabeth,GARWOOD,,,,
SFK,Little Saxham,St Nicholas TR,,,3 Jun 1803,Marianne,F,James,Ann,BARWICK,,,,
SFK,Little Saxham,St Nicholas TR,,,17 Jul 1803,Sally,F,Thomas,Ann,BANKS,,,,
SFK,Little Saxham,St Nicholas TR,,,31 Jul 1803,James,M,William,Dorothea,RICHARDSON,,,,
SFK,Little Saxham,St Nicholas TR,,,1 Apr 1804,Milly,F,John,Mary,POWTOR,,,,
SFK,Little Saxham,St Nicholas TR,,,8 Apr 1804,Elizabeth,F,William,Ann,LING,,,,
SFK,Little Saxham,St Nicholas TR,,,13 May 1804,William,M,Henry,Elizabeth,OLERTON,,,,
SFK,Little Saxham,St Nicholas TR,,,22 Jul 1804,Phebe,F,Richard,Hannah,SHARPE,,,,
SFK,Little Saxham,St Nicholas TR,,,21 Oct 1804,John,M,Thomas,Sarah,CLARY,,,,
SFK,Little Saxham,St Nicholas TR,,,16 Dec 1804,Alice,F,William,Ann,LING,,,,
SFK,Little Saxham,St Nicholas TR,,,20 Jan 1805,Sarah,F,John,Lois,CROW,,,,
SFK,Little Saxham,St Nicholas TR,,20 May 1804,9 Apr 1805,Henry,M,William,Mary,HARALD,,,,
SFK,Little Saxham,St Nicholas TR,,,28 Apr 1805,Mary,F,James,Elizabeth,GARWOOD,,,,
SFK,Little Saxham,St Nicholas TR,,21 Jun 1805,30 Jun 1805,Bet,F,Henry,Elizabeth,PALMER,,,,
SFK,Little Saxham,St Nicholas TR,,,1 Sep 1805,Maria,F,Thomas,Anne,BANKS,,,,
SFK,Little Saxham,St Nicholas TR,,,6 Oct 1805,Thomas,M,William,Dorothy,RICHARDSON,,,,
SFK,Little Saxham,St Nicholas TR,,8 May 1806,3 Aug 1806,John,M,William,Anne,CATER,,,,
SFK,Little Saxham,St Nicholas TR,,8 May 1806,3 Aug 1806,Thomas,M,William,Anne,CATER,,,,
SFK,Little Saxham,St Nicholas TR,,24 May 1806,24 Aug 1806,Elizabeth,F,Thomas,Sarah,CLARY,,,,
SFK,Little Saxham,St Nicholas TR,,,8 Feb 1807,John,M,John,Lois,CROWE,,,,
SFK,Little Saxham,St Nicholas TR,,12 Dec 1806,3 Mar 1807,James,M,James,Ann,BARWICK,SYER,,,
SFK,Little Saxham,St Nicholas TR,,15 May 1806,19 Mar 1807,Charlotte Sole,F,Benjamin,Elizabeth,LINGWOOD,CRANE,,,
SFK,Little Saxham,St Nicholas TR,,,11 Oct 1807,Sarah,F,Henry,Elizabeth,OLERTON,,,,
SFK,Little Saxham,St Nicholas TR,,1 Oct 1807,15 Nov 1807,Sarah,F,James,Elizabeth,GARWOOD,,,,
SFK,Little Saxham,St Nicholas TR,,10 Oct 1807,17 Jan 1808,Harriet,F,William,Dorothy,RICHARDSON,,,,
SFK,Little Saxham,St Nicholas TR,,Sep 1807,13 Mar 1808,Edward,M,James,Elizabeth,CRACK,,,,
SFK,Little Saxham,St Nicholas TR,,10 May 1808,10 Jul 1808,Harriet,F,Thomas,Ann,BANKS,,,,
SFK,Little Saxham,St Nicholas TR,,,2 Oct 1808,Elizabeth,F,,Mary,,BENTLY,,,
SFK,Little Saxham,St Nicholas TR,,28 Nov 1808,5 Mar 1809,Mary,F,William,Ann,CATER,,,,
SFK,Little Saxham,St Nicholas TR,,* Oct 1808,16 Jun 1809,Elizabeth Sole,F,Benjamin,Elizabeth,LINGWOOD,CRANE,,,
SFK,Little Saxham,St Nicholas TR,,* Nov 1807,16 Jun 1809,Louisa Sarah,F,Benjamin,Elizabeth,LINGWOOD,CRANE,,,
SFK,Little Saxham,St Nicholas TR,,1 Aug 1809,10 Sep 1809,Joseph,M,William,Mary,HARROLD,MALLOWS,,,
SFK,Little Saxham,St Nicholas TR,,25 Jun 1806,8 Oct 1809,Sarah,F,William,Anne,LING,SIMKIN,,,
SFK,Little Saxham,St Nicholas TR,,29 Jan 1809,8 Oct 1809,William,M,William,Anne,LING,SIMKIN,,,
SFK,Little Saxham,St Nicholas TR,,24 Sep 1809,15 Oct 1809,William,M,John,Lois,CROW,BROWN,,,
SFK,Little Saxham,St Nicholas TR,,19 Jan 1810,8 Apr 1810,George,M,William,Dorothy,RICHARDSON,REEVE,,,
SFK,Little Saxham,St Nicholas TR,,2 Mar 1810,22 Apr 1810,James,M,Nathaniel,Sarah,MANNING,HOWARD,,,
SFK,Little Saxham,St Nicholas TR,,15 Apr 1810,29 Apr 1810,Joseph,M,Thomas,Sarah,CLARY,TURNER,,,
SFK,Little Saxham,St Nicholas TR,,28 Aug 1810,9 Sep 1810,Mary,F,James,Elizabeth,CRACK,WILKINSON,,,
SFK,Little Saxham,St Nicholas TR,,16 Jun 1811,20 Oct 1810,William,M,John,Mary,HARRIS,MASON,,,
SFK,Little Saxham,St Nicholas TR,,16 Sep 1810,11 Nov 1810,Charlotte,F,James,Elizabeth,GARRARD,FULLER,,,
SFK,Little Saxham,St Nicholas TR,,22 Dec 1810,30 Dec 1810,Benjamin Nelson,M,Benjamin,Elizabeth,LINGWOOD,CRANE,,,
SFK,Little Saxham,St Nicholas TR,,16 Jun 1811,20 Oct 1811,Thomas,M,James,Mary,COOK,HARRINGTON,,,
SFK,Little Saxham,St Nicholas TR,,16 Feb 1812,1 Mar 1812,John,M,,Sarah,COOK,,,,
SFK,Little Saxham,St Nicholas TR,,,8 Mar 1812,Mary Anne,F,Richard,Mary,COBBING,GARWOOD,,,
SFK,Little Saxham,St Nicholas TR,,,19 Apr 1812,Anne,F,William,Anne,CATER,,,,
SFK,Little Saxham,St Nicholas TR,,28 Sep 1811,14 Jun 1812,Thomas,M,William,Anne,LING,,,,
SFK,Little Saxham,St Nicholas TR,,2 Apr 1812,5 Jul 1812,Elizabeth,F,,Mary,,RICHERSON,,,
SFK,Little Saxham,St Nicholas TR,,3 Feb 1812,5 Jul 1812,Isaac,M,William,Dorothy,RICHERSON,REED,,,
SFK,Little Saxham,St Nicholas TR,,,21 Mar 1813,Robert,M,John,Lois,CROWE,,labourer,,
SFK,Little Saxham,St Nicholas TR,,,4 apr 1813,John,M,James,Elizabeth,GARROD,,husbandman,,
SFK,Little Saxham,St Nicholas TR,,29 Feb 1812,11 Apr 1813,Mary Ann,F,Richard,Molly,COBBIN,,labourer,,
SFK,Little Saxham,St Nicholas TR,,,7 May 1813,Horatio,M,William,Elizabeth,BILSON,,gamekeeper,,
SFK,Little Saxham,St Nicholas TR,,,30 May 1813,Robert Sale,M,Benjamin,Elizabeth,LINGWOOD,,farmer,,
SFK,Little Saxham,St Nicholas TR,,,12 Sep 1813,John,M,James,Elizabeth,CRACK,,labourer,,
SFK,Little Saxham,St Nicholas TR,,,17 Oct 1813,Sarah,F,,Margaret,,BENTLEY,labourer,Widow,
SFK,Little Saxham,St Nicholas TR,,,17 Oct 1813,Ann,F,Henry,Elizabeth,OLERTON,,labourer,,
SFK,Little Saxham,St Nicholas TR,,28 Feb 1813,9 Jan 1814,Martha,F,William,Ann,LING,,labourer,,
SFK,Little Saxham,St Nicholas TR,,,27 Feb 1814,Mary Ann,F,James,Mary,COOK,,labourer,,
SFK,Little Saxham,St Nicholas TR,,,27 Feb 1814,Mary,F,John,Elizabeth,CRACK,,labourer,,
SFK,Little Saxham,St Nicholas TR,,,15 May 1814,Susan,F,William,Ann,CATER,,labourer,,
SFK,Little Saxham,St Nicholas TR,,,7 Aug 1814,Robert,M,Richard,Mary,COBBIN,,labourer,,
SFK,Little Saxham,St Nicholas TR,,,11 Sep 1814,Hannah,F,John,Mary,HARRIS,,labourer,,
SFK,Little Saxham,St Nicholas TR,,,2 Dec 1814,Mary Susannah,F,William,Elizabeth,BILSON,,game keeper,,
SFK,Little Saxham,St Nicholas TR,,,25 Jun 1815,John,M,Thomas,Susan,ELEY,,labourer,,
SFK,Little Saxham,St Nicholas TR,,,30 Jul 1815,Alice,F,John,Loes,CROW,,labourer,,
SFK,Little Saxham,St Nicholas TR,,,1 Oct 1815,Thomas,M,James,Mary,COOK,,labourer,,
SFK,Little Saxham,St Nicholas TR,,,17 Dec 1815,William,M,John,Alice,EVITT,,labourer,,
SFK,Little Saxham,St Nicholas TR,,,28 Jan 1816,Sophia,F,John,Elizabeth,CRACK,,labourer,,
SFK,Little Saxham,St Nicholas TR,,,3 Mar 1816,Thomas,M,James,Sarah,HUNT,,labourer,,
SFK,Little Saxham,St Nicholas TR,,,2 Jun 1816,Mary,F,Daniel,Sarah,SHARP,,labourer,,
SFK,Little Saxham,St Nicholas TR,,,13 Oct 1816,George,M,William,Elizabeth,JENNISON,,farmer,,
SFK,Little Saxham,St Nicholas TR,,,16 Dec 1816,Henry,M,William,Anne,CATER,,labourer,,
SFK,Little Saxham,St Nicholas TR,,,1 Jun 1817,Bett,F,John,Alice,EVITT,,labourer,,
SFK,Little Saxham,St Nicholas TR,,,13 Jul 1817,Robert,M,William,Sarah,CROWE,,labourer,,
SFK,Little Saxham,St Nicholas TR,,27 Jul 1816,4 Aug 1817,Ellen Mary,F,Benjamin,Elizabeth,LINGWOOD,,farmer,,
SFK,Little Saxham,St Nicholas TR,,10 Mar 1815,4 Aug 1817,Thomas John,M,Benjamin,Elizabeth,LINGWOOD,,farmer,,
SFK,Little Saxham,St Nicholas TR,,,31 Aug 1817,John,M,Daniel,Sarah,SHARPE,,labourer,,
SFK,Little Saxham,St Nicholas TR,,,7 Sep 1817,Louisa Catharine,F,Phillip,Elizabeth Jane,FRANCIS,,gentleman,,
SFK,Little Saxham,St Nicholas TR,,,21 Dec 1817,Henry,M,John,Lois,CROWE,,labourer,,
SFK,Little Saxham,St Nicholas TR,,,1 Feb 1818,Henry,M,,Ann,,JENNISON,,,
SFK,Little Saxham,St Nicholas TR,,,1 Mar 1818,Mary,F,William,Elizabeth,JENNISON,,farmer,,
SFK,Little Saxham,St Nicholas TR,,,29 Mar 1818,George,M,Thomas,Mary,BALLS,,labourer,,
SFK,Little Saxham,St Nicholas TR,,,12 Jul 1818,Sally,F,Richard,Mary,COBBIN,,labourer,,
SFK,Little Saxham,St Nicholas TR,,,30 Aug 1818,Thomas,M,Daniel,Sarah,SHARPE,,labourer,,
SFK,Little Saxham,St Nicholas TR,,,13 Dec 1818,Henry,M,James,Sarah,HUNT,,labourer,,
SFK,Little Saxham,St Nicholas TR,,,3 Jan 1819,Honor,F,John,Elizabeth,CRACK,,labourer,,
SFK,Little Saxham,St Nicholas TR,,,9 Apr 1819,Anne Elizabeth,F,James,Mary,HARROLD,,shoemaker,,
SFK,Little Saxham,St Nicholas TR,,,9 May 1819,James,M,William,Ann,CATER,,labourer,,
SFK,Little Saxham,St Nicholas TR,,,9 May 1819,Bet,F,William,Sarah,CROW,,labourer,,
SFK,Little Saxham,St Nicholas TR,,,30 May 1819,Ann,F,James,Elizabeth,GARWOOD,,labourer,,
SFK,Little Saxham,St Nicholas TR,,,10 Oct 1819,William,M,Daniel,Sarah,SHARPE,,labourer,,
SFK,Little Saxham,St Nicholas TR,,,21 Oct 1819,Daniel,M,Henry,Hannah,ALDERTON,,labourer,,
SFK,Little Saxham,St Nicholas TR,,,30 Jan 1820,James,M,John,Alice,EVITT,,husbandman,,
SFK,Little Saxham,St Nicholas TR,,,13 Feb 1820,Robert,M,James,Margaret,BANKS,,labourer,,
SFK,Little Saxham,St Nicholas TR,,,9 Jul 1820,William Retter,M,Thomas,Elizabeth,COOK,,labourer,,
SFK,Little Saxham,St Nicholas TR,,,10 Sep 1820,Susan,F,Richard,Molly,COBBIN,,labourer,,
SFK,Little Saxham,St Nicholas TR,,,18 Feb 1821,Susan,F,Daniel,Sarah,SHARPE,,labourer,,
SFK,Little Saxham,St Nicholas TR,,,10 Mar 1821,Margaret,F,Henry,Hannah,ALDERTON,,labourer,,
SFK,Little Saxham,St Nicholas TR,,,21 Mar 1821,Eliza,F,John,Elizabeth,CRACK,,labourer,,
SFK,Little Saxham,St Nicholas TR,,,25 Mar 1821,George,M,Thomas,Mary,BALLS,,labourer,,
SFK,Little Saxham,St Nicholas TR,,,8 Apr 1821,Hannah,F,Richard,Molly,COBBIN,,labourer,,
SFK,Little Saxham,St Nicholas TR,,,19 Aug 1821,Edward,M,John,Lois,CROWE,,labourer,,
SFK,Little Saxham,St Nicholas TR,,,14 Oct 1821,William,M,Samuel,Kitty,CLARY,,labourer,,
SFK,Little Saxham,St Nicholas TR,,,25 Nov 1821,James,M,James,Margaret,BANKS,,labourer,,
SFK,Little Saxham,St Nicholas TR,,,6 Jan 1822,James,M,Daniel,Sarah,SHARP,,labourer,,
SFK,Little Saxham,St Nicholas TR,,,24 Mar 1822,Mary,F,Daniel,Sarah,SHARPE,,labourer,,
SFK,Little Saxham,St Nicholas TR,,,5 Jan 1823,Francis,M,William,Sarah,CROWE,,labourer,,
SFK,Little Saxham,St Nicholas TR,,,16 Feb 1823,Maria,F,John,Elizabeth,CRACK,,labourer,,
SFK,Little Saxham,St Nicholas TR,,,14 Mar 1823,John,M,Daniel,Sarah,SHARPE,,labourer,,
SFK,Little Saxham,St Nicholas TR,,,25 May 1823,Charles,M,William,Anne,CATOR,,labourer,,
SFK,Little Saxham,St Nicholas TR,,,1 Jun 1823,Elizabeth,F,Samuel,Kitty,CLARY,,labourer,,
SFK,Little Saxham,St Nicholas TR,,,29 Jun 1823,Amelia,F,Richard,Mary,COBBIN,,labourer,,
SFK,Little Saxham,St Nicholas TR,,,20 Jul 1823,Joseph,M,James,Margaret,BANKS,,labourer,,
SFK,Little Saxham,St Nicholas TR,,,30 May 1824,William,M,William,Sarah,CROWE,,labourer,,
SFK,Little Saxham,St Nicholas TR,,,6 Jun 1824,Frances,F,Daniel,Sarah,SHARPE,,labourer,,
SFK,Little Saxham,St Nicholas TR,,,13 Feb 1825,Emily,F,Henry,Hannah,ALDERTON,,labourer,,
SFK,Little Saxham,St Nicholas TR,,,15 May 1825,Sarah,F,Daniel,Sarah,SHARPE,,labourer,,
SFK,Little Saxham,St Nicholas TR,,,19 May 1825,Elizabeth,F,James,Sarah,BANKS,,labourer,,
SFK,Little Saxham,St Nicholas TR,,,28 Aug 1825,Marianne,F,William,Sarah,CROWE,,labourer,,
SFK,Little Saxham,St Nicholas TR,,,25 Sep 1825,Richard,M,John,Elizabeth,CRACK,,labourer,,
SFK,Little Saxham,St Nicholas TR,,,27 Nov 1825,Margaret,F,Richard,Mary,COBBIN,,labourer,,
SFK,Little Saxham,St Nicholas TR,,,6 Aug 1826,Henry,M,John,Sarah,LAST,,labourer,,
SFK,Little Saxham,St Nicholas TR,,,29 Sep 1826,Alice,F,John,Alice,EVITT,,labourer,,
SFK,Little Saxham,St Nicholas TR,,,12 Nov 1826,Harriet,F,Charles,Alice,EVERETT,,labourer,,
SFK,Little Saxham,St Nicholas TR,,,24 Dec 1826,William,M,James,Sarah,MORTLOCK,,labourer,,
SFK,Little Saxham,St Nicholas TR,,,3 Jun 1827,Harriet,F,Henry,Hannah,ALDERTON,,labourer,,
SFK,Little Saxham,St Nicholas TR,,,4 Jun 1827,Emma,F,Joseph,Susan,RICHARDSON,,labourer,,
SFK,Little Saxham,St Nicholas TR,,,10 Jun 1827,Henry,M,Daniel,Sarah,SHARPE,,labourer,,
SFK,Little Saxham,St Nicholas TR,,,18 Jun 1827,Henry,M,James,Margaret,BANKS,,labourer,,
SFK,Little Saxham,St Nicholas TR,,,9 Sep 1827,George,M,,Esther,,ALLINGTON,,of Melford,
SFK,Little Saxham,St Nicholas TR,,,16 Mar 1828,Henry Joseph,M,John,Mary Ann,HARROLD,,baker,,
SFK,Little Saxham,St Nicholas TR,,,30 Mar 1828,John,M,Richard,Mary,COBBIN,,labourer,,
SFK,Little Saxham,St Nicholas TR,,,16 Jun 1828,Henry,M,,Charlotte,,GARWOOD,,,
SFK,Little Saxham,St Nicholas TR,,,20 Jul 1828,Mary Anne,F,William,Mary,CRACK,,labourer,,
SFK,Little Saxham,St Nicholas TR,,,28 Dec 1828,Frances,F,John,Elizabeth,CRACK,,labourer,,
SFK,Little Saxham,St Nicholas TR,,,2 Feb 1829,James,M,John,Sarah,LAST,,labourer,,
SFK,Little Saxham,St Nicholas TR,,,8 Mar 1829,Charlotte,F,John,Alice,EVITT,,labourer,,
SFK,Little Saxham,St Nicholas TR,,,22 Mar 1829,Benjamin,M,Benjamin,Anne,LAST,,labourer,,
SFK,Little Saxham,St Nicholas TR,,,5 Apr 1829,George,M,Joseph,Susan,RICHARDSON,,labourer,,
SFK,Little Saxham,St Nicholas TR,,,3 May 1829,Sarah,F,William,Sarah,CROWE,,labourer,,
SFK,Little Saxham,St Nicholas TR,,,31 May 1829,Harriet,F,Edward,Mary,CROWE,,labourer,,
SFK,Little Saxham,St Nicholas TR,,,19 Jul 1829,Sarah,F,William,Susan,ALLINGTON,,labourer,,
SFK,Little Saxham,St Nicholas TR,,,2 Aug 1829,Mary,F,James,Margaret,BANKS,,labourer,,
SFK,Little Saxham,St Nicholas TR,,,9 Aug 1829,Thomas,M,George,Elizabeth,COOK,,labourer,,
SFK,Little Saxham,St Nicholas TR,,,20 Sep 1829,Lucretia,F,John,Mary Anne,HARROLD,,baker,,
SFK,Little Saxham,St Nicholas TR,,,23 Sep 1829,Marian,F,Daniel,Sarah,SHARPE,,labourer,,
SFK,Little Saxham,St Nicholas TR,,,4 Oct 1829,Lucy,F,Thomas,Mary,CATOR,,labourer,,
SFK,Little Saxham,St Nicholas TR,,,11 Oct 1829,Ellen,F,George,Ellen,Mortlock,,labourer,,
SFK,Little Saxham,St Nicholas TR,,,3 Jan 1830,John,M,Thomas,Marian,CLAREY,,labourer,,
SFK,Little Saxham,St Nicholas TR,,,18 Jul 1830,Mary,F,William,Sarah,CROWE,,labourer,,
SFK,Little Saxham,St Nicholas TR,,,26 Sep 1830,Mary,F,Daniel,Sarah,SHARPE,,labourer,,
SFK,Little Saxham,St Nicholas TR,,,31 Oct 1830,Mira,F,Henry,Hannah,ALDERTON,,labourer,,
SFK,Little Saxham,St Nicholas TR,,,30 Jan 1831,James,M,John,Pheby,CLARY,,labourer,,
SFK,Little Saxham,St Nicholas TR,,,6 Feb 1831,John,M,John Gill,Catharine Jane,STUTTER,,farmer,,
SFK,Little Saxham,St Nicholas TR,,,13 Feb 1831,John,M,Benjamin,Anne,LAST,,labourer,,
SFK,Little Saxham,St Nicholas TR,,,27 Feb 1831,Charles,M,William,Mary,CRACK,,labourer,,
SFK,Little Saxham,St Nicholas TR,,,27 Feb 1831,Harriet,F,Joseph,Susan,RICHARDSON,,labourer,,
SFK,Little Saxham,St Nicholas TR,,,13 Mar 1831,William,M,George,Ellen,MORTLOCK,,labourer,,
SFK,Little Saxham,St Nicholas TR,,,22 May 1831,Susan,F,John,Elizabeth,CRACK,,labourer,,
SFK,Little Saxham,St Nicholas TR,,,12 Jun 1831,Devereux,M,William,Susan,ALDERTON,,labourer,,
SFK,Little Saxham,St Nicholas TR,,,10 Jul 1831,Elizabeth,F,John,Sarah,LAST,,labourer,,
SFK,Little Saxham,St Nicholas TR,,,15 Jul 1831,Robert,M,Robert,Mary,CLARY,,labourer,,
SFK,Little Saxham,St Nicholas TR,,,25 Sep 1831,Henry,M,Edmund,Mary,CROWE,,labourer,,
SFK,Little Saxham,St Nicholas TR,,,20 Nov 1831,Henry,M,John,Phebe,CLARY,,labourer,,
SFK,Little Saxham,St Nicholas TR,,,19 Dec 1831,Sarah,F,John,Mary Ann,HARROLD,,baker,,
SFK,Little Saxham,St Nicholas TR,,,18 Mar 1832,Harriet,F,William,Sarah,CROWE,,labourer,,
SFK,Little Saxham,St Nicholas TR,,,20 May 1832,Anne,F,George,Elizabeth,COOK,,labourer,,
SFK,Little Saxham,St Nicholas TR,,,27 May 1832,Marian,F,William,Mary,CRACK,,labourer,,
SFK,Little Saxham,St Nicholas TR,,,10 Dec 1832,Elizabeth,F,Richard,Mary,COBBIN,,labourer,,
SFK,Little Saxham,St Nicholas TR,,,20 Jan 1833,Sarah,F,James,Margaret,BANKS,,labourer,,
SFK,Little Saxham,St Nicholas TR,,,20 Jan 1833,George,M,George,Ellen,MORTLOCK,,labourer,,
SFK,Little Saxham,St Nicholas TR,,,19 May 1833,Henry,M,Benjamin,Anne,LAST,,labourer,,
SFK,Little Saxham,St Nicholas TR,,,25 Aug 1833,Maria,F,Daniel,Sarah,SHARPE,,labourer,,
SFK,Little Saxham,St Nicholas TR,,,15 Sep 1833,Henry,M,Henry,Mary,HARRALD,,carpenter,of Bury,
SFK,Little Saxham,St Nicholas TR,,,22 Sep 1833,Marian,F,Edmund,Mary,CROWE,,labourer,,
SFK,Little Saxham,St Nicholas TR,,,10 Nov 1833,James William Ambrose,M,John,Mary Anne,HARROLD,,baker & shopkeeper,,
SFK,Little Saxham,St Nicholas TR,,,5 Jan 1834,John,M,,Charlotte,,GARWOOD,,,
SFK,Little Saxham,St Nicholas TR,,,2 Feb 1834,Marian,F,John,Sarah,LAST,,labourer,,
SFK,Little Saxham,St Nicholas TR,,,23 Feb 1834,Harriet,F,John,Phoebe,CLARY,,labourer,,
SFK,Little Saxham,St Nicholas TR,,,11 May 1834,Eliza,F,William,Susan,ALLINGTON,,labourer,,
SFK,Little Saxham,St Nicholas TR,,,18 May 1834,Eliza,F,Samuel,Sarah,LAST,,labourer,,
SFK,Little Saxham,St Nicholas TR,,,15 Jun 1834,Eliza,F,Richard,Mary,COBBIN,,labourer,,
SFK,Little Saxham,St Nicholas TR,,,7 Aug 1834,Henry,M,Thomas,Mary,CLARY,,labourer,,
SFK,Little Saxham,St Nicholas TR,,,24 Aug 1834,James,M,George,Anne,COOK,,labourer,,
SFK,Little Saxham,St Nicholas TR,,,29 Sep 1834,George,M,Daniel,Sarah,SHARP,,labourer,,
SFK,Little Saxham,St Nicholas TR,,,25 Dec 1834,James,M,George,Ellen,MORTLOCK,,labourer,,
SFK,Little Saxham,St Nicholas TR,,,29 Jan 1835,Emily Harriet,F,John Gill late,Catharine,STUTTER,,farmer,,
SFK,Little Saxham,St Nicholas TR,,,15 Feb 1835,Betsey,F,John,Phoebe,CLARY,,labourer,,
SFK,Little Saxham,St Nicholas TR,,,8 Mar 1835,Sarah,F,William,Mary,CRACK,,labourer,,
SFK,Little Saxham,St Nicholas TR,,,25 Jul 1835,Sarah,F,Robert,Mary Ann,CROW,,labourer,,
SFK,Little Saxham,St Nicholas TR,,,17 Aug 1835,Robert,M,Samuel,Sarah,LAST,,labourer,,
SFK,Little Saxham,St Nicholas TR,,,24 Aug 1835,Harriet,F,Henry,Hannah,ALLINGTON,,labourer,,
SFK,Little Saxham,St Nicholas TR,,5 Mar 1823,13 Sep 1835,Eliza,F,William,Ann,DUDLEY,WATSON,plasterer,of Bury St Edmunds,
SFK,Little Saxham,St Nicholas TR,,3 Sep 1832,13 Sep 1835,Elizabeth,F,William,Ann,DUDLEY,WATSON,plasterer,of Bury St Edmunds,
SFK,Little Saxham,St Nicholas TR,,1 Jan 1830,13 Sep 1835,Emma,F,William,Ann,DUDLEY,WATSON,plasterer,of Bury St Edmunds,
SFK,Little Saxham,St Nicholas TR,,17 Mar 1825,13 Sep 1835,Rosa,F,William,Ann,DUDLEY,WATSON,plasterer,of Bury St Edmunds,
SFK,Little Saxham,St Nicholas TR,,3 Mar 1827,13 Sep 1835,Thomas,M,William,Ann,DUDLEY,WATSON,plasterer,of Bury St Edmunds,
SFK,Little Saxham,St Nicholas TR,,,25 Dec 1835,Joseph,M,John,Phebe,CLARY,COOK,labourer,,
SFK,Little Saxham,St Nicholas TR,,,25 Dec 1835,Thomas,M,John,Phebe,CLARY,COOK,labourer,,
SFK,Little Saxham,St Nicholas TR,,,25 Dec 1835,Louisa,F,John,Mary Ann,HARROLD,GREENE,baker,,
SFK,Little Saxham,St Nicholas TR,,,31 Dec 1835,Philip,M,Benjamin,Ann,LAST,RANSOM,labourer,,
SFK,Little Saxham,St Nicholas TR,,,3 Jan 1836,James,M,William,Mary Ann,BANKS,LOFTS,labourer,,
SFK,Little Saxham,St Nicholas TR,,,14 Feb 1836,Sarah,F,John,Ann,CRACK,LING,labourer,,
SFK,Little Saxham,St Nicholas TR,,,14 Feb 1836,Jane,F,Edmund,Mary,CROW,FROST,labourer,,
SFK,Little Saxham,St Nicholas TR,,,27 Mar 1836,James,M,George,Ellen,MORTLOCK,BANKS,labourer,,
SFK,Little Saxham,St Nicholas TR,,,30 Apr 1836,Mary,F,,Sarah,CATER,,,,
SFK,Little Saxham,St Nicholas TR,,,22 May 1836,James,M,Thomas,Mary,CLARY,PLUMMER,labourer,,
SFK,Little Saxham,St Nicholas TR,,2 Feb 1829,9 Jul 1836,Arthur,M,Edward,Emily,MUSK,GEARY,labourer,,
SFK,Little Saxham,St Nicholas TR,,29 Nov 1835,9 Jul 1836,Fanny,F,Edward,Emily,MUSK,GEARY,labourer,,
SFK,Little Saxham,St Nicholas TR,,4 Feb 1831,9 Jul 1836,Jane,F,Edward,Emily,MUSK,GEARY,labourer,,
SFK,Little Saxham,St Nicholas TR,,,7 Aug 1836,Eliza,F,,Elizabeth,,EVITT,,,
SFK,Little Saxham,St Nicholas TR,,,20 Aug 1836,Kezia,F,William,Susan,ALLINGTON,FROST,shepherd,,
SFK,Little Saxham,St Nicholas TR,,,17 Sep 1836,William,M,John,Susan,BANKS,LAST,labourer,,
SFK,Little Saxham,St Nicholas TR,,,12 Dec 1836,Sarah,F,James,Louisa,KERY,,farmer,,
SFK,Little Saxham,St Nicholas TR,,,12 Feb 1837,Henry,M,Robert,Mary Ann,CROW,FINCH,labourer,,
SFK,Little Saxham,St Nicholas TR,,,5 Mar 1837,Sarah Ann,F,John,Sarah,LAST,CROW,labourer,,
SFK,Little Saxham,St Nicholas TR,,,30 Apr 1837,Mary,F,George,Elizabeth,COOK,BURROWS,labourer,,
SFK,Little Saxham,St Nicholas TR,,,25 Jun 1837,James,M,William,Mary,CRACK,MANNING,labourer,,
SFK,Little Saxham,St Nicholas TR,,,13 Aug 1837,Josiah,M,Samuel,Sarah,LAST,FARTHINGS,labourer,,
SFK,Little Saxham,St Nicholas TR,,,27 Aug 1837,Martha,F,John,Ann,CRACK,LING,labourer,,
SFK,Little Saxham,St Nicholas TR,,,18 Feb 1838,Caroline,F,Benjamin,Ann,LAST,RANSOM,labourer,,
SFK,Little Saxham,St Nicholas TR,,,18 Mar 1838,Elizabeth,F,John,Mary Ann,Harrold,GREENE,shop keeper,,
SFK,Little Saxham,St Nicholas TR,,,15 Apr 1838,George,M,George,Ellen,MORTLOCK,BANKS,labourer,,
SFK,Little Saxham,St Nicholas TR,,,23 Sep 1838,Margaret,F,John,Susan,BANKS,LAST,labourer,,
SFK,Little Saxham,St Nicholas TR,,,13 Dec 1838,Elizabeth,F,John,Susan,CROW,RICHARDSON,labourer,,
SFK,Little Saxham,St Nicholas TR,,,13 Jan 1839,Phoebe,F,Edmund,Mary,CROW,FROST,labourer,,
SFK,Little Saxham,St Nicholas TR,,,27 Jan 1839,Louisa,F,John,Elizabeth,SHARP,FINCH,labourer,,
SFK,Little Saxham,St Nicholas TR,,,10 Feb 1839,Margaret,F,William,Susan,ALDERTON,FROST,labourer,,
SFK,Little Saxham,St Nicholas TR,,,13 Mar 1839,Mary,F,James,Hannah,LAST,ALDERTON,labourer,,
SFK,Little Saxham,St Nicholas TR,,,18 May 1839,Amy,F,Robert,Mary Ann,CROW,FINCH,shepherd,,
SFK,Little Saxham,St Nicholas TR,,,19 May 1839,Harriet,F,John,Ann,CRACK,LING,labourer,,
SFK,Little Saxham,St Nicholas TR,,,12 Aug 1839,Elizabeth,F,Edward,Emily,MUSK,GEARY,labourer,,
SFK,Little Saxham,St Nicholas TR,,,6 Oct 1839,John,M,William,Mary,CRACK,MANNING,labourer,,
SFK,Little Saxham,St Nicholas TR,,,29 Dec 1839,Henry,M,Joseph,Sophia,CLARY,CRACK,labourer,,
SFK,Little Saxham,St Nicholas TR,,,9 Feb 1840,Susannah,F,John,Sophia,CLARY,FAKES,labourer,,
SFK,Little Saxham,St Nicholas TR,,,9 Feb 1840,Jane,F,George,Elizabeth,COOK,BURROWS,labourer,,
SFK,Little Saxham,St Nicholas TR,,,17 May 1840,Samuel,M,Samuel,Sarah,LAST,FARTHING,labourer,,
SFK,Little Saxham,St Nicholas TR,,,5 Jul 1840,James,M,John,Susan,BANKS,LAST,labourer,,
SFK,Little Saxham,St Nicholas TR,,,26 Jul 1840,Eliza,F,Henry,Amey,CROW,WILLIAMS,labourer,,
SFK,Little Saxham,St Nicholas TR,,,13 Sep 1840,Mary Ann,F,Benjamin,Ann,LAST,RANSOM,labourer,,
SFK,Little Saxham,St Nicholas TR,,,18 Oct 1840,George,M,James,Hannah,LAST,ALDERTON,labourer,,
SFK,Little Saxham,St Nicholas TR,,,4 Jul 1841,Harriet,F,Daniel,Harriet,ALDERTON,SHARP,labourer,,
SFK,Little Saxham,St Nicholas TR,,,8 Aug 1841,Edgar,M,John,Susan,CROW,RICHARDSON,labourer,,
SFK,Little Saxham,St Nicholas TR,,,22 Aug 1841,Henry,M,William,Mary,CRACK,MANNING,labourer,,
SFK,Little Saxham,St Nicholas TR,,,19 Sep 1841,Eliza,F,Robert,Mary Ann,CROW,FINCH,labourer,,
SFK,Little Saxham,St Nicholas TR,,,8 Nov 1841,Jane,F,Thomas,Mary Ann,FINCH,DURRANT,labourer,,
SFK,Little Saxham,St Nicholas TR,,,5 Dec 1841,Mary Ann,F,,Lucy,,LOFTS,house servant,of Broomfield  Essex,
SFK,Little Saxham,St Nicholas TR,,,19 Dec 1841,Frederick,M,William,Susan,ALDERTON,FROST,shepherd,,
SFK,Little Saxham,St Nicholas TR,,,20 Feb 1842,Eliza,F,John,Sophia,CLARY,FAKES,labourer,,
SFK,Little Saxham,St Nicholas TR,,,1 May 1842,Mary Ann,F,John,Elizabeth,SHARP,FINCH,labourer,,
SFK,Little Saxham,St Nicholas TR,,,10 May 1842,George,M,Joseph,Sophia,CLARY,CRACK,labourer,,
SFK,Little Saxham,St Nicholas TR,,,10 Jul 1842,Robert,M,John,Susan,BANKS,LAST,labourer,,
SFK,Little Saxham,St Nicholas TR,,,24 Jul 1842,Mary Ann,F,Henry,Amy,CROW,WILLIAMS,labourer,,
SFK,Little Saxham,St Nicholas TR,,,29 Jan 1843,Mary Ann,F,William,Sarah,EVITT,COBBIN,labourer,,
SFK,Little Saxham,St Nicholas TR,,,16 Feb 1843,Jane,F,Thomas,Mary Ann,FINCH,DURRANT,labourer,,
SFK,Little Saxham,St Nicholas TR,,,28 May 1843,James,M,Benjamin,Ann,LAST,RANSOM,labourer,,
SFK,Little Saxham,St Nicholas TR,,,9 Jul 1843,Henry,M,John,Elizabeth,SHARP,FINCH,labourer,,
SFK,Little Saxham,St Nicholas TR,,,18 Jul 1843,John,M,James,Mary Ann,EVITT,SHARP,labourer,,
SFK,Little Saxham,St Nicholas TR,,,20 Aug 1843,Elizabeth,F,William,Mary,CRACK,MANNING,labourer,,
SFK,Little Saxham,St Nicholas TR,,,24 Sep 1843,Mary Ann,F,,Ann,,GARWOOD,servant,,
SFK,Little Saxham,St Nicholas TR,,,5 Nov 1843,Mary Ann,F,William,Martha,SHARP,COCKS,labourer,of Bury St E  St James,
SFK,Little Saxham,St Nicholas TR,,,7 Jan 1844,Sarah,F,Daniel,Harriot,ALDERTON,SHARP,labourer,,
SFK,Little Saxham,St Nicholas TR,,,7 Jan 1844,Sarah,F,John,Sophia,CLARY,FAKES,labourer,,
SFK,Little Saxham,St Nicholas TR,,,7 Jan 1844,Hannah,F,John,Hannah,SARGENT,LAST,,of Barrow,
SFK,Little Saxham,St Nicholas TR,,,24 Mar 1844,William,M,Edmund,Mary,CROW,FROST,labourer,,
SFK,Little Saxham,St Nicholas TR,,,12 May 1844,John Thomas,M,Thomas,Mary Ann,FINCH,DURRANT,labourer,,
SFK,Little Saxham,St Nicholas TR,,,4 Aug 1844,Mary,F,Robert,Mary Anne,CROW,FINCH,labourer,,
SFK,Little Saxham,St Nicholas TR,,,5 Jan 1845,John,M,John,Susan,BANKS,LAST,labourer,,
SFK,Little Saxham,St Nicholas TR,,,7 Feb 1845,Jane,F,Thomas,Eliza,HUNT,FINCH,labourer,,
SFK,Little Saxham,St Nicholas TR,,,21 Dec 1845,Eliza,F,Benjamin,Anne,LAST,RANSOM,labourer,,
SFK,Little Saxham,St Nicholas TR,,,28 Dec 1845,Susan,F,William,Sarah,EVITT,COBBIN,labourer,,
SFK,Little Saxham,St Nicholas TR,,,12 Jul 1846,Emma,F,Daniel,Harriet,ALDERTON,SHARP,labourer,,
SFK,Little Saxham,St Nicholas TR,,,16 Aug 1846,George,M,John,Sophia,CLARY,FAKES,labourer,,
SFK,Little Saxham,St Nicholas TR,,,30 Aug 1846,Robert,M,William,Martha,SHARP,COCKS,labourer,,
SFK,Little Saxham,St Nicholas TR,,,6 Sep 1846,Henry,M,John,Mary,HARRALD,GREEN,shopkeeper,,
SFK,Little Saxham,St Nicholas TR,,,13 Sep 1846,Elizabeth,F,Joseph,Sophia,CLARY,CRACK,labourer,,
SFK,Little Saxham,St Nicholas TR,,,14 Mar 1847,Walter,M,Joseph,Henrieta,MAIDMENT,POND,gamekeeper,,
SFK,Little Saxham,St Nicholas TR,,27 Oct 1846,29 Aug 1847,Fanny Elizabeth,F,John,Elizabeth,SHARP,FINCH,labourer,,
SFK,Little Saxham,St Nicholas TR,,,5 Sep 1847,John,M,Robert,Mary Anne,CROW,FINCH,labourer,,
SFK,Little Saxham,St Nicholas TR,,,10 Oct 1847,Mary Elizabeth,F,James,Mary Ann,EVITT,SHARP,labourer,,
SFK,Little Saxham,St Nicholas TR,,,24 Oct 1847,Katherine,F,Thomas,Eliza,HUNT,FINCH,labourer,,
SFK,Little Saxham,St Nicholas TR,,,13 Feb 1848,Thomas,M,John,Susan,BANKS,LAST,labourer,,
SFK,Little Saxham,St Nicholas TR,,,19 Mar 1848,Harry,M,,Honor,,CRACK,servant,of Bury St E,
SFK,Little Saxham,St Nicholas TR,,,4 Jun 1848,Louisa,F,Robert,Anne,COBBIN,CATER,labourer,,
SFK,Little Saxham,St Nicholas TR,,,14 Jan 1849,Henry,M,Daniel,Harriet,ALDERTON,SHARP,labourer,,
SFK,Little Saxham,St Nicholas TR,,,14 Jan 1849,Edward William,M,Joseph,Henrietta,MAIDMENT,POND,gamekeeper,,
SFK,Little Saxham,St Nicholas TR,,,28 Jan 1849,Emma,F,,Susan,,SHARP,servant,of Bury St E,
SFK,Little Saxham,St Nicholas TR,,,6 May 1849,Eliza,F,William,Martha,SHARP,COCKS,labourer,,
SFK,Little Saxham,St Nicholas TR,,,10 Mar 1850,Susan,F,Charles,Charlotte,PALMER,EVITT,labourer,,
SFK,Little Saxham,St Nicholas TR,,,24 Mar 1850,Mary,F,John,Susan,BANKS,LAST,labourer,,
SFK,Little Saxham,St Nicholas TR,,,24 Mar 1850,Philip,M,Benjamin,Anne,LAST,RANSOM,labourer,,
SFK,Little Saxham,St Nicholas TR,,,25 Mar 1850,William,M,,Sarah,LAST,FARTHING,,widow,
SFK,Little Saxham,St Nicholas TR,,,21 Jul 1850,Francis,M,Robert,Mary Anne,CROW,FINCH,labourer,,
SFK,Little Saxham,St Nicholas TR,,,28 Jul 1850,Jane Emily,F,John,Lucy,ARLETT,MUSK,policeman,,
SFK,Little Saxham,St Nicholas TR,,,3 Nov 1850,Lucy Anne,F,Francis,Mary Anne,CROW,COOK,labourer,,
