+INFO,freereg.suffolk@gmail.com,password,SEQUENCED,MARRIAGES,cp437
#,CCC,JHarold,SUFFOLK,SFKRATMA2.CSV,18-Jun-11
#,CREDIT,David Huffey,freereg.suffolk@gmail.com
#,18 Jun 11,This information was transcribed by David Huffey over a period of time from 1987 to 1995;This was taken from a book containing the Parish Register Transcripts author unknown,
SFK,Rattlesden,St Nicholas TR,,04 Jun 1559,Robert,POOLE,,,,,,Edith,FITS,,,,,,,,,,,,,,,,
SFK,Rattlesden,St Nicholas TR,,15 Oct 1559,Robert,TOMPSON,,,,,,Agnes,RAYNOLDE,,,,,,,,,,,,,,,,
SFK,Rattlesden,St Nicholas TR,,22 Dec 1559,Thomas,MARGERYE,,,,,,Elizabeth,PAGE,,,,,,,,,,,,,,,,
SFK,Rattlesden,St Nicholas TR,,02 Jan 1560,John,WHITGHTINGE,,,,,,Elizabeth,YOLE,,,,,,,,,,,,,,,,
SFK,Rattlesden,St Nicholas TR,,20 Jan 1560,John,LEVOLDE,,,,,,Elizabeth,BUCKE,,,,,,,,,,,,,,,,
SFK,Rattlesden,St Nicholas TR,,30 Jun 1560,John,LOLPECKE,,,,,,Margaret,HAYNES,,,,,,,,,,,,,,,,
SFK,Rattlesden,St Nicholas TR,,18 Jul 1560,William,RUSH,,,,,,Elizabeth,BUTTON,,,,,,,,,,,,,,,,
SFK,Rattlesden,St Nicholas TR,,02 Sep 1560,John,CANDLER,,,,,,Christian,SUCKLINGE,,,,,,,,,,,,,,,,
SFK,Rattlesden,St Nicholas TR,,27 Oct 1560,George,WOODE,,,,,,Katherin,BUTTALL,,,,,,,,,,,,,,,,
SFK,Rattlesden,St Nicholas TR,,21 Jan 1561,Thomas,WOODWARD,,,,,,Bridget,FOKES,,,,,,,,,,,,,,,,
SFK,Rattlesden,St Nicholas TR,,17 Jul 1561,William,CASTLETON,,,,gent,,Elizabeth,SMITH,,,,,,,,,,,,,,,,
SFK,Rattlesden,St Nicholas TR,,01 Feb 1562,John,RUSH,,,,,,Dorethy,DAVE,,,,,,,,,,,,,,,,
SFK,Rattlesden,St Nicholas TR,,31 May 1562,Clement,GRUDGMAN,,,,,,Johan,PANFREY,,,,,,,,,,,,,,,,
SFK,Rattlesden,St Nicholas TR,,08 Jun 1562,John,?,,,,,,Anne,RIDNALL,,,,,,,,,,,,,,,,
SFK,Rattlesden,St Nicholas TR,,21 Jun 1562,John,MARTHAM,,,,,,Katherine,CLARK,,,,,,,,,,,,,,,,
SFK,Rattlesden,St Nicholas TR,,19 Jul 1562,Barthelemewe,ORVIS,,,,,,Jone,WHATLOCK,,,,,,,,,,,,,,,,
SFK,Rattlesden,St Nicholas TR,,11 Oct 1562,John,GARRAD,,,,,,Elizabeth,PARKEN,,,,,,,,,,,,,,,,
SFK,Rattlesden,St Nicholas TR,,22 Nov 1562,Simonde,REYNOLDE,,,,,,Mary,RUSBROOK,,,,,,,,,,,,,,,,
SFK,Rattlesden,St Nicholas TR,,21 Jan 1563,John,RANSOLD,,,,,,Christian,KEMBOLD,,,,,,,,,,,,,,,,
SFK,Rattlesden,St Nicholas TR,,05 May 1563,Thomas,CAGE,,,,,,Margaret,BOROWE,,,,,,,,,,,,,,,,
SFK,Rattlesden,St Nicholas TR,,13 May 1563,William,LUMPKIN,,,,,,Elizabeth,FIELD,,,,,,,,,,,,,,,,
SFK,Rattlesden,St Nicholas TR,,03 May 1564,William,NUNE,,,,,,Agnes,SAMSON,,,,,,,,,,,,,,,,
SFK,Rattlesden,St Nicholas TR,,18 May 1564,John,RONNETON,,,,,,Agnes,KINGE,,,,,,,,,,,,,,,,
SFK,Rattlesden,St Nicholas TR,,08 Sep 1564,George,GROME,,,,,,Katherin,?,,,,,,,,,,,,,,,,
SFK,Rattlesden,St Nicholas TR,,11 Jan 1564,George,BARNES,,,,,,Agnes,HABAR,,,,,,,,,,,,,,,,
SFK,Rattlesden,St Nicholas TR,,21 Oct 1565,John,DURRANT,,,,,,Rachel,GOSSE,,,,,,,,,,,,,,,,
SFK,Rattlesden,St Nicholas TR,,13 Jan 1566,John,KINGE,,,,,,Grace ,GOODE,,,wid,,,,,,,,,,,,,
SFK,Rattlesden,St Nicholas TR,,08 May 1567,William,SKARPE,,,,,,Ellen,HAWLES,,,,,,,,,,,,,,,,
SFK,Rattlesden,St Nicholas TR,,19 Oct 1567,Thomas,FOOKE,,,,,,Katherin,GLOSER,,,,,,,,,,,,,,,,
SFK,Rattlesden,St Nicholas TR,,04 Jul 1568,Peter,MARKAM,,,,,,Elizabeth,KINGE,,,,,,,,,,,,,,,,
SFK,Rattlesden,St Nicholas TR,,26 Aug 1568,Isacke,FITCHES,,,,,,Margaret,FENNE,,,,,,,,,,,,,,,,
SFK,Rattlesden,St Nicholas TR,,15 Aug 1569,John,MURRYE,,,,,,Elizabeth,SEAMAN,,,,,,,,,,,,,,,,
SFK,Rattlesden,St Nicholas TR,,18 Aug 1569,Richard,SMITHE,,,,,,Elizabeth,AVES,,,,,,,,,,,,,,,,
SFK,Rattlesden,St Nicholas TR,,02 Oct 1569,Thomas,KINGE,,,,,,Elizabeth,PAYNE,,,,,,,,,,,,,,,,
SFK,Rattlesden,St Nicholas TR,,16 Oct 1569,Edmunde,GRIMWOODE,,,,,,Roose,LUMKIN,,,,,,,,,,,,,,,,
SFK,Rattlesden,St Nicholas TR,,09 May 1570,Richard,RICHARDSON,,,,,,Margaret,POOLE,,,,,,,,,,,,,,,,
SFK,Rattlesden,St Nicholas TR,,11 May 1570,Fraunce,CLOPTON,,,,,,Urslye,LUMKIN,,,,,,,,,,,,,,,,
SFK,Rattlesden,St Nicholas TR,,16 Jul 1570,William,BOWLE,,,,,,Bettris,LUMKIN,,,,,,,,,,,,,,,,
SFK,Rattlesden,St Nicholas TR,,29 Jul 1570,Bejamyne,ELYE,,,,,,Wenyfride,NUNE,,,,,,,,,,,,,,,,
SFK,Rattlesden,St Nicholas TR,,03 Sep 1570,William,ELIEGHE,,,,,,Martha ,NUNE,,,wid,,,,,,,,,,,,,
SFK,Rattlesden,St Nicholas TR,,08 Oct 1570,William,SMITHE,,,,,,Agnes,COOPER,,,,,,,,,,,,,,,,
SFK,Rattlesden,St Nicholas TR,,15 Oct 1570,Richarde,MUNSON,,,,,,Margerye,BARNES,,,,,,,,,,,,,,,,
SFK,Rattlesden,St Nicholas TR,,24 Oct 1570,Edmunde,CLARKE,,,,,,Johan,HARVYE,,,,,,,,,,,,,,,,
SFK,Rattlesden,St Nicholas TR,,20 Nov 1570,Robert,SMITHE,,,,,,Martyne,PAWMER,,,,,,,,,,,,,,,,
SFK,Rattlesden,St Nicholas TR,,17 Jun 1571,Abraham,HINDBEST,,,,,,Elizabeth,GEORGE,,,,,,,,,,,,,,,,
SFK,Rattlesden,St Nicholas TR,,08 Jul 1571,John,BULL,,,,,,Agnes,RICHARD,,,,,,,,,,,,,,,,
SFK,Rattlesden,St Nicholas TR,,16 Sep 1571,William,LUMKIN,,,,,,Prudenc,GAGES,,,,,,,,,,,,,,,,
SFK,Rattlesden,St Nicholas TR,,21 Oct 1571,Thomas,WETHER,,,,,,Margaret,BRAYE,,,,,,,,,,,,,,,,
SFK,Rattlesden,St Nicholas TR,,18 Nov 1571,John,FRAUNCE,,,,,,Alice,BALLYE,,,,,,,,,,,,,,,,
SFK,Rattlesden,St Nicholas TR,,03 Aug 1572,John,SMITHE,,,,,,Margaret,WINDE,,,,,,,,,,,,,,,,
SFK,Rattlesden,St Nicholas TR,,12 Oct 1572,John,WOODE,,,,,,Martha,HYON,,,,,,,,,,,,,,,,
SFK,Rattlesden,St Nicholas TR,,12 Jul 1573,William,GOOSSE,,,,,,Dyna,SEAMAN,,,,,,,,,,,,,,,,
SFK,Rattlesden,St Nicholas TR,,01 Dec 1573,Michell,SKARPE,,,,,,Marye,BENNETT,,,,,,,,,,,,,,,,
SFK,Rattlesden,St Nicholas TR,,02 Jan 1574,Willm,RISBYE,,,,gent,,Katherine,SMITH,,,,,,,,,,,,,,,,
SFK,Rattlesden,St Nicholas TR,,05 Jul 1574,Robert,CARTER,,,,,,Thomasinge,BROWNE,,,,,,,,,,,,,,,,
SFK,Rattlesden,St Nicholas TR,,14 Sep 1574,John,CAVER,,,,,,Alice,WETHER,,,,,,,,,,,,,,,,
SFK,Rattlesden,St Nicholas TR,,03 Oct 1574,John,CLARKE,,,,,,Agnes,LEECHE,,,,,,,,,,,,,,,,
SFK,Rattlesden,St Nicholas TR,,01 Nov 1574,William,FOOKES,,,,,,Gresell,COOSELL,,,,,,,,,,,,,,,,
SFK,Rattlesden,St Nicholas TR,,13 Jan 1575,John,LUMPKIN,,,,,,Agnes,BAKER,,,,,,,,,,,,,,,,
SFK,Rattlesden,St Nicholas TR,,10 Feb 1575,John,BROWNE,,,,,,Martha,GROME,,,,,,,,,,,,,,,,
SFK,Rattlesden,St Nicholas TR,,11 Sep 1575,George,SALTER,,,,,,Margaret,CARSYE,,,,,,,,,,,,,,,,
SFK,Rattlesden,St Nicholas TR,,18 Sep 1575,John,PEARLE,,,,,,Sislye,WADDLOVE,,,,,,,,,,,,,,,,
SFK,Rattlesden,St Nicholas TR,,23 Sep 1575,John,HUNTT,,,,,,Dorethe,SCARPE,,,,,,,,,,,,,,,,
SFK,Rattlesden,St Nicholas TR,,22 Jul 1576,William,HIGHAM,,,,,,Agnes,BAKER,,,,,,,,,,,,,,,,
SFK,Rattlesden,St Nicholas TR,,18 Sep 1576,George,GROME,,,,,,Margaret,PUTTEWE,,,,,,,,,,,,,,,,
SFK,Rattlesden,St Nicholas TR,,21 Oct 1576,Mathewe,NUNE,,,,,,Ellen,COSSELL,,,,,,,,,,,,,,,,
SFK,Rattlesden,St Nicholas TR,,24 Jun 1577,William,SKARPE,,,,,,Anne,LANNHAM,,,,,,,,,,,,,,,,
SFK,Rattlesden,St Nicholas TR,,05 Oct 1578,John,BRADSTRETE,,,,,,Martha,SALTER,,,,,,,,,,,,,,,,
SFK,Rattlesden,St Nicholas TR,,07 Dec 1578,William,RIDNALL,,,,,,Martha,WINDE,,,,,,,,,,,,,,,,
SFK,Rattlesden,St Nicholas TR,,21 Feb 1579,John,CLARKE,,,,,,Anne,FOOKS,,,,,,,,,,,,,,,,
SFK,Rattlesden,St Nicholas TR,,09 Aug 1579,Simonde,ABBOTT,,,,,,Margerye,BRANSTED,,,,,,,,,,,,,,,,
SFK,Rattlesden,St Nicholas TR,,08 Apr 1580,George,NUNE,,,,,,Margaret,RICHAR,,,,,,,,,,,,,,,,
SFK,Rattlesden,St Nicholas TR,,28 Aug 1580,Thomas,LAWGHLINGE,,,,,,Elizabeth,WALLER,,,,,,,,,,,,,,,,
SFK,Rattlesden,St Nicholas TR,,11 Sep 1580,Roger,GROME,,,,,,Roose,WATSON,,,,,,,,,,,,,,,,
SFK,Rattlesden,St Nicholas TR,,27 Sep 1580,John,SIMONDE,,,,,,Priscilla,RUMPTON,,,,,,,,,,,,,,,,
SFK,Rattlesden,St Nicholas TR,,09 Oct 1580,John,FENNE,,,,,,Martha,SMITH,,,,,,,,,,,,,,,,
SFK,Rattlesden,St Nicholas TR,,23 Oct 1580,Thomas,POOLE,,,,,,Margaret,ROOPER,,,,,,,,,,,,,,,,
SFK,Rattlesden,St Nicholas TR,,31 Jan 1581,Peter,PLOOSSE,,,,,,Suzan,KINGE,,,,,,,,,,,,,,,,
SFK,Rattlesden,St Nicholas TR,,21 Jun 1581,Roger,RICHARDSON,,,,,,Johan,CAMPE,,,,,,,,,,,,,,,,
SFK,Rattlesden,St Nicholas TR,,02 Jul 1581,Abraham,ELYE,,,,,,Bettris,SPINCK,,,,,,,,,,,,,,,,
SFK,Rattlesden,St Nicholas TR,,17 Jun 1582,Thomas,BAKER,,,,,,Marye,MICKFIELD,,,,,,,,,,,,,,,,
SFK,Rattlesden,St Nicholas TR,,22 Jul 1582,Ralphe,ROBERSON,,,,,,Anne,BANTOSSE,,,,,,,,,,,,,,,,
SFK,Rattlesden,St Nicholas TR,,17 Jul 1583,James,MORALL,,,,,,Fraunce,HAYWARD,,,,,,,,,,,,,,,,
SFK,Rattlesden,St Nicholas TR,,21 Jul 1583,Nicholas,SMITHE,,,,,,Martha,ORVIS,,,,,,,,,,,,,,,,
SFK,Rattlesden,St Nicholas TR,,22 Aug 1583,Marke,BASSON,,,,,,Margaret,HILL,,,,,,,,,,,,,,,,
SFK,Rattlesden,St Nicholas TR,,22 Aug 1583,Thomas,WINTERFLUDE,,,,,,Elizabeth,GROME,,,,,,,,,,,,,,,,
SFK,Rattlesden,St Nicholas TR,,01 Sep 1583,John,WETHER,,,,,,Elizabeth,JAMES,,,,,,,,,,,,,,,,
SFK,Rattlesden,St Nicholas TR,,16 Sep 1583,Edmunde,SCOOTE,,,,,,Agnes,LOSSE,,,,,,,,,,,,,,,,
SFK,Rattlesden,St Nicholas TR,,30 Aug 1584,Thomas,BRUNDISHE,,,,,,Agnes,TOMPSON,,,,,,,,,,,,,,,,
SFK,Rattlesden,St Nicholas TR,,23 Sep 1584,William ,CASTLETON,,,,Mr,,Suzan,LE GRISE,,,,,,,,,,,,,,,,
SFK,Rattlesden,St Nicholas TR,,22 Nov 1584,William,PILBOROWGHE,,,,,,Prudence,GARDENER,,,,,,,,,,,,,,,,
SFK,Rattlesden,St Nicholas TR,,25 May 1585,Edwarde,NUNE,,,,,,Elizabeth ,SNILLINGE,,,wid,,,,,,,,,,,,,
SFK,Rattlesden,St Nicholas TR,,21 Jun 1585,John ,KINGE,,,wid,,,Roose ,COFFIN,,,wid,,,,,,,,,,,,,
SFK,Rattlesden,St Nicholas TR,,05 Jul 1585,William,NUTMAN,,,,,,Margerye,NUNE,,,,,,,,,,,,,,,,
SFK,Rattlesden,St Nicholas TR,,15 Aug 1585,William,BRIANT,,,,,,Bridgett,KINGE,,,,,,,,,,,,,,,,
SFK,Rattlesden,St Nicholas TR,,05 Sep 1585,Mathewe,PAYNE,,,,,,Grace,GOODE,,,,,,,,,,,,,,,,
SFK,Rattlesden,St Nicholas TR,,05 Oct 1585,Otiwell,STRUTT,,,,,,Suzan,WALLER,,,,,,,,,,,,,,,,
SFK,Rattlesden,St Nicholas TR,,17 Jul 1586,John,BUMPSTED,,,,,,Johan,WARNER,,,,,,,,,,,,,,,,
SFK,Rattlesden,St Nicholas TR,,13 Feb 1587,Thomas,LANCASTER,,,,gent,,Suzan,RYVETT,,,,gent,,,,,,,,,,,,
SFK,Rattlesden,St Nicholas TR,,26 Sep 1587,Edwarde,DIKES,,,,,,Anne,ORVIS,,,,,,,,,,,,,,,,
SFK,Rattlesden,St Nicholas TR,,26 Sep 1587,Edmund,CLARKE,,,,,,Hester,BAKER,,,,,,,,,,,,,,,,
SFK,Rattlesden,St Nicholas TR,,22 Oct 1587,John,ORVIS,,,,,,Alice,LOADE,,,,,,,,,,,,,,,,
SFK,Rattlesden,St Nicholas TR,,28 Nov 1587,Richard,GARNETT,,,,,,Agnes,WILSON,,,,,,,,,,,,,,,,
SFK,Rattlesden,St Nicholas TR,,08 Jan 1588,John,RANSON,,,,,,Dina,SCOOTE,,,,,,,,,,,,,,,,
SFK,Rattlesden,St Nicholas TR,,23 Jun 1588,Jonas,BONDE,,,,,,Roose,WOODE,,,,,,,,,,,,,,,,
SFK,Rattlesden,St Nicholas TR,,16 Jul 1588,Phillip,POOLE,,,,,,Barbarye,JENNINGE,,,,,,,,,,,,,,,,
SFK,Rattlesden,St Nicholas TR,,22 Sep 1588,John,OSBORNE,,,,,,Elizabeth,LEVOLDE,,,,,,,,,,,,,,,,
SFK,Rattlesden,St Nicholas TR,,19 Nov 1588,John,HUNT,,,,,,Anne,BEALE,,,,,,,,,,,,,,,,
SFK,Rattlesden,St Nicholas TR,,24 Nov 1588,John,JENNINGE,,,,,,Roose,POOLE,,,,,,,,,,,,,,,,
SFK,Rattlesden,St Nicholas TR,,01 Jun 1589,Richarde,SMITHE,,,,,,Margaret,LEVOLDE,,,,,,,,,,,,,,,,
SFK,Rattlesden,St Nicholas TR,,31 Aug 1589,Edmunde,PAGE,,,,,,Anne,WEBB,,,,,,,,,,,,,,,,
SFK,Rattlesden,St Nicholas TR,,14 Sep 1589,Luke,LEVELL,,,,,,Anne,SOWGATE,,,,,,,,,,,,,,,,
SFK,Rattlesden,St Nicholas TR,,20 May 1590,William,GOOSE,,,,,,Julian,FRAUNCIS,,,,,,,,,,,,,,,,
SFK,Rattlesden,St Nicholas TR,,25 Jun 1590,John,BULBROKE,,,,,,Anne,ORVIS,,,,,,,,,,,,,,,,
SFK,Rattlesden,St Nicholas TR,,14 Jul 1590,Christopher,STRUT,,,,,,Anne,WALLER,,,,,,,,,,,,,,,,
SFK,Rattlesden,St Nicholas TR,,03 Oct 1590,Frauncis,COOKE,,,,,,Agnes,GARRADE,,,,,,,,,,,,,,,,
SFK,Rattlesden,St Nicholas TR,,05 Nov 1590,John,RUMPLE,,,,,,Anne,TURPIN,,,,,,,,,,,,,,,,
SFK,Rattlesden,St Nicholas TR,,06 Jun 1591,John,MOORE,,,,,,Marye,WEBBE,,,,,,,,,,,,,,,,
SFK,Rattlesden,St Nicholas TR,,20 Jun 1591,Robert,STRUTE,,,,,,Marye,BAKER,,,,,,,,,,,,,,,,
SFK,Rattlesden,St Nicholas TR,,21 Jul 1591,John,WHITE,,,,,,Suzan,MAKINGE,,,,,,,,,,,,,,,,
SFK,Rattlesden,St Nicholas TR,,04 Jul 1591,Robert,WHATLOCKE,,,,,,Marye,BARTHENEWE,,,,,,,,,,,,,,,,
SFK,Rattlesden,St Nicholas TR,,03 Sep 1591,George,GROME,,,,,,Grace,DOOLE,,,,,,,,,,,,,,,,
SFK,Rattlesden,St Nicholas TR,,15 Dec 1591,Bassingborne,THROGMARTYNE ,,,,,,Marye,HILL,,,,,,,,,,,,,,,,
SFK,Rattlesden,St Nicholas TR,,11 Jul 1592,John,FROST,,,,,,Christian,NETHERSTREET,,,,,,,,,,,,,,,,John Frost of Glensford & Christian Netherstreet of Clare
SFK,Rattlesden,St Nicholas TR,,09 Feb 1593,Marmaduke,WEBBE,,,,,,Prudence,VALEGER?,,,,,,,,,,,,,,,,
SFK,Rattlesden,St Nicholas TR,,14 Apr 1593,Christopher,PADD,,,,,,Roose,ALLEN,,,,,,,,,,,,,,,,
SFK,Rattlesden,St Nicholas TR,,27 May 1593,Abraham,WOODE,,,,,,Amye,AMNER,,,,,,,,,,,,,,,,
SFK,Rattlesden,St Nicholas TR,,30 May 1593,Leonarde,CLARKE,,,,,,Anne ,GROME,,,wid,,,,,,,,,,,,,Leonarde Thacaro Clarke 
SFK,Rattlesden,St Nicholas TR,,24 Jul 1593,John,PEARLE,,,,,,Suzan,STRUTT,,,,,,,,,,,,,,,,
SFK,Rattlesden,St Nicholas TR,,16 Sep 1593,John,MILLER,,,,,,Anne,FOAK?,,,,,,,,,,,,,,,,
SFK,Rattlesden,St Nicholas TR,,30 Sep 1593,Robert,STEEFFE,,,,,,Marion,BOWLE,,,,,,,,,,,,,,,,
SFK,Rattlesden,St Nicholas TR,,07 Oct 1593,John,LEVOLDE,,,,,,Christian,CLARKE,,,,,,,,,,,,,,,,
SFK,Rattlesden,St Nicholas TR,,02 Jan 1594,John,JACKSON,,,,gent,,Katherine,SKARPE,,,,,,,,,,,,,,,,
SFK,Rattlesden,St Nicholas TR,,03 Apr 1594,Thomas,BUMPSTEDE,,,,,,Margaret,PEARLE,,,,,,,,,,,,,,,,
SFK,Rattlesden,St Nicholas TR,,01 Jul 1594,George,BOWLE,,,,,,Elizabeth,TILMAN,,,,,,,,,,,,,,,,
SFK,Rattlesden,St Nicholas TR,,25 Jul 1594,Henry,SCOOTE,,,,,,Martha,WHATLOCKE,,,,,,,,,,,,,,,,
SFK,Rattlesden,St Nicholas TR,,15 Sep 1594,Richarde,STEDMAN,,,,,,Alice,POWELYE,,,,,,,,,,,,,,,,
SFK,Rattlesden,St Nicholas TR,,22 Sep 1594,John,HAKINGE,,,,,,Anne,LEVOLE,,,,,,,,,,,,,,,,
SFK,Rattlesden,St Nicholas TR,,29 Sep 1595,Raphe,ARCHER,,,,,,Sislye,BARNES,,,,,,,,,,,,,,,,
SFK,Rattlesden,St Nicholas TR,,05 Nov 1595,Frauncis,POWELL,,,,,,Elizabeth ,BRETT,,,wid,,,,,,,,,,,,,
SFK,Rattlesden,St Nicholas TR,,25 Jun 1596,Thomas,GOOLD,,,,,,Anne,BOURNE,,,,,,,,,,,,,,,,
SFK,Rattlesden,St Nicholas TR,,25 Aug 1596,Robert,WALKER,,,,,,Elizabeth,GRIMWOODE,,,,,,,,,,,,,,,,
SFK,Rattlesden,St Nicholas TR,,05 Sep 1596,Henry,ROBERTS,,,,,,,,,,,,,,,,,,,,,,,
SFK,Rattlesden,St Nicholas TR,,13 Sep 1597,Thomas,BEETS,,,,,,Sara,SHALES,,,,,,,,,,,,,,,,Thomas Beets of Stowmarket
SFK,Rattlesden,St Nicholas TR,,25 Sep 1597,Edwarde,ORVIS,,,,,,Fraunce,STUDD,,,,,,,,,,,,,,,,
SFK,Rattlesden,St Nicholas TR,,18 Feb 1598,Edmunde,GOSNALL,,,,,,Roose,COWELL,,,,,,,,,,,,,,,,Edmunde Gosnall senior of Watsom
SFK,Rattlesden,St Nicholas TR,,18 Jul 1598,William,WOODGATE,,,,,,Katherine,GOODTRIDGE,,,,,,,,,,,,,,,,
SFK,Rattlesden,St Nicholas TR,,01 Aug 1598,John,SKARPE,,,,,,Johan,UNDERWOODE,,,,,,,,,,,,,,,,
SFK,Rattlesden,St Nicholas TR,,22 Oct 1598,Roger,GROME,,,,,,Dorethy,LEACHE,,,,,,,,,,,,,,,,
SFK,Rattlesden,St Nicholas TR,,10 Dec 1598,Thomas,FENNE,,,,,,Johan,MUSKETT,,,,,,,,,,,,,,,,
SFK,Rattlesden,St Nicholas TR,,22 Jul 1599,Henry,CARE,,,,,,Phebe,MILLER,,,,,,,,,,,,,,,,Henry Care of Bury St Edmunds
SFK,Rattlesden,St Nicholas TR,,22 Aug 1599,John,CLARKE,,,,,,Prudence,LOAND,,,,,,,,,,,,,,,,
SFK,Rattlesden,St Nicholas TR,,19 Sep 1599,Thomas,MATHEW,,,,,,Bridget,ROBERTS,,,,,,,,,,,,,,,,Thomas Mathew of Dedham
SFK,Rattlesden,St Nicholas TR,,30 Sep 1599,Peter,ALDIES,,,,,,Suzan,NUNE,,,,,,,,,,,,,,,,Peter Aldies of Nedham cu barkin sic
SFK,Rattlesden,St Nicholas TR,,16 Oct 1599,John,TAYLOR,,,,,,Margaret,SOWGATE,,,,,,,,,,,,,,,,John Taylor of Buxhall
SFK,Rattlesden,St Nicholas TR,,25 Oct 1599,Peter,HOWLETT,,,,,,Alice ,BAKER,,,wid,,,,,,,,,,,,,
SFK,Rattlesden,St Nicholas TR,,14 Jan 1602,Luke,UNGER,,,,,,Ethelred,WEB ,,,,,,,,,,,,,,,,Luke Unger of Tottington Norfolk
SFK,Rattlesden,St Nicholas TR,,06 May 1602,John,RICHER,,,,,,Elizabeth,LASELING,,,,,,,,,,,,,,,,John son of Henry Richer
SFK,Rattlesden,St Nicholas TR,,22 Jun 1602,John ,PEARLE,,,wid,,,Dorithye ,WARD,,,wid,,,,,,,,,,,,,
SFK,Rattlesden,St Nicholas TR,,09 Aug 1602,Henry ,CLOWELL,,,,Esq,,Anne,RYVETT,,,,,,,,,,,,,,,,Anne daughter of Thomas Ryvet sic Esquire
SFK,Rattlesden,St Nicholas TR,,25 Nov 1602,Peter,DEVEREUX,,,,BA,,Julian,FRAUNCES,,,,,,,,,,,,,,,,
SFK,Rattlesden,St Nicholas TR,,07 Apr 1603,Nicholas,SKOTT,,,,,,Anne,BATMAN,,,,,,,,,,,,,,,,
SFK,Rattlesden,St Nicholas TR,,05 May 1603,John,PERKS,,,,,,Briget,ROBARTS,,,,,,,,,,,,,,,,
SFK,Rattlesden,St Nicholas TR,,29 Jun 1603,Robert,MAKINE,,,,,,Sibell,HALL,,,,,,,,,,,,,,,,
SFK,Rattlesden,St Nicholas TR,,11 Sep 1603,John,PEARLE,,,,,,Suzan,DOWNEING,,,,,,,,,,,,,,,,
SFK,Rattlesden,St Nicholas TR,,10 Oct 1603,John,ROBARTS,,,,,,Parnell,WAYGHT,,,,,,,,,,,,,,,,
SFK,Rattlesden,St Nicholas TR,,16 Oct 1603,John,SMITHE,,,,,,Alice,FOAXE,,,,,,,,,,,,,,,,
SFK,Rattlesden,St Nicholas TR,,29 Dec 1603,Anthony,DIER,,,,gent,,Anne,TILLET,,,,,,,,,,,,,,,,Anne daughter of Samuell Tilet
SFK,Rattlesden,St Nicholas TR,,23 Jan 1604,Robert,TOMPSON ,,,,,,Amy,PERKINE,,,,,,,,,,,,,,,,Tompson alias Carter
SFK,Rattlesden,St Nicholas TR,,23 Jan 1604,Robert,CARTER,,,,,,Amy,PERKINE,,,,,,,,,,,,,,,,Tompson alias Carter
SFK,Rattlesden,St Nicholas TR,,26 Jan 1604,Simon,MAYE,,,,,,Joan,LINGE,,,,,,,,,,,,,,,,Joan daughter of William Linge
SFK,Rattlesden,St Nicholas TR,,17 Feb 1604,William,SALMON,,,,,,Grace,COCKE,,,,,,,,,,,,,,,,Grace daughter of William Cocke
SFK,Rattlesden,St Nicholas TR,,19 Jul 1604,William,NUNE,,,,,,Agnes,DEUEREUX,,,,,,,,,,,,,,,,
SFK,Rattlesden,St Nicholas TR,,16 Sep 1604,William,CROCKE,,,,,,Alice,HAYWARD,,,,,,,,,,,,,,,,
SFK,Rattlesden,St Nicholas TR,,07 Oct 1604,John,MAKINE,,,,,,Alice,HYAM,,,,,,,,,,,,,,,,
SFK,Rattlesden,St Nicholas TR,,05 Jul 1605,John,IVES,,,,gent,,Ann,SHARP,,,,,,,,,,,,,,,,Ann Sharp daugther to Mris Castleton
SFK,Rattlesden,St Nicholas TR,,22 Jun 1606,Gregory,ORVIS,,,,,,Mary,CARTER,,,,,,,,,,,,,,,,
SFK,Rattlesden,St Nicholas TR,,20 Nov 1606,James ,SMITH,,,wid,,,Cicely ,GIRNEY,,,wid,,,,,,,,,,,,,
SFK,Rattlesden,St Nicholas TR,,05 Jan 1607,Christopher,CROSSE,,,,gent,,Francis,CASTLETON,,,,,,,,,,,,,,,,Francis daughter to Mr William Castleton Esquire
SFK,Rattlesden,St Nicholas TR,,20 Jan 1607,Richard,ELY,,,,,,Susan,NUNE,,,,,,,,,,,,,,,,
SFK,Rattlesden,St Nicholas TR,,15 Feb 1607,Gregory,FRANCIS,,,,,,Dorothy,MINNS,,,,,,,,,,,,,,,,
SFK,Rattlesden,St Nicholas TR,,24 Jun 1607,Thomas,FULLER,,,,,,Bridgett,FENNER,,,,,,,,,,,,,,,,
SFK,Rattlesden,St Nicholas TR,,25 Jun 1607,Robert,WHATLOCKE,,,,,,Ann,DAVY,,,,,,,,,,,,,,,,
SFK,Rattlesden,St Nicholas TR,,26 Jun 1607,James,MORWELL,,,,,,Margarite,SMITH,,,,,,,,,,,,,,,,
SFK,Rattlesden,St Nicholas TR,,19 Jul 1607,George,FITT,,,,,,Dorothy,NUNE,,,,,,,,,,,,,,,,George Fitt of Drinkstone & Dorothy daughter of George Nune
SFK,Rattlesden,St Nicholas TR,,29 Jul 1607,Thomas,GOODRICH,,,,,,Susan,WALLER,,,,,,,,,,,,,,,,Susan daughter of William Waller
SFK,Rattlesden,St Nicholas TR,,13 Sep 1607,Thomas,PAGE,,,,,,Joane,BAKER,,,,,,,,,,,,,,,,
SFK,Rattlesden,St Nicholas TR,,22 Nov 1607,Ambrose,ASHFORD,,,,,,Elsabeth,RUST,,,,,,,,,,,,,,,,Elsabeth daughter of Jeremy Rust
SFK,Rattlesden,St Nicholas TR,,29 Nov 1607,Adam,RANSONN,,,,,,Susan,EELY,,,,,,,,,,,,,,,,
SFK,Rattlesden,St Nicholas TR,,10 Jul 1608,Thomas,PAYNE,,,,,,Sarah,LEVOLD,,,,,,,,,,,,,,,,Thomas Payne of Elingham mag in Norff
SFK,Rattlesden,St Nicholas TR,,09 Jan 1608,Stephen,BUMSTEED,,,,,,Clemens,WALLER,,,,,,,,,,,,,,,,
SFK,Rattlesden,St Nicholas TR,,17 Oct 1608,John,DOWNINGE,,,,,,Hester,HYAM,,,,,,,,,,,,,,,,
SFK,Rattlesden,St Nicholas TR,,09 Jul 1609,William,GOSLINE,,,,,,Agnes,FEN,,,,,,,,,,,,,,,,
SFK,Rattlesden,St Nicholas TR,,15 Oct 1609,Richard,WAKELIN,,,,,,Martha,POOLE,,,,,,,,,,,,,,,,
SFK,Rattlesden,St Nicholas TR,,01 Nov 1609,Adam,EDWARDS,,,,,,Sowgate,FREEWITH,,,,,,,,,,,,,,,,
SFK,Rattlesden,St Nicholas TR,,28 Nov 1609,Frauncis,COCKSEDGE,,,,,,Judeth,WILSON,,,,,,,,,,,,,,,,
SFK,Rattlesden,St Nicholas TR,,04 Feb 1610,Robert,RICHER,,,,,,Ann,BIRD,,,,,,,,,,,,,,,,
SFK,Rattlesden,St Nicholas TR,,01 Apr 1611,Robert ,TOMPSON,,,wid,,,Elsabeth,HARLINGE,,,single,,,,,,,,,,,,,
SFK,Rattlesden,St Nicholas TR,,22 Jul 1611,Bernard,MILLES,,,,,,Hester,WILSON,,,,,,,,,,,,,,,,Bernard Milles of Lavenham
SFK,Rattlesden,St Nicholas TR,,25 Jul 1611,Thomas,NUNE,,,,,,Sara,POSFORD,,,,,,,,,,,,,,,,
SFK,Rattlesden,St Nicholas TR,,03 Oct 1611,Giles,BARKER,,,,,,Elizabeth,MARSHALL,,,,,,,,,,,,,,,,
SFK,Rattlesden,St Nicholas TR,,22 Oct 1611,John,WALLER,,,singleman,,,Agnes ,DENNY,,,wid,,,,,,,,,,,,,Agnes Denny of Combes
SFK,Rattlesden,St Nicholas TR,,23 Oct 1611,John,NUNE,,,,,,Rose,BRIDGES,,,,,,,,,,,,,,,,
SFK,Rattlesden,St Nicholas TR,,27 Nov 1611,John,DOWNINGE,,,,,,Mary,WILSON,,,,,,,,,,,,,,,,John Downinge of Barum  -------  Probably Barham  djch
SFK,Rattlesden,St Nicholas TR,,25 May 1612,William,SMITH,,,,,,Rebecka,GAGES,,,,,,,,,,,,,,,,
SFK,Rattlesden,St Nicholas TR,,24 Jun 1612,Thomas,GOODWINN,,,,,,Agnes,WEBB,,,,,,,,,,,,,,,,
SFK,Rattlesden,St Nicholas TR,,06 Jul 1612,Thomas,POOLE,,,,,,Louy,GOULD,,,,,,,,,,,,,,,,Thomas Poole of Pentlowe in Essex
SFK,Rattlesden,St Nicholas TR,,28 Sep 1612,Thomas,GLOVER,,,,,,Elizabeth,HYAM,,,,,,,,,,,,,,,,Thomas Glover of Stowmarkett
SFK,Rattlesden,St Nicholas TR,,19 Oct 1612,Thomas,SMITH,,,,,,Ursula,BUMSTEED,,,,,,,,,,,,,,,,Thomas Smith of Redgrave
SFK,Rattlesden,St Nicholas TR,,20 Oct 1612,William,PALMER,,,,,,Joane,ELY,,,,,,,,,,,,,,,,William Palmer of Framlingham
SFK,Rattlesden,St Nicholas TR,,13 Jun 1613,John,ROBINSON,,,,,,Francis,NUNE,,,,,,,,,,,,,,,,
SFK,Rattlesden,St Nicholas TR,,05 Aug 1613,John,WORTH,,,,,,Mary,LANGERWOOD,,,,,,,,,,,,,,,,
SFK,Rattlesden,St Nicholas TR,,08 Sep 1613,Edward,BUMSTEED,,,,,,John,RIDNALL,,,,,,,,,,,,,,,,
SFK,Rattlesden,St Nicholas TR,,05 Oct 1613,Samson,VALE,,,,,,Gillman,KATHERINE,,,,,,,,,,,,,,,,
SFK,Rattlesden,St Nicholas TR,,07 Oct 1613,Mihell,BEAMOUNT,,,,,,Hester,TILLETT,,,,,,,,,,,,,,,,
SFK,Rattlesden,St Nicholas TR,,26 Oct 1613,John,WATERS,,,,,,Susan,STRUTE,,,,,,,,,,,,,,,,
SFK,Rattlesden,St Nicholas TR,,23 Dec 1613,Thomas,DAYNES,,,,,,Alice,BURKE,,,,,,,,,,,,,,,,
SFK,Rattlesden,St Nicholas TR,,21 Feb 1614,Steven,OFFWOOD,,,,,,Ann,SALMON,,,,,,,,,,,,,,,,Steven Offwood of Haughley
SFK,Rattlesden,St Nicholas TR,,25 Jul 1614,John,MILLER,,,,,,Ann,LINSTEED,,,,,,,,,,,,,,,,
SFK,Rattlesden,St Nicholas TR,,07 Nov 1614,Richard,WOOD,,,,,,Dina,DOWNINGE,,,,,,,,,,,,,,,,
SFK,Rattlesden,St Nicholas TR,,22 May 1615,Michaell,HAWKINS,,,,,,Anna,POOLE,,,,,,,,,,,,,,,,
SFK,Rattlesden,St Nicholas TR,,17 Aug 1615,Benjamin,BARWICKE,,,,,,Dorothy,MAKIN,,,,,,,,,,,,,,,,Benjamin Barwicke of Hitcham
SFK,Rattlesden,St Nicholas TR,,11 Jan 1616,John,LEVOLD,,,,,,Ann,SOWTER,,,,,,,,,,,,,,,,
SFK,Rattlesden,St Nicholas TR,,02 Feb 1616,William,ELY,,,,,,Martha,RUNCTON,,,,,,,,,,,,,,,,
SFK,Rattlesden,St Nicholas TR,,20 May 1616,William,BACKLAR,,,,,,Catherine,CANHAM,,,,,,,,,,,,,,,,
SFK,Rattlesden,St Nicholas TR,,20 Oct 1616,Henry,JANINGE,,,,,,Margarite,COOKE,,,,,,,,,,,,,,,,
SFK,Rattlesden,St Nicholas TR,,24 Oct 1616,Daniell,PULFORD,,,,,,Susan,BADCOCKE,,,,,,,,,,,,,,,,
SFK,Rattlesden,St Nicholas TR,,25 Feb 1617,Thomas,VINCENT,,,,,,Alice,GLADWIN,,,,,,,,,,,,,,,,
SFK,Rattlesden,St Nicholas TR,,29 Oct 1617,George,SALTER,,,,,,Elizabeth,MUNNING,,,,,,,,,,,,,,,,Elizabeh daughter to Mr Munning Rector of Bretna Brettenham djch
SFK,Rattlesden,St Nicholas TR,,17 Feb 1618,Giles,BEREDG,,,,,,Elizabeth,HARWELL,,,,,,,,,,,,,,,,
SFK,Rattlesden,St Nicholas TR,,28 Apr 1618,Thomas,ELY,,,,,,Anne,RIDNALL,,,,,,,,,,,,,,,,
SFK,Rattlesden,St Nicholas TR,,22 Oct 1618,Edmund,NUN,,,,,,Phillis,BRIGHTWELL,,,,,,,,,,,,,,,,
SFK,Rattlesden,St Nicholas TR,,27 Oct 1618,Abraham,WOOD,,,,,,Margaret,SMYTH,,,,,,,,,,,,,,,,
SFK,Rattlesden,St Nicholas TR,,14 Jan 1619,Abraham,ELY,,,,,,Elizabeth,CARTER,,,,,,,,,,,,,,,,
SFK,Rattlesden,St Nicholas TR,,19 Jan 1619,Henry,NUNNE,,,,,,Anne,SCARPE,,,,,,,,,,,,,,,,
SFK,Rattlesden,St Nicholas TR,,07 Apr 1619,Robert,ROBERTSON,,,,,,Susan,CHURCH,,,,,,,,,,,,,,,,
SFK,Rattlesden,St Nicholas TR,,18 May 1619,Andrew,FORDHAM,,,,,,Mary,SERJANT,,,,,,,,,,,,,,,,
SFK,Rattlesden,St Nicholas TR,,15 Jun 1619,John,SHERMAN,,,,,,Elizabeth,SALTER,,,,,,,,,,,,,,,,
SFK,Rattlesden,St Nicholas TR,,24 Jun 1619,Thomas,MUNING,,,,,,Mary,BRUNDISH,,,,,,,,,,,,,,,,
SFK,Rattlesden,St Nicholas TR,,12 Jun 1620,George,MUNNING,,,,,,Elizabeth,GROME,,,,,,,,,,,,,,,,
SFK,Rattlesden,St Nicholas TR,,20 Jul 1620,Thomas,SCOTT,,,,,,Elizabeth,STRUTT,,,,,,,,,,,,,,,,
SFK,Rattlesden,St Nicholas TR,,19 Sep 1620,John,LOCKWOOD,,,,,,Susan,STRUTT,,,,,,,,,,,,,,,,
SFK,Rattlesden,St Nicholas TR,,20 Jan 1621,William,BENSTEAD,,,,,,Francis,DEVEREUX,,,,,,,,,,,,,,,,
SFK,Rattlesden,St Nicholas TR,,02 Aug 1621,John,WORTH,,,,,,Margarite,ROE,,,,,,,,,,,,,,,,
SFK,Rattlesden,St Nicholas TR,,09 Aug 1621,Edward,BALDRY,,,,,,Mary,FENNE,,,,,,,,,,,,,,,,
SFK,Rattlesden,St Nicholas TR,,15 Aug 1621,William,STEELE,,,,,,Katharine,NUTT,,,,,,,,,,,,,,,,
SFK,Rattlesden,St Nicholas TR,,20 Aug 1621,Edward,DEIKES,,,,,,Martha,SCARPE,,,,,,,,,,,,,,,,
SFK,Rattlesden,St Nicholas TR,,16 Oct 1621,Thomas,ADKINS,,,,,,Margarite,GREENE,,,,,,,,,,,,,,,,
SFK,Rattlesden,St Nicholas TR,,15 Jan 1622,Francis,HOMES,,,,,,Francis,WADE,,,,,,,,,,,,,,,,
SFK,Rattlesden,St Nicholas TR,,18 Sep 1622,John,BUMSTEAD,,,,,,Elizabeth,CLARKE,,,,,,,,,,,,,,,,
SFK,Rattlesden,St Nicholas TR,,26 Sep 1622,Thomas,BENTON,,,,,,Elizabeth,NUTT,,,,,,,,,,,,,,,,
SFK,Rattlesden,St Nicholas TR,,10 Oct 1622,John,BUGGE,,,,,,Anne,WORTH,,,,,,,,,,,,,,,,
SFK,Rattlesden,St Nicholas TR,,08 Jan 1623,John,NUNNE,,,,,,Anne,GODFRY,,,,,,,,,,,,,,,,
SFK,Rattlesden,St Nicholas TR,,12 Feb 1623,William,SCARPE,,,,,,Dorothe,ALLEN,,,,,,,,,,,,,,,,
SFK,Rattlesden,St Nicholas TR,,01 May 1623,Leame,TAYLOUR,,,,,,Elizabeth,BELL,,,,,,,,,,,,,,,,
SFK,Rattlesden,St Nicholas TR,,29 May 1623,Nicholas,ROSE,,,,,,Dorothe,RAMPLY,,,,,,,,,,,,,,,,
SFK,Rattlesden,St Nicholas TR,,23 Sep 1623,Simon,BUTLER,,,,,,Fidia,FENNE,,,,,,,,,,,,,,,,
SFK,Rattlesden,St Nicholas TR,,18 May 1624,John,POOLE,,,,,,Elizabeth,SMYTH,,,,,,,,,,,,,,,,
SFK,Rattlesden,St Nicholas TR,,23 Sep 1624,Roger,BAKER,,,,,,Mary,CHAMBERLAINE,,,,,,,,,,,,,,,,
SFK,Rattlesden,St Nicholas TR,,14 Oct 1624,George,WOOD,,,,,,Elizabeth,SIMONS,,,,,,,,,,,,,,,,
SFK,Rattlesden,St Nicholas TR,,19 Oct 1624,Robert,STYLES,,,,,,Mary,FULLER,,,,,,,,,,,,,,,,
SFK,Rattlesden,St Nicholas TR,,26 Nov 1624,William,LYNCH,,,,,,Francis,MUNSON,,,,,,,,,,,,,,,,
SFK,Rattlesden,St Nicholas TR,,10 Feb 1625,Richard,ELY,,,,,,Bridget,FULLER,,,,,,,,,,,,,,,,
SFK,Rattlesden,St Nicholas TR,,06 May 1625,Richard,RANSON,,,,,,Martha,DEIKES,,,,,,,,,,,,,,,,
SFK,Rattlesden,St Nicholas TR,,18 May 1625,Matthias,CANDLER,,,,BA,,Anne,DEVEREUX,,,,,,,,,,,,,,,,
SFK,Rattlesden,St Nicholas TR,,23 Jun 1625,Edward,FARROW,,,,,,Elizabeth,FORDHAM,,,,,,,,,,,,,,,,
SFK,Rattlesden,St Nicholas TR,,08 Oct 1625,Robert,FOLKERD,,,,,,Elizabeth,STOCKDAILE,,,,,,,,,,,,,,,,
SFK,Rattlesden,St Nicholas TR,,25 Apr 1626,John ,MARTIN,,,wid,,,Francis,CLOWTING,,,,,,,,,,,,,,,,John Martin of Bury
SFK,Rattlesden,St Nicholas TR,,30 May 1626,William,PILBOROUGH,,,,,,Anne,MICKLEFEILD,,,,,,,,,,,,,,,,William Pilborough of Buxhall
SFK,Rattlesden,St Nicholas TR,,21 Jun 1626,John,WALLER,,,,,,Sarah,NUTT,,,,,,,,,,,,,,,,
SFK,Rattlesden,St Nicholas TR,,26 Sep 1626,Henry,NUNNE,,,,,,Anne,SMITH,,,,,,,,,,,,,,,,Henry Nunne of Drinkstone
SFK,Rattlesden,St Nicholas TR,,01 Nov 1626,Henry,MOORE,,,,,,Anne,CARTER,,,,,,,,,,,,,,,,
SFK,Rattlesden,St Nicholas TR,,12 Jul 1627,Oliver,HAYLOCK,,,,,,Anne,BAKER,,,,,,,,,,,,,,,,Oliver Haylock of Melford & Anne daughter of Peter Baker
SFK,Rattlesden,St Nicholas TR,,26 Jul 1627,Ambrose,FOLKERD,,,,,,Judith,DEVEREUX,,,,,,,,,,,,,,,,
SFK,Rattlesden,St Nicholas TR,,26 Sep 1627,Edmund,DENNY,,,,,,Dorothy,MOORE,,,,,,,,,,,,,,,,Edmund Denny of Combes
SFK,Rattlesden,St Nicholas TR,,26 Feb 1628,Roger,SCOTT,,,,,,Sara,GRIMWOOD,,,,,,,,,,,,,,,,
SFK,Rattlesden,St Nicholas TR,,23 Jun 1628,Henry,PULFORD,,,,,,Dorothy,JENIX,,,,,,,,,,,,,,,,Henry Pulford of Badly
SFK,Rattlesden,St Nicholas TR,,24 Jun 1628,William,HOWLET,,,,,,Anne,ELLIS,,,,,,,,,,,,,,,,
SFK,Rattlesden,St Nicholas TR,,25 Jul 1628,Willam,BAKER,,,,,,Julian,DEVEREUX,,,,,,,,,,,,,,,,
SFK,Rattlesden,St Nicholas TR,,03 Oct 1628,Martin,SCARP,,,,,,Elizabeth,POICIN,,,,,,,,,,,,,,,,
SFK,Rattlesden,St Nicholas TR,,24 Jun 1629,Richard,SOWGATE,,,,,,Anne,BUGGE,,,,,,,,,,,,,,,,
SFK,Rattlesden,St Nicholas TR,,29 Oct 1629,John,HOWLET,,,,,,Anne,MASON,,,,,,,,,,,,,,,,
SFK,Rattlesden,St Nicholas TR,,19 Nov 1629,Alexandr,PLUMME,,,,,,Elizabeth,WELLS,,,,,,,,,,,,,,,,
SFK,Rattlesden,St Nicholas TR,,20 Nov 1629,Robert,GRIMWOOD,,,,,,Anne,SOWTER,,,,,,,,,,,,,,,,
SFK,Rattlesden,St Nicholas TR,,17 Apr 1632,Robert,FOLKARD,,,,,,Susan,SIER,,,,,,,,,,,,,,,,
SFK,Rattlesden,St Nicholas TR,,16 May 1632,Nathaniel,STEARNE,,,,,,Sara,CHAPMAN,,,,,,,,,,,,,,,,Nathaniel Stearne Minister of Bradfield Combust
SFK,Rattlesden,St Nicholas TR,,19 Jun 1632,John,SMITH,,,,,,Rose,ADKINS,,,,,,,,,,,,,,,,
SFK,Rattlesden,St Nicholas TR,,11 Oct 1632,Samuel,ORVIS,,,,,,Susan,SCARP,,,,,,,,,,,,,,,,
SFK,Rattlesden,St Nicholas TR,,18 Oct 1632,Robert,SOWTER,,,,,,Alice,SOWGATE,,,,,,,,,,,,,,,,
SFK,Rattlesden,St Nicholas TR,,24 Dec 1632,Francis,BROWNE,,,,,,Hannah,BAKER,,,,,,,,,,,,,,,,
SFK,Rattlesden,St Nicholas TR,,18 Oct 1633,Anthony,SKARP,,,,,,Jane,SALTER,,,,,,,,,,,,,,,,Anthony Skarp of Felsham
SFK,Rattlesden,St Nicholas TR,,14 Jan 1634,Edward,BALDERY,,,,,,Elizabeth,FOLKERD,,,,,,,,,,,,,,,,
SFK,Rattlesden,St Nicholas TR,,22 Jan 1634,William,STEELE,,,,,,Dinah,STOCKDALE,,,,,,,,,,,,,,,,
SFK,Rattlesden,St Nicholas TR,,08 Apr 1634,Stephen,SURRY,,,,,,Elizabeth,SALMON,,,,,,,,,,,,,,,,
SFK,Rattlesden,St Nicholas TR,,04 May 1634,Edward,WORTH,,,,,,Ester,SADLER,,,,,,,,,,,,,,,,
SFK,Rattlesden,St Nicholas TR,,09 Oct 1634,Henry,BATEMAN,,,,,,Elizabeth,ASHFORD,,,,,,,,,,,,,,,,
SFK,Rattlesden,St Nicholas TR,,20 Aug 1635,John,GREENE,,,,,,Anne,EDOUSE,,,,,,,,,,,,,,,,
SFK,Rattlesden,St Nicholas TR,,03 Sep 1635,Thomas,GOOLD,,,,,,Susan,DOWNING,,,,,,,,,,,,,,,,
SFK,Rattlesden,St Nicholas TR,,09 Oct 1635,Richard,WOODWARD,,,,,,Elizabeth,WADKIN,,,,,,,,,,,,,,,,
SFK,Rattlesden,St Nicholas TR,,01 Mar 1636,John,MILLER,,,,,,Prudence,HOLIDAY,,,,,,,,,,,,,,,,
SFK,Rattlesden,St Nicholas TR,,10 Nov 1636,William,BRIANT,,,,,,Mary,JANNING,,,,,,,,,,,,,,,,
SFK,Rattlesden,St Nicholas TR,,18 Apr 1637,John,GUTTERING,,,,,,Prudence,STURGION,,,,,,,,,,,,,,,,
SFK,Rattlesden,St Nicholas TR,,19 Sep 1637,Edward,JOHNSON,,,,,,Bridget,NUNNE,,,,,,,,,,,,,,,,
SFK,Rattlesden,St Nicholas TR,,16 Oct 1637,Robert,GODDARD,,,,,,Anne,LEVOLD,,,,,,,,,,,,,,,,
SFK,Rattlesden,St Nicholas TR,,28 Nov 1637,Edmund,STOCKDAILE,,,,,,Francis,FOLKERD,,,,,,,,,,,,,,,,
SFK,Rattlesden,St Nicholas TR,,10 Apr 1638,Francis,PEARLE,,,,,,Anne,FORGON,,,,,,,,,,,,,,,,
SFK,Rattlesden,St Nicholas TR,,10 Apr 1638,Fohn,CULLUM,,,,,,Susan,FORGON,,,,,,,,,,,,,,,,
SFK,Rattlesden,St Nicholas TR,,02 Aug 1638,John,BATT,,,,,,Margarit,RANSON,,,,,,,,,,,,,,,,John Batt of Dedham
SFK,Rattlesden,St Nicholas TR,,02 Aug 1638,Adam,RANSON,,,,,,Mary,HARDING,,,,,,,,,,,,,,,,
SFK,Rattlesden,St Nicholas TR,,11 Oct 1638,Ambrose,WARD,,,,,,Elizabeth,DOWNING,,,,,,,,,,,,,,,,
SFK,Rattlesden,St Nicholas TR,,06 Nov 1638,Henry,MAKIN,,,,,,Anne,SOWGATE,,,,,,,,,,,,,,,,
SFK,Rattlesden,St Nicholas TR,,19 Feb 1639,Lionell,BACON,,,,gent,,Margery,HART,,,,gent,,,,,,,,,,,,
SFK,Rattlesden,St Nicholas TR,,30 Apr 1639,Gregory,FRANCIS,,,,,,Anne,ROSE,,,,,,,,,,,,,,,,
SFK,Rattlesden,St Nicholas TR,,26 Jul 1639,Gregory,COOKE,,,,,,Anne,SALTER,,,,,,,,,,,,,,,,
SFK,Rattlesden,St Nicholas TR,,12 Sep 1639,Robert,STURGION,,,,,,Dorothy,LEECH,,,,,,,,,,,,,,,,
SFK,Rattlesden,St Nicholas TR,,22 Nov 1639,Thomas,GOFFE,,,,,,Francis,BENSTEAD,,,,,,,,,,,,,,,,
SFK,Rattlesden,St Nicholas TR,,21 Nov 1639,Henry,BAYLY,,,,,,Lidia,TAYLOUR,,,,,,,,,,,,,,,,
SFK,Rattlesden,St Nicholas TR,,28 Apr 1640,Thomas,CLENCH,,,,,,Sarah,GARNHAM,,,,,,,,,,,,,,,,
SFK,Rattlesden,St Nicholas TR,,29 Jun 1640,Edmund,DRAKE,,,,,,Katharine,BRETT,,,,,,,,,,,,,,,,
SFK,Rattlesden,St Nicholas TR,,06 Oct 1640,John,PRIOR,,,,,,Mary,FORDHAM,,,,,,,,,,,,,,,,
SFK,Rattlesden,St Nicholas TR,,16 Feb 1641,William,SCARP,,,,,,Sara,WOOD,,,,,,,,,,,,,,,,
SFK,Rattlesden,St Nicholas TR,,06 May 1641,John,DAY,,,,,,Alice,COCK,,,,,,,,,,,,,,,,
SFK,Rattlesden,St Nicholas TR,,24 Jun 1641,William,WEBB,,,,,,Jane,MORFALL,,,,,,,,,,,,,,,,
SFK,Rattlesden,St Nicholas TR,,12 May 1642,Henry,GOODWIN,,,,,,Susan,STOCKDAILE,,,,,,,,,,,,,,,,
SFK,Rattlesden,St Nicholas TR,,05 Jul 1642,Robert,BRETT,,,,,,Mary,SMITH,,,,,,,,,,,,,,,,
SFK,Rattlesden,St Nicholas TR,,04 Aug 1642,John,RIDDLESDEN,,,,,,Susan,ORVIS,,,,,,,,,,,,,,,,
SFK,Rattlesden,St Nicholas TR,,06 Dec 1642,Joseph,WITHERS,,,,,,Hannah,NUNNE,,,,,,,,,,,,,,,,
SFK,Rattlesden,St Nicholas TR,,24 Jan 1643,Walter,HOWSON,,,,,,Susan,SMITH,,,,,,,,,,,,,,,,
SFK,Rattlesden,St Nicholas TR,,25 Sep 1645,Gregory,COOKE,,,,,,Mary,WHIYE,,,,,,,,,,,,,,,,
SFK,Rattlesden,St Nicholas TR,,06 Oct 1646,George,FORDHAM,,,,,,Mary,ROPER,,,,,,,,,,,,,,,,
SFK,Rattlesden,St Nicholas TR,,01 Dec 1646,Samuel,CROSSMAN,,,,,,Grace,DOWDALL,,,,,,,,,,,,,,,,
SFK,Rattlesden,St Nicholas TR,,11 Aug 1647,John,AYERS,,,,,,Elizabeth,LOCKWOOD,,,,,,,,,,,,,,,,
SFK,Rattlesden,St Nicholas TR,,02 Oct 1648,Thomas,ELY,,,,,,Lydia,WADE,,,,,,,,,,,,,,,,
SFK,Rattlesden,St Nicholas TR,,03 Oct 1648,Daniel,WRIGHT,,,,,,Sarah,ROPER,,,,,,,,,,,,,,,,
SFK,Rattlesden,St Nicholas TR,,26 Jan 1654,Richard,MOSSE,,,,,,Martha,POOLE,,,,,,,,,,,,,,,,
SFK,Rattlesden,St Nicholas TR,,28 Apr 1654,John ,PYMAN,,,wid,,,Anne,ALDERTON,,,,,,,,,,,,,,,,John Pyman or Peyman of Haughly & Anne Alderton of Haughly
SFK,Rattlesden,St Nicholas TR,,06 May 1654,John,CHANDLER,,,,,,Elizabeth,REEVE,,,,,,,,,,,,,,,,John Chandler of Wolpett & Elizabeth Reeve of Wetherden
SFK,Rattlesden,St Nicholas TR,,29 Aug 1654,Joseph,ADKING,,,,,,Sarah,CLARKE,,,,,,,,,,,,,,,,John Adking or Adkins
SFK,Rattlesden,St Nicholas TR,,05 Sep 1654,Thomas,ABBOT,,,,,,Elizabeth,HINDBEST,,,,,,,,,,,,,,,,Thomas Abbitt of Hobrooke & Elizabeth Hinsby
SFK,Rattlesden,St Nicholas TR,,12 Sep 1654,Samuel,BRYANT,,,,,,Rachel,TENANT,,,,,,,,,,,,,,,,Samuell Bryant of Hitcham & Rachell Tennant of Billdeston
SFK,Rattlesden,St Nicholas TR,,12 Sep 1654,Thomas,COOKE,,,,,,Mary,LADYMAN,,,,,,,,,,,,,,,,Thomas Cooke of Walsome in the Willows & Mary Ladiman of Pakenham
SFK,Rattlesden,St Nicholas TR,,03 Oct 1654,Edward,WYMARK,,,,,,Mary,ELY,,,,,,,,,,,,,,,,
SFK,Rattlesden,St Nicholas TR,,17 Oct 1654,Jonathan,MASON,,,,,,Susan,BAKER,,,,,,,,,,,,,,,,
SFK,Rattlesden,St Nicholas TR,,16 Mar 1655,John,WALLER,,,,,,Francis,STOCKDALE,,,,,,,,,,,,,,,,
SFK,Rattlesden,St Nicholas TR,,01 May 1655,George ,GROME,,,,esq,,Priscilla,RUST,,,,Mrs,,,,,,,,,,,,
SFK,Rattlesden,St Nicholas TR,,21 Sep 1655,Walter,RUST,,,,,,Agnes,SMITH,,,,,,,,,,,,,,,,
SFK,Rattlesden,St Nicholas TR,,18 Oct 1655,Edward,RYVETT,,,,esq,,Anne,WALE,,,,Mrs,,,,,,,,,,,,
SFK,Rattlesden,St Nicholas TR,,28 Dec 1655,Henry,RANSON,,,,,,Katharine,DRIVER,,,,,,,,,,,,,,,,
SFK,Rattlesden,St Nicholas TR,,01 Jan 1656,John,RIDNALL,,,,,,Anne,SCOTT,,,,,,,,,,,,,,,,
SFK,Rattlesden,St Nicholas TR,,30 Jan 1656,Thomas,CRASK,,,,,,Elizabeth,RUST,,,,,,,,,,,,,,,,
SFK,Rattlesden,St Nicholas TR,,05 Feb 1656,Thomas,GRIMWOOD,,,,,,Anne,SMITH,,,,,,,,,,,,,,,,
SFK,Rattlesden,St Nicholas TR,,25 Mar 1656,Richard,KEMBALL,,,,,,Mary,FRENCH,,,,,,,,,,,,,,,,
SFK,Rattlesden,St Nicholas TR,,24 Jun 1656,Richard,BUCKNAM,,,,,,Anne,PARTRIDG,,,,,,,,,,,,,,,,
SFK,Rattlesden,St Nicholas TR,,05 Nov 1656,Thomas,BIGSBY,,,,,,Elizabeth,BATEMAN,,,,,,,,,,,,,,,,
SFK,Rattlesden,St Nicholas TR,,25 Dec 1656,John,WOOD,,,,,,Margaret,WRIGHT,,,,,,,,,,,,,,,,
SFK,Rattlesden,St Nicholas TR,,28 May 1657,Stephen,MOORE,,,,,,Mary,TURNER,,,,,,,,,,,,,,,,
SFK,Rattlesden,St Nicholas TR,,09 Nov 1657,Richard,GREENE,,,,,,Mary,HOWES,,,,,,,,,,,,,,,,
SFK,Rattlesden,St Nicholas TR,,04 Feb 1658,Thomas,BYLES,,,,,,Dinah,KING,,,,,,,,,,,,,,,,
SFK,Rattlesden,St Nicholas TR,,30 Mar 1658,Francis,BUMSTEAD,,,,,,Elizabeth,FOLKERD,,,,,,,,,,,,,,,,
SFK,Rattlesden,St Nicholas TR,,29 Sep 1658,Thomas,DRAKE,,,,,,Bridget,WOODWARD,,,,,,,,,,,,,,,,
SFK,Rattlesden,St Nicholas TR,,13 Jan 1659,John,COPEMAN,,,,Mr,,Anne,KISKE,,,,Mrs,,,,,,,,,,,,
SFK,Rattlesden,St Nicholas TR,,14 Feb 1659,Bassenburn,COOPER,,,,,,Francis,ROBINSONNE,,,,,,,,,,,,,,,,
SFK,Rattlesden,St Nicholas TR,,03 Mar 1659,John,SMITH,,,,,,Susan,ELY,,,,,,,,,,,,,,,,
SFK,Rattlesden,St Nicholas TR,,31 Mar 1659,John,WOOD,,,,,,Susan,SALTER,,,,,,,,,,,,,,,,
SFK,Rattlesden,St Nicholas TR,,15 Nov 1659,John,ELY,,,,,,Alice,DEVEREUX,,,,,,,,,,,,,,,,
SFK,Rattlesden,St Nicholas TR,,06 Mar 1660,George,ADKIN,,,,,,Elizabeth,FARROW,,,,,,,,,,,,,,,,
SFK,Rattlesden,St Nicholas TR,,23 Apr 1660,Edward,ADKIN,,,,,,Hannah,BATEMAN,,,,,,,,,,,,,,,,
SFK,Rattlesden,St Nicholas TR,,15 Apr 1661,John,BRETT,,,,,,Anne,WOODWARD,,,,,,,,,,,,,,,,
SFK,Rattlesden,St Nicholas TR,,20 Sep 1661,John,BIRD,,,,,,Elizabeth,STOCKDALE,,,,,,,,,,,,,,,,
SFK,Rattlesden,St Nicholas TR,,24 Oct 1661,Thomas,DAYE,,,,,,Mary,SMITH,,,,,,,,,,,,,,,,
SFK,Rattlesden,St Nicholas TR,,31 Oct 1661,Thomas,CALLOW,,,,,,Anne,BAKER,,,,,,,,,,,,,,,,
SFK,Rattlesden,St Nicholas TR,,27 Mar 1662,Walter,DESBOROUGH,,,,,,Anne,SALTER,,,,,,,,,,,,,,,,
SFK,Rattlesden,St Nicholas TR,,23 Oct 1662,William,BUCKMAN,,,,,,Anne,TAYLOR,,,,,,,,,,,,,,,,
SFK,Rattlesden,St Nicholas TR,,01 Nov 1662,John,DOWNING,,,,,,Phoebe,BORD,,,,,,,,,,,,,,,,
SFK,Rattlesden,St Nicholas TR,,06 Jan 1663,Samuel,OFFORD,,,,,,Sarah,SCOTT,,,,,,,,,,,,,,,,
SFK,Rattlesden,St Nicholas TR,,05 Feb 1663,Raynold,COBBOLD,,,,,,Mary,GOODRICH,,,,,,,,,,,,,,,,
SFK,Rattlesden,St Nicholas TR,,20 Apr 1663,George,WOOD,,,,,,Mary,BORLEY,,,,,,,,,,,,,,,,
SFK,Rattlesden,St Nicholas TR,,16 Jun 1663,Thomas,ORVIS,,,,,,Jane,KING,,,,,,,,,,,,,,,,
SFK,Rattlesden,St Nicholas TR,,30 Jul 1663,Samuel,CRICK,,,,,,Anne,BRETT,,,,,,,,,,,,,,,,
SFK,Rattlesden,St Nicholas TR,,24 Sep 1663,Henery,BATEMAN,,,,,,Rose,SUTTON,,,,,,,,,,,,,,,,
SFK,Rattlesden,St Nicholas TR,,03 Nov 1663,Anthony,STRANGE,,,,,,Margaret,ELISTON,,,,,,,,,,,,,,,,
SFK,Rattlesden,St Nicholas TR,,04 Apr 1665,Charles,BRETT,,,,,,Susan,HOWSON,,,,,,,,,,,,,,,,
SFK,Rattlesden,St Nicholas TR,,20 Oct 1665,George,SOWGATE,,,,,,Mary,COBBOLD,,,,,,,,,,,,,,,,
SFK,Rattlesden,St Nicholas TR,,20 Jan 1666,Walter,HOWSON,,,,,,Anne,DEVEREUX,,,,,,,,,,,,,,,,
SFK,Rattlesden,St Nicholas TR,,09 Oct 1666,Philip,CLARK,,,,,,Mary,MAY,,,,,,,,,,,,,,,,
SFK,Rattlesden,St Nicholas TR,,18 Oct 1666,John,BILES,,,,,,Catharine,OLIVER,,,,,,,,,,,,,,,,
SFK,Rattlesden,St Nicholas TR,,05 Nov 1666,John,LEAVER,,,,,,Anne,JOHNSON,,,,,,,,,,,,,,,,
SFK,Rattlesden,St Nicholas TR,,22 Oct 1666,Edward,ORVIS,,,,,,Sarah,GOODALE,,,,,,,,,,,,,,,,
SFK,Rattlesden,St Nicholas TR,,01 Jun 1667,Thomas,BIXBY,,,,,,Margaret,STREETE,,,,,,,,,,,,,,,,
SFK,Rattlesden,St Nicholas TR,,19 Jul 1667,William,BOULE,,,,,,Elizabeth,DURRANT,,,,,,,,,,,,,,,,
SFK,Rattlesden,St Nicholas TR,,31 Mar 1668,Joseph,SUGAT,,,,,,Susan,TOMPSON,,,,,,,,,,,,,,,,
SFK,Rattlesden,St Nicholas TR,,15 Apr 1669,John,CAGE,,,,,,Margaret,MURTON,,,,,,,,,,,,,,,,
SFK,Rattlesden,St Nicholas TR,,27 Apr 1669,Robert,BRETT,,,,,,Mary,NUNNE,,,,,,,,,,,,,,,,
SFK,Rattlesden,St Nicholas TR,,17 Jun 1669,John,BIXBY,,,,,,Hannah,OFFERD,,,,,,,,,,,,,,,,
SFK,Rattlesden,St Nicholas TR,,28 Oct 1669,Thomas,PEARLE,,,,,,Abigail,WRIGHT,,,,,,,,,,,,,,,,
SFK,Rattlesden,St Nicholas TR,,06 Oct 1670,Richard,HARVEY,,,,,,Joane,MARVELL,,,,,,,,,,,,,,,,
SFK,Rattlesden,St Nicholas TR,,06 Oct 1670,Edmund,DRAKE,,,,,,Mary,NUNNE,,,,,,,,,,,,,,,,
SFK,Rattlesden,St Nicholas TR,,26 Oct 1671,Mark,GODEWINE,,,,,,Mary,BRETT,,,,,,,,,,,,,,,,
SFK,Rattlesden,St Nicholas TR,,30 Nov 1671,Edmund,BRETT,,,,,,Elizabeth,LOWE,,,,,,,,,,,,,,,,
SFK,Rattlesden,St Nicholas TR,,09 Feb 1672,Samuell,BOWLES,,,,,,Anne,MAYHEW,,,,,,,,,,,,,,,,
SFK,Rattlesden,St Nicholas TR,,14 Jul 1672,William,DOWNING,,,,,,Mary,MILLS,,,,,,,,,,,,,,,,
SFK,Rattlesden,St Nicholas TR,,29 Nov 1673,George,SOWGATE,,,,,,Susan,SILLET,,,,,,,,,,,,,,,,Susan Sillet of Stowmarket
SFK,Rattlesden,St Nicholas TR,,01 Sep 1674,Henery,EDGELY,,,,,,Abigail,OFFWOOD,,,,,,,,,,,,,,,,
SFK,Rattlesden,St Nicholas TR,,11 Jan 1675,Samuell,SAGE,,,,,,Susan,MOORE,,,,,,,,,,,,,,,,
SFK,Rattlesden,St Nicholas TR,,18 Jan 1677,Jonathan,PARKER,,,,,,Susanna,RANSON,,,,,,,,,,,,,,,,Susanna Ranson of Noughton
SFK,Rattlesden,St Nicholas TR,,26 Jan 1678,John,WINNEY,,,,,,Ann,BATEMAN,,,,,,,,,,,,,,,,
SFK,Rattlesden,St Nicholas TR,,17 Oct 1678,John,CARPENTER,,,,,,Elizabeth,NUTT,,,,,,,,,,,,,,,,
SFK,Rattlesden,St Nicholas TR,,07 Nov 1678,Willliam,GOLD,,,,,,Anne,MOORE,,,,,,,,,,,,,,,,
SFK,Rattlesden,St Nicholas TR,,23 Feb 1679,Simonds,PAMAN,,,,,,Francis,ABBOTT,,,,,,,,,,,,,,,,
SFK,Rattlesden,St Nicholas TR,,24 May 1679,John ,WADE,,,wid,,,Mary ,BRET,,,wid,,,,,,,,,,,,,
SFK,Rattlesden,St Nicholas TR,,04 Nov 1679,William,GROOME,,,,,,Dorethy,MOORE,,,,,,,,,,,,,,,,William Groome of Nowton
SFK,Rattlesden,St Nicholas TR,,11 Nov 1679,William,FRANKS,,,,,,Susan,PRIOR,,,,,,,,,,,,,,,,
SFK,Rattlesden,St Nicholas TR,,15 Jan 1680,Samuell ,SAGE,,,wid,,,Mary ,BATESON,,,wid,,,,,,,,,,,,,
SFK,Rattlesden,St Nicholas TR,,20 Jan 1680,Robert ,GIBSON,,,wid,,,Susan,WADE,,,,,,,,,,,,,,,,Susan Wade of Wolpit
SFK,Rattlesden,St Nicholas TR,,10 Oct 1680,Edward,GRIMWOOD,,,,,,Mary,LIGHTON,,,,,,,,,,,,,,,,
SFK,Rattlesden,St Nicholas TR,,25 Jan 1681,Phillip,RALPH,,,,,,Mary,LEVER,,,,,,,,,,,,,,,,Date was either January 5 or 25
SFK,Rattlesden,St Nicholas TR,,09 May 1681,Robert ,MARTIN,,,wid,,,Hannah,TURNER,,,,,,,,,,,,,,,,
SFK,Rattlesden,St Nicholas TR,,19 Feb 1682,Thomas ,COBBOLD,,,wid,,,Bridgett,BOLDERY,,,,,,,,,,,,,,,,
SFK,Rattlesden,St Nicholas TR,,03 Oct 1682,John,SPARROW,,,,,,Margrett,GOODDALE,,,,,,,,,,,,,,,,
SFK,Rattlesden,St Nicholas TR,,03 Oct 1682,Joseph,GLADWELL,,,,,,Mary,LAMBERT,,,,,,,,,,,,,,,,
SFK,Rattlesden,St Nicholas TR,,23 Nov 1682,James,WIMARK,,,,,,Susan,PUR,,,,,,,,,,,,,,,,
SFK,Rattlesden,St Nicholas TR,,22 Nov 1683,Thomas,BRET,,,,,,Mary,BUGG,,,,,,,,,,,,,,,,Thomas Bret of Bretenham & Mary Bugg of Holbrooke
SFK,Rattlesden,St Nicholas TR,,06 Mar 1684,Philip,HUMPHREY,,,,Mr,,Anna,MOORE,,,,Mrs,,,,,,,,,,,,
SFK,Rattlesden,St Nicholas TR,,22 Apr 1684,William,WRIGHT,,,,,,Eliz,BILES,,,,,,,,,,,,,,,,
SFK,Rattlesden,St Nicholas TR,,06 May 1684,John,DAWNEY,,,,,,Margrett,CLOPTON,,,,Mrs,,,,,,,,,,,,John Dawney Clerke of Royden in the County of Norfolk & Mrs Margrett Clopton in the County of Essex
SFK,Rattlesden,St Nicholas TR,,10 Aug 1684,Francis,BYAT,,,,,,Anne,RUSHBROOK,,,,,,,,,,,,,,,,
SFK,Rattlesden,St Nicholas TR,,02 Oct 1684,Thomas,SEYER,,,,,,Susanna,SCOT,,,,,,,,,,,,,,,,
SFK,Rattlesden,St Nicholas TR,,07 Oct 1684,Thomas,HOUSON,,,,,,Elizabeth,MANFIELD,,,,,,,,,,,,,,,,
SFK,Rattlesden,St Nicholas TR,,23 Jan 1685,Thomas,DRAKE,,,,,,Elizabeth,GLADDIN,,,,,,,,,,,,,,,,
SFK,Rattlesden,St Nicholas TR,,29 Nov 1685,William,MOOR,,,,,,Frances,MILLS,,,,,,,,,,,,,,,,
SFK,Rattlesden,St Nicholas TR,,20 Apr 1686,Thomas,BRIGHT,,,,Mr,,Martha,FISKE,,,,Mrs,,,,,,,,,,,,
SFK,Rattlesden,St Nicholas TR,,01 Jun 1686,John,BAKER,,,,,,Sarah,HEYWARD,,,,,,,,,,,,,,,,
SFK,Rattlesden,St Nicholas TR,,20 Jun 1686,Philip,POOLE,,,,,,Elizabeth,BROWNE,,,,,,,,,,,,,,,,
SFK,Rattlesden,St Nicholas TR,,29 Jun 1686,Samuel,GROOM,,,,Mr,,Sarah ,PEARLE,,,wid,,,,,,,,,,,,,
SFK,Rattlesden,St Nicholas TR,,22 Oct 1686,William,WARREN,,,,,,Hannah,NUTT,,,,,,,,,,,,,,,,
SFK,Rattlesden,St Nicholas TR,,30 Oct 1688,John,GYN,,,,,,Susan,ROPER,,,,,,,,,,,,,,,,John Gyn of Barsford
SFK,Rattlesden,St Nicholas TR,,30 Nov 1689,Robert,GILLINHAM,,,,,,Mary,BANTOCK,,,,,,,,,,,,,,,,
SFK,Rattlesden,St Nicholas TR,,13 Jan 1692,Phillip,WADE,,,,,,Elizabeth,PILBOROUGH,,,,,,,,,,,,,,,,
SFK,Rattlesden,St Nicholas TR,,11 May 1692,Stephen,DRAKE,,,,,,Mary,HOUSON,,,,,,,,,,,,,,,,
SFK,Rattlesden,St Nicholas TR,,02 Oct 1692,Joseph,ELY,,,,,,Rose,DRAKE,,,,,,,,,,,,,,,,
SFK,Rattlesden,St Nicholas TR,,03 Oct 1692,Thomas,STEDMAN,,,,,,Martha,SYMPSON,,,,,,,,,,,,,,,,
SFK,Rattlesden,St Nicholas TR,,09 Oct 1692,William ,GREEN,,,wid,,,Susan,ROBINSON,,,,,,,,,,,,,,,,William Green of Linsey
SFK,Rattlesden,St Nicholas TR,,09 Oct 1692,John,PETIT,,,,,,Sarah,WINTER,,,,,,,,,,,,,,,,
SFK,Rattlesden,St Nicholas TR,,09 Oct 1692,Nicholas,MARTIN,,,,,,Elizabeth,POOL,,,,,,,,,,,,,,,,
SFK,Rattlesden,St Nicholas TR,,11 Apr 1694,John,LAMBERT,,,,,,Dinah,BILES,,,,,,,,,,,,,,,,John Lambert of Buxhall
SFK,Rattlesden,St Nicholas TR,,26 Jun 1694,Edmund ,PULFORD,,,wid,,,Abigail,POOLY,,,,,,,,,,,,,,,,
SFK,Rattlesden,St Nicholas TR,,02 Oct 1694,Isaac,WAGE,,,,,,Jane,SAUSNETT,,,,,,,,,,,,,,,,Isaac Wage of Hitcham
SFK,Rattlesden,St Nicholas TR,,12 Aug 1696,John,ELY,,,,,,Katerine,ADKIN,,,,,,,,,,,,,,,,
SFK,Rattlesden,St Nicholas TR,,27 Oct 1696,Thomas,MILLS,,,,,,Easter,DOWNING,,,,,,,,,,,,,,,,
SFK,Rattlesden,St Nicholas TR,,24 Dec 1696,John,BROWNE,,,,,,Anne,BUCKNAM,,,,,,,,,,,,,,,,
SFK,Rattlesden,St Nicholas TR,,07 Oct 1697,Robert,OFFORD,,,,,,Mary,BROWNE,,,,,,,,,,,,,,,,
SFK,Rattlesden,St Nicholas TR,, Feb 1698,Edmund,PISSEY,,,,,,Sarah,CHURCH,,,,,,,,,,,,,,,,
SFK,Rattlesden,St Nicholas TR,,17 Feb 1698,Thomas,MOORE,,,,,,Susan,PEARLE,,,,,,,,,,,,,,,,
SFK,Rattlesden,St Nicholas TR,,20 Mar 1699,Edward,WORTH,,,,,,Eliz,LOWE,,,,,,,,,,,,,,,,
SFK,Rattlesden,St Nicholas TR,,16 Apr 1699,John,REEMAN,,,,,,Eliz,GROOME,,,,,,,,,,,,,,,,
SFK,Rattlesden,St Nicholas TR,,26 Jul 1699,Thomas ,GOLD,,,wid,,,Susan ,DURRANT,,,wid,,,,,,,,,,,,,
SFK,Rattlesden,St Nicholas TR,,22 Aug 1699,Francies ,BUMPSTEAD,,,wid,,,Frances,DRAKE,,,,,,,,,,,,,,,,
SFK,Rattlesden,St Nicholas TR,,01 Oct 1699,Edward,SILVERSTONE,,,,,,Elizabeth,SOUGATE,,,,,,,,,,,,,,,,
SFK,Rattlesden,St Nicholas TR,,17 Jul 1700,George ,BUCKENAM,,,wid,,,Mary,MYRTONS,,,,,,,,,,,,,,,,
SFK,Rattlesden,St Nicholas TR,,28 Oct 1701,William ,FRANKE,,,wid,,,Ann,VINCE,,,,,,,,,,,,,,,,
SFK,Rattlesden,St Nicholas TR,,10 Nov 1701,Thomas,SHERMAN,,,,,,Margret,GRIMWOOD,,,,,,,,,,,,,,,,
SFK,Rattlesden,St Nicholas TR,,13 Jan 1702,Edmund,RANSON,,,,,,Mary,BRETT,,,,,,,,,,,,,,,,
SFK,Rattlesden,St Nicholas TR,,29 Jun 1702,Martin ,PARKER,,,wid,,,Eliz ,RUST,,,wid,,,,,,,,,,,,,
SFK,Rattlesden,St Nicholas TR,,03 Nov 1702,Phillip,SCARGEANT,,,,,,Elizabeth,COLLAR,,,,,,,,,,,,,,,,
SFK,Rattlesden,St Nicholas TR,,12 Nov 1702,John,JAMES,,,,,,Elizabeth,BEAMOND,,,,,,,,,,,,,,,,
SFK,Rattlesden,St Nicholas TR,,15 Jan 1703,Joseph,SHIPP,,,,,,Elizabeth ,POOLE,,,wid,,,,,,,,,,,,,
SFK,Rattlesden,St Nicholas TR,,09 Oct 1703,William,MARTIN,,,,,,Joanne,LOCKWOOD,,,,,,,,,,,,,,,,
SFK,Rattlesden,St Nicholas TR,,11 Jun 1704,James,OLIFFE,,,,,,Margret,DEATH,,,,,,,,,,,,,,,,James Oliffe of Cockfield
SFK,Rattlesden,St Nicholas TR,,02 Oct 1704,Thomas,BROOME,,,,,,Mercy,SCARPE,,,,,,,,,,,,,,,,
SFK,Rattlesden,St Nicholas TR,,07 Apr 1706,Robert ,SMITH,,,wid,,,Esther,FROST,,,,,,,,,,,,,,,,
SFK,Rattlesden,St Nicholas TR,,19 Apr 1706,William,SHAREMAN,,,,,,Elizabeth,COBBALD,,,,,,,,,,,,,,,,William Shareman of Giddon
SFK,Rattlesden,St Nicholas TR,,11 Jul 1706,Georges,MEADOWES,,,,,,Deborah,CARPENTER,,,,,,,,,,,,,,,,George Meadowes of Bilderstone
SFK,Rattlesden,St Nicholas TR,,20 Oct 1706,Robert,BUMPSTED,,,,,,Elizabeth,JEWERS,,,,,,,,,,,,,,,,Robert Bumpsted of Drinkston
SFK,Rattlesden,St Nicholas TR,,27 Oct 1706,William,JACKAMIN,,,,,,Elizabeth,WRIGHT,,,,,,,,,,,,,,,,
SFK,Rattlesden,St Nicholas TR,,07 Nov 1706,John,DRAKE,,,,,,Anne,STERN,,,,,,,,,,,,,,,,
SFK,Rattlesden,St Nicholas TR,,07 Nov 1704,John,POOLE,,,,,,Margret,GOLD,,,,,,,,,,,,,,,,
SFK,Rattlesden,St Nicholas TR,,06 Apr 1707,John,MOORE,,,,,,Judith,MOORE,,,,,,,,,,,,,,,,
SFK,Rattlesden,St Nicholas TR,,13 Nov 1707,Walter,HOWSON,,,,,,Mary,MAIN,,,,,,,,,,,,,,,,
SFK,Rattlesden,St Nicholas TR,,29 Dec 1707,Robert,GILLINGHAM,,,,,,Mary,GOTTS,,,,,,,,,,,,,,,,
SFK,Rattlesden,St Nicholas TR,,01 Sep 1708,Henry,CROSSMAN,,,,Mr,,Mary,GIBBONS,,,,Mrs,,,,,,,,,,,,Mr Henry Crossman of Sudbury & Mrs Mary Gibbons of the same
SFK,Rattlesden,St Nicholas TR,,30 Nov 1708,Samuell,JACOB,,,,,,Margrett,BATT,,,,,,,,,,,,,,,,
SFK,Rattlesden,St Nicholas TR,,15 Nov 1709,Sewill,HENRY,,,,,,Sarah,HAGADAY,,,,,,,,,,,,,,,,
SFK,Rattlesden,St Nicholas TR,,27 Dec 1709,Thomas,BODHAM,,,,Mr,,Frances,WALLER,,,,Mrs,,,,,,,,,,,,Mr Thomas Bodham of Walton in Norfolk & Mrs Frances Waller
SFK,Rattlesden,St Nicholas TR,,19 Apr 1710,Jonathan,KING,,,,,,Mary,SEWELL,,,,,,,,,,,,,,,,
SFK,Rattlesden,St Nicholas TR,,09 Oct 1710,William,FROST,,,,,,Mary,ORVIS,,,,,,,,,,,,,,,,
SFK,Rattlesden,St Nicholas TR,,14 Jan 1711,William,MULLEY,,,,,,William,HOWSON,,,,,,,,,,,,,,,,
SFK,Rattlesden,St Nicholas TR,,26 Jul 1711,Richard,MULLY,,,,,,Susan,RANSON,,,,,,,,,,,,,,,,
SFK,Rattlesden,St Nicholas TR,,27 Apr 1712,William,HAILESTONE,,,,,,Mary,DRAKE,,,,,,,,,,,,,,,,
SFK,Rattlesden,St Nicholas TR,,16 Jun 1712,Isaac,MOULE,,,,,,Jemimi,SILVERSTON,,,,,,,,,,,,,,,,
SFK,Rattlesden,St Nicholas TR,,04 Apr 1714,Thomas,MOULE,,,,,,Sarah,ENOLDS,,,,,,,,,,,,,,,,
SFK,Rattlesden,St Nicholas TR,,24 Jun 1714,Stephen,HYNARD,,,,,,Joyce,CALVER,,,,,,,,,,,,,,,,
SFK,Rattlesden,St Nicholas TR,,04 Aug 1714,William,POOLE,,,,,,Mary,FISH,,,,,,,,,,,,,,,,
SFK,Rattlesden,St Nicholas TR,,28 Sep 1714,Thomas,LOCKWOOD,,,,,,Margrett,GREEN,,,,,,,,,,,,,,,,
SFK,Rattlesden,St Nicholas TR,,20 Oct 1715,Robert,BAILEY,,,,,,Lydia,WRIGHT,,,,,,,,,,,,,,,,
SFK,Rattlesden,St Nicholas TR,,26 Apr 1715,James ,CLOVER,,,wid,,,Mary,RANSON,,,,,,,,,,,,,,,,
SFK,Rattlesden,St Nicholas TR,,02 Oct 1715,James,SPARK,,,,,,Mary,BAKER,,,,,,,,,,,,,,,,James Spark of Harden & Mary Baker of Clare
SFK,Rattlesden,St Nicholas TR,,24 Oct 1715,Thomas,POOLE,,,,,,Susan,WELHAM,,,,,,,,,,,,,,,,
SFK,Rattlesden,St Nicholas TR,,11 Nov 1715,George,BUCKENHAM,,,,,,Mary,HAYWARD,,,,,,,,,,,,,,,,
SFK,Rattlesden,St Nicholas TR,,08 Oct 1716,John,PRICK,,,,,,Margaret,GRIMWOOD,,,,,,,,,,,,,,,,
SFK,Rattlesden,St Nicholas TR,,24 Jun 1717,Zepheniah,POOL,,,,,,Mary,COBBALD,,,,,,,,,,,,,,,,
SFK,Rattlesden,St Nicholas TR,,08 Sep 1717,Stephen,DRAKE,,,,,,Margaret,PURR,,,,,,,,,,,,,,,,
SFK,Rattlesden,St Nicholas TR,,01 Oct 1717,James,SCARFT,,,,,,Lydia,RANSON,,,,,,,,,,,,,,,,
SFK,Rattlesden,St Nicholas TR,,14 Apr 1718,Francis,BLUNDIN,,,,,,Ann,BROUN,,,,,,,,,,,,,,,,Francis Blundin of Paule Belsham
SFK,Rattlesden,St Nicholas TR,,20 Apr 1718,Robert,LAMBERT,,,,,,Margaret,RANSON,,,,,,,,,,,,,,,,
SFK,Rattlesden,St Nicholas TR,,27 Apr 1718,William,BAKER,,,,,,Ann,TRICKER,,,,,,,,,,,,,,,,
SFK,Rattlesden,St Nicholas TR,,06 Oct 1719,William,LAMBERT,,,,,,Mary,KING,,,,,,,,,,,,,,,,
SFK,Rattlesden,St Nicholas TR,,19 Oct 1719,Benjamin,CHENERY,,,,,,Alice,HOGER,,,,,,,,,,,,,,,,Benjamin Chenery of Cotton
SFK,Rattlesden,St Nicholas TR,,09 Sep 1721,John,BREET,,,,,,Susan?,BUXTON,,,,,,,,,,,,,,,,John Breet & Susan? Buxton both of Gipping
SFK,Rattlesden,St Nicholas TR,,12 Oct 1721,Andrew,CARTER,,,,,,Ann,SMYTH,,,,,,,,,,,,,,,,Andrew Carter of Tostock
SFK,Rattlesden,St Nicholas TR,,27 Mar 1722,John,BAILEY,,,,,,Hannah,DIGGENS,,,,,,,,,,,,,,,,
SFK,Rattlesden,St Nicholas TR,,30 May 1722,John ,BORLY,,,,snr,,Martha,HUNT,,,,,,,,,,,,,,,,
SFK,Rattlesden,St Nicholas TR,,26 Nov 1722,Henery,MANFIELD,,,,,,Elizabeth,BENNET,,,,,,,,,,,,,,,,
SFK,Rattlesden,St Nicholas TR,,01 Dec 1722,Edmund,EDGAR,,,,,,Sarah,RICHER,,,,,,,,,,,,,,,,
SFK,Rattlesden,St Nicholas TR,,28 Sep 1724,Peter,BAKER,,,,,,Elizabeth,RAYNER,,,,,,,,,,,,,,,,
SFK,Rattlesden,St Nicholas TR,,03 Oct 1724,John,DIAPER,,,,,,Elizabeth,WHITE,,,,,,,,,,,,,,,,
SFK,Rattlesden,St Nicholas TR,,30 Sep 1726,Thomas,HASEL,,,,,,Susan,BAKER,,,,,,,,,,,,,,,,
SFK,Rattlesden,St Nicholas TR,,21 Nov 1727,William,MATTHEW,,,,,,Mary,BANTOCK,,,,,,,,,,,,,,,,
SFK,Rattlesden,St Nicholas TR,,05 Mar 1728,John ,HAYWARD,,,wid,,,Frances,STEWART,,,,,,,,,,,,,,,,John Hayward of Buxhall
SFK,Rattlesden,St Nicholas TR,,30 May 1728,James,RANSON,,,,,,Sarah,COLLER,,,,,,,,,,,,,,,,
SFK,Rattlesden,St Nicholas TR,,25 Jul 1728,William,GILLINGHAM,,,,,,Mary,DRAKE,,,,,,,,,,,,,,,,
SFK,Rattlesden,St Nicholas TR,,25 Jul 1728,John,HAYWARD,,,,,,Ann,DRAKE,,,,,,,,,,,,,,,,
SFK,Rattlesden,St Nicholas TR,,07 Aug 1729,Abraham,OXER,,,,,,Margaret,DOWNS,,,,,,,,,,,,,,,,Abraham Oxer of Brettenham
SFK,Rattlesden,St Nicholas TR,,14 Aug 1729,Thomas,HOWLET,,,,,,Mary,HINNEL,,,,,,,,,,,,,,,,Thomas Howlet of Woolpit
SFK,Rattlesden,St Nicholas TR,,31 Dec 1729,Samuel,BUMPSTEAD,,,,,,Sarah,MOODY,,,,,,,,,,,,,,,,
SFK,Rattlesden,St Nicholas TR,,24 Mar 1730,John,CLARK,,,,,,Ann,GREEN,,,,,,,,,,,,,,,,John Clark & Ann Green both of the parish of Chelsworth
SFK,Rattlesden,St Nicholas TR,,24 Oct 1730,Jonathan,PURR,,,,,,Frances,DRAKE,,,,,,,,,,,,,,,,
SFK,Rattlesden,St Nicholas TR,,29 Oct 1730,Thomas,ORVICE,,,,,,Elizabeth,RANSON,,,,,,,,,,,,,,,,
SFK,Rattlesden,St Nicholas TR,,26 Dec 1730,Thomas,HAZEL,,,,,,Ann,SOUGATE,,,,,,,,,,,,,,,,
SFK,Rattlesden,St Nicholas TR,,29 Dec 1730,Robert,CADYE,,,,,,Ann,GRIMWOOD,,,,,,,,,,,,,,,,
SFK,Rattlesden,St Nicholas TR,,01 Mar 1731,George,WELLOM,,,,,,Mary,SPIKE,,,,,,,,,,,,,,,,
SFK,Rattlesden,St Nicholas TR,,28 Sep 1731,George,HABELL,,,,,,Mary,BROWN,,,,,,,,,,,,,,,,
SFK,Rattlesden,St Nicholas TR,,17 Oct 1731,William,BUTTON,,,,,,Hellen,CRICK,,,,,,,,,,,,,,,,
SFK,Rattlesden,St Nicholas TR,,25 Nov 1731,?,CATER,,,,Mr,,Mary,UNDERWOOD,,,,,,,,,,,,,,,,Mr Cater of Reed
SFK,Rattlesden,St Nicholas TR,,28 May 1732,Thomas,WALKER,,,,,,Susan,PARR,,,,,,,,,,,,,,,,
SFK,Rattlesden,St Nicholas TR,,17 Dec 1732,Abraham,OXER,,,,,,Wlizabeth,ORVICE,,,,,,,,,,,,,,,,Abraham Oxer of Brettenham
SFK,Rattlesden,St Nicholas TR,,21 Dec 1732,Joseph,TOTTY?,,,,,,Ann,BUMSTEAD,,,,,,,,,,,,,,,,Joseph Totty? of Buxhall
SFK,Rattlesden,St Nicholas TR,,24 Jan 1733,Samuel,JACOB,,,,,,Ann,GORBILD,,,,,,,,,,,,,,,,Samuel Jacob of Bramford
SFK,Rattlesden,St Nicholas TR,,15 Oct 1733,James,MOTUM,,,,,,Mary,POOL,,,,,,,,,,,,,,,,
SFK,Rattlesden,St Nicholas TR,,30 Sep 1734,Isaac Bennett,CHRISTOPHER,,,,,,,BROWN,,,,,,,,,,,,,,,,
SFK,Rattlesden,St Nicholas TR,,16 Jun 1735,Philip,SMITH,,,,,,Ruth,CRICK,,,,,,,,,,,,,,,,Philip Smith of Felsham
SFK,Rattlesden,St Nicholas TR,,14 Oct 1735,William,BOWLE,,,,,,Elizabeth,MOUL,,,,,,,,,,,,,,,,William Bowle of Stowmarket
SFK,Rattlesden,St Nicholas TR,,20 Oct 1735,William,CHURCH,,,,,,Susan,JOURDAN,,,,,,,,,,,,,,,,
SFK,Rattlesden,St Nicholas TR,,20 Dec 1735,John ,LUMLEY,,,wid,,,Moody,FRNACES,,,,,,,,,,,,,,,,John Lumley widower of Lavenham
SFK,Rattlesden,St Nicholas TR,,29 May 1736,Thomas,MOULE,,,,,,Elizabeth,DRAKE,,,,,,,,,,,,,,,,
SFK,Rattlesden,St Nicholas TR,,27 Dec 1736,William,JACKAMON,,,,,,Elizabeth,HEMSTEAD,,,,,,,,,,,,,,,,
SFK,Rattlesden,St Nicholas TR,,28 Apr 1737,William,PAIN,,,,,,Elizabeth,JACKSON,,,,,,,,,,,,,,,,
SFK,Rattlesden,St Nicholas TR,,13 Oct 1737,William,SILVER,,,,,,Catherine,BOWLE,,,,,,,,,,,,,,,,
SFK,Rattlesden,St Nicholas TR,,13 Apr 1738,William,FROST,,,,,,Elizabeth,PARKER,,,,,,,,,,,,,,,,
SFK,Rattlesden,St Nicholas TR,,12 Nov 1738,Joseph,FAIERS,,,,,,Ann,RAKER,,,,,,,,,,,,,,,,
SFK,Rattlesden,St Nicholas TR,,29 Apr 1739,James,WATERMAN,,,,,,Bridgett,FAIRS,,,,,,,,,,,,,,,,
SFK,Rattlesden,St Nicholas TR,,06 Oct 1740,William,HINNELL,,,,,,Mary,PAIN,,,,,,,,,,,,,,,,
SFK,Rattlesden,St Nicholas TR,,27 Nov 1741,John,JOURS,,,,,,Frances,HINNEL,,,,,,,,,,,,,,,,
SFK,Rattlesden,St Nicholas TR,,04 Oct 1742,William,SMITH,,,,,,Ann,ATKIN,,,,,,,,,,,,,,,,William Smith of Felsham
SFK,Rattlesden,St Nicholas TR,,02 Dec 1742,Aython,SMITH,,,,,,Martha,PEARLE,,,,,,,,,,,,,,,,Licence
SFK,Rattlesden,St Nicholas TR,,05 Apr 1743,John,MULTON,,,,,,Sarah,COAKER,,,,,,,,,,,,,,,,John Multon of Bradfield St George & Sarah Coaker by banns
SFK,Rattlesden,St Nicholas TR,,28 Dec 1743,Robert,HAMMOND,,,,,,Lydia,JACKAMAN,,,,,,,,,,,,,,,,
SFK,Rattlesden,St Nicholas TR,,17 Jan 1744,Mully,SKINNER,,,,,,Mary,MELTON,,,,,,,,,,,,,,,,
SFK,Rattlesden,St Nicholas TR,,27 Jan 1744,Thomas,HOWARD,,,,,,Mary,BARREL,,,,,,,,,,,,,,,,Thomas Howard of Glemsford & Mary Barrel of Cheavington by Licence 2 entries - January 27 & Feb ruary 3
SFK,Rattlesden,St Nicholas TR,,27 Jan 1744,Thomas,HOWARD,,,,,,Mary,BARRELL,,,,,,,,,,,,,,,,Thomas Howard of Glemsford & Mary Barrel of Cheavington by Licence 2 entries - January 27 & Feb ruary 4
SFK,Rattlesden,St Nicholas TR,,05 Jun 1744,William,LAMBIRD,,,,,,Elizabeth,GILLINGHAM,,,,,,,,,,,,,,,,Banns
SFK,Rattlesden,St Nicholas TR,,12 Jun 1744,Thomas,DENT,,,,,,Hannah,MOORE,,,,,,,,,,,,,,,,Banns
SFK,Rattlesden,St Nicholas TR,,09 Oct 1744,Thomas,JACKSON,,,,,,Mary,GRIMWOOD,,,,,,,,,,,,,,,,Banns
SFK,Rattlesden,St Nicholas TR,,15 Oct 1744,James,BALEY,,,,,,Susan ,REID,,,wid,,,,,,,,,,,,,Banns
SFK,Rattlesden,St Nicholas TR,,27 Dec 1744,William,CAWSTON,,,,,,Sarah,REYNOLD,,,,,,,,,,,,,,,,William Cawston & Sarah Reynold of Ballington; by Licence
SFK,Rattlesden,St Nicholas TR,,25 May 1745,Petit,STANNARD,,,,,,Sarah,DANSIE,,,,,,,,,,,,,,,,Licence
SFK,Rattlesden,St Nicholas TR,,04 Jul 1745,Peter,PARISH,,,,,,Mary,WHITTELL,,,,,,,,,,,,,,,,Licence
SFK,Rattlesden,St Nicholas TR,,05 Aug 1745,John,HEAD,,,,,,Susan,HEART,,,,,,,,,,,,,,,,Banns
SFK,Rattlesden,St Nicholas TR,,08 Dec 1747,Charles,PUNCHARD,,,,,,Susan,STEDMAN,,,,,,,,,,,,,,,,Licence
SFK,Rattlesden,St Nicholas TR,,14 Jun 1748,John,TAYLOR,,,,,,Susan,WILDEN,,,,,,,,,,,,,,,,Banns
SFK,Rattlesden,St Nicholas TR,,03 Oct 1748,Henry,MOORE,,,,,,Mary,JACKAMAN,,,,,,,,,,,,,,,,Banns
SFK,Rattlesden,St Nicholas TR,,30 Mar 1749,Thomas,STEWARD,,,,,,Margaret,WHITE,,,,,,,,,,,,,,,,Banns
SFK,Rattlesden,St Nicholas TR,,04 Oct 1750,John,CATCHPOOL,,,,,,Mary,PAIN,,,,,,,,,,,,,,,,Banns
SFK,Rattlesden,St Nicholas TR,,13 Oct 1752,Jno,FRIGHT?,,,,,,Mary,ROBBESON,,,,,,,,,,,,,,,,Jno Fright? of Stutton; by Licence
SFK,Rattlesden,St Nicholas TR,,04 Jan 1753,James,KING,,,,,,Elizabeth?,BAULEY,,,,,,,,,,,,,,,,
SFK,Rattlesden,St Nicholas TR,,07 Jan 1753,Thomas,BUMPSTEAD,,,,,,Abigail,DASELY?,,,,,,,,,,,,,,,,Banns
SFK,Rattlesden,St Nicholas TR,,06 Feb 1753,James,RAVENS,,,,,,Susan,PARR,,,,,,,,,,,,,,,,Banns
SFK,Rattlesden,St Nicholas TR,,27 Feb 1753,Robert,POOLE,,,,,,Elizabeth,DRAKE,,,,,,,,,,,,,,,,Banns
SFK,Rattlesden,St Nicholas TR,,07 May 1754,Christopher,LAMBERT,,,,,,Susan,RANSON,,,,,,,,,,,,,,,,
SFK,Rattlesden,St Nicholas TR,,13 May 1754,Stephen,DRAKE,,,,,,Elizabeth,DAVEY,,,,,,,,,,,,,,,,
SFK,Rattlesden,St Nicholas TR,,17 Jun 1754,John,BUGG,,,,,,Ann,RAFFE,,,,,,,,,,,,,,,,
SFK,Rattlesden,St Nicholas TR,,01 Aug 1754,Jacob ,STIFF,,,wid,,,Martha,YARDWILL,,,,,,,,,,,,,,,,
SFK,Rattlesden,St Nicholas TR,,06 Nov 1754,George,BAKER,,,,,,Margaret,COCKSEDGE,,,,,,,,,,,,,,,,
SFK,Rattlesden,St Nicholas TR,,26 Nov 1754,Isaac,MOLE,,,,,,Grace,FROST,,,,,,,,,,,,,,,,
SFK,Rattlesden,St Nicholas TR,,11 Feb 1755,John,DEDMOND,,,,,,Mary,SHELVER,,,,,,,,,,,,,,,,
SFK,Rattlesden,St Nicholas TR,,01 Apr 1755,John,KEEBEL,,,,,,Elizabeth,COCKSEDGE,,,,,,,,,,,,,,,,
SFK,Rattlesden,St Nicholas TR,,16 May 1755,George,BROOK,,,,,,Mary,GILLINGHAM,,,,,,,,,,,,,,,,
SFK,Rattlesden,St Nicholas TR,,21 Oct 1755,James,REEVE,,,,,,Elizabeth,FROST,,,,,,,,,,,,,,,,
SFK,Rattlesden,St Nicholas TR,,28 Nov 1755,William ,MILLER,,,wid,,,Francis,STEWARD,,,,,,,,,,,,,,,,
SFK,Rattlesden,St Nicholas TR,,30 Aug 1756,Zepheniah,POOL,,,,,,Elizabeth,SHELVER,,,,,,,,,,,,,,,,
SFK,Rattlesden,St Nicholas TR,,16 Nov 1756,Joseph,SPOONER,,,,,,Rachiel,MOORE,,,,,,,,,,,,,,,,
SFK,Rattlesden,St Nicholas TR,,27 Nov 1756,William,POOLE,,,,,,Mary,BAKER,,,,,,,,,,,,,,,,
SFK,Rattlesden,St Nicholas TR,,28 May 1757,John,MANSFIELD,,,,,,Theodora,TYNDLE,,,,,,,,,,,,,,,,
SFK,Rattlesden,St Nicholas TR,,26 Dec 1757,George,PARKER,,,,,,Mary,MAYHEW,,,,,,,,,,,,,,,,
SFK,Rattlesden,St Nicholas TR,,07 Feb 1758,Isaac,SADLER,,,,,,Francis,HOWARD,,,,,,,,,,,,,,,,
SFK,Rattlesden,St Nicholas TR,,24 Feb 1758,Thomas,PLUME,,,,,,Mary,RANSON,,,,,,,,,,,,,,,,
SFK,Rattlesden,St Nicholas TR,,28 Mar 1758,Robert,GILLINGHAM,,,,,,Elizabeth,SPICER,,,,,,,,,,,,,,,,
SFK,Rattlesden,St Nicholas TR,,14 Nov 1758,Thomas,PARFREY,,,,,,Sarah,STAF,,,,,,,,,,,,,,,,Thomas Parfrey of St Mary's Bury St Edmunds
