+INFO,freereg.suffolk@gmail.com ,password,SEQUENCED,MARRIAGES,cp437
#,CCC,JHarold,SUFFOLK,SFKRATMA1.CSV,09-Jun-2011
#,CREDIT,Malcolm Fairly,freereg.suffolk@gmail.com
#,09-Jun-2011,transcript of marriage registers by Malcolm Fairly
SFK,Rattlesden,St Nicholas TR,,03 Apr 1845,John,ABBOTT,full age,Woolpit,,Carpenter,,Sarah,HUFFY,full age,,,,,John,Abbott,Carpenter,Samuel,Huffy,Thatcher,,,,,
SFK,Rattlesden,St Nicholas TR,,25 Dec 1881,John William,ABBOTT,26,,,Carpenter,,Emily Mary,FRISTON,21,,,,,,,John,Friston,Farmer,,,,,,
SFK,Rattlesden,St Nicholas TR,,03 Mar 1854,Thomas,ABBOTT,23,,,Lab,,Sophia,SPARKE,22,Birds Green,,,,Thomas,Abbott,Lab,George,Sparke,Lab,,,,,
SFK,Rattlesden,St Nicholas TR,,01 Nov 1844,George,ADAMS,full age,Walsham,,Miller,,Catherine,ENNALS,full age,,,,,Thomas,Adams,Farmer,Dead,,Dead,,,,,
SFK,Rattlesden,St Nicholas TR,,22 Nov 1878,Joseph,ALLINGTON,20,Gedding,,Lab,,Ellen,SPARKS,19,,,,,Charles,Allington,Lab,Thomas,Sparks,Lab,Caroline,Sparkes,,,
SFK,Rattlesden,St Nicholas TR,,26 Dec 1862,Robert Josiah,ALLINGTON,21,,,Carpenter,,Mary,UNDERWOOD,20,,,,,Robert,Allington,Shoemaker,Chris,Underwood,Gardener,,,,,
SFK,Rattlesden,St Nicholas TR,,22 Apr 1889,John Robert,ARCH,33,Farnham Surrey,,Draper,,Catherine,FRISTON,28,,,,,Joseph,Arch,Builder,Samuel,Friston,Farmer,,,,,
SFK,Rattlesden,St Nicholas TR,,13 Feb 1867,Frederick,ARCHER,28,West Cowes,,Mariner,,Helen,GLADWELL,30,,,,,William,Archer,Lab,Joseph,Gladwell,Thatcher,,,,,
SFK,Rattlesden,St Nicholas TR,,05 Sep 1876,Charles,ARMSTEAD,24,Cambridge,,Rway servant,,Amelia,ARMSTEAD,21,,,,,John,Armstead,Coal merchant,John,Armstead,Policeman,,,,,
SFK,Rattlesden,St Nicholas TR,,07 Oct 1850,Walter,AVEY,24,,,Servant,,Sarah Ann,WALKER,26,,,,,John,Avey,Farmer,Samuel,Walker,Lab,,,,,
SFK,Rattlesden,St Nicholas TR,,27 Oct 1855,Abraham,AVIS,21,,,Lab,,Betsy,CHINERY,20,,,,,Thomas,Avis,Lab,John,Chinery,Lab,,,,,
SFK,Rattlesden,St Nicholas TR,,15 Oct 1856,George,AVIS,29,,,Bricklayer,,Elizabeth,HARVEY,21,,,,,Thomas,Avis,Lab,John,Harvey,Gardener,,,,,
SFK,Rattlesden,St Nicholas TR,,25 Oct 1853,Henry,AVIS,33,Felsham,,Shoemaker,,Mary Ann,BYE,38,,,,,Jeremiah,Avis,Lab,Benjamin,Bye,Lab,,,,,
SFK,Rattlesden,St Nicholas TR,,27 Jan 1859,Jonathan,AVIS,22,Chelmsford,,Wheelwright,,Elizabeth,CRISP,24,,,,,Thomas,Avis,Lab,Daniel,Crisp,Brewer,,,,,
SFK,Rattlesden,St Nicholas TR,,25 Nov 1853,Samuel,AVIS,22,,,Blacksmith,,Lucy,COBBOLD,20,,,,,Thomas,Avis,Lab,Shadrach,Cobbold,Lab,,,,,
SFK,Rattlesden,St Nicholas TR,,27 Feb 1892,Arthur,BAKER,21,,,Lab,,Ann Maria,POOLE,22,,,,,Albert,Baker,Lab,James,Poole,Lab,,,,,
SFK,Rattlesden,St Nicholas TR,,02 Nov 1889,John,BAKER,22,,,Wheelwright,,Lucy,WEBB,18,,,,,John,Baker,Lab,John,Webb,Lab,,,,,
SFK,Rattlesden,St Nicholas TR,,11 Dec 1840,Robert,BAKER,26,,,?,,Ann,VALE,29,,,,,John,Baker,Shepherd,Henry,Vale,Blacksmith,,,,,
SFK,Rattlesden,St Nicholas TR,,18 Oct 1851,Isaac,BANHAM,25,,,Lab,,Sarah,SELVAGE,19,,,,,Jacob,Banham,Lab,Abrah,Selvage,Lab,Abraham,Selvage,Emily,Cocksedge,
SFK,Rattlesden,St Nicholas TR,,26 Sep 1846,John,BANHAM,full age,,,Lab,,Keziah,GOWERS,full age,,,,,Jacob,Banham,Lab,,,,Hannah,Bonnels,James,Banham,
SFK,Rattlesden,St Nicholas TR,,30 Apr 1864,Thomas,BANHAM,20,,,Lab,,Ellen,STEGGLES,21,,,,,Jacob,Banham,Lab,William,Steggles,Lab,,,,,Jacob was also Jacob Wenham
SFK,Rattlesden,St Nicholas TR,,27 Jul 1857,William,BANHAM,21,,,Lab,,Ann,MOORE,21,,,,,Jacob,Banham,Lab,George,Moore,Gardener,,,,,
SFK,Rattlesden,St Nicholas TR,,27 Dec 1893,Frederick,BARKER,28,Wolverhampton,,Lock maker,,Isabella,FRISTON,29,,,,,John W,Barker,Corn dealer,William S,Friston,Farmer,,,,,
SFK,Rattlesden,St Nicholas TR,,06 Nov 1838,Robert,BEAUMONT,full age,,,Lab,,Elizabeth,CROSS,full age,,,,,Wm,Beaumont,Farmer,Pearl,Coss,Wheelwright,,,,,
SFK,Rattlesden,St Nicholas TR,,16 May 1845,Henry James,BEETON,full age,,,Plumber,,Elizabeth,SMITH,full age,,,,,William,Beeton,Plumber,James,Smith,Bricklayer,,,,,
SFK,Rattlesden,St Nicholas TR,,20 Oct 1868,Henry James,BEETON,23,,,Carpenter,,Eliza Ann,BYE,24,,,,,Henry J,Beeton,Grocer,William N,Bye,Bailiff,,,,,
SFK,Rattlesden,St Nicholas TR,,23 Dec 1841,Samuel,BEETON,21,,,Shoemaker,,Mary,ROPER,23,,,,,Wlliam,Beeton,Plumber,William,Roper,Farmer,,,,,
SFK,Rattlesden,St Nicholas TR,,20 Oct 1844,William,BEETON,full age,,,Plumber,,Susannah,EVERETT,full age,,,,,William,Beeton,Plumber,William,Everett,Dealer,,,,,
SFK,Rattlesden,St Nicholas TR,,25 Dec 1873,William,BEETON,26,,,Glazier,,Harriet,HARE,28,Buxhall,,,,William,Beeton,Glazier,Arthur,Hare,Lab,,,,,
SFK,Rattlesden,St Nicholas TR,,25 Dec 1855,William,BIBBY,23,Woolwich Kent,,Painter,,Mary Ann,EUSTON,24,,,,,John,Bibby,Servant,Daniel,Euston,Lab,,,,,
SFK,Rattlesden,St Nicholas TR,,09 Oct 1868,Simeon Cross,BLOOMFIELD,22,,,Lab,,Mary Ann,POOLE,20,,,,,Robert,Bloomfield,Lab,Robert,Poole,Lab,,,,,
SFK,Rattlesden,St Nicholas TR,,10 Feb 1898,James,BOND,67,,widower,Farmer,,Sarah Ann,FRISTON,45,St Marylebone,,,,Joseph,Bond,Lab,Samuel,Friston,Farmer,,,,,
SFK,Rattlesden,St Nicholas TR,,11 Nov 1869,Charles,BRASNETT,37,Culford,widower,Farmer,,Helen,BOLDERO,30,,,,,Robert,Brasnett,Farmer,John,Boldero,Gentleman,,,,,
SFK,Rattlesden,St Nicholas TR,,01 Jan 1898,William Harry Hugh,BREWER,28,Felsham,,Carpenter,,Kate Eleanor,COOPER,24,,,,,Jeptheth,Brewer,Carpenter,George,Cooper,Miller,,,,,
SFK,Rattlesden,St Nicholas TR,,22 Jun 1897,Ambrose,BREWSTER,33,Brettenham,,Groom,,Katherine,FISHER,33,,widow,,,George,Brewster,Grocer,Richard,Roe,Innkeeper,,,,,
SFK,Rattlesden,St Nicholas TR,,25 Dec 1890,Frederick,BREWSTER,29,Hawstead,,Engineer,,Julia Ann,MOORE,24,,,,,Arriass?,Brewster,Lab,Morris,Moore,Carpenter,,,,,
SFK,Rattlesden,St Nicholas TR,,18 Jul 1892,George,BROOME,42,,widower,Brickmaker,,Maria,OSBOURNE,41,,widow,,,George,Broome,Maltster,Thomas,Mills,Lab,,,,,
SFK,Rattlesden,St Nicholas TR,,07 Nov 1868,James,BURCH,22,Ipswich,,Lab,,Rosetta,COBBOLD,22,,,,,John,Burch,Lab,William,Cobbold,Lab,,,,,
SFK,Rattlesden,St Nicholas TR,,11 Mar 1878,Cornelius George,BUTLER,28,Hampstead,,Engineer,,Sarah Jane,POOLE,19,,,,,Cornelius,Butler,Engineer,Robert,Poole,Lab,,,,,
SFK,Rattlesden,St Nicholas TR,,24 Jan 1882,Wallis Parmister,BUTTRUM,24,Colchester,,Gardener,,Emma,WARREN,23,,,,,William,Buttrum,Carpenter,William,Warren,Lab,,,,,
SFK,Rattlesden,St Nicholas TR,,14 Feb 1868,Harry,BUXTON,21,,,Lab,,Elizabeth,WALLER,19,,,,,James,Buxton,Beerseller,William,Waller,Lab,,,,,
SFK,Rattlesden,St Nicholas TR,,16 Sep 1842,James,BUXTON,26,,,Lab,,Mercy,GOWERS,23,,,,,Ezekiel,Buxton,Lab,James,Gowers,Publican,,,,,
SFK,Rattlesden,St Nicholas TR,,25 Oct 1840,John,BUXTON,20,,,Lab,,Susan,WENHAM,19,,,,,Robert,Buxton,Lab,Jacob,Wenham,Lab,,,,,
SFK,Rattlesden,St Nicholas TR,,09 Nov 1849,William,BUXTON,24,Harleston,,Lab,,Rebecca,RANSON,23,,,,,Charles,Buxton,Lab,James,Ranson,Joiner,,,,,
SFK,Rattlesden,St Nicholas TR,,08 Jan 1864,William,BUXTON,29,,,Lab,,Jane,ORRIS,22,,,,,Robert,Buxton,Lab,Joel,Orris,Lab,,,,,
SFK,Rattlesden,St Nicholas TR,,16 Jan 1844,John,BUXTON,24,,widower,Lab,,Elizabeth,RISBY,22,,,,,Robert,Buxton,Lab,Thomas,Risby,Lab,,,,,
SFK,Rattlesden,St Nicholas TR,,24 Oct 1896,Harry Henry,BYE,31,,,Lab,,Alice Jane,GLADWELL,19,,,,,Harry,Birman,Lab,Harry,Gladwell,Lab,,,,,
SFK,Rattlesden,St Nicholas TR,,24 Feb 1843,James,BYE,22,,,Lab,,Charlotte,BUXTON,28,,,,,William,Bye,Lab,Ezekiel,Buxton,Lab,,,,,
SFK,Rattlesden,St Nicholas TR,,13 Feb 1850,Samuel,BYE,26,,,Lab,,Mary Ann,MOORE,18,,,,,William,Bye,Lab,George,Moore,Lab,,,,,
SFK,Rattlesden,St Nicholas TR,,05 Nov 1850,Benjamin,BYE,37,,widower,Lab,,Mary Ann,GRIMWOOD,46,,,,,Benjamin,Bye,Lab,James,Grimwood,Farmer,,,,,
SFK,Rattlesden,St Nicholas TR,,21 Nov 1876,George,CANLER,28,Yaxley,,Carpenter,,Maria,STEGGLES,29,,,,,William,Canler,Carpenter,Robert,Steggles,Lab,,,,,
SFK,Rattlesden,St Nicholas TR,,02 Feb 1845,Robert,CARTER,full age,,,Lab,,Harriet,PUNCHARD,full age,,,,,James,Carter,Lab,Jerem,Punchard,Parish clerk,,,,,
SFK,Rattlesden,St Nicholas TR,,13 Jan 1845,Henry,CHANDLER,full age,,,Plumber,,Mary Naomi,OXER,full age,Onehouse,,,,Wm. W,Chandler,Schoolmaster,John,Oxer,Farmer,,,,,
SFK,Rattlesden,St Nicholas TR,,02 Jul 1839,Charles,CHINERY,22,,,Lab,,Eliza,SMITH,27,,,,,John,Chinery,Lab,James,Smith,Bricklayer,,,,,
SFK,Rattlesden,St Nicholas TR,,07 Feb 1847,Michael,CHINERY,full age,Bury St Edmund,,Lab,,Sarah,DURHAM,full age,,,,,John,Chinery,Lab,Robert,Durham,Lab,,,,,
SFK,Rattlesden,St Nicholas TR,,27 Nov 1862,William Isaac,CLARK,21,Bilderston,,Plumber,,Anna,MOORE,21,,,,,Fredrk,Palmerton,Plumber,William,Moore,Farmer,,,,,
SFK,Rattlesden,St Nicholas TR,,01 May 1866,Edgar,CLARKE,20,,,Lab,,Elizabeth,CHINERY,19,,,,,William,Clarke,Lab,Michael,Chinery,Lab,,,,,
SFK,Rattlesden,St Nicholas TR,,18 Nov 1842,William,CLARKE,full age,,,Lab,,Anne,AIRAY,full age,Lavenham,,,,James,Clarke,Lab,William,Airay,Lab,,,,,
SFK,Rattlesden,St Nicholas TR,,30 Oct 1850,Charles,CLOVER,21,,,Lab,,Sarah,CLOVER,23,,,,,William,Clover,Lab,Jerem,Clover,Lab,,,,,
SFK,Rattlesden,St Nicholas TR,,25 May 1872,James,CLOVER,22,,,Lab,,Emma,RAMSBOTTOM,22,,,,,Jeremiah,Clover,Lab,Isaac,Ramsbottom,Lab,,,,,
SFK,Rattlesden,St Nicholas TR,,26 May 1849,John,CLOVER,22,,,Lab,,Eliza,RUDLAND,25,,,,,William,Clover,Lab,William,Rudland,Lab,,,,,
SFK,Rattlesden,St Nicholas TR,,05 Sep 1857,John,CLOVER,22,,,Lab,,Ann,HARRINGTON,18,,,,,Jeremiah,Clover,Lab,John,Harrington,Game keeper,,,,,
SFK,Rattlesden,St Nicholas TR,,19 Oct 1846,Joseph,CLOVER,full age,,,Miller,,Mary Ann,AUSTIN,full age,,,,,John,Clover,Miller,John,Austin,Lab,,,,,
SFK,Rattlesden,St Nicholas TR,,06 Dec 1850,Robert,CLOVER,23,,,Lab,,Elizabeth,WARREN,21,,,,,Timothy,Clover,Lab,James,Warren,Lab,,,,,
SFK,Rattlesden,St Nicholas TR,,04 Aug 1855,William,CLOVER,24,,,Lab,,Elizabeth,CLOVER,23,,,,,William,Clover,Lab,Jeremiah,Clover,Lab,,,,,
SFK,Rattlesden,St Nicholas TR,,16 Jul 1861,John,CLOVER,32,,widower,Miller,,Sarah,MANFIELD,21,,,,,Isaac,Clover,Miller,William,Manfield,Farmer,,,,,
SFK,Rattlesden,St Nicholas TR,,24 Mar 1891,Edward,COBBOLD,24,,,Lab,,Kate,GLADWELL,21,,,,,Henry,Cobbold,Lab,Howard,Gladwell,Thatcher,,,,,
SFK,Rattlesden,St Nicholas TR,,31 Dec 1844,George,COBBOLD,full age,,,Lab,,Eliza,DURHAM,full age,,,,,John,Cobbold,Lab,Thomas,Durham,Lab,,,,,
SFK,Rattlesden,St Nicholas TR,,03 Nov 1867,George,COBBOLD,20,,,Lab,,Eliza,CRICK,26,,,,,John,Cobbold,Lab,James,Crick,Lab,,,,,
SFK,Rattlesden,St Nicholas TR,,12 Nov 1875,George,COBBOLD,25,,,Woodman,,Margaret Jane,GLADWELL,20,,,,,George,Cobbold,Woodman,,,,,,,,
SFK,Rattlesden,St Nicholas TR,,17 Oct 1873,Harry,COBBOLD,24,,,Lab,,Maria,BUXTON,24,,,,,John,Cobbold,Lab,James,Buxton,Lab,,,,,
SFK,Rattlesden,St Nicholas TR,,16 Sep 1863,Henry,COBBOLD,22,,,Lab,,Eliza Ann Price,CRICK,19,,,,,William,Cobbold,Lab,Reuben,Crick,Lab,,,,,
SFK,Rattlesden,St Nicholas TR,,23 Apr 1847,James,COBBOLD,full age,,,Lab,,Mary Ann,DURHAM,full age,,,,,William,Cobbold,Lab,Robert,Durham,Lab,,,,,
SFK,Rattlesden,St Nicholas TR,,14 Nov 1854,James,COBBOLD,25,,,Woodman,,Mary Ann,BOGGIS,24,,,,,John,Cobbold,Woodman,John,Boggis deceased,Lab,,,,,
SFK,Rattlesden,St Nicholas TR,,29 Mar 1842,John,COBBOLD,25,,,Lab,,Frances,GRIMWOOD,27,,,,,John,Cobbold,Farmer,Thos,Grimwood,Lab,,,,,
SFK,Rattlesden,St Nicholas TR,,19 Apr 1850,John,COBBOLD,25,,,Lab,,Matilda,SADLER,25,,,,,Shadrach,Cobbold,Lab,Isaac,Sadler,Lab,,,,,
SFK,Rattlesden,St Nicholas TR,,01 Dec 1852,John,COBBOLD,24,,,Farmer,,Sophia,COBBOLD,18,,,,,James,Cobbold,Farmer,Robert,Cobbold deceased,Lab,,,,,
SFK,Rattlesden,St Nicholas TR,,13 Jan 1866,John,COBBOLD,27,,,Lab,,Emma,BYHAM,21,,,,,James,Cobbold,Lab,Henry,Byham,Lab,,,,,In Lancashire 1881
SFK,Rattlesden,St Nicholas TR,,15 Oct 1871,Martin,COBBOLD,26,,,Lab,,Catherine,CUTHBERT,20,,,,,Edward,Cobbold,Lab,James,Cuthbert,Lab,,,,,
SFK,Rattlesden,St Nicholas TR,,24 Dec 1838,Samuel,COBBOLD,22,,,Lab,,Charlotte,BUXTON,23,,,,,Charles,Cobbold,Lab,Robert,Buxton,Lab,,,,,
SFK,Rattlesden,St Nicholas TR,,21 Jan 1878,Thomas,COBBOLD,25,,,Lab,,Emma Maria,MOORE,18,,,,,John,Cobbold,Lab,Jonathan,Moore,Lab,,,,,
SFK,Rattlesden,St Nicholas TR,,04 Nov 1853,William,COBBOLD,23,,,Lab,,Sarah,COBBOLD,21,,,,,William,Cobbold,Lab,John,Cobbold,Woodman,,,,,
SFK,Rattlesden,St Nicholas TR,,25 Apr 1873,James,COBBOLD,65,,widower,Lab,,Mary Ann,LAST,55,,widow,,,Edward,Cobbold,Lab,Charles,Misean,Steward,,,,,
SFK,Rattlesden,St Nicholas TR,,05 Oct 1864,John,COBBOLD,48,,widower,Woodman,,Eliza,GLADWELL,39,,widow,shopkeeper,,John,Cobbold,Woodman,Philip,Pettit,Lab,,,,,
SFK,Rattlesden,St Nicholas TR,,09 May 1851,Thomas,COBBOLD,28,,widower,Lab,,Hannah,DURHAM,27,,,,,Charles,Cobbold,Lab,Thomas,Durham,Lab,,,,,
SFK,Rattlesden,St Nicholas TR,,01 Dec 1848,William,COBBOLD,47,,widower,Woodman,,Susannah,JOHNSON,39,,,,,James,Cobbold,Woodman,William,Johnson,Lab,,,,,
SFK,Rattlesden,St Nicholas TR,,02 Dec 1859,Benjamin,COCKSEDGE,26,,,Lab,,Lucy,FOLKARD,24,,,,,James,Cocksedge,Lab,Robert,Folkard,Lab,,,,,
SFK,Rattlesden,St Nicholas TR,,13 Aug 1878,William,COLEMAN,full age,Reading,,Illegible,,Isabella Jane,BOLDERO,full age,,,,,Charles,Coleman,Plumber,John,Boldero,Farmer,,,,,
SFK,Rattlesden,St Nicholas TR,,17 Mar 1855,George Adam,COOPER,35,Bury St Edmund,,Brewer,,Mary Ann,DURHAM,34,,,,,John,Cooper deceased,Tailor,Thomas,Durham,Lab,,,,,
SFK,Rattlesden,St Nicholas TR,,20 Mar 1841,George S,COOPER,full age,,,Tailor,,Mary,SALMON,full age,,widow,shopkeeper,,George,Cooper,Farmer,John,Roper,Farmer,,,,,
SFK,Rattlesden,St Nicholas TR,,20 Oct 1882,Jonathan,COOPER,24,,,Farmer,,Louisa,FRISTON,22,,,,,Jonathan,Cooper,Farmer,William,Friston,Farmer,,,,,
SFK,Rattlesden,St Nicholas TR,,25 Dec 1861,Walter,COWIE,22,Levington,,Lab,,Sarah Ann,COBBOLD,23,,,,,James,Cowie,Lab,James,Cobbold,Farmer,,,,,
SFK,Rattlesden,St Nicholas TR,,20 Sep 1867,William,CRASKE,41,,widower,Shoemaker,,Sarah,ABBOTT,43,,widow,,,Edmund,Craske,Miller,Samuel,Huffey,Thatcher,,,,,
SFK,Rattlesden,St Nicholas TR,,26 Sep 1899,Charles William,CURREY,24,,,Lab,,Ellen,PUNCHARD,23,,,,,William,Currey,Lab,George,Punchard,Sexton,,,,,
SFK,Rattlesden,St Nicholas TR,,12 Nov 1875,John,CURREY,21,Brettenham,,Lab,,Mary Ann,CLOVER,22,,,domestic servant,,James,Currey,Lab,Charles,Clover,Lab,,,,,
SFK,Rattlesden,St Nicholas TR,,25 Dec 1880,George,CURRY,29,Brettenham,widower,Lab,,Mary Ann,CODD,28,,,,,Abraham,Curry,Lab,Charles,Codd,Lab,,,,,
SFK,Rattlesden,St Nicholas TR,,07 Aug 1893,William,DAVEY,24,,,Tradesman,,Alice Amelia,SAWYER,22,,,,,Daniel,Davey,Butcher,William,Sawyer,Blacksmith,William,Sawyer,Anna,Osborne,
SFK,Rattlesden,St Nicholas TR,,26 Apr 1872,John,DEATH,21,,,Lab,,Sarah Jane,STEGGLES,23,,,,,William,Death,Lab,George,Steggles,Lab,Thomas,Steggles,Alma,Sparke,
SFK,Rattlesden,St Nicholas TR,,16 Oct 1869,William,DEER,20,,,Lab,,Sarah Ann,DURHAM,21,,,,,William,Deer,Lab,John,Marriett?,Lab,,,,,Father's surname is unclear
SFK,Rattlesden,St Nicholas TR,,30 Oct 1874,John Freeman,DORLING,21,Bacton,,Lab,,Emma Jane,COBBOLD,18,,,,,Robert,Dorling,Lab,James,Cobbold,Lab,,,,,
SFK,Rattlesden,St Nicholas TR,,04 Aug 1888,Alfred,DUNK,24,Fulham,,Accomptant,,Agnes Maud,BENDALL,24,,,,,Solomon,Dunk,Independant,William,Bendall,Farmer,,,,,
SFK,Rattlesden,St Nicholas TR,,02 Nov 1878,Samuel,DURHAM,22,,,Lab,,Hannah,KING,23,,,,,Samuel,Durham,Lab,George,King,Lab,,,,,
SFK,Rattlesden,St Nicholas TR,,10 Jan 1890,Thomas Robert,DURHAM,27,,,Lab,,Mary Ann,SNELL,29,Hitcham,,,,Samuel,Durham,Lab,James,Snell,Lab,,,,,
SFK,Rattlesden,St Nicholas TR,,31 Oct 1898,Basil Owen,DURRANT,20,Ipswich,,Rway porter,,Annie Elizabeth,HAMMOND,21,,,,,Shelomith,Durrant,Coachman,Alfred,Hammond,Farmer,,,,,
SFK,Rattlesden,St Nicholas TR,,28 Mar 1896,Thomas William,DYKES,22,,,Lab,,Alice Jane,SMITH,20,,,,,William,Dykes,Lab,Zachariah,Smith,Builder,,,,,
SFK,Rattlesden,St Nicholas TR,,01 Oct 1897,John Robert,EDWARDS,24,,,Lab,,Alice Mary,DEERE,25,,,,,George,Edwards,Horseman,William,Deere,Lab,,,,,
SFK,Rattlesden,St Nicholas TR,,26 Jul 1855,Valentine J,EDWARDS,25,Horringer,,Carpenter,,Susannah,RANSON,23,,,,,John,Edwards deceased,Carpenter,James,Ranson,Carpenter,,,,,
SFK,Rattlesden,St Nicholas TR,,17 Dec 1844,William S.,FENTON,full age,Bury St Edmund,,Merchant,,Susan,BOLDERO,minor,,,,,William,Fenton,Merchant,Junior?,Boldero,Office clerk,,,,,
SFK,Rattlesden,St Nicholas TR,,03 Dec 1888,John,FILEWOOD,27,Oxted Surrey,,Gardener,,Anna,ELMER,25,,,,,Andrew,Filewood,Gamekeeper,William,Elmer,Farmer,,,,,
SFK,Rattlesden,St Nicholas TR,,26 Dec 1882,Charles,FLETCHER,28,Whitton Ipswich,widower,Carpenter,,Mary Ann,LAST,27,,,,,Isaac,Fletcher,Farm bailiff,Philip,Last,Baker,,,,,
SFK,Rattlesden,St Nicholas TR,,12 Oct 1840,John,FOLKERD,25,,,Lab,,Mary,POOLE,21,,,,,Robert,Folkerd,Lab,Thomas,Sterne,Lab,,,,,
SFK,Rattlesden,St Nicholas TR,,20 Oct 1887,James,FORDHAM,38,Coney Weston,,Gardener,,Agnes Jane,PLEASANCE,25,,,,,Adam,Fordham,Lab,Henry,Pleasance,Builder,,,,,
SFK,Rattlesden,St Nicholas TR,,24 Oct 1862,William John,FORDHAM,26,,,Miller,,Jane,HUFFEY,24,,,,,Robert,Fordham,Miller,William,Huffey,Lab,,,,,
SFK,Rattlesden,St Nicholas TR,,10 Feb 1900,Frank,FRISTON,28,,,Lab,,Ellen,SNELLING,20,,,,,John,Friston,Farmer,Richard,Snelling,Lab,,,,,
SFK,Rattlesden,St Nicholas TR,,25 Nov 1853,Henry,FRISTON,27,,,Farmer,,Mary Ann,ROPER,29,,,,,Samuel,Friston,Farmer,Henry,Roper deceased,Miller,,,,,
SFK,Rattlesden,St Nicholas TR,,06 May 1858,John,FRISTON,24,,,Farmer,,Ann Elizabeth,SPINK,21,Buxhall,,,,Samuel,Friston,Farmer,William,Spink,Farmer,,,,,
SFK,Rattlesden,St Nicholas TR,,09 Jan 1849,Samuel,FRISTON,27,,,Farmer,,Rebecca,MAIDWELL,26,Gedding,,,,Samuel,Friston,Farmer,Thomas,Maidwell,Farmer,,,,,
SFK,Rattlesden,St Nicholas TR,,21 Jan 1888,William,FRISTON,32,,,Lab,,Jessie Annie Elizabeth,SNELLING,20,,,,,William S.,Friston,Farmer,William,Snelling,Marine dealer,,,,,
SFK,Rattlesden,St Nicholas TR,,05 Feb 1858,Henry,FRISTON,30,,widower,Farmer,,Diana,MAIDWELL,20,Felsham,,,,Samuel,Friston,Farmer,Thomas,Maidwell deceased,Farmer,,,,,
SFK,Rattlesden,St Nicholas TR,,08 Nov 1843,George,FULLER,full age,,widower,Coachman,,Sarah Jane,BEETON,full age,,,,,John,Fuller,Bailiff,Wm.,Beeton,Glazier,,,,,
SFK,Rattlesden,St Nicholas TR,,12 Nov 1895,Frederick William,GLADWELL,22,,,Lab,,Alice,WALKER,22,,,,,Howard,Gladwell,Lab,Edward,Walker,Lab,,,,,
SFK,Rattlesden,St Nicholas TR,,30 Dec 1864,George,GLADWELL,25,Felsham,,Lab,,Mary,KING,21,,,,,John,Gladwell,Lab,George,King,Lab,,,,,
SFK,Rattlesden,St Nicholas TR,,07 Dec 1889,Harry,GLADWELL,20,,,Lab,,Caroline,GODBOLD,30,,,,,Harry,Gladwell,Lab,William,Godbold,Sawyer,,,,,
SFK,Rattlesden,St Nicholas TR,,25 Apr 1868,Howard,GLADWELL,28,,,Thatcher,,Hannah,BANHAM,22,,,,,Joseph,Gladwell,Thatcher,Jacob,Banham,Lab,Thomas,Osborn,Diana,Osborn,
SFK,Rattlesden,St Nicholas TR,,16 Oct 1875,James,GLADWELL,21,,,Lab,,Anna,FISHER,18,,,,,,,Thomas,Legget,Lab,,,,,,
SFK,Rattlesden,St Nicholas TR,,28 May 1847,John,GLADWELL,full age,,,Bricklayer,,Mary Ann,COBBOLD,minor,,,,,William,Gladwell,Thatcher,James,Cobbold,Farmer,,,,,
SFK,Rattlesden,St Nicholas TR,,12 Nov 1886,John,GLADWELL,26,,,Lab,,Caroline,FRISTON,16,,,,,John,Gladwell,Lab,John,Friston,Farmer,,,,,
SFK,Rattlesden,St Nicholas TR,,11 Oct 1851,Joseph,GLADWELL,22,,,Lab,,Mary Ann,PORTER,22,,,,,Robert,Gladwell,Lab,John,Porter,Lab,,,,,
SFK,Rattlesden,St Nicholas TR,,* Nov 1844,Robert,GLADWELL,,,,,,Eliza,PETTIT,,,,,,,,,,,,,,,,
SFK,Rattlesden,St Nicholas TR,,09 Nov 1855,Robert,GLADWELL,23,,,Ex soldier,,Eliza,DEER,26,,widow,,,Thomas,Gladwell deceased,Lab,William,Easy deceased,Lab,,,,,
SFK,Rattlesden,St Nicholas TR,,25 Dec 1849,William,GLADWELL,23,,,Lab,,Jane,BULL,18,,,,,Robert,Gladwell,Lab,Seth,Bull,Lab,,,,,
SFK,Rattlesden,St Nicholas TR,,26 Nov 1860,William,GLADWELL,34,,widower,Lab,,Mary,REYNOLDS,28,,,,,Robert,Gladwell,Lab,Zechariah,Smith,Lab,,,,,
SFK,Rattlesden,St Nicholas TR,,25 Oct 1898,George,GOOCH,27,,,Lab,,Ellen,GURLING,19,,,,,Charles,Gooch,Lab,Charles,Gurling,Lab,,,,,
SFK,Rattlesden,St Nicholas TR,,08 Nov 1879,Harry,GOOCH,21,,,Lab,,Mary Ann,COBBOLD,21,,,,,Charles,Gooch,Lab,John,Cobbold,Lab,,,,,
SFK,Rattlesden,St Nicholas TR,,08 Dec 1876,Robert,GOOCH,61,,widower,Farmer,,Rebecca,MOORE,46,,widow,,,William,Gooch,Lab,Henry,Moore,Lab,,,,,
SFK,Rattlesden,St Nicholas TR,,20 Nov 1896,Arthur,GOSLING,27,,,Lab,,Annie Jane,REYNOLDS,21,,,,,Thomas,Gosling,Lab,Thomas,Reynolds,Lab,Robert,Grimwood,Mary Ann,Reynolds,
SFK,Rattlesden,St Nicholas TR,,09 Oct 1838,William,GOSLING,full age,Felsham,,Farmer,,Sarah,CROSS,full age,,,,,Isaac,Gosling,Farmer,Pearl,Cross,Wheelwright,,,,,
SFK,Rattlesden,St Nicholas TR,,18 Dec 1841,Benjamin,GOWERS,24,,,Shoemaker,,Sarah,CHINERY,19,,,,,Benj.,Buxton,Shoemaker,John,Chinery,Lab,,,,,
SFK,Rattlesden,St Nicholas TR,,20 Jun 1871,Benjamin,GOWERS,19,,,Lab,,Mary Ann,DURHAM,20,,,,,Benjamin,Gowers,Shoemaker,Samuel,Durham,Lab,,,,,
SFK,Rattlesden,St Nicholas TR,,15 Jan 1886,Frederick William,GOWERS,20,,,Carrier,,Kate,NUNN,18,,,,,Benjamin,Gowers,Innkeeper,Walter,Nunn,Gen. dealer,,,,,
SFK,Rattlesden,St Nicholas TR,,23 Oct 1868,Harry,GOWERS,24,,,Lab,,Mary,KNOCK,18,,,,,Benjamin,Gowers,Shoemaker,Joseph,Knock,Lab,,,,,
SFK,Rattlesden,St Nicholas TR,,29 Jul 1847,John,GREEN,full age,,,Carpenter,,Sarah Ann,REEVE,minor,,,,,William,Green,Innkeeper,John,Reeve,Farmer,,,,,
SFK,Rattlesden,St Nicholas TR,,14 Oct 1852,Robert,GREEN,22,Bengoe Herts,,Carpenter,,Esther,CHINERY,22,,,,,William,Green,Shopkeeper,Abrah.,Chinery,Dealer,,,,,
SFK,Rattlesden,St Nicholas TR,,20 Nov 1840,Frederick,GRIMWOOD,21,,,Lab,,Sarah,DYKES,19,,,,,Thomas,Grimwood,Lab,John,Goodman,Lab,,,,,
SFK,Rattlesden,St Nicholas TR,,10 Aug 1857,Henry,GRIMWOOD,22,,,Lab,,Mary Ann,BYE,25,,widow,,,John,Grimwood,Lab,George,Moore,Gardener,,,,,
SFK,Rattlesden,St Nicholas TR,,30 Mar 1860,William,HALE,30,,,Miller,,Lucy,FELGATE,23,,,,,Joseph,Hale deceased,Lab,John,Felgate deceased,Lab,,,,,
SFK,Rattlesden,St Nicholas TR,,15 Oct 1844,John,HALLS,full age,,,Shoemaker,,Elizabeth,BRADBROOKE,full age,,widow,,,Dead,Dead,Dead,Dead,,,,,,,
SFK,Rattlesden,St Nicholas TR,,03 Feb 1869,Sidney,HANNABUSS,25,,,Army private,,Emma,BOGGIS,24,,,,,Wm,Hannabuss,Lab,John,Boggis,Lab,John,Sparke,Harriet,Sparke,
SFK,Rattlesden,St Nicholas TR,,07 Jan 1859,John,HARDY,22,,,Lab,,Susan,WARREN,22,,,,,Thomas,Hardy,Lab,William,Warren,Lab,,,,,
SFK,Rattlesden,St Nicholas TR,,03 Nov 1860,Frederick,HARRINGTON,20,,,Lab,,Rebecca,LEEKS,20,,,,,John,Harrington,Gamekeeper,George,Leeks,Lab,,,,,
SFK,Rattlesden,St Nicholas TR,,23 Nov 1861,George,HARRINGTON,24,,,Lab,,Mercy,LISTER,25,,,,,John,Harrington,Gamekeeper,Thomas,Lister,Lab,,,,,
SFK,Rattlesden,St Nicholas TR,,12 Nov 1847,Henry James,HARVEY,full age,,,Carpenter,,Mary Ann,WRIGHT,full age,,,,,William,Harvey,Shoemaker,John,Ranson,Lab,,,,,
SFK,Rattlesden,St Nicholas TR,,15 Oct 1857,Charles,HASLEWOOD,22,Gedding,,Farmer,,Jane,MOORE,22,,,,,Isaac,Haslewood,Farmer,William,Moore,Farmer,,,,,
SFK,Rattlesden,St Nicholas TR,,10 Mar 1859,Thomas,HOWARD,26,Brinkley Cambridgeshire,,Blacksmith,,Susanna,FOLKARD,29,,,,,Thomas,Howard,Blacksmith,Robert,Folkard,Lab,,,,,
SFK,Rattlesden,St Nicholas TR,,11 Mar 1876,Richard,HOWE,25,,,Lab,,Emma,DYKES,25,,,,,,,,,,,,,,,
SFK,Rattlesden,St Nicholas TR,,27 Jan 1860,William,HOWE,25,,,Lab,,Mary Ann,SOUTHGATE,21,,,,,Henry,Howe,Lab,Abra.,Southgate deceased,Army pensnr,,,,,
SFK,Rattlesden,St Nicholas TR,,18 Sep 1848,Joseph,HUBBARD,,Rougham,,Servant,,Elizabeth,CLOVER,full age,,,,,Thos.,Hubbard,Lab,Wm.,Clover,Lab,,,,,
SFK,Rattlesden,St Nicholas TR,,14 Sep 1877,Charles,HUFFEY,38,,,Carrier/dealer,,Eliza,COBBOLD,35,,,,,Samuel,Huffey,Thatcher,John,Cobbold,Woodman,,,,,
SFK,Rattlesden,St Nicholas TR,,07 Aug 1858,William,HUFFEY,30,,,Bricklayer,,Elizabeth,PLUNKING,27,,,,,Samuel,Heffey,Thatcher,William,Plunking,Lab,,,,,
SFK,Rattlesden,St Nicholas TR,,31 Oct 1891,Robert,HURRELL,35,,,Lab,,Sarah Ann,WEBB,22,,,,,James,Hurrell,Lab,John,Webb,Lab,,,,,
SFK,Rattlesden,St Nicholas TR,,21 May 1866,George,JACKAMAN,38,Bermondsey,widower,Bricklayer,,Susannah,BEETON,43,,widow,,,Richard,Jackaman,Bricklayer,William,Everett,Cattle dealer,,,,,see also 1861 census 1141/145
SFK,Rattlesden,St Nicholas TR,,29 Jul 1879,David,JACKSON,24,Islington,,Rway servant,,Ruth,WARREN,19,,,,,Robert,Jackson,Lab,William,Warren,Lab,,,,,
SFK,Rattlesden,St Nicholas TR,,13 Jan 1844,Philip,JARROLD,23,,,Lab,,Mary Anne,GRIMWOOD,22,,,,,Charles,Jarrold,Lab,John,Grimwood,Lab,,,,,Both living at Stanton in 1851
SFK,Rattlesden,St Nicholas TR,,25 Oct 1845,Thomas,KEEBLE,,,,Lab,,Susannah,RICHER,minor,,,,,Thomas,Keeble,Lab,John,Richer,Lab,,,,,
SFK,Rattlesden,St Nicholas TR,,08 Dec 1896,Alfred,KIMPTON,27,East Barnet,,Porter,,Rose,BUXTON,27,,,,,Alfred,Kimpton,Gardener,,,,,,,,
SFK,Rattlesden,St Nicholas TR,,30 Oct 1863,George,KING,23,,,Lab,,Elizabeth,PLANTEN,23,,,,,George,King,Lab,John,Planten,Farmer,,,,,
SFK,Rattlesden,St Nicholas TR,,25 Dec 1847,William,KING,full age,,,Lab,,Sophia,SPINK,full age,,,,,George,King,Lab,William,Spink,Lab,,,,,
SFK,Rattlesden,St Nicholas TR,,27 Oct 1872,William,KING,21,,,Lab,,Ann,PUNCHARD,19,,,,,William,King,Lab,,,,,,,,
SFK,Rattlesden,St Nicholas TR,,26 Dec 1885,Walter Gilbert,KNAPPETT,30,,,Lab,,Anne Julia,ROE,20,,,,,James,Knappett,Lab,Job,Roe,Lab,,,,,
SFK,Rattlesden,St Nicholas TR,,03 Nov 1887,George,KNIGHTLEY,26,Gilston Herts,,Gardener,,Agnes Susan,PLEASANCE,25,,,,,George,Knightley,Farmer,Zechariah,Pleasance,Coachman,,,,,
SFK,Rattlesden,St Nicholas TR,,10 Jul 1891,John,KNIGHTS,30,,,Lab,,Lucy,SNELLING,23,,,,,William,Knights,Deceased,Richard,Snelling,Lab,,,,,
SFK,Rattlesden,St Nicholas TR,,25 Dec 1857,William,LANGHAM,26,,,Merchant,,Emma,HEARN,24,Beyton,,,,Robert,Langham deceased,Farmer,John,Hearn,Miller,,,,,
SFK,Rattlesden,St Nicholas TR,,26 Oct 1857,George,LANGHAM,35,,widower,Lab,,Jane,GOSLING,30,,,,,William,Langham deceased,Farmer,Isaac,Gosling deceased,Farmer,,,,,
SFK,Rattlesden,St Nicholas TR,,25 Dec 1871,James,LAST,27,Northan Hertfordshire,,Coachman,,Mary Ann,SEADON,28,,,,,Philip,Last,Lab,Samuel,Seadon,Lab,,,,,
SFK,Rattlesden,St Nicholas TR,,22 Jan 1864,Walter,LAST,22,,,Plumber,,Ellen,HUFFEY,23,,,,,Philip,Last,Baker,William,Huffey,Lab,,,,,
SFK,Rattlesden,St Nicholas TR,,30 Sep 1876,Mark,LAW,20,Rickling,,Lab,,Elizabeth,COBBOLD,25,,,,,William,Law,Lab,John,Cobbold,Woodman,,,,,
SFK,Rattlesden,St Nicholas TR,,05 Jan 1867,George,LEEKS,20,,,Lab,,Louise Caroline W,PEAD,25,,,,,George,Leeks,Lab,Daniel,Pead,Farmer,,,,,
SFK,Rattlesden,St Nicholas TR,,11 Jan 1873,George Arthur,LEVETT,23,,,Lab,,Deborah,PEAD,21,,,,,Benj.,Levett,Lab,Daniel,Pead,Lab,,,,,
SFK,Rattlesden,St Nicholas TR,,13 Nov 1897,Samuel,LEVETT,62,,widower,Lab,,Elizabeth Annie Maria,SNELLING,52,,widow,,,Benjamin,Levett,Lab,Benjamin,Gowers,Shoemaker,,,,,
SFK,Rattlesden,St Nicholas TR,,15 Jul 1856,John,LIST,27,Peasenhall,,Butcher,,Sarah,SAWYER,30,,,,,John,List,Gardener,Edward,Sawyer,Farmer,,,,,
SFK,Rattlesden,St Nicholas TR,,25 Dec 1897,Albert William,LONG,21,,,Lab,,Mary Ann,GRIMWOOD,30,,,,,Robert,Long,Engine driver,Harry,Grimwood,Lab,Robert,Long,Agatha Emma,Long,
SFK,Rattlesden,St Nicholas TR,,20 Jul 1858,William,MANFIELD,23,,,Farmer,,Sarah Maria,BOLDERO,22,,,,,Will.,Manfield deceased,Farmer,John,Boldeo,Esquire,,,,,
SFK,Rattlesden,St Nicholas TR,,29 Apr 1873,Henry Spelman,MARRIOTT,full age,,,Church Clerk,,Elizabeth Gertrude,PARKER,full age,,,,,Henry S,Marriott,Church clerk,Windsor,Parker,Esquire,,,,,Resident at Clopton Hall
SFK,Rattlesden,St Nicholas TR,,14 Oct 1858,John,MARSHLAIN,full age,Kelsale,widower,Farmer,,Jane,SPARKE,full age,,widow,,,John,Marshlain deceased,Farmer,Candler T,Bird,Farmer,,,,,Jane widow of Robert
SFK,Rattlesden,St Nicholas TR,,05 Nov 1869,George,MARTIN,33,Folkestone,,Rlway Inspctr,,Elizabeth,OSBOURN,23,,,,,George,Martin,Bailiff,John,Osbourne,Lab,,,,,
SFK,Rattlesden,St Nicholas TR,,29 Nov 1878,Frederick,MAYES,28,,,Lab,,Caroline,RICHER,25,,,,,John,Mayes,Lab,John,Richer,Lab,,,,,
SFK,Rattlesden,St Nicholas TR,,15 Oct 1869,Henry,MAYS,22,,,Lab,,Mary Anna,ROSE,24,,,,,John,Mays,Lab,Caleb,Rose,Lab,,,,,
SFK,Rattlesden,St Nicholas TR,,05 Nov 1869,James,MAYS,26,,,Lab,,Sarah Jane,MOORE,18,,,,,John,Mays,Lab,Jonathan,Moore,Lab,,,,,
SFK,Rattlesden,St Nicholas TR,,13 Jun 1859,William,MAYS,full age,,,Lab,,Eliza,SADLER,full age,,,,,John,Mays,Lab,Abraham,Sadler deceased,Lab,,,,,
SFK,Rattlesden,St Nicholas TR,,09 Dec 1865,William,MAYS,20,Felsham,,Lab,,Mary Ann,ORRISS,20,,,,,William,Mays,Lab,William,Orriss,Lab,,,,,
SFK,Rattlesden,St Nicholas TR,,12 Jun 1875,Henry,MAYS,28,,widower,Lab,,Mary Ann,MOORE,18,,,,,John,Mays,Lab,Jonathan,Moore,Lab,,,,,
SFK,Rattlesden,St Nicholas TR,,24 Oct 1873,John,MAYS,58,,widower,Lab,,Mary,BIRD,58,,widow,,,John,Mays,Lab,Abraham,Bird,Lab,,,,,
SFK,Rattlesden,St Nicholas TR,,01 Mar 1859,William,MELTON,34,Norton,,Gardener,,Maria,ALLINGTON,34,,,,,William,Melton,Lab,Benjamin,Morgan,Farmer,,,,,
SFK,Rattlesden,St Nicholas TR,,07 Jan 1851,Thomas,MILLS,24,,,Lab,,Maria,COBBOLD,22,,,,,James,Mills,Lab,Shadrach,Cobbold,Lab,,,,,
SFK,Rattlesden,St Nicholas TR,,25 Jul 1896,Walter Charles,MILLS,21,,,Lab,,Kate Elizabeth,STEGGLES,24,,,,,Harry,Mills,Lab,John,Steggles,Lab,,,,,
SFK,Rattlesden,St Nicholas TR,,06 Jan 1843,James,MILLS,50,,widower,Lab,,Anne Gladwell,KEEBLE,33,,,,,James,Mills,Lab,Thomas,Keeble,Lab,,,,,
SFK,Rattlesden,St Nicholas TR,,05 Nov 1847,John,MOORE,full age,,,Carpenter,,Emma,BEETON,full age,,,,,Martin,Moore,Carpenter,William,Beeton,Plumber,,,,,
SFK,Rattlesden,St Nicholas TR,,24 May 1850,Jonathan,MOORE,21,,,Lab,,Sarah,PORTER,20,,,,,John,Moore,Shopkeeper,John,Porter,Lab,,,,,
SFK,Rattlesden,St Nicholas TR,,01 Oct 1843,Thomas,MOORE,25,,,Lab,,Sarah,WRIGHT,20,,,,,John,Moore,Lab,John,Wright,Lab,,,,,
SFK,Rattlesden,St Nicholas TR,,12 Oct 1854,Thomas,MOORE,28,,,Brickie lab,,Sarah,PARISH,19,,,,,John,Moore,Lab,Peter,Parish,Lab,,,,,
SFK,Rattlesden,St Nicholas TR,,17 Nov 1856,Thomas,MOORE,24,,,Farmer,,Maria,WINSOR,28,,,,,William,Moore,Farmer,Robert,Winsor deceased,Miller,,,,,
SFK,Rattlesden,St Nicholas TR,,14 Dec 1866,Walter,MOORE,42,,,Lab,,Sarah,COBBOLD,29,,,,,Martin,Moore,Carpenter,Robert,Cobbold,Lab,,,,,
SFK,Rattlesden,St Nicholas TR,,26 Oct 1877,Morris,MOORE,49,,widower,Lab,,Julia Ann Welham,PEAD,32,,,,,Martin,Moore,Lab,Daniel,Peed,Farmer,,,,,
SFK,Rattlesden,St Nicholas TR,,03 Oct 1862,Thomas,MOORE,28,,widower,Farmer,,Pamela,CHAPLIN,25,,,,,William,Moore,Farmer,Robert,Chaplin,Carpenter,,,,,
SFK,Rattlesden,St Nicholas TR,,09 Oct 1843,William,MOUNCER,21,,,Dealer,,Amelia,FOLKERD,21,,,,,Clement,Mouncer,Baker,Robert,Folkerd,Lab,,,,,1851 William (27) & Mary (Amelia) (29) living at Stowmarket
SFK,Rattlesden,St Nicholas TR,,05 Dec 1856,Ephraim,MUDD,22,Battisford,,Sawyer,,Caroline,PUNCHARD,20,,,,,George,Mudd deceased,Sawyer,Jerem.,Punchard,Parish clerk,,,,,
SFK,Rattlesden,St Nicholas TR,,25 Jul 1876,James Pearse,NAPIER,full age,,,Army Lieut.,,Mabel Ellen,PARKER,full age,,,,,Robert C,Napier,General,Windsor,Parker,Lieut. Col,,,,,James based in India
SFK,Rattlesden,St Nicholas TR,,05 Nov 1882,John,NESSLING,24,,,Lab,,Elizabeth,ALDERTON,18,,,,,Benjamin,Nessling,Maltster,Robert,Alderton,Lab,,,,,
SFK,Rattlesden,St Nicholas TR,,16 Nov 1839,William,NUNN,30,,,Lab,,Mary Ann,RUDLAND,22,,,,,William,Nunn,Lab,Wm.,Rudland,Lab,,,,,
SFK,Rattlesden,St Nicholas TR,,16 Oct 1863,John,ORRIS,30,,,Lab,,Susan,COBBOLD,21,,,,,John,Orris,Lab,James,Cobbold,Lab,,,,,
SFK,Rattlesden,St Nicholas TR,,21 Jan 1862,Frederick,ORRISS,19,,,Lab,,Ellen Elizabth,SCOTT,18,,,,,Isaac,Orriss,Lab,John,Scott,Gamekeeper,,,,,
SFK,Rattlesden,St Nicholas TR,,28 Feb 1863,James,ORRISS,23,,,Lab,,Eliza,RUDLAND,19,,,,,William,Orriss,Lab,John,Clover,Lab,,,,,
SFK,Rattlesden,St Nicholas TR,,29 Nov 1867,John,ORRISS,19,,,Lab,,Emma,BLOISE,18,,,,,William,Orriss,Lab,Daniel,Osborn,Lab,,,,,
SFK,Rattlesden,St Nicholas TR,,15 Feb 1856,Thomas,ORRISS,24,,,Th.eng driver,,Eliza,MANNELL,29,,,,,Isaac,Orriss,Lab,Thomas,Mannell,Shopkeeper,,,,,
SFK,Rattlesden,St Nicholas TR,,05 Nov 1859,William,ORRISS,24,,,Lab,,Emma,SMITH,23,,,,,John,Orriss deceased,Lab,William,Smith deceased,Lab,,,,,
SFK,Rattlesden,St Nicholas TR,,29 Jan 1889,Thomas,ORRISS,55,,widower,Carrier,,Elizabeth,RIDGEON,61,,widow,,,Isaac,Orriss,Lab,James,Parish,Steward,,,,,
SFK,Rattlesden,St Nicholas TR,,28 Sep 1877,William,OSBORN,40,,widower,Lab,,Maria,MILLS,26,,,,,William,Steggles,Lab,Thomas,Mills,Lab,,,,,
SFK,Rattlesden,St Nicholas TR,,03 May 1867,Alfred,OSBORNE,23,,,Lab,,Eliza,CLARKE,19,,,,,,,William,Clarke,Lab,,,,,,
SFK,Rattlesden,St Nicholas TR,,13 Oct 1843,John,OSBORNE,24,,,Lab,,Eliza,HUFFY,20,,,,,Henry,Osborne,Lab,Samuel,Huffy,Thatcher,,,,,
SFK,Rattlesden,St Nicholas TR,,30 Apr 1875,Robert,OSBORNE,23,,,Lab,,Harriett,WARREN,19,,,,,Thomas,Osborne,Lab,William,Warren,Lab,,,,,
SFK,Rattlesden,St Nicholas TR,,12 Jul 1844,William,OSBORNE,23,,,Lab,,Elizabeth,WALKER,21,,,,,Henry,Osborne,Lab,Edward,Walker,Lab,,,,,
SFK,Rattlesden,St Nicholas TR,,14 Oct 1865,William,OSBORNE,29,,widower,Lab,,Eliza,LEEKS,23,,,,,William,Steggles,Lab,George,Leeks,Lab,,,,,
SFK,Rattlesden,St Nicholas TR,,07 Dec 1849,George,OSBOURN,22,,,Bricklayer,,Harriet,MAYS,21,,,,,Henry,Osbourn,Deceased,George,Mays,,,,,,
SFK,Rattlesden,St Nicholas TR,,16 Mar 1859,John,OSBOURN,25,,,Farmer,,Mary Ann,NUNN,19,,,,,John,Osbourn deceased,Farmer,William,Nunn,Lab,,,,,
SFK,Rattlesden,St Nicholas TR,,10 Nov 1853,Thomas,OSBOURN,30,,,Lab,,Diana,BANHAM,20,,,,,Henry,Osbourn deceased,Lab,Jacob,Banham,Lab,,,,,Diana was baptised Diana Wenham
SFK,Rattlesden,St Nicholas TR,,25 Dec 1857,William,OSBOURNE,21,,,Lab,,Hannah,ARCHER,21,,,,,,,,Robert,Archer,Lab,,,,,William - son of Mary Ann Steggles
SFK,Rattlesden,St Nicholas TR,,01 Oct 1839,William,PARISH,20,,,Lab,,Eliza,MOORE,full age,,,,,James,Parish,Lab,Martin,Moore,Carpenter,,,,,
SFK,Rattlesden,St Nicholas TR,,16 Jan 1875,Robert,PEAD,24,,,Lab,,Alma Harriett,SPARKE,19,,,,,Daniel,Pead,Lab,John,Sparke,Lab,,,,,
SFK,Rattlesden,St Nicholas TR,,21 Dec 1889,Charles Frederick,PEADE,30,,,Lab,,Ellen,HARRINGTON,21,,,,,Daniel,Peade,Farmer,George,Harrington,Lab,,,,,
SFK,Rattlesden,St Nicholas TR,,01 Sep 1847,Frederick,PEDDAR,full age,,,Farmer,,Sarah,KENT,full age,,,,,William,Peddar,Farmer,Robert,Kent,Farmer,,,,,
SFK,Rattlesden,St Nicholas TR,,25 May 1858,James,PEGGS,26,Sproughton,,Lab,,Martha,GLADWELL,25,,,,,William,Peggs deceased,Lab,Joseph,Gladwell,Thatcher,,,,,
SFK,Rattlesden,St Nicholas TR,,09 Oct 1897,John,PLUME,24,Bury St Edmund,,Mechanic,,Minnie,HUFFEY,22,,,,,David,Plume,Groom,William,Huffey,Lab,,,,,
SFK,Rattlesden,St Nicholas TR,,01 Nov 1895,Albert,POOLE,20,,,Lab,,Ellen,POOLE,21,,,,,James,Poole,Engine driver,William,Poole,Engine driver,,,,,
SFK,Rattlesden,St Nicholas TR,,24 Dec 1886,George,POOLE,21,,,Lab,,Eliza,LEE,22,,,,,Robert,Poole,Lab,Abraham,Lee,Lab,,,,,
SFK,Rattlesden,St Nicholas TR,,05 Jun 1865,James,POOLE,20,,,Lab,,Maria,STEGGLES,20,,,,,Robert,Poole,Lab,William,Steggles,Lab,,,,,
SFK,Rattlesden,St Nicholas TR,,23 Jul 1842,Robert,POOLE,23,,,Lab,,Hannah,RISBY,20,,,,,Robert,Bawley,Lab,Thomas,Risby,Lab,,,,,
SFK,Rattlesden,St Nicholas TR,,24 Oct 1873,William,POOLE,22,,,Lab,,Caroline,BUXTON,19,,,,,Robert,Poole,Lab,James,Buxton,Lab,,,,,
SFK,Rattlesden,St Nicholas TR,,26 Dec 1892,James,POOLE,48,,widower,Engine driver,,Agnes Laura,WALLER,29,,,,,Robert,Poole,Lab,,,,,,,,
SFK,Rattlesden,St Nicholas TR,,17 Nov 1871,George,PORTER,22,,,Lab,,Sarah Ann,HODDY,20,,,,,John,Porter,Lab,Joseph,Hoddy,Lab,,,,,
SFK,Rattlesden,St Nicholas TR,,13 Oct 1865,Robert,PORTER,21,,,Lab,,Sarah,MAYS,20,,,,,John Robt.,Porter,Lab,John,Mays,Lab,,,,,
SFK,Rattlesden,St Nicholas TR,,06 Jun 1895,John,PUMFLEET,31,Upminster,,Signalman,,Louisa,ROLFE,29,,,,,William,Pumfleet,Gardener,Wiliam,Rolfe,Coachman,,,,,Louisa was schoolmistress
SFK,Rattlesden,St Nicholas TR,,26 Oct 1895,Charles,PUNCHARD,24,,,Lab,,Mary Ann,STEGGLES,23,,,,,George,Punchard,Lab,Thomas,Steggles,Lab,,,,,
SFK,Rattlesden,St Nicholas TR,,26 Dec 1862,George,PUNCHARD,22,,,Lab,,Harriett,STIFF,21,,,,,Jerem.,Punchard,Parish clerk,Robert,Stiff,Lab,,,,,
SFK,Rattlesden,St Nicholas TR,,23 Oct 1865,Harry,PUNCHARD,21,Bermondsey,,?? Lab,,Mary Jane,BEETON,20,,,,,Jerem.,Punchard,Parish clerk,William,Beeton,Painter,,,,,
SFK,Rattlesden,St Nicholas TR,,02 Dec 1843,John,PUNCHARD,22,,,Lab,,Mehetabel,WARD,20,,,,,Jerem.,Punchard,Parish clerk,Dickinson,Ward,Carpenter,,,,,
SFK,Rattlesden,St Nicholas TR,,01 Oct 1854,Jeremiah,PUNCHARD,29,,widower,Lab,,Emily,COBBOLD,25,,,,,Jerem.,Punchard,Parish clerk,John,Cobbold,Lab,,,,,
SFK,Rattlesden,St Nicholas TR,,09 Oct 1867,Jeremiah,PUNCHARD,43,,widower,Manservant,,Eliza,CLARKE,52,,widow,,,Jerem.,Punchard,Parish clerk,Zechariah,Blake,Lab,,,,,
SFK,Rattlesden,St Nicholas TR,,01 Nov 1878,Edward,RAMSBOTTOM,21,,,Lab,,Jane Elizabeth,WALKER,20,,,,,Isaac,Ramsbottom,Lab,Edward,Walker,Lab,,,,,
SFK,Rattlesden,St Nicholas TR,,11 Dec 1849,Isaac,RAMSBOTTOM,25,,,Lab,,Mary Ann,COBBOLD,21,,,,,Abrah.,Ramsbottom,Huckster,Edward,Cobbold,Lab,,,,,
SFK,Rattlesden,St Nicholas TR,,04 May 1861,Isaac,RAMSBOTTOM,37,,widower,Lab,,Eliza,PARISH,52,,widow,,,Abra,Ramsbottom,Lab,Martin,Moore,Carpenter,,,,,
SFK,Rattlesden,St Nicholas TR,,13 Oct 1840,Edmund,RAMSEY,22,,,Lab,,Jemima,COBBOLD,21,,,,,Samuel,Ramsey,Lab,Charles,Cobbold,Lab,,,,,
SFK,Rattlesden,St Nicholas TR,,07 Nov 1863,Thomas,RAMSEY,21,,,Lab,,Mary Anne,FOLKARD,20,,,,,Edward,Ramsey,Lab,John,Folkard,Lab,,,,,
SFK,Rattlesden,St Nicholas TR,,19 Aug 1877,Edward,RAMSEY,60,,widower,Lab,,Harriet,COLLING,47,,widow,,,Samuel,Ramsey,Lab,John,Colling,Lab,,,,,
SFK,Rattlesden,St Nicholas TR,,12 Sep 1887,George,RAWLING,30,Leeds,,Engineer,,Keturah,WARREN,32,,,,,James,Rawling,Clerk,Walter,Warren,Blacksmith,,,,,
SFK,Rattlesden,St Nicholas TR,,25 Nov 1886,Walter James,READER,29,Drinkstone,widower,Coachman,,Anna Maria,PLEASANCE,30,,,,,James,Reader,Lab,Zechariah,Pleasance,Coachman,,,,,
SFK,Rattlesden,St Nicholas TR,,23 Jan 1849,John,REEVE,36,Wyverstone,,Lab,,Mary,OSBOURN,34,,,,,John,Reeve,Farmer,Henry,Osbourn,Lab,,,,,
SFK,Rattlesden,St Nicholas TR,,07 Jul 1843,William,REEVE,20,,,Farmer,,Elizabeth,KEEBLE,19,,,,,John,Reeve,Farmer,Thomas,Keeble,Lab,,,,,William (26) & Elizabeth (25) at Badwell Ash in 1851
SFK,Rattlesden,St Nicholas TR,,24 Oct 1891,Francis David,REVENS,27,,,Lab,,Mary Jane,SPARKE,21,,,,,John,Revens,Lab,William,Sparke,Lab,Ernest Albert,Revens,Emma,Sparke,
SFK,Rattlesden,St Nicholas TR,,22 Nov 1861,Thomas,REYNOLDS,34,,,Lab,,Sarah,BULL,22,,,,,Thomas,Reynolds,Lab,Seth,Bull,Sawyer,,,,,
SFK,Rattlesden,St Nicholas TR,,02 Oct 1843,Henry,RICHER,20,,,Lab,,Mary Anne,COBBOLD,20,,,,,William,Richer,Sawyer,Shadrach Cobbold,Lab,,,,,,
SFK,Rattlesden,St Nicholas TR,,01 Jul 1852,John,RICHER,29,,,Lab,,Ellen,PUNCHARD,19,,,,,William,Richer,Sawyer,Jerem.,Punchard,Parish clerk,,,,,
SFK,Rattlesden,St Nicholas TR,,25 Dec 1889,John,RICHER,21,,,Carrier,,Emelia Edith,BIRD,21,,,,,Robert,Richer,Hawker,Henry,Bird,Farm bailiff,,,,,
SFK,Rattlesden,St Nicholas TR,,02 Apr 1858,Robert,RICHER,23,,,Lab,,Ellen,MAYS,19,,,,,Elijah,Richer,Lab,John,Mays,Lab,,,,,
SFK,Rattlesden,St Nicholas TR,,27 Mar 1840,Thomas,RICHER,24,,,Lab,,Sarah,STEVENS,20,,,,,John,Richer,Lab,Jeremiah,Avis,Lab,,,,,
SFK,Rattlesden,St Nicholas TR,,15 Dec 1842,Thomas,RICHER,26,Drinkstone,,Lab,,Mary Anne,COBBOLD,25,,,,,William,Richer,Sawyer,John,Cobbold,Farmer,,,,,1851 living at Drinkstone
SFK,Rattlesden,St Nicholas TR,,29 Oct 1841,William,RICHER,26,,,Sawyer,,Elizabeth,MOORE,22,,,,,William,Richer,Sawyer,John,Moore,Lab,,,,,
SFK,Rattlesden,St Nicholas TR,,23 Dec 1871,Robert,RICHER,36,,widower,Lab,,Eliza,MAYS,36,,widow,,,Elijah,Richer,Lab,Francis,Palmer,Lab,,,,,
SFK,Rattlesden,St Nicholas TR,,03 Apr 1852,Thomas,RICHER,35,,widower,Lab,,Susan,PETIT,20,,,,,John,Richer deceased,Lab,Philip,Petit deceased,Lab,,,,,
SFK,Rattlesden,St Nicholas TR,,29 Sep 1848,William,RICHER,full age,,widower,Sawyer,,Hannah,SMITH,full age,,,,,Wm.,Sawyer ?,Sawyer,Jas,Smith,Mason,,,,,
SFK,Rattlesden,St Nicholas TR,,13 May 1845,James,RISBY,20,,,Lab,,Sarah,ALDERTON,full age,,,,,Thomas,Risby,Lab,,,,,,,,1851 James (26) & Sarah (28) living at Elmswell with Emma (3)
SFK,Rattlesden,St Nicholas TR,,30 Oct 1838,Robert,RISBY,22,,,Lab,,Maria,PROCTOR,20,,,,,Thomas,Risby,Lab,John,Proctor,Lab,,,,,
SFK,Rattlesden,St Nicholas TR,,04 Mar 1898,William,RISBY,35,,,Lab,,Margaret Jane,MIRRINGTON,21,,,,,Robert,Risby,Lab,,,,,,,,
SFK,Rattlesden,St Nicholas TR,,03 Nov 1862,George,ROE,22,,,Lab,,Sarah,PADLEY,22,,,,,Richard,Roe,Lab,Hervey,Padley,Lab,,,,,
SFK,Rattlesden,St Nicholas TR,,22 Sep 1865,Job,ROE,22,,,Lab,,Frances Welham,PEAD,19,,,,,Richard,Roe,Lab,Daniel,Pead,Lab,,,,,
SFK,Rattlesden,St Nicholas TR,,31 Jan 1889,John Robert,ROOT,23,Bury St Edmund,,Lab,,Emma,PUNCHARD,24,,,,,John,Root,Lab,George,Punchard,Lab,,,,,
SFK,Rattlesden,St Nicholas TR,,23 Jul 1881,Frederick,ROSE,21,Buxhall,,Lab,,Jane Elizabeth,HOLDEN,19,,,,,William,Rose,Lab,Charles,Holden,Lab,,,,,
SFK,Rattlesden,St Nicholas TR,,07 Nov 1873,Robert,ROSE,25,Drinkstone,,Lab,,Eliza,STEGGLES,27,,,,,Caleb,Rose,Lab,William,Steggles,Lab,,,,,
SFK,Rattlesden,St Nicholas TR,,06 Nov 1849,Benjamin C,ROUSE,24,,,Farmer,,Anna,FRISTON,21,,,,,Joseph,Rouse,Farmer,Samuel,Friston,Farmer,,,,,
SFK,Rattlesden,St Nicholas TR,,25 May 1859,James,SALMON,full age,,widower,Farmer,,Sarah,BUXTON,full age,,,,,James,Salmon,Ret. farmer,Ezekiel,Buxton,Lab,,,,,
SFK,Rattlesden,St Nicholas TR,,06 Mar 1856,John,SAWYER,23,,,Wheelwright,,Sophia,CLOVER,23,,,,,Robert,Sawyer,Farmer,James,Clover,Lab,,,,,
SFK,Rattlesden,St Nicholas TR,,26 Dec 1891,Edward James,SAYERS,27,Ardington Berkshire,,Gardener,,Ellen,SAWYER,28,,,,,Edward J,Sayers,Deceased,William,Sawyer,Blacksmith,,,,,
SFK,Rattlesden,St Nicholas TR,,29 Oct 1840,Jas,SCOTT,full age,,,Carpenter,,Mary Ann,NUNN,full age,,,,,Jas,Scott,Farmer,Robert,Nunn,Blacksmith,,,,,
SFK,Rattlesden,St Nicholas TR,,11 Feb 1842,James,SCOTT,60,,widower,Farmer,,Mary,CHAPLIN,48,,widow,,,William,Scott,Farmer,Thomas,Richer,Maltster,,,,,
SFK,Rattlesden,St Nicholas TR,,03 May 1892,Charles Stuart,SCRIVENER,37,Grays Inn Rd London,,Grainer,,Jane,FOLKARD,36,,,,,Thomas,Scrivener,Clothier,John,Folkard,Lab,,,,,
SFK,Rattlesden,St Nicholas TR,,15 Dec 1865,William,SELVAGE,27,,,Lab,,Eliza,TATUM,24,,,,,Abraham,Selvage,Lab,Isaac,Tatum,Lab,,,,,
SFK,Rattlesden,St Nicholas TR,,17 Jun 1842,George,SMITH,23,,,Bricklayer,,Alice,STURGEON,29,,widow,,,James,Smith,Bricklayer,John,Vickey,Lab,,,,,
SFK,Rattlesden,St Nicholas TR,,29 Mar 1838,James,SMITH,21,,,Bricklayer,,Sarah,CRICK,21,,,,,James,Smith,Bricklayer,Uriah,Crick,Thatcher,Edward,Poole,Eliz,Smith,
SFK,Rattlesden,St Nicholas TR,,16 May 1838,John,SMITH,21,Buxhall,,Lab,,Elizabeth,FOLKERD,22,,,,,Robert,Smith,Lab,John,Folkard,Lab,,,,,
SFK,Rattlesden,St Nicholas TR,,09 Aug 1859,Robert,SMITH,full age,,,Lab,,Eliza,GLADWELL,full age,,widow,,,John,Smith deceased,Lab,William,Easy deceased,Lab,,,,,
SFK,Rattlesden,St Nicholas TR,,14 Apr 1881,Walter Junior,SMITH,40,Buxhall,,Lab,,Ann Maria,HOLDEN,44,,widow,,,John,Smith,Lab,Samuel,Clark,Tradesman,,,,,
SFK,Rattlesden,St Nicholas TR,,30 Mar 1850,Zechariah,SMITH,39,,,Lab,,Maria,REYNOLDS,40,,widow,,,John,Smith,deceased,George,Nunn,Lab,,,,,
SFK,Rattlesden,St Nicholas TR,,14 Oct 1851,Zechariah,SMITH,23,,,Bricklayer,,Betsy,COBBOLD,19,,,,,James,Smith,Bricklayer,Robert,Cobbold,Lab,,,,,
SFK,Rattlesden,St Nicholas TR,,03 Nov 1864,Zechariah,SMITH,37,,widower,Lab,,Sarah,STEGGLES,23,,,,,James,Smith,Bricklayer,William,Steggles,Lab,,,,,
SFK,Rattlesden,St Nicholas TR,,31 Mar 1846,George,SNELL,full age,,,Shoemaker,,Elizabeth,FARTHING,full age,,,,,,,,James,Farthing,Lab,,,,,
SFK,Rattlesden,St Nicholas TR,,25 Mar 1845,Robert,SNELL,full age,,,Lab,,Louisa,COBBOLD,minor,,,,,,,,Charles,Cobbold,Lab,,,,,
SFK,Rattlesden,St Nicholas TR,,12 Jul 1842,Edward,SNELL,32,Woolpit,widower,Carpenter,,Clarissa,CLARKE,31,,,,,John,Snell,Farmer,James,Clarke,Grocer,,,,,
SFK,Rattlesden,St Nicholas TR,,18 Oct 1895,Henry Richard,SNELLING,21,,,Horseman,,Elizabeth Ellen,KEEBLE,20,,,,,Richard,Snelling,Lab,Robert,Keeble,Lab,,,,,
SFK,Rattlesden,St Nicholas TR,,10 Jun 1862,Jonathan,SNELLING,19,,,Lab,,Sarah,HARRINGTON,18,,,,,Richard,Snelling,Farmer,John,Harrington,Gamekeeper,,,,,
SFK,Rattlesden,St Nicholas TR,,04 Apr 1891,Jonathan,SNELLING,28,,,Lab,,Susannah,WILKINSON,27,,,,,Jonathan,Snelling,Deceased,Thomas,Wilkinson,Miller,,,,,
SFK,Rattlesden,St Nicholas TR,,19 Oct 1861,Richard,SNELLING,21,,,Lab,,Amelia,BIRD,20,,,,,Richard,Snelling,Lab,?,Bird,Lab,,,,,
SFK,Rattlesden,St Nicholas TR,,08 Jun 1896,Robert,SNELLING,27,,,Lab,,Edith,HUNT,21,,,,,Jonathan,Snelling,Lab,John,Hunt,Carter,,,,,
SFK,Rattlesden,St Nicholas TR,,24 Dec 1875,Harry,SOUTHGATE,24,Woolpit,,Lab,,Sarah,ELMER,22,,,,,Abraham,Southgate,Lab,William,Elmer,Lab,,,,,
SFK,Rattlesden,St Nicholas TR,,17 Dec 1855,Samuel,SOUTHGATE,23,,,Shoemaker,,Maria,WALKER,24,,,,,Abrah,Southgate deceased,Pens soldier,Edward,Walker,Lab,,,,,
SFK,Rattlesden,St Nicholas TR,,12 Nov 1892,Alec,SPARKE,23,,,Lab,,Betsy,SNELLING,22,,,,,Thomas,Sparke,Lab,Richard,Snelling,Lab,Richard,Snelling,Mary Ann,Fisher,
SFK,Rattlesden,St Nicholas TR,,25 Aug 1868,George,SPARKE,20,,,Lab,,Mary Ann,CROSS,19,,,,,John,Sparke,Lab,William,Cross,Lab,John,Sparke,Harriet,Sparke,
SFK,Rattlesden,St Nicholas TR,,23 Nov 1895,George Gilbert,SPARKE,21,,,Lab,,Emma Jane,HOWE,20,,,,,John,Sparke,Lab,Richard,Howe,Carter,,,,,
SFK,Rattlesden,St Nicholas TR,,15 May 1849,James,SPARKE,21,,,Lab,,Ann,REYNOLDS,22,,,,,George,Sparke,Lab,Robert,Reynolds,Lab,John,Sparke,Sophia,Sparke,
SFK,Rattlesden,St Nicholas TR,,09 Nov 1877,James,SPARKE,20,,,Lab,,Thamar,SADLER,22,,widow,,,John,Sparke,Lab,James,Rice,Lab,Benjamin,Steggles,Eliza,Fuller,
SFK,Rattlesden,St Nicholas TR,,10 Apr 1846,John,SPARKE,full age,,,Lab,,Mary Ann,BANHAM,full age,,,,,George,Sparke,Lab,Jacob,Banham,Lab,Keziah,Gowers,John,Banham,
SFK,Rattlesden,St Nicholas TR,,07 Nov 1865,John,SPARKE,19,,,Lab,,Harriet,ROE,19,,,,,John,Sparke,Lab,Richard,Roe,Lab,Job,Roe,Julia Ann,Pead,
SFK,Rattlesden,St Nicholas TR,,22 Dec 1876,Robert,SPARKE,20,,,Lab,,Jane,WELHAM,20,,,,,John,Sparke,Lab,George,Welham,Lab,,,,,
SFK,Rattlesden,St Nicholas TR,,01 Jan 1889,Spencer,SPARKE,21,,,Lab,,Harriett,STEGGLES,21,,,,,Thomas,Sparke,Lab,William,Steggles,Lab,,,,,
SFK,Rattlesden,St Nicholas TR,,22 Oct 1870,Thomas,SPARKE,19,,,Lab,,Emma,POOLE,18,,,,,John,Sparke,Lab,Robert,Poole,Lab,Robert,Poole,Fanny,Osborne,
SFK,Rattlesden,St Nicholas TR,,22 Dec 1843,William,SPARKE,24,,,Lab,,Sarah,CLOVER,20,,,,,George,Sparke,Lab,Thomas,Clover,Lab,John,Sparke,Harriett,Sparke,
SFK,Rattlesden,St Nicholas TR,,17 Jul 1869,William,SPARKE,19,,,Lab,,Caroline,CROSS,18,,,,,John,Sparke,Lab,William,Cross,Lab,George,Sparke,Mary Ann,Sparke,
SFK,Rattlesden,St Nicholas TR,,07 Jan 1853,William,SPARKE,33,,widower,Maltster,,Henrietta,DURHAM,22,,,,,George,Sparke,Lab,Robert,Durham,Lab,James,Durham,Sophia,Sparke,
SFK,Rattlesden,St Nicholas TR,,21 Jan 1878,Harry,SPARKES,19,,,Lab,,Susannah Matilda,COBBOLD,18,,,,,John,Sparke,Lab,John,Cobbold,Lab,Robert,Sparkes,Jane,Sparkes,
SFK,Rattlesden,St Nicholas TR,,12 Oct 1894,Henry,SPARKS,29,,,Lab,,Sarah Letitia,MOORE,26,,,,,John Sparks,Lab,Walter,Moore,Lab,James,Sparks,Kate Elizabeth,Steggles,,
SFK,Rattlesden,St Nicholas TR,,14 May 1894,Alfred George,STEGGLES,25,,,Lab,,Mary Ann,OSBORNE,33,,widow,,,Robert,Steggles,Lab,Zechariah,Smith,Bricklayer,,,,,
SFK,Rattlesden,St Nicholas TR,,06 Mar 1885,Benjamin,STEGGLES,29,,,Lab,,Mary Ann,WARREN,30,,,,,James,Steggles,Lab,William,Warren,Lab,,,,,
SFK,Rattlesden,St Nicholas TR,,15 Oct 1871,Edward,STEGGLES,26,,,Lab,,Susan,BANHAM,26,,,,,George,Steggles,Lab,Robert,Snell,Lab,,,,,Susan's mother was Mary Ann Banham/Wenham
SFK,Rattlesden,St Nicholas TR,,23 Oct 1841,George,STEGGLES,22,,,Lab,,Elizabeth,RUDLAND,21,,,,,Benj.,Steggles,Lab,Wm.,Rudland,Lab,,,,,
SFK,Rattlesden,St Nicholas TR,,28 Mar 1847,James,STEGGLES,full age,,,Lab,,Elizabeth,BUXTON,minor,,,,,Benj.,Steggles,Lab,Robert,Buxton,Lab,,,,,
SFK,Rattlesden,St Nicholas TR,,01 Nov 1853,John,STEGGLES,33,,,Lab,,Eliza,DYKES,27,,,,,John,Steggles,Lab,Thomas,Dykes,Lab,,,,,
SFK,Rattlesden,St Nicholas TR,,13 May 1864,John,STEGGLES,24,,,Lab,,Sophia,COBBOLD,27,,widow,,,William,Steggles,Lab,Robert,Cobbold,Lab,,,,,
SFK,Rattlesden,St Nicholas TR,,08 Nov 1839,Robert,STEGGLES,24,,,Lab,,Eliza,EVERETT,20,,,,,Benj.,Steggles,Lab,Robert,Durham,Lab,,,,,
SFK,Rattlesden,St Nicholas TR,,16 Jun 1860,Robert,STEGGLES,21,,,Groom,,Elizabeth,COBBOLD,19,,,,,William,Steggles,Lab,John,Cobbold,Lab,,,,,
SFK,Rattlesden,St Nicholas TR,,22 Oct 1875,Robert,STEGGLES,22,,,Lab,,Jane Elizabeth,MOORE,22,,,,,James,Steggles,Lab,Morris,Moore,Lab,,,,,
SFK,Rattlesden,St Nicholas TR,,05 Nov 1842,Thomas,STEGGLES,24,,,Lab,,Mary Ann,COLLINS,23,,,,,Thomas,Steggles,Lab,Samuel,Collins,Lab,,,,,
SFK,Rattlesden,St Nicholas TR,,17 May 1869,Thomas,STEGGLES,21,,,Lab,,Jane,STEGGLES,21,,,,,James,Steggles,Lab,William,Steggles,Lab,,,,,
SFK,Rattlesden,St Nicholas TR,,26 Dec 1873,Thomas,STEGGLES,24,,,Lab,,Harriet,WALKER,26,,,,,George,Steggles,Lab,Samuel,Walker,Lab,,,,,
SFK,Rattlesden,St Nicholas TR,,23 Jun 1882,Walter James,STEGGLES,19,,,Lab,,Ellen,GOWERS,19,,,,,Robert,Steggles,Lab,Benjamin,Gowers,Shoemaker,,,,,
SFK,Rattlesden,St Nicholas TR,,19 Mar 1838,William,STEGGLES,24,,,Lab,,Mary Ann,OSBORNE,21,,,,,Benjamin,Steggles,Lab,,,,William,Sparke,Susan,Cobbold,
SFK,Rattlesden,St Nicholas TR,,23 Feb 1883,Robert,STEGGLES,44,,widower,Lab,,Fanny,RISBY,47,,,,,William,Steggles,Lab,Thomas,Risby,Lab,,,,,
SFK,Rattlesden,St Nicholas TR,,09 Aug 1878,Robert,STERRY,31,Boxford,,Bricklayer,,Eleanor,RICHER,27,,,,,Robert,Sterry,Builder,William,Richer,Sawyer,,,,,
SFK,Rattlesden,St Nicholas TR,,02 Nov 1878,Nelson,STIFF,20,Drinkstone,,Lab,,Harriet,KING,20,,,,,Edward,Stiff,Lab,George,King,Lab,,,,,
SFK,Rattlesden,St Nicholas TR,,14 May 1839,Robert,STIFF,22,,,Lab,,Dorothy,OSBORNE,20,,,,,George,Sparke,Lab,Wm.,Osborne,Soldier lab,,,,,Mother Mary Stiff ?
SFK,Rattlesden,St Nicholas TR,,25 Jul 1862,Robert,STIFF,22,,,Lab,,Sarah Jane,PARISH,21,,,,,Robert,Stiff,Lab,William,Parish,Lab,,,,,
SFK,Rattlesden,St Nicholas TR,,21 Nov 1857,John,STURGEON,23,Felsham,,Lab,,Elizabeth,PORTER,22,,,,,Joseph,Sturgeon,Lab,John,Porter,Lab,,,,,
SFK,Rattlesden,St Nicholas TR,,24 Sep 1869,Edmund,TALBOTT,60,Bradfield Combust,widower,Farmer,,Mary Ann,MEEKINGS,50,,widow,,,Thomas,Talbott,Farmer,Edward,Sawyer,Farmer,,,,,
SFK,Rattlesden,St Nicholas TR,,01 Feb 1840,Isaac,TATUM,20,,,Lab,,Frances,OSBORNE,17,,,,,Isaac,Tatum,Lab,Wm.,Osborne,Lab,,,,,
SFK,Rattlesden,St Nicholas TR,,22 Mar 1868,Isaac,TATUM,46,,widower,Lab,,Eliza,SMITH,37,,widow,,,Isaac,Tatum,Lab,William,Easy,Lab,,,,,
SFK,Rattlesden,St Nicholas TR,,02 Nov 1840,John,THREADGALL,26,,,Lab,,Mary Ann,REEVE,23,,,,,John,Threadgall,Lab,John,Reeve,Farmer,,,,,
SFK,Rattlesden,St Nicholas TR,,19 Jan 1858,James Henry,TWEED,24,"Cheveley, Cambs",Cambs,Gardener,,Jane,DURHAM,28,,,,,Philip,Tweed deceased,Lab,Thomas,Durham,Lab,,,,,
SFK,Rattlesden,St Nicholas TR,,29 Nov 1862,John,UNDERWOOD,24,,,Glover,,Mary Ann,MOORE,25,,,,,Chris.,Underwood,Servant,William,Parish,Lab,,,,,
SFK,Rattlesden,St Nicholas TR,,30 Oct 1874,Daniel,VINCENT,23,Bacton,,Lab,,Susannah,COBBOLD,26,,,,,James,Vincent,Lab,James,Cobbold,Lab,,,,,
SFK,Rattlesden,St Nicholas TR,,10 Feb 1894,John William,VINCENT,20,Fressingfield,,Painter,,Margaret,ROE,16,,,,,John,Vincent,Deceased,Richard,Roe,Innkeeper,,,,,
SFK,Rattlesden,St Nicholas TR,,14 Aug 1890,George John,VYSE,27,Bury St Edmund,,Shop porter,,Elizabeth,WALKER,22,,,,,John,Vyse,Carpenter,Edward,Walker,Lab,,,,,
SFK,Rattlesden,St Nicholas TR,,28 Mar 1857,Edward,WALKER,22,,,Lab,,Sarah,PURKIS,19,Harleston Suffolk,,,,Edward,Walker,Lab,John,Purkis deceased,Lab,,,,,
SFK,Rattlesden,St Nicholas TR,,12 Nov 1850,James,WALKER,24,,,Lab,,Sarah,SPARKE,21,,,,,Edward,Walker,Lab,George,Sparke,Lab,William,Sparke,Sophia,Sparke,
SFK,Rattlesden,St Nicholas TR,,25 Jun 1856,Edward,WALKER,65,,widower,Lab,,Sarah,BOGGIS,52,,widow,,,Edward,Walker deceased,Lab,John,Clark deceased,Lab,,,,,
SFK,Rattlesden,St Nicholas TR,,01 May 1880,Harry,WALLER,full age,,,Farmer,,Mary Louisa,STANTON,20,,,,,Thomas,Waller,Farmer,Joseph,Stanton,Schoolmaster,,,,,
SFK,Rattlesden,St Nicholas TR,,12 Mar 1871,Frederick,WARREN,22,,,Lab,,Sarah Jane,BURTON,21,,,,,William,Warren,Lab,,,,,,,,
SFK,Rattlesden,St Nicholas TR,,28 Jul 1891,Henry,WARREN,24,Islington London,,Car man,,Ada Eliza,PLEASANCE,24,,,,,William,Warren,Lab,Zechariah,Pleasance,Coachman,,,,,
SFK,Rattlesden,St Nicholas TR,,13 Dec 1853,William,WARREN,20,,,Lab,,Amy,EUSTON,20,,,,,William,Warren,Lab,Daniel,Euston deceased,Lab,,,,,
SFK,Rattlesden,St Nicholas TR,,07 Dec 1877,Walter,WEBB,21,Nedging,,Lab,,Betsy Ward,PUNCHARD,19,,,,,John,Webb,Lab,John,Punchard,Lab,,,,,
SFK,Rattlesden,St Nicholas TR,,16 Sep 1862,Daniel Pead,WELHAM,19,,,Lab,,Mary,WARREN,22,,,,,Daniel,Pead,Lab,William,Warren,Lab,,,,,
SFK,Rattlesden,St Nicholas TR,,15 Nov 1884,Frederick William,WELLS,20,,,Lab,,Eliza Ann,BANHAM,20,,,,,Fred. W.,Wells,Lab,Thomas,Banham,Lab,,,,,Frederick and Eliza were also 1st cousins
SFK,Rattlesden,St Nicholas TR,,22 Jun 1855,William,WILDEN,24,Combs,,Lab,,Eliza,PUNCHARD,24,,,,,William,Wilden,Lab,Jerem,Punchard,Lab,,,,,
SFK,Rattlesden,St Nicholas TR,,17 Nov 1856,Thomas,WINSOR,27,,,Miller,,Sarah,BAKER,27,,,,,Robert,Winsor deceased,Miller,Benjamin,Baker deceased,Farmer,,,,,
SFK,Rattlesden,St Nicholas TR,,31 Oct 1874,William,WOOLLARD,24,Nedging,,Lab,,Alice,CHURCHYARD,20,,,,,Joseph,Woollard,Lab,George,Churchyard,Farmer,,,,,
SFK,Rattlesden,St Nicholas TR,,15 Oct 1861,James,YOUNGMAN,26,,,Lab,,Harriett,RISBY,27,,,,,James,Youngman,Lab,Thomas,Risby,Lab,,,,,
SFK,Rattlesden,St Nicholas TR,,23 Oct 1838,Samuel,YOUNGMAN,,,,,,Charlotte,CAGE,full age,,,,,,,William,Cage,Lab,,,,,,
SFK,Rattlesden,St Nicholas TR,,14 Oct 1864,William,YOUNGMAN,22,,,Lab,,Ellen,ORRISS,21,,,,,James,Youngman,Lab,Joel,Orriss,Lab,,,,,