+INFO,freereg.suffolk@gmail.com ,password,SEQUENCED,MARRIAGES,cp437
#,CCC,JHarold,SUFFOLK,SFKRATMA.CSV,09-Jun-2011
#,CREDIT,Malcolm Fairly,freereg.suffolk@gmail.com
#,09-Jun-2011,transcript of marriage registers by Malcolm Fairly
SFK,Rattlesden,St Nicholas TR,,28 Jul 1783,John,ABBOT,,Rattlesden,,,,Susan,GRIMWOOD,,Rattlesden,,,,,,,,,,,,,,
SFK,Rattlesden,St Nicholas TR,,12 Dec 1768,John,ADKINSON,,Bacton,,,,Mary,DEATH,,Rattlesden,,,,,,,,,,,,,,
SFK,Rattlesden,St Nicholas TR,,12 Apr 1802,William,ALDERTON,,Rattlesden,widower,,,Susan,PLACE,,Rattlesden,,,,,,,,,,,,,,
SFK,Rattlesden,St Nicholas TR,,11 Oct 1778,John,AVIS,,Rattlesden,,,,Sarah,SPARHAWKE,,Rattlesden,,,,,,,,,,,,,,
SFK,Rattlesden,St Nicholas TR,,13 Jan 1784,Abraham,BACON,,Rattlesden,,,,Christian,MAIDWELL,,Rattlesden,,,,,,,,,,,,,,
SFK,Rattlesden,St Nicholas TR,,01 Oct 1764,Edmund,BAKER,,Rattlesden,,,,Elizabeth,BENNET,,Rattlesden,,,,,,,,,,,,,,
SFK,Rattlesden,St Nicholas TR,,16 Oct 1772,William,BAKER,,Rattlesden,,,,Lydia,SALISBURY,,Rattlesden,,,,,,,,,,,,,,
SFK,Rattlesden,St Nicholas TR,,13 Jan 1782,William,BAKER,,Rattlesden,,,,Charlotte,GORDON,,Rattlesden,,,,,,,,,,,,,,
SFK,Rattlesden,St Nicholas TR,,01 Nov 1782,George,BAKER,,Rattlesden,,,,Elizabeth,SPOONER,,Rattlesden,,,,,,,,,,,,,,
SFK,Rattlesden,St Nicholas TR,,26 Sep 1795,Joseph,BAKER,,Rattlesden,,,,Ann,MAYS,,Rattlesden,,,,,,,,,,,,,,
SFK,Rattlesden,St Nicholas TR,,24 Oct 1810,James,BAKER,,Drinkstone,,,,Mary,MELTON,,Rattlesden,,,,,,,,,,,,,,
SFK,Rattlesden,St Nicholas TR,,18 Oct 1780,William,BAKER,,Rattlesden,widower,,,Frances,BRUCE,,Rattlesden,,,,,,,,,,,,,,
SFK,Rattlesden,St Nicholas TR,,01 Sep 1775,Henry,BANTOCK,,Rattlesden,,,,Mary,ABBOTT,,Rattlesden,,,,,,,,,,,,,,
SFK,Rattlesden,St Nicholas TR,,18 Nov 1783,Thomas,BANTOCK,,Rattlesden,,,,Elizabeth,ORRIS,,Rattlesden,,,,,,,,,,,,,,
SFK,Rattlesden,St Nicholas TR,,04 Dec 1785,Joseph,BARFIELD,,Felsham,,,,Elizabeth,JAMES,,Rattlesden,,,,,,,,,,,,,,
SFK,Rattlesden,St Nicholas TR,,05 Jun 1773,Peter,BARNES,,Rattlesden,,,,Mary,ELY,,Rattlesden,,,,,,,,,,,,,,
SFK,Rattlesden,St Nicholas TR,,29 Oct 1810,Robert,BARNS,,Rattlesden,,,,Christian,BEER,,Rattlesden,,,,,,,,,,,,,,
SFK,Rattlesden,St Nicholas TR,,08 Sep 1783,George,BATTS,,Rattlesden,,,,Mary,MOORE,,Rattlesden,,,,,,,,,,,,,,
SFK,Rattlesden,St Nicholas TR,,30 May 1803,Thomas,BAXTER,,Drinkstone,,,,Ann,ORRINGE,,Rattlesden,,,,,,,,,,,,,,
SFK,Rattlesden,St Nicholas TR,,19 Mar 1788,Jonas,BEER,,Rattlesden,,,,Sarah,HOLLOX,,Rattlesden,,,,,,,,,,,,,,
SFK,Rattlesden,St Nicholas TR,,17 Oct 1798,James,BEER,,Rattlesden,,,,Anne,MOORE,,Rattlesden,,,,,,,,,,,,,,
SFK,Rattlesden,St Nicholas TR,,30 Jan 1810,Joseph,BEER,,Drinkstone,,,,Rebecca,CHINERY,,Rattlesden,,,,,,,,,,,,,,
SFK,Rattlesden,St Nicholas TR,,14 May 1793,Charles,BERRY,,Drinkstone,,,,Sarah,NUNN,,Rattlesden,,,,,,,,,,,,,,
SFK,Rattlesden,St Nicholas TR,,16 Sep 1787,James,BIRD,,Rattlesden,,,,Ann,CHAPLIN,,Rattlesden,,,,,,,,,,,,,,
SFK,Rattlesden,St Nicholas TR,,11 Apr 1806,Edmund,BLAKES,,Rattlesden,,,,Rose,ALDERTON,,Rattlesden,,,,,,,,,,,,,,
SFK,Rattlesden,St Nicholas TR,,29 Oct 1793,George,BLUNDELL,,Rattlesden,,,,Elizabeth,NEWMAN,,Rattlesden,,,,,,,,,,,,,,
SFK,Rattlesden,St Nicholas TR,,14 May 1769,Francis,BLUNDEN,,Rattlesden,,,,Elizabeth,MOORE,,Rattlesden,,,,,,,,,,,,,,
SFK,Rattlesden,St Nicholas TR,,16 Sep 1782,James,BOBBY,,Mellis,,,,Susan,SHELVER,,Rattlesden,widow,,,,,,,,,,,,,
SFK,Rattlesden,St Nicholas TR,,15 Aug 1799,William,BROOK,,Rattlesden,widower,,,Elizabeth,HORVARD,,Rattlesden,widow,,,,,,,,,,,,,
SFK,Rattlesden,St Nicholas TR,,11 Dec 1776,William,BROOKE,,Rattlesden,,,,Mary,DEATH,,Brettenham,,,,,,,,,,,,,,
SFK,Rattlesden,St Nicholas TR,,01 Aug 1763,Humphry,BROOM,,Rattlesden,,,,Dorothy,RIDGGEN,,Rattlesden,,,,,,,,,,,,,,
SFK,Rattlesden,St Nicholas TR,,12 Jun 1808,Thomas,BROOM,,Rattlesden,,,,Christiana,STEARN,,Rattlesden,,,,,,,,,,,,,,
SFK,Rattlesden,St Nicholas TR,,08 Jun 1776,Thomas,BROOME,,Rattlesden,,,,Elizabeth,RICHMOND,,Rattlesden,widow,,,,,,,,,,,,,
SFK,Rattlesden,St Nicholas TR,,18 Dec 1781,Thomas,BROWN,,Rattlesden,,,,Mary,KING,,Rattlesden,,,,,,,,,,,,,,
SFK,Rattlesden,St Nicholas TR,,11 Jul 1812,Robert,BUMPSTEAD,,Rattlesden,,,,Mary,DRAKE,,Rattlesden,,,,,,,,,,,,,,
SFK,Rattlesden,St Nicholas TR,,14 Oct 1760,Robert,BUMSTEAD,,Rattlesden,,,,Susannah,UNDERWOOD,,Rattlesden,,,,,,,,,,,,,,
SFK,Rattlesden,St Nicholas TR,,28 Nov 1784,Francis,BUMSTEAD,,Shelland,,,,Mary,DRAKE,,Rattlesden,,,,,,,,,,,,,,
SFK,Rattlesden,St Nicholas TR,,14 Oct 1768,John,BUMSTED,,Woolpit,,,,Mary,HAWES,,Rattlesden,,,,,,,,,,,,,,
SFK,Rattlesden,St Nicholas TR,,10 Sep 1780,John,BURTON,,Rattlesden,,,,Elizabeth,GOOCH,,Rattlesden,,,,,,,,,,,,,,
SFK,Rattlesden,St Nicholas TR,,22 Nov 1799,John,BURTON,,Rattlesden,widower,,,Ann,HOLLOX,,Rattlesden,,,,,,,,,,,,,,
SFK,Rattlesden,St Nicholas TR,,7 Oct 1775,John,BUXTON,,Rattlesden,,,,Ann,BONNETT,,Rattlesden,,,,,,,,,,,,,,
SFK,Rattlesden,St Nicholas TR,,08 Sep 1808,Thomas,CALLOW,,Rattlesden,,,,France,NUNN,,Rattlesden,,,,,,,,,,,,,,
SFK,Rattlesden,St Nicholas TR,,29 May 1798,William,CHAPLIN,,St Nicholas Ipswich,,,,Mary,JEWERS,,Rattlesden,,,,,,,,,,,,,,
SFK,Rattlesden,St Nicholas TR,,15 Jan 1781,James,CHENNERY,,Rattlesden,,,,Ann,OSBORNE,,Rattlesden,,,,,,,,,,,,,,
SFK,Rattlesden,St Nicholas TR,,05 Apr 1781,Robert,CHINERY,,Rattlesden,,,,Elizabeth,HEARN,,Rattlesden,,,,,,,,,,,,,,
SFK,Rattlesden,St Nicholas TR,,03 Sep 1804,Robert,CHINERY,,Rattlesden,,,,Eunice,WILDING,,Rattlesden,,,,,,,,,,,,,,
SFK,Rattlesden,St Nicholas TR,,24 Oct 1802,Christopher,CLARK,,Rattlesden,,,,Sarah,BROOME,,Rattlesden,,,,,,,,,,,,,,
SFK,Rattlesden,St Nicholas TR,,30 Oct 1778,Thomas,CLARKE,,Felsham,,,,Mary,GROOM,,Rattlesden,,,,,,,,,,,,,,
SFK,Rattlesden,St Nicholas TR,,12 Oct 1793,Thomas,CLARKE,,Haughley,,,,Ann,FAIRES,,Rattlesden,,,,,,,,,,,,,,
SFK,Rattlesden,St Nicholas TR,,27 Oct 1803,Robert,CLARKE,,Rattlesden,,,,Sarah,HORRIX,,Rattlesden,,,,,,,,,,,,,,
SFK,Rattlesden,St Nicholas TR,,11 Oct 1764,Francis,CLARKE,,Buxhall,widower,,,Anne,DAVEY,,Rattlesden,widow,,,,,,,,,,,,,
SFK,Rattlesden,St Nicholas TR,,25 Nov 1781,William,CLERK,,Rattlesden,,,,Elizabeth,KING,,Rattlesden,,,,,,,,,,,,,,
SFK,Rattlesden,St Nicholas TR,,21 Oct 1784,William,CLOVER,,Rattlesden,,,,Elizabeth,BEER,,Rattlesden,,,,,,,,,,,,,,
SFK,Rattlesden,St Nicholas TR,,12 Nov 1784,John,CLOVER,,Felsham,widower,,,Elizabeth,POOLE,,Rattlesden,,,,,,,,,,,,,,
SFK,Rattlesden,St Nicholas TR,,16 Oct 1802,William,CLOVER,,Rattlesden,widower,,,Frances,BAKER,,Rattlesden,widow,,,,,,,,,,,,,
SFK,Rattlesden,St Nicholas TR,,10 Nov 1803,John,CLOVER,,Brent Eleigh,widower,,,Ann,BUGG,,Rattlesden,,,,,,,,,,,,,,
SFK,Rattlesden,St Nicholas TR,,21 Aug 1759,William,COBBOLD,,Rattlesden,,,,Elizabeth,SNELL,,Rattlesden,,,,,,,,,,,,,,
SFK,Rattlesden,St Nicholas TR,,05 Jul 1776,John,COBBOLD,,Rattlesden,,,,Mary,CROUCH,,Rattlesden,,,,,,,,,,,,,,
SFK,Rattlesden,St Nicholas TR,,30 May 1786,Martin,COBBOLD,,Rattlesden,,,,Anne,JEFFERS,,Rattlesden,,,,,,,,,,,,,,
SFK,Rattlesden,St Nicholas TR,,02 Nov 1786,James,COBBOLD,,Rattlesden,,,,Elizabeth,BRADBROOK,,Rattlesden,,,,,,,,,,,,,,
SFK,Rattlesden,St Nicholas TR,,06 May 1807,John,COBBOLD,,Rattlesden,,,,Elizabeth,CLARKE,,Rattlesden,,,,,,,,,,,,,,
SFK,Rattlesden,St Nicholas TR,,18 Nov 1792,Thomas,COCKSEDGE,minor,Rattlesden,,,,Joanna,CHAPLIN,minor,Rattlesden,,,,,,,,,,,,,,
SFK,Rattlesden,St Nicholas TR,,26 Jan 1764,Lionel,COLEMAN,,Rattlesden,,,,Elizabeth,MUTCHAM,,Rattlesden,,,,,,,,,,,,,,
SFK,Rattlesden,St Nicholas TR,,12 Feb 1811,Lionel,COLEMAN,,Rattlesden,widower,,,Elizabeth,BUCKELL,,Rattlesden,widow,,,,,,,,,,,,,
SFK,Rattlesden,St Nicholas TR,,19 Apr 1773,William,COOK,,Rattlesden,,,,Elizabeth,MATTOCK,,Rattlesden,,,,,,,,,,,,,,
SFK,Rattlesden,St Nicholas TR,,19 Nov 1798,William,COOK,,Rattlesden,widower,,,Susan,MOULE,,Rattlesden,,,,,,,,,,,,,,
SFK,Rattlesden,St Nicholas TR,,17 Oct 1784,Jonathan,COOPER,,Combs,,,,Frances,SYER,,Rattlesden,,,,,,,,,,,,,,
SFK,Rattlesden,St Nicholas TR,,* Nov 1791,Samuel,COOPER,,Rattlesden,,,,Elizabeth,ENNALS,,Rattlesden,,,,,,,,,,,,,,
SFK,Rattlesden,St Nicholas TR,,03 Jun 1767,Thomas,CRICK,,Rattlesden,,,,Winifred,ROWLAND,,Rattlesden,,,,,,,,,,,,,,
SFK,Rattlesden,St Nicholas TR,,08 Dec 1780,Philip,CRICK,,Rattlesden,,,,Ann,BORE,,Rattlesden,,,,,,,,,,,,,,
SFK,Rattlesden,St Nicholas TR,,16 Jan 1791,Francis,CROSS,,Combs,,,,Elizabeth,GARRARD,minor,Rattlesden,,,,,,,,,,,,,,
SFK,Rattlesden,St Nicholas TR,,29 Jan 1808,Thomas,CUDBIRD,,Rattlesden,widower,,,Mary,PARISH,,Rattlesden,,,,,,,,,,,,,,
SFK,Rattlesden,St Nicholas TR,,10 May 1771,William,CURNAL,,Rattlesden,,,,Mary,RICHER,,Rattlesden,,,,,,,,,,,,,,
SFK,Rattlesden,St Nicholas TR,,06 Jul 1770,Zachariah,DANIEL,,West Ratton,,,,Abigail,BANTOCK,,Rattlesden,,,,,,,,,,,,,,
SFK,Rattlesden,St Nicholas TR,,04 Aug 1802,Philip,DEER,,Rattlesden,,,,Elizabeth,MOOR,,Rattlesden,,,,,,,,,,,,,,
SFK,Rattlesden,St Nicholas TR,,22 Mar 1781,Abraham,DEW,,Wetherden,,,,Ann,MORTHENER,,Rattlesden,,,,,,,,,,,,,,
SFK,Rattlesden,St Nicholas TR,,13 Dec 1807,Thomas,DIKES,,Rattlesden,,,,Elizabeth,BEER,,Rattlesden,,,,,,,,,,,,,,
SFK,Rattlesden,St Nicholas TR,,27 Feb 1773,Francis,DRAKE,,Rattlesden,,,,Mary,ABBOTT,,Rattlesden,,,,,,,,,,,,,,
SFK,Rattlesden,St Nicholas TR,,21 Oct 1771,Thomas,EAVES,,Rattlesden,,,,Ann,UNDERWOOD,,Rattlesden,,,,,,,,,,,,,,
SFK,Rattlesden,St Nicholas TR,,18 Nov 1797,John,EDWARDS,,Brockford,,,,Rebecca,FRISKE,,Rattlesden,,,,,,,,,,,,,,
SFK,Rattlesden,St Nicholas TR,,27 Oct 1776,John,ELLIS,,Rattlesden,,,,Ann,WHITING,,Rattlesden,,,,,,,,,,,,,,
SFK,Rattlesden,St Nicholas TR,,15 Oct 1802,William,ENNALS,,Rattlesden,,,,Sarah,JEWERS,,Rattlesden,,,,,,,,,,,,,,
SFK,Rattlesden,St Nicholas TR,,14 Sep 1808,James,ENNALS,,Rattlesden,,,,Mary Ann,HUNT,,Rattlesden,,,,,,,,,,,,,,
SFK,Rattlesden,St Nicholas TR,,29 Feb 1764,Joseph,FAIERS,,Rattlesden,,,,Mary,UNDERWOOD,,Rattlesden,,,,,,,,,,,,,,
SFK,Rattlesden,St Nicholas TR,,21 Apr 1774,George,FAIERS,,Rattlesden,,,,Elizabeth,EAVES,,Rattlesden,,,,,,,,,,,,,,
SFK,Rattlesden,St Nicholas TR,,05 Oct 1792,George,FAIRS,,Rattlesden,,,,Elizabeth,BENNETT,,Rattlesden,,,,,,,,,,,,,,
SFK,Rattlesden,St Nicholas TR,,23 Nov 1807,Anderson,FIRMIN,,Rattlesden,,,,Sarah,WALKER,,Rattlesden,,,,,,,,,,,,,,
SFK,Rattlesden,St Nicholas TR,,22 Nov 1796,Thomas,FOLKARD,,Rattlesden,,,,Frances,CORNISH,,Rattlesden,,,,,,,,,,,,,,
SFK,Rattlesden,St Nicholas TR,,15 Jun 1795,Lankester,FREEMAN,,Old Newton,,,,Sarah,FISKE,,Rattlesden,,,,,,,,,,,,,,
SFK,Rattlesden,St Nicholas TR,,15 Jul 1763,William,FROST,,Rattlesden,,,,Ann,SILVER,,Rattlesden,,,,,,,,,,,,,,
SFK,Rattlesden,St Nicholas TR,,22 Jan 1774,John,FROST,,Rougham,,,,Elizabeth,HINARD,,Rattlesden,,,,,,,,,,,,,,
SFK,Rattlesden,St Nicholas TR,,09 Apr 1780,Joseph,FROST,,Rougham,,,,Elizabeth,HORREX,,Rattlesden,,,,,,,,,,,,,,
SFK,Rattlesden,St Nicholas TR,,04 Nov 1765,William,FROST,,Rattlesden,widower,,,Sarah,MELTON,,Rattlesden,,,,,,,,,,,,,,
SFK,Rattlesden,St Nicholas TR,,18 Mar 1802,John,FROST,,Rattlesden,widower,,,Jane,RAYNHAM,,Rattlesden,,,,,,,,,,,,,,
SFK,Rattlesden,St Nicholas TR,,23 Mar 1764,Thomas,FULLER,,Buxhall,,,,Elizabeth,HAMMOND,,Rattlesden,,,,,,,,,,,,,,
SFK,Rattlesden,St Nicholas TR,,14 Jul 1812,John,FURMAN,,Rattlesden,,,,Sarah,GREEN,,Rattlesden,,,,,,,,,,,,,,
SFK,Rattlesden,St Nicholas TR,,19 Sep 1789,Edward,GIRT,,Gedding,,,,Sarah,MOULE,,Rattlesden,,,,,,,,,,,,,,
SFK,Rattlesden,St Nicholas TR,,08 Sep 1770,Robert,GLADWELL,,Rattlesden,,,,Anne,AVIS,,Rattlesden,,,,,,,,,,,,,,
SFK,Rattlesden,St Nicholas TR,,14 Nov 1793,John,GOLDEN,,Rattlesden,,,,Sarah,HOWARD,,Rattlesden,,,,,,,,,,,,,,
SFK,Rattlesden,St Nicholas TR,,20 Oct 1765,James,GOODWIN,,Rattlesden,,,,Elizabeth,BROOM,,Rattlesden,,,,,,,,,,,,,,
SFK,Rattlesden,St Nicholas TR,,07 Oct 1788,William,GOODWIN,,Rattlesden,,,,Ann,SHIP,,Rattlesden,,,,,,,,,,,,,,
SFK,Rattlesden,St Nicholas TR,,10 Dec 1808,Isaac,GOSLING,,Rattlesden,,,,Susan,CRICK,,Rattlesden,,,,,,,,,,,,,,
SFK,Rattlesden,St Nicholas TR,,14 Dec 1780,Jacob,GREEN,,Rattlesden,,,,Mary,BONNETT,,Rattlesden,,,,,,,,,,,,,,
SFK,Rattlesden,St Nicholas TR,,19 Jun 1781,John,GREEN,,Rattlesden,,,,Judith,POLKARD,,Rattlesden,,,,,,,,,,,,,,
SFK,Rattlesden,St Nicholas TR,,04 Nov 1792,Robert,GREEN,,Rattlesden,,,,Sarah,LYNSDELL,,Rattlesden,widow,,,,,,,,,,,,,
SFK,Rattlesden,St Nicholas TR,,17 Oct 1769,William,GRIMWOOD,,Rattlesden,,,,Anne,THURLOW,,Rattlesden,,,,,,,,,,,,,,
SFK,Rattlesden,St Nicholas TR,,10 Jul 1770,John,GRIMWOOD,,Rattlesden,,,,Mary,MATTOCK,,Rattlesden,,,,,,,,,,,,,,
SFK,Rattlesden,St Nicholas TR,,30 May 1804,Thomas,GRIMWOOD,,Rattlesden,,,,Amy,RAINBIRD,,Rattlesden,,,,,,,,,,,,,,
SFK,Rattlesden,St Nicholas TR,,22 Feb 1779,Edmund,HALLS,,Rattlesden,,,,Margaret,FROGET?,,Rattlesden,,,,,,,,,,,,,,
SFK,Rattlesden,St Nicholas TR,,07 Nov 1805,John,HARDY,,Rattlesden,,,,Susan,BENNITT,,Rattlesden,,,,,,,,,,,,,,
SFK,Rattlesden,St Nicholas TR,,05 Oct 1808,James,HARVEY,,Old Newton,,,,Christian,BROOM,,Rattlesden,,,,,,,,,,,,,,
SFK,Rattlesden,St Nicholas TR,,07 Nov 1775,Isaac,HEARN,,Stowmarket,,,,Elizabeth,COCKSEDGE,,Rattlesden,,,,,,,,,,,,,,
SFK,Rattlesden,St Nicholas TR,,29 Feb 1776,Thomas,HEARN,,Rattlesden,,,,Mary,JACOB,,Rattlesden,,,,,,,,,,,,,,
SFK,Rattlesden,St Nicholas TR,,20 Dec 1784,Robert,HEARN,,Rattlesden,,,,Susanna,LAMBERT,,Rattlesden,,,,,,,,,,,,,,
SFK,Rattlesden,St Nicholas TR,,15 Aug 1805,Roger,HEARN,,Rattlesden,,,,Susan,PETTIT,,Rattlesden,,,,,,,,,,,,,,
SFK,Rattlesden,St Nicholas TR,,20 May 1798,Thomas,HERVEY,,Buxhall,,,,Sarah,SPARKE,,Rattlesden,,,,,,,,,,,,,,
SFK,Rattlesden,St Nicholas TR,,04 Nov 1761,George,HILDER,,Rattlesden,,,,Alice,BLUNDELL,,Rattlesden,,,,,,,,,,,,,,
SFK,Rattlesden,St Nicholas TR,,06 Nov 1764,John,HINARD,,Rattlesden,,,,Dorcas,MORE,,Rattlesden,,,,,,,,,,,,,,
SFK,Rattlesden,St Nicholas TR,,22 Oct 1811,William,HINARD,,Rattlesden,,,,Ann,WALKER,,Rattlesden,,,,,,,,,,,,,,
SFK,Rattlesden,St Nicholas TR,,31 Mar 1759,Francis,HINARD?,,Rattlesden,,,,Rose,BATH,,Rattlesden,,,,,,,,,,,,,,
SFK,Rattlesden,St Nicholas TR,,05 Nov 1766,Joseph,HINNELL,,Rattlesden,widower,,,Elizabeth,GILLINGHAM,,Rattlesden,widow,,,,,,,,,,,,,
SFK,Rattlesden,St Nicholas TR,,29 Dec 1763,Edward,HOFFEY,,Rattlesden,,,,Sarah,ORVIS,,Rattlesden,,,,,,,,,,,,,,
SFK,Rattlesden,St Nicholas TR,,26 May 1759,Robert,HOLLEX,,Rattlesden,,,,Elizabeth,STEWARD,,Rattlesden,,,,,,,,,,,,,,
SFK,Rattlesden,St Nicholas TR,,16 Nov 1785,Robert,HOLLEX,,Rattlesden,,,,Mary,MANING,,Rattlesden,,,,,,,,,,,,,,
SFK,Rattlesden,St Nicholas TR,,21 Mar 1774,John,HOW,,Rattlesden,,,,Elizabeth,LANGHAM,,Rattlesden,,,,,,,,,,,,,,
SFK,Rattlesden,St Nicholas TR,,22 Nov 1796,William,HOW,,Rattlesden,,,,Christian,COOM,,Rattlesden,,,,,,,,,,,,,,
SFK,Rattlesden,St Nicholas TR,,16 Jul 1787,Thomas,HOWARD,,Rattlesden,,,,Elizabeth,BUMSTED,,Rattlesden,,,,,,,,,,,,,,
SFK,Rattlesden,St Nicholas TR,,17 Oct 1804,James,HOWARD,,Rattlesden,,,,Dorcas,SADLER,,Rattlesden,,,,,,,,,,,,,,
SFK,Rattlesden,St Nicholas TR,,08 Feb 1808,William,HOWARD,,Rattlesden,,,,Charlotte,WATERMAN,,Rattlesden,,,,,,,,,,,,,,
SFK,Rattlesden,St Nicholas TR,,26 Jun 1797,William,HOWLETT,,Rattlesden,widower,,,Mary,SCARF,,Rattlesden,,,,,,,,,,,,,,
SFK,Rattlesden,St Nicholas TR,,15 Mar 1764,Robert,HUBBARD,,Rattlesden,,,,Christian,BAKER,,Rattlesden,,,,,,,,,,,,,,
SFK,Rattlesden,St Nicholas TR,,12 Mar 1759,John,HUDSON,,Rattlesden,,,,Susannah,LOTT,,Woolpit,,,,,,,,,,,,,,
SFK,Rattlesden,St Nicholas TR,,30 Oct 1769,William,HUNT,,Cockfield,,,,Elizabeth,BRUNDISH,,Rattlesden,,,,,,,,,,,,,,
SFK,Rattlesden,St Nicholas TR,,12 Nov 1771,Thomas,HUNT,,Rattlesden,,,,Elizabeth,ELLIS,,Rattlesden,,,,,,,,,,,,,,
SFK,Rattlesden,St Nicholas TR,,04 Oct 1782,George,HUNT,,Bradfield,,,,Mary,BRAIDWELL,,Rattlesden,,,,,,,,,,,,,,
SFK,Rattlesden,St Nicholas TR,,03 Feb 1807,Eliakim Cooper,JACKSON,,Rattlesden,widower,,,Susan,STARN,,Rattlesden,,,,,,,,,,,,,,
SFK,Rattlesden,St Nicholas TR,,24 Oct 1766,William,JACOB,,Rattlesden,,,,Frances,WALKER,,Rattlesden,,,,,,,,,,,,,,
SFK,Rattlesden,St Nicholas TR,,14 Feb 1768,Isaac,JACOB,,Rattlesden,,,,Alice,GILLINGHAM,,Rattlesden,,,,,,,,,,,,,,
SFK,Rattlesden,St Nicholas TR,,08 Dec 1761,Thomas,JACOBS,,Rattlesden,,,,Ann,STEWARD,,Rattlesden,,,,,,,,,,,,,,
SFK,Rattlesden,St Nicholas TR,,15 Oct 1764,John,JEFFERS,,Rattlesden,,,,Anne,JACOB,,Rattlesden,,,,,,,,,,,,,,
SFK,Rattlesden,St Nicholas TR,,07 Oct 1779,John,JOLLY,,Rattlesden,,,,Elizabeth,RICHER,,Rattlesden,,,,,,,,,,,,,,
SFK,Rattlesden,St Nicholas TR,,15 Dec 1807,William,KEBBELE,,Rattlesden,,,,Charlotte,BAKER,,Rattlesden,,,,,,,,,,,,,,
SFK,Rattlesden,St Nicholas TR,,20 Apr 1785,William,KEBBIL,,Rattlesden,,,,Mary,MAYS,,Rattlesden,,,,,,,,,,,,,,
SFK,Rattlesden,St Nicholas TR,,12 Oct 1803,Thomas,KEEBLE,,Rattlesden,,,,Sophia,GLADWELL,,Rattlesden,,,,,,,,,,,,,,
SFK,Rattlesden,St Nicholas TR,,25 Oct 1799,John,KIBBILL,,Rattlesden,,,,Phebe,COBBOLD,,Rattlesden,,,,,,,,,,,,,,
SFK,Rattlesden,St Nicholas TR,,11 Aug 1778,Thomas,KIBBLE,,Rattlesden,,,,Sarah,BLUNDEN,,Rattlesden,,,,,,,,,,,,,,
SFK,Rattlesden,St Nicholas TR,,17 Oct 1771,James,KILBURN,,Rattlesden,,,,Elizabeth,REYNOLDS,,Rattlesden,,,,,,,,,,,,,,
SFK,Rattlesden,St Nicholas TR,,27 Feb 1798,Joseph,KNOCK,,Rattlesden,,,,Elizabeth,GREEN,,Rattlesden,,,,,,,,,,,,,,
SFK,Rattlesden,St Nicholas TR,,09 Nov 1801,Joseph,KNOCK,,Rattlesden,widower,,,Mary,BOOLLETT,,Rattlesden,,,,,,,,,,,,,,
SFK,Rattlesden,St Nicholas TR,,15 Oct 1807,Henry,LAMB,,Rattlesden,,,,Mary,NUNN,,Rattlesden,widow,,,,,,,,,,,,,
SFK,Rattlesden,St Nicholas TR,,3 Feb 1774,Robert,LAMBERT,,Rattlesden,,,,Ruth,HILLS,,Rattlesden,,,,,,,,,,,,,,
SFK,Rattlesden,St Nicholas TR,,15 Oct 1779,John,LAMBERT,,Rattlesden,,,,Mary,CALVER,,Rattlesden,,,,,,,,,,,,,,
SFK,Rattlesden,St Nicholas TR,,14 Nov 1779,Christopher,LAMBERT,,Thurston,,,,Bridget,RIDGGEN,,Rattlesden,,,,,,,,,,,,,,
SFK,Rattlesden,St Nicholas TR,,09 Feb 1806,John,LAMBERT,,Rattlesden,,,,Ann,LAWRENCE,,Rattlesden,,,,,,,,,,,,,,
SFK,Rattlesden,St Nicholas TR,,03 May 1792,Joshua,LAMBERT,,Rattlesden,widower,,,Mary,SANDELL,,Rattlesden,widow,,,,,,,,,,,,,
SFK,Rattlesden,St Nicholas TR,,02 Oct 1801,Edward,LAWRENCE,,Rattlesden,,,,Ann,CHAPLIN,,Rattlesden,,,,,,,,,,,,,,
SFK,Rattlesden,St Nicholas TR,,12 May 1771,John,LEVETT,,Rougham,,,,Mary,BROWNING,,Rattlesden,,,,,,,,,,,,,,
SFK,Rattlesden,St Nicholas TR,,28 Oct 1810,Daniel,LINSDALE,,Rattlesden,,,,Dinah,BAKER,,Rattlesden,,,,,,,,,,,,,,
SFK,Rattlesden,St Nicholas TR,,23 Oct 1784,Daniel,LINSDELL,,Rattlesden,,,,Sarah,OTTERWELL,,Rattlesden,,,,,,,,,,,,,,
SFK,Rattlesden,St Nicholas TR,,06 May 1793,William,MANFIELD,,Rattlesden,,,,Ann,MATTOCK,,Rattlesden,,,,,,,,,,,,,,
SFK,Rattlesden,St Nicholas TR,,20 Aug 1791,James,MANNING,,Combs,,,,Elizabeth,COOPER,,Rattlesden,widow,,,,,,,,,,,,,
SFK,Rattlesden,St Nicholas TR,,21 Mar 1768,Thomas,MATTOCK,,Rattlesden,,,,Ann,DRAKE,,Rattlesden,,,,,,,,,,,,,,
SFK,Rattlesden,St Nicholas TR,,23 Feb 1773,Benjamin,MEKINS,,Bradfield St George,,,,Sarah,WHITING,,Rattlesden,,,,,,,,,,,,,,
SFK,Rattlesden,St Nicholas TR,,24 Nov 1759,Richard,MELTON,,Gedding,widower,,,Sarah,PURR,,Rattlesden,,,,,,,,,,,,,,
SFK,Rattlesden,St Nicholas TR,,22 Nov 1772,William,MILLER,,Rattlesden,widower,,,Rhoda,BORLEY,,Rattlesden,,,,,,,,,,,,,,
SFK,Rattlesden,St Nicholas TR,,24 Jan 1812,Simon,MILLS,,Rattlesden,,,,Christian,BEERE,,Rattlesden,,,,,,,,,,,,,,
SFK,Rattlesden,St Nicholas TR,,30 Sep 1771,Thomas,MINTER,,Rattlesden,,,,Rebecca,MORE,,Rattlesden,,,,,,,,,,,,,,
SFK,Rattlesden,St Nicholas TR,,24 Mar 1789,Thomas,MINTER,,Rattlesden,widower,,,Elizabeth,SPINK,,Rattlesden,,,,,,,,,,,,,,
SFK,Rattlesden,St Nicholas TR,,06 Aug 1790,William,MIRRINGTON,,Rattlesden,,,,Elizabeth,RICHER,,Rattlesden,,,,,,,,,,,,,,
SFK,Rattlesden,St Nicholas TR,,10 Nov 1760,John,MOORE,,Rattlesden,,,,Sussanah,PETTIT,,Rattlesden,,,,,,,,,,,,,,
SFK,Rattlesden,St Nicholas TR,,09 Mar 1779,Martin,MOORE,,Rattlesden,,,,Ann,POOLE,,Rattlesden,,,,,,,,,,,,,,
SFK,Rattlesden,St Nicholas TR,,30 Nov 1790,John,MOORE,,Rattlesden,,,,Sarah,CATCHPOLE,,Rattlesden,,,,,,,,,,,,,,
SFK,Rattlesden,St Nicholas TR,,24 Oct 1791,William,MOORE,,Rattlesden,,,,Sarah,OSBORNE,,Rattlesden,,,,,,,,,,,,,,
SFK,Rattlesden,St Nicholas TR,,03 May 1801,Abraham,MOORE,,Rattlesden,,,,Pricilla,CARTER,,Rattlesden,,,,,,,,,,,,,,
SFK,Rattlesden,St Nicholas TR,,19 Aug 1806,Martin,MOORE,,Rattlesden,,,,Mary,HURREL,,Rattlesden,,,,,,,,,,,,,,
SFK,Rattlesden,St Nicholas TR,,09 Nov 1768,Isaac,MORE,,Rattlesden,,,,Mary,SNELL,,Rattlesden,,,,,,,,,,,,,,
SFK,Rattlesden,St Nicholas TR,,24 Feb 1775,Bloom,MOULE,,Rattlesden,,,,Mary,RAMSBOTTOM,,Woolpit,,,,,,,,,,,,,,
SFK,Rattlesden,St Nicholas TR,,14 Oct 1780,Philip,MOULE,,Buxhall,widower,,,Sarah,CATCHPOLE,,Rattlesden,,,,,,,,,,,,,,
SFK,Rattlesden,St Nicholas TR,,01 Jan 1772,Philip,MOWLE,,Buxhall,,,,Martha,MUTAM,,Rattlesden,,,,,,,,,,,,,,
SFK,Rattlesden,St Nicholas TR,,16 Apr 1794,William,NICE,,Badwell Ash,,,,Susan,CROUCH,,Rattlesden,,,,,,,,,,,,,,
SFK,Rattlesden,St Nicholas TR,,01 Oct 1764,James,NUNN,,Rattlesden,,,,Elizabeth,SEGRAVE,,Rattlesden,,,,,,,,,,,,,,
SFK,Rattlesden,St Nicholas TR,,16 Oct 1784,John  the younger,NUNN,,Whatfield,,,,Mary,CATCHPOLE,,Rattlesden,,,,,,,,,,,,,,
SFK,Rattlesden,St Nicholas TR,,28 Dec 1788,William,NUNN,,Rattlesden,,,,Elizabeth,WALKER,,Rattlesden,,,,,,,,,,,,,,
SFK,Rattlesden,St Nicholas TR,,16 Nov 1797,Robert,NUNN,,Rattlesden,,,,Elizabeth,POLLY,,Rattlesden,,,,,,,,,,,,,,
SFK,Rattlesden,St Nicholas TR,,21 Oct 1802,George,NUNN,,Rattlesden,,,,Mary,COBBOLD,,Rattlesden,,,,,,,,,,,,,,
SFK,Rattlesden,St Nicholas TR,,25 Sep 1765,Thomas,NUNN,,Norton,widower,,,Mary,HINNELL,,Rattlesden,widow,,,,,,,,,,,,,
SFK,Rattlesden,St Nicholas TR,,23 Mar 1795,William,NUNN,,,widower,,,Elizabeth,COBBOLD,,Rattlesden,,,,,,,,,,,,,,
SFK,Rattlesden,St Nicholas TR,,10 Oct 1804,Robert,NUNN,,Rattlesden,widower,,,Ann,TRUDGITT,,Rattlesden,,,,,,,,,,,,,,
SFK,Rattlesden,St Nicholas TR,,16 Feb 1805,James,NUNN,,Rattlesden,widower,,,Elizabeth,SMITH,,Rattlesden,,,,,,,,,,,,,,
SFK,Rattlesden,St Nicholas TR,,06 Jan 1786,Robert,OFFORD,,Buxhall,,,,Elizabeth,WILDING,,Rattlesden,,,,,,,,,,,,,,
SFK,Rattlesden,St Nicholas TR,,09 Jul 1799,Edmund,OFFORD,,Rattlesden,,,,Mary,POTTER,,Rattlesden,,,,,,,,,,,,,,
SFK,Rattlesden,St Nicholas TR,,10 Dec 1808,Thomas,OFFORD,,Rattlesden,,,,Hannah,GRIMWOOD,,Rattlesden,,,,,,,,,,,,,,
SFK,Rattlesden,St Nicholas TR,,07 Oct 1790,James,ORBELL,,Rattlesden,,,,Mary,COOPER,,Rattlesden,,,,,,,,,,,,,,
SFK,Rattlesden,St Nicholas TR,,07 Jul 1765,Isaac,ORRIS,,Rattlesden,,,,Sarah,BUMSTEAD,,Rattlesden,,,,,,,,,,,,,,
SFK,Rattlesden,St Nicholas TR,,02 Mar 1785,Isaac,ORRIS,,Rattlesden,,,,Achsah,LANGHAM,,Rattlesden,,,,,,,,,,,,,,
SFK,Rattlesden,St Nicholas TR,,15 Nov 1793,Samuel,ORRIS,,Rattlesden,,,,Deborah Maria,HAMMOND,,Rattlesden,,,,,,,,,,,,,,
SFK,Rattlesden,St Nicholas TR,,03 Aug 1759,Robert,ORVERS,,Rattlesden,,,,Rachel,MOULE,,Rattlesden,,,,,,,,,,,,,,
SFK,Rattlesden,St Nicholas TR,,05 Jul 1762,Edmund,ORVICE,,Rattlesden,,,,Elizabeth,RICHER,,Rattlesden,widow,,,,,,,,,,,,,
SFK,Rattlesden,St Nicholas TR,,24 Jan 1791,John,OSBORN,,Rattlesden,,,,Mary,LAVERAGE,,Rattlesden,,,,,,,,,,,,,,
SFK,Rattlesden,St Nicholas TR,,11 Oct 1803,William,OSBORN,,Rattlesden,,,,Charlotte,RACE,,Rattlesden,,,,,,,,,,,,,,
SFK,Rattlesden,St Nicholas TR,,09 Apr 1760,John,OTTERWELL,,Rattlesden,,,,Sarah,PARR,,Rattlesden,,,,,,,,,,,,,,
SFK,Rattlesden,St Nicholas TR,,08 Mar 1780,Jonathon,OTTERWELL,,Rattlesden,,,,Mary,SPURGION,,Rattlesden,,,,,,,,,,,,,,
SFK,Rattlesden,St Nicholas TR,,21 Oct 1768,John,OTTEWELL,,Rattlesden,widower,,,Mary,WHITING,,Rattlesden,,,,,,,,,,,,,,
SFK,Rattlesden,St Nicholas TR,,10 May 1774,Zachariah,OTTOWELL,,Rattlesden,,,,Susannah,ABBOTT,,Rattlesden,,,,,,,,,,,,,,
SFK,Rattlesden,St Nicholas TR,,30 Oct 1794,John,PALFREY,,Drinkstone,,,,Ann,BAKER,,Rattlesden,,,,,,,,,,,,,,
SFK,Rattlesden,St Nicholas TR,,14 Jan 1766,Thomas,PARISH,,Rattlesden,,,,Elizabeth,GOOLD,,Rattlesden,,,,,,,,,,,,,,
SFK,Rattlesden,St Nicholas TR,,07 Aug 1806,James,PARISH,,Rattlesden,,,,Charlotte,OTTERWELL,,Rattlesden,,,,,,,,,,,,,,
SFK,Rattlesden,St Nicholas TR,,28 Oct 1776,Cooper,PARR,,Rattlesden,,,,Susan,RIDGING,,Rattlesden,,,,,,,,,,,,,,
SFK,Rattlesden,St Nicholas TR,,27 Jan 1774,Thomas,PARTRIDGE,,Drinkstone,,,,Elizabeth,SKINNER,,Rattlesden,,,,,,,,,,,,,,
SFK,Rattlesden,St Nicholas TR,,18 Oct 1800,William,PEARL,,Rattlesden,,,,Mary,HALLS,,Rattlesden,,,,,,,,,,,,,,
SFK,Rattlesden,St Nicholas TR,,27 Nov 1789,John,PLUME,,Rattlesden,,,,Elizabeth,DAY,,Rattlesden,,,,,,,,,,,,,,
SFK,Rattlesden,St Nicholas TR,,03 Jan 1775,North,POOLE,,Rattlesden,,,,Elizabeth,ANDREWS,,Rattlesden,,,,,,,,,,,,,,
SFK,Rattlesden,St Nicholas TR,,02 Nov 1788,Zephaniah,POOLE,,Rattlesden,,,,Margaret,MAIDWELL,,Rattlesden,,,,,,,,,,,,,,
SFK,Rattlesden,St Nicholas TR,,21 Oct 1807,Henry,POOLE,,Rattlesden,,,,Rebecca,GOOSS,,Rattlesden,,,,,,,,,,,,,,
SFK,Rattlesden,St Nicholas TR,,30 Nov 1791,Robert,POTTER,,Rattlesden,,,,Sarah,DOVE,,Rattlesden,,,,,,,,,,,,,,
SFK,Rattlesden,St Nicholas TR,,10 Apr 1794,William,PRESS,,St Matthew Ipswich,,,,Christian,FAIERS,minor,Rattlesden,,,,,,,,,,,,,,
SFK,Rattlesden,St Nicholas TR,,18 Apr 1799,John,PUNCHARD,,Rattlesden,,,,Ann,MANFIELD,,Rattlesden,widow,,,,,,,,,,,,,
SFK,Rattlesden,St Nicholas TR,,21 Jan 1807,William,PURSLEY,,Rattlesden,,,,Mary,STEPHENS,,Rattlesden,,,,,,,,,,,,,,
SFK,Rattlesden,St Nicholas TR,,06 Jun 1775,Joseph,RACE,,Rattlesden,,,,Elizabeth,MANNING,,Rattlesden,,,,,,,,,,,,,,
SFK,Rattlesden,St Nicholas TR,,05 May 1759,Robert,RAKER,,Rattlesden,,,,Ann,ELSDEN,,Rattlesden,,,,,,,,,,,,,,
SFK,Rattlesden,St Nicholas TR,,29 Nov 1786,Robert,RAKER,,Rattlesden,,,,Mary,BENNET,,Rattlesden,,,,,,,,,,,,,,
SFK,Rattlesden,St Nicholas TR,,07 Dec 1804,Abraham,RAMSBOTTOM,,Rattlesden,,,,Elizabeth,JOLLY,,Rattlesden,,,,,,,,,,,,,,
SFK,Rattlesden,St Nicholas TR,,15 Jul 1759,James,RANSON,,Rattlesden,,,,Mary,MUTCHAM,,Rattlesden,,,,,,,,,,,,,,
SFK,Rattlesden,St Nicholas TR,,24 Sep 1763,John,RANSON,,Rattlesden,,,,Mary,BUGG,,Rattlesden,,,,,,,,,,,,,,
SFK,Rattlesden,St Nicholas TR,,25 May 1764,William,RANSON,,Rattlesden,,,,Sarah,BORLEY,,Rattlesden,,,,,,,,,,,,,,
SFK,Rattlesden,St Nicholas TR,,15 Jun 1789,Samuel,RAYNHAM,,Rattlesden,,,,Sarah,SHIPP,,Rattlesden,,,,,,,,,,,,,,
SFK,Rattlesden,St Nicholas TR,,04 Jun 1771,William,RAYNHAM,,Brettenham,widower,,,Penelope,BAKER,,Rattlesden,widow,,,,,,,,,,,,,
SFK,Rattlesden,St Nicholas TR,,18 Feb 1764,James,REEVE,,Rattlesden,widower,,,Mary,BENNETT,,Rattlesden,,,,,,,,,,,,,,
SFK,Rattlesden,St Nicholas TR,,27 Dec 1797,John,RIBBONS,,Rattlesden,,,,Amy,BENNET,,Rattlesden,,,,,,,,,,,,,,
SFK,Rattlesden,St Nicholas TR,,26 Feb 1766,Thomas,RICHER,,Rattlesden,,,,Elizabeth,WALLER,,Rattlesden,,,,,,,,,,,,,,
SFK,Rattlesden,St Nicholas TR,,04 Feb 1789,Thomas,RICHER,,Rattlesden,,,,Ann,POOLE,,Rattlesden,,,,,,,,,,,,,,
SFK,Rattlesden,St Nicholas TR,,13 Oct 1798,Edmund,RICHER,,Rattlesden,,,,Mary,STIFF,,Rattlesden,,,,,,,,,,,,,,
SFK,Rattlesden,St Nicholas TR,,30 Jul 1768,William,RICHMOND,,Drinkstone,,,,Mary,POOLE,,Rattlesden,,,,,,,,,,,,,,
SFK,Rattlesden,St Nicholas TR,,17 May 1806,Thomas,RISBY,,Rattlesden,,,,Mary,FURMAN,,Rattlesden,,,,,,,,,,,,,,
SFK,Rattlesden,St Nicholas TR,,27 Jun 1772,William,ROSYER,,Rattlesden,widower,,,Elizabeth,HEASEL,,Rattlesden,,,,,,,,,,,,,,
SFK,Rattlesden,St Nicholas TR,,07 Nov 1805,John,SADLER,,Rattlesden,,,,Mary Ann,LAMBERT,,Rattlesden,,,,,,,,,,,,,,
SFK,Rattlesden,St Nicholas TR,,19 Jan 1795,George,SEELIE,,Gedding,,,,Ann,NEWMAN,,Gedding,,,,,,,,,,,,,,
SFK,Rattlesden,St Nicholas TR,,31 Oct 1768,John,SHELVER,,Rattlesden,,,,Susanna,WRIGHT,,Rattlesden,,,,,,,,,,,,,,
SFK,Rattlesden,St Nicholas TR,,17 Jan 1763,John,SHIPP,,Rattlesden,,,,Margaret,MUTCHAM,,Rattlesden,,,,,,,,,,,,,,
SFK,Rattlesden,St Nicholas TR,,05 May 1791,John,SHIPP,,Rattlesden,,,,Harriot,ELY,minor,Rattlesden,,,,,,,,,,,,,,
SFK,Rattlesden,St Nicholas TR,,08 Dec 1789,John,SILVER,,Rattlesden,widower,,,Elizabeth,LING,,Rattlesden,,,,,,,,,,,,,,
SFK,Rattlesden,St Nicholas TR,,01 Jan 1770,Mulley,SKINNER,,Rattlesden,widower,,,Anne,BAILEY,,Rattlesden,widow,,,,,,,,,,,,,
SFK,Rattlesden,St Nicholas TR,,10 Oct 1759,Henry,SMITH,,Shelland,,,,Susannah,DYKES,,Rattlesden,,,,,,,,,,,,,,
SFK,Rattlesden,St Nicholas TR,,14 Jan 1795,James,SMITH,,Rattlesden,,,,Hannah,SNELL,,Rattlesden,,,,,,,,,,,,,,
SFK,Rattlesden,St Nicholas TR,,01 Mar 1797,Robert,SMITH,,Rattlesden,,,,Rachel,HYNARD,,Rattlesden,,,,,,,,,,,,,,
SFK,Rattlesden,St Nicholas TR,,28 Oct 1788,Thomas,SOUTHGATE,,Buxhall,,,,Elizabeth,KEEBEL,,Rattlesden,,,,,,,,,,,,,,
SFK,Rattlesden,St Nicholas TR,,14 Apr 1774,William,SPARKE,,Rattlesden,,,,Mary,LAMBIRD,,Rattlesden,,,,,,,,,,,,,,
SFK,Rattlesden,St Nicholas TR,,20 Nov 1772,John,SPEKEMAN,,Fornham All Saints,,,,Ann,COBBOLD,,Rattlesden,,,,,,,,,,,,,,
SFK,Rattlesden,St Nicholas TR,,02 Nov 1772,Stenny,SPINK,,Rattlesden,,,,Elizabeth,EDWARDS,,Rattlesden,,,,,,,,,,,,,,
SFK,Rattlesden,St Nicholas TR,,06 Dec 1782,William,SPINK,,Buxhall,,,,Mary,POOLE,,Rattlesden,,,,,,,,,,,,,,
SFK,Rattlesden,St Nicholas TR,,25 Jul 1779,John,SPINKE,,Wetherden,,,,Elizabeth,BANTOCK,,Rattlesden,,,,,,,,,,,,,,
SFK,Rattlesden,St Nicholas TR,,12 Apr 1809,John,SPOONER,,Rattlesden,widower,,,Mary,OTTERWELL,,Rattlesden,,,,,,,,,,,,,,
SFK,Rattlesden,St Nicholas TR,,20 May 1786,Caleb,STEGELS,,Rattlesden,,,,Elizabeth,OSBORN,,Rattlesden,,,,,,,,,,,,,,
SFK,Rattlesden,St Nicholas TR,,07 Jan 1778,Edmund,STEVENS,,Rattlesden,,,,Ann,SMEE,,Rattlesden,,,,,,,,,,,,,,
SFK,Rattlesden,St Nicholas TR,,13 Nov 1770,Thomas,STEWARD,,Rattlesden,,,,Elizabeth,DRAKE,,Rattlesden,,,,,,,,,,,,,,
SFK,Rattlesden,St Nicholas TR,,05 Oct 1775,Isaac,STONHAM,,Rattlesden,,,,Sarah,WARREN,,Rattlesden,,,,,,,,,,,,,,
SFK,Rattlesden,St Nicholas TR,,10 Mar 1808,Isaac,TATUM,,Rattlesden,,,,Hannah,RISBY,,Rattlesden,,,,,,,,,,,,,,
SFK,Rattlesden,St Nicholas TR,,20 Jan 1773,William,TAYLOR,,Ringshall,widower,,,Mary,PLUME,,Rattlesden,widow,,,,,,,,,,,,,
SFK,Rattlesden,St Nicholas TR,,21 Nov 1810,Thomas,THURLOW,,Rattlesden,,,,Ann,BROOM,,Newington Surrey,,,,,,,,,,,,,,
SFK,Rattlesden,St Nicholas TR,,23 Dec 1787,Philip,TRICKER,,Rattlesden,,,,Susan,POOLE,,Rattlesden,,,,,,,,,,,,,,
SFK,Rattlesden,St Nicholas TR,,09 May 1767,Jonathan,TRUDGETT,,Woolpit,,,,Frances,HINNELL,,Rattlesden,,,,,,,,,,,,,,
SFK,Rattlesden,St Nicholas TR,,26 Oct 1764,Robert,TWEED,,Bradfield St George,,,,Christiana,EDWARDS,,Rattlesden,,,,,,,,,,,,,,
SFK,Rattlesden,St Nicholas TR,,07 Jan 1801,Robert,TWEED,,Rattlesden,,,,Susan,CARTER,,Rattlesden,,,,,,,,,,,,,,
SFK,Rattlesden,St Nicholas TR,,12 Feb 1794,Edward,WALKER,,Rattlesden,,,,Mary,CHAPLIN,,Rattlesden,,,,,,,,,,,,,,
SFK,Rattlesden,St Nicholas TR,,07 Nov 1774,John,WALKER,,Rattlesden,widower,,,Mary,CORNISH,,Rattlesden,,,,,,,,,,,,,,
SFK,Rattlesden,St Nicholas TR,,27 Aug 1760,Richard,WARREN,,Bardwell,,,,Mary,OTTERWELL,,Rattlesden,,,,,,,,,,,,,,
SFK,Rattlesden,St Nicholas TR,,14 Nov 1773,James,WATERMAN,,Norton,,,,Sarah,RANSON,,Rattlesden,,,,,,,,,,,,,,
SFK,Rattlesden,St Nicholas TR,,09 Feb 1767,George,WELLS,,Stowmarket,,,,Catherine,COCKSEDGE,,Rattlesden,,,,,,,,,,,,,,
SFK,Rattlesden,St Nicholas TR,,25 May 1809,Martin,WELLS,,Rattlesden,,,,Anne,CHINERY,,Rattlesden,,,,,,,,,,,,,,
SFK,Rattlesden,St Nicholas TR,,22 May 1773,Peter,WELLS,,Rattlesden,widower,,,Anne,BAKER,,Rattlesden,,,,,,,,,,,,,,
SFK,Rattlesden,St Nicholas TR,,03 May 1809,Godfrey,WELLS,,Hadleigh,widower,,,Anna Maria,WELHAM,,Rattlesden,,,,,,,,,,,,,,
SFK,Rattlesden,St Nicholas TR,,25 Jul 1796,Benjamin,WHITING,,Shelland,,,,Amy,CHINERY,,Rattlesden,,,,,,,,,,,,,,
SFK,Rattlesden,St Nicholas TR,,16 Oct 1762,Thomas,WILDEN,,Rattlesden,,,,Mary,RANSON,,Rattlesden,,,,,,,,,,,,,,
SFK,Rattlesden,St Nicholas TR,,12 Nov 1769,William,WILDEN,,Rattlesden,,,,Anne,CRICK,,Rattlesden,,,,,,,,,,,,,,
SFK,Rattlesden,St Nicholas TR,,15 Sep 1783,Joseph,WILDEN,,Rattlesden,,,,Ann,GOOLD,,Rattlesden,,,,,,,,,,,,,,
SFK,Rattlesden,St Nicholas TR,,30 Jul 1786,John,WILDEN,,Rattlesden,,,,Mary,PERKISON,,Rattlesden,,,,,,,,,,,,,,
SFK,Rattlesden,St Nicholas TR,,06 Dec 1778,?,WILKIN,,Drinkstone,,,,Mary,RICHER,,Rattlesden,,,,,,,,,,,,,,
SFK,Rattlesden,St Nicholas TR,,15 Oct 1795,Edward,WILKIN,,Hesset,,,,Mary,BROOM,,Rattlesden,,,,,,,,,,,,,,
SFK,Rattlesden,St Nicholas TR,,12 Mar 1773,Harrington,WILLIS,,Rattlesden,widower,,,Elizabeth,D'EYE,,Rattlesden,,,,,,,,,,,,,,
SFK,Rattlesden,St Nicholas TR,,11 Mar 1810,William,WRIGHT,,Rattlesden,,,,Anne Maria,ORRIS,,Rattlesden,,,,,,,,,,,,,,
SFK,Rattlesden,St Nicholas TR,,15 Oct 1798,John,YOUNGMAN,,Rattlesden,,,,Elizabeth,SMITH,,Rattlesden,,,,,,,,,,,,,,
SFK,Rattlesden,St Nicholas TR,,,,,,,,,,,,,,,,,,,,,,,,,,,
SFK,Rattlesden,St Nicholas TR,,12 Oct 1820,John,ABBOT,,Rattlesden,,,,Sophia,HALLS,,Rattlesden,,,,,,,,,,James,HALLS,James,CHINNERY,
SFK,Rattlesden,St Nicholas TR,,19 Oct 1826,Thomas,ABBOTT,,Rattlesden,,,,Mary,HODDY,,Rattlesden,,,,,,,,,,Pearl,CROSS,Sophia,CROSS,
SFK,Rattlesden,St Nicholas TR,,14 Jan 1813,William,ABBOTT,,Woolpit,,,,Sophia,SHIPP,,Rattlesden,,,,,,,,,,?,SHIPP,Hannah,MELLS,1851 William (59) and Sophia (57) living at Woolpit
SFK,Rattlesden,St Nicholas TR,,08 Oct 1834,Robert,ARCHER,,Rattlesden,,,,Elizabeth,SYREH?,,Rattlesden,,,,,,,,,,John,PYMAN,Mary,SYREH?,
SFK,Rattlesden,St Nicholas TR,,16 Jan 1815,William,ARUNDELL,,Rattlesden,widower,,,Mary,POOLE,,Rattlesden,,,,,,,,,,John,HINNELL,James,CHINNERY,
SFK,Rattlesden,St Nicholas TR,,24 May 1825,Thomas,AVIS,,Rattlesden,,,,Mary,ROSE,,Rattlesden,,,,,,,,,,John,SADLER,Mary,OFFORD,
SFK,Rattlesden,St Nicholas TR,,26 Jul 1813,John,BAKER,,Rattlesden,,,,Mary Anne,BAXTER,,Rattlesden,,,,,,,,,,John,REEVE,James,CHINNERY,
SFK,Rattlesden,St Nicholas TR,,02 May 1820,John,BARNS,,Buxhall,,,,Harriet,RANSON,,Rattlesden,,,,,,,,,,Mary Ann,ENNALS,Jeremiah,PUNCHARD,
SFK,Rattlesden,St Nicholas TR,,25 Nov 1820,Jonas,BEER,,Rattlesden,,,,Rebecca,RAMSBOTTOM,,Rattlesden,,,,,,,,,,Joseph,KEEBLE,James,CHINNERY,1851 Rebecca aged 60 living at Felsham with Jonah Beer (23)
SFK,Rattlesden,St Nicholas TR,,22 Sep 1814,William,BEETON,,Rattlesden,,,,Elizabeth,RAYNHAM,,Rattlesden,,,,,,,,,,J,RAYNHAM,Mary,KING,
SFK,Rattlesden,St Nicholas TR,,11 Jul 1825,John,BELLMAN,,Rattlesden,,,,Elizabeth,CARTER,,Rattlesden,,,,,,,,,,John,EADY,Harriet,REICHEL,
SFK,Rattlesden,St Nicholas TR,,24 Dec 1830,Edward,BIRD,,Rattlesden,,,,Susan,ABBOTT,,Rattlesden,,,,,,,,,,James,BRETT,Lucy,HALL,
SFK,Rattlesden,St Nicholas TR,,14 Oct 1825,William,BIRD,,Rattlesden,,,,Susan,HUFFEY,,Rattlesden,,,,,,,,,,William,HUFFEY,Ann,MAYLIENE?,1851 William (50) and Susan (46) living at Gedding
SFK,Rattlesden,St Nicholas TR,,04 Aug 1823,Thomas,BIXBY,,Rattlesden,,,,Mary,WINSON,,Rattlesden,,,,,,,,,,Wm,WINSON,Jeremiah,BIXBY,
SFK,Rattlesden,St Nicholas TR,,21 Apr 1829,John,BOGGIS,,Rattlesden,,,,Sarah,SQUIRREL,,Rattlesden,,,,,,,,,,John,LAMBERT,Keziah,STEGGLES,
SFK,Rattlesden,St Nicholas TR,,15 Nov 1836,James,BRADBROOK,,Rattlesden,,,,Elizabeth,ELDER,,Rattlesden,,,,,,,,,,John,BRADLEY,Elizabeth,GRIMWOOD,
SFK,Rattlesden,St Nicholas TR,,04 Apr 1826,James,BRAGG,,Rattlesden,,,,Patience,BIRD,,Rattlesden,,,,,,,,,,Joseph,ORRIS,Eunice,HOWARD,1851 James living at Bury (St Marys) with 2nd wife Sophia of Drinkstone
SFK,Rattlesden,St Nicholas TR,,15 Jan 1832,James,BRETT,,Rattlesden,,,,Eliza,MOORE,,Rattlesden,,,,,,,,,,George,MOORE,Emma,QUINTIN,
SFK,Rattlesden,St Nicholas TR,,31 Jul 1835,Joseph,BREWER,,Rattlesden,,,,Frances,LAMBERT,,Rattlesden,widow,,,,,,,,,Edward,BREWER,Maria,GOSHAWK,
SFK,Rattlesden,St Nicholas TR,,11 Apr 1820,James,BRONN,,Elmstead,widower,,,Elizabeth,PLUME,,Rattlesden,,,,,,,,,,John,PLUME,Ann,COOPER,
SFK,Rattlesden,St Nicholas TR,,15 Oct 1822,Thomas,BUCKLE,,Rattlesden,,,,Elizabeth,COE,,Rattlesden,,,,,,,,,,Robert,JACOB,Mary,JACOB,
SFK,Rattlesden,St Nicholas TR,,06 Sep 1831,Seth,BULL,,Rattlesden,,,,Elizabeth,CHINERY,,Rattlesden,,,,,,,,,,Samuel,HUFFEY,Susan,HUFFEY,
SFK,Rattlesden,St Nicholas TR,,07 Jan 1823,James,BUTTON,,Rattlesden,,,,Mary,KEEBLE,,Rattlesden,,,,,,,,,,Amy,BURTON,James,CHINNERY,
SFK,Rattlesden,St Nicholas TR,,15 Oct 1813,Ezekial,BUXTON,,Rattlesden,,,,Elizabeth,AVES,,Rattlesden,,,,,,,,,,Thomas,KEEBLE,James,CHINNERY,
SFK,Rattlesden,St Nicholas TR,,09 Nov 1836,Robert,BUXTON,,Rattlesden,,,,Anne,HOWE,,Rattlesden,,,,,,,,,,Bixby,GOALD,Charlotte,BUXTON,
SFK,Rattlesden,St Nicholas TR,,28 Jan 1833,Robert,BUXTON,,Rattlesden,widower,,,Mary,OSBORNE,,Rattlesden,,,,,,,,,,James,ROSIER,Ann,ROSIER,
SFK,Rattlesden,St Nicholas TR,,11 Jul 1836,Benjamin,BYE,,Rattlesden,,,,Amy,CUTHBERT,,Rattlesden,,,,,,,,,,Peter,SEAMAN,Sarah,BYE,
SFK,Rattlesden,St Nicholas TR,,23 May 1836,William,BYE,,Rattlesden,,,,Eliza Anne,BUXTON,,Rattlesden,,,,,,,,,,Benjamin,BYE,Sophia,HALL,
SFK,Rattlesden,St Nicholas TR,,15 Oct 1818,Thomas,CARR,,Wortham,,,,Sarah,RAYNHAM,,Rattlesden,,,,,,,,,,Mary Jane,RAYNHAM,,,
SFK,Rattlesden,St Nicholas TR,,15 Apr 1816,William,CATER,,Rattlesden,,,,Mary,POTTELL,,Rattlesden,,,,,,,,,,Simon,CATER,Mary Ann,CATER,
SFK,Rattlesden,St Nicholas TR,,03 Oct 1827,Robert,CHAPLIN,,Rattlesden,widower,,,Mary,PEARTREE,,Rattlesden,widow,,,,,,,,,Samuel,FRISTON,Ann,FRISTON,
SFK,Rattlesden,St Nicholas TR,,01 Jul 1835,Robert,CHINERY,,Rattlesden,widower,,,Elizabeth,SQUIRREL,,Rattlesden,widow,,,,,,,,,Jeremiah,PUNCHARD,Mary,GLADWELL,
SFK,Rattlesden,St Nicholas TR,,20 Feb 1814,James,CHINNERY,,Rattlesden,widower,,,Elizabeth,MOORE,,Rattlesden,,,,,,,,,,Martin,WELLS,John,SHIPP,
SFK,Rattlesden,St Nicholas TR,,07 Aug 1820,Joseph,CHOAT,,Finchingfield,,,,Ann,WHITEHEAD,,Rattlesden,widow,,,,,,,,,William,PERRY,James,CHINNERY,
SFK,Rattlesden,St Nicholas TR,,07 Feb 1834,John,CHOET,,Rattlesden,,,,Ann,CLARK,,Rattlesden,,,,,,,,,,William,COBBLE,Susan,BOBY?,1851 Ann aged 41 living with son John (12 Badley) at Badley
SFK,Rattlesden,St Nicholas TR,,01 Feb 1819,Charles,CLARK,,Rattlesden,,,,Mary,OFFORD,,Rattlesden,,,,,,,,,,John,BAWLEY,Susan,BOULEY,
SFK,Rattlesden,St Nicholas TR,,04 Jun 1836,James,CLARKE,,Rattlesden,,,,Eliza,CUTHBERT,,Rattlesden,,,,,,,,,,James,CUTHBERT,Elizabeth,CLARKE,
SFK,Rattlesden,St Nicholas TR,,11 Jan 1829,John,CLARKE,,Rattlesden,,,,Elizabeth,HOWE,,Rattlesden,,,,,,,,,,William,HOWE,Christian,HARDY,1851 John aged 41 living at Bury (St James) ; Elizabeth (41) at Hessett
SFK,Rattlesden,St Nicholas TR,,06 Feb 1827,Timothy,CLOVER,,Rattlesden,,,,Ann,KEEBLE,,Rattlesden,,,,,,,,,,Jerry,CLOVER,Charlotte,KEEBLE,
SFK,Rattlesden,St Nicholas TR,,28 Oct 1817,William,CLOVER,,Rattlesden,,,,Judith,TAYLOR,,Rattlesden,,,,,,,,,,Elizabeth,CLOVER,James,CHINNERY,
SFK,Rattlesden,St Nicholas TR,,25 Dec 1827,William,CLOVER,,Rattlesden,widower,,,Elizabeth,RIBBONS,,Drinkstone,,,,,,,,,,Bryant,READER,Charlotte,OXER,
SFK,Rattlesden,St Nicholas TR,,11 Nov 1814,Shadrach,COBBLE,,Rattlesden,,,,Diana,NICE,,Rattlesden,,,,,,,,,,Thomas,HORNE,James,CHINNERY,
SFK,Rattlesden,St Nicholas TR,,03 Mar 1826,Edward,COBBOLD,,Rattlesden,,,,Mary Ann,LAMBERT,,Rattlesden,,,,,,,,,,John,LAMBERT,Eleanor,DOW,
SFK,Rattlesden,St Nicholas TR,,03 Apr 1832,John,COBBOLD,,Rattlesden,,,,Sophia,KEEBLE,,Rattlesden,,,,,,,,,,Zacariah,SMITH,Sarah,MOORE,
SFK,Rattlesden,St Nicholas TR,,25 Dec 1824,Thomas,COBBOLD,,Rattlesden,,,,Lucy,NICE,,Drinkstone,,,,,,,,,,Isaac,ORRIS,Elizabeth,KING,1851 Thomas (50) and Lucy (54 Drinkstone) living at Shotley
SFK,Rattlesden,St Nicholas TR,,01 Nov 1828,William,COBBOLD,,Rattlesden,,,,Eleanor,DOW,,Rattlesden,,,,,,,,,,Isaac,CLARKE,Ann,NUNN,
SFK,Rattlesden,St Nicholas TR,,19 Nov 1831,Edward,COBBOLD,,Rattlesden,widower,,,Christian,HARDY,,Rattlesden,,,,,,,,,,Thomas,HARDY,Mary,FOLKHARD,
SFK,Rattlesden,St Nicholas TR,,12 Jun 1821,John,COCKSEDGE,,Hessett,,,,Sophia,OSBORNE,,Rattlesden,,,,,,,,,,Edward,COCKSEDGE,James,CHINNERY,1851 John and Sophia (45) living at Hessett
SFK,Rattlesden,St Nicholas TR,,26 Dec 1816,William,COCKSEDGE,,Rattlesden,,,,Sarah,STEARN,,Rattlesden,,,,,,,,,, William,COCKSEDGE,James,CHINNERY,
SFK,Rattlesden,St Nicholas TR,,13 Oct 1814,Isaac,COOPER,,Buxhall,,,,Elizabeth,MIRRINGTON,,Rattlesden,,,,,,,,,,William,MIRRINGTON,Elizabeth,PLUME,Issac and Elizabeth at Long Melford in 1851
SFK,Rattlesden,St Nicholas TR,,27 Mar 1827,Joshua Raynham,COOPER,,Rattlesden,,,,Amelia Hunt,CHINERY,,Rattlesden,,,,,,,,,,Isaac,JACKSON,Elizabeth,COOPER,
SFK,Rattlesden,St Nicholas TR,,30 Dec 1824,Edmund,CRASKE,,Rattlesden,,,,Sophia,FIRMAN,,Rattlesden,,,,,,,,,,Susan,HUFFEY,William,CRASKE,
SFK,Rattlesden,St Nicholas TR,,06 Oct 1825,John,CRONIN,,Middlesex,,,,Mary Ann,HINNELL,,Rattlesden,,,,,,,,,,John,HINNELL,Ann,HINNELL,
SFK,Rattlesden,St Nicholas TR,,28 Sep 1813,Charles,CROSS,,Rattlesden,,,,Henrietta,QUINTON,,Rattlesden,,,,,,,,,,Susanna,QUINTON,R,CARTER ?,
SFK,Rattlesden,St Nicholas TR,,28 Oct 1831,Charles,CROSS,,Rattlesden,,,,Elizabeth,HOLDEN,,Rattlesden,,,,,,,,,,Michael,HOLDEN,Louisa,HOLDEN,1851 Charles (40) and Elizabeth were living at Woolpit
SFK,Rattlesden,St Nicholas TR,,25 Dec 1826,William,CUDBURD,,Rattlesden,,,,Elizabeth,MARTIN,,Rattlesden,,,,,,,,,,Frederick,ROSHER,Ann,CUDBURD,
SFK,Rattlesden,St Nicholas TR,,24 May 1825,Philip,DEARE,,Rattlesden,,,,Sophia,MATTOCK,,Rattlesden,,,,,,,,,,,,,,See 7/6/1825
SFK,Rattlesden,St Nicholas TR,,07 Jun 1825,Philip,DEARE,,Rattlesden,,,,Sophia,MATTOCK,,Rattlesden,,,,,,,,,,Jeremiah,CLOVER,Anne,CUDBURT,
SFK,Rattlesden,St Nicholas TR,,06 Aug 1829,Francis,DEATH,,Lawshall,,,,Mary Ann,MARKS,,Rattlesden,,,,,,,,,,Thomas,BRADLEY,H,DEATH,
SFK,Rattlesden,St Nicholas TR,,12 Jan 1829,James,DENNANT,,Wilby,,,,Mary Ann,CROSS,,Rattlesden,,,,,,,,,,?,CROSS,Sophia,CROSS,1851 James (47 Wilby) and Mary Ann (44) living at Ipswich St Clements
SFK,Rattlesden,St Nicholas TR,,19 Jul 1827,Philip,DICKERSON,,Rattlesden,widower,,,Mary Ann,COOPER,,Rattlesden,,,,,,,,,,John,COOPER,Eliza,COOPER,Henry Roper also witnessed
SFK,Rattlesden,St Nicholas TR,,07 Nov 1818,Robert,DURHAM,,Rattlesden,,,,Mary,GOODWIN,,Rattlesden,,,,,,,,,,Sarah,GOODWIN,James,CHINNERY,
SFK,Rattlesden,St Nicholas TR,,27 Jul 1818,Thomas,DURHAM,,Rattlesden,,,,Susan,HOWLETT,,Rattlesden,,,,,,,,,,John,HOWLETT,Mary,GUNNELL,
SFK,Rattlesden,St Nicholas TR,,18 Jul 1822,Robert,DURHAM,,Rattlesden,widower,,,Mary,EVERETT,,Rattlesden,widow,,,,,,,,,Lucy,DURENT,James,CHINNERY,
SFK,Rattlesden,St Nicholas TR,,09 May 1820,James,DURRANT,,Rattlesden,,,,Susan,HAYWOOD,,Rattlesden,,,,,,,,,,Lucy,HALLS,James,CHINNERY,
SFK,Rattlesden,St Nicholas TR,,01 Jan 1836,John,ENNALS,,Rattlesden,,,,Maria,ENNALS,,Rattlesden,,,,,,,,,,John,JEWERS,Sarah,ENNALS,
SFK,Rattlesden,St Nicholas TR,,12 Jul 1827,William,ENNALS,,Rattlesden,,,,Catherine,HUNT,,Elmswell,,,,,,,,,,Maria,HUNT,Sarah,ENNALS,John Ennals also witnessed
SFK,Rattlesden,St Nicholas TR,,18 Oct 1830,Daniel,EUSTON,,Rattlesden,,,,Ann,CUTHBERT,,Rattlesden,,,,,,,,,,J,GOSLIN,Mary,EUSTON,
SFK,Rattlesden,St Nicholas TR,,09 Oct 1830,William,FAYERS,,Rattlesden,,,,Mary Ann,GLADWELL,,Rattlesden,,,,,,,,,,William,BENETT,Amy,BURTON,1851 both living at Bury (St James)
SFK,Rattlesden,St Nicholas TR,,22 Sep 1834,George,FIRMAN,,Rattlesden,,,,Christian Mary,BROOM,,Rattlesden,,,,,,,,,,Thomas Stearn,BROOM,Sophia,STURGEON,
SFK,Rattlesden,St Nicholas TR,,21 Jul 1828,James,FISHER,,Bury St Eds,,,,Mary,MOORE,,Rattlesden,,,,,,,,,,John Bonnett,MARY,Keeble,HENRY,Westley
SFK,Rattlesden,St Nicholas TR,,15 Apr 1827,Richard,FISHER,,Rattlesden,widower,,,Bridget,SNELL,,Rattlesden,widow,,,,,,,,,Isaac,FISHER,Ann Maria,WELLS,
SFK,Rattlesden,St Nicholas TR,,05 Jan 1819,Thomas,FISKE,,Drinkstone,,,,Ann,STEARN,,Rattlesden,,,,,,,,,,Sophia,STEARN,Ostid,BROOM,
SFK,Rattlesden,St Nicholas TR,,22 Jun 1821,Thomas,FISKE,,Rattlesden,widower,,,Christian,BROOME,,Rattlesden,widow,,,,,,,,,Wm,LANGHAM,Mary Ann,LANGHAM,1851 Thomas (69) and Christian living at Woolpit
SFK,Rattlesden,St Nicholas TR,,15 May 1820,James,FRANCIS,,Rattlesden,,,,Elizabeth,WENHAM,,Rattlesden,,,,,,,,,,Mary,KING,James,CHINNERY,
SFK,Rattlesden,St Nicholas TR,,12 Oct 1813,Samuel,FRISTON,,Rattlesden,,,,Anne,SPINK,,Rattlesden,,,,,,,,,,Robert,CHAPMAN,James,CHINNERY,
SFK,Rattlesden,St Nicholas TR,,09 Apr 1832,George,FROST,,Rattlesden,,,,Mary Ann,SALMON,,Rattlesden,,,,,,,,,,Ann,MAYHEW,Wm,SALMON,
SFK,Rattlesden,St Nicholas TR,,08 Aug 1828,Robert Osborn,FULLER,,Buxhall,,,,Mary Ann,MORGAN,,Rattlesden,,,,,,,,,,Banjamin,MORGAN,Susanna,FULLER,1851 Robert (43) and Mary Ann (43) living at Buxhall ( Robert born at Nedging)
SFK,Rattlesden,St Nicholas TR,,20 May 1816,William,FULLER,,Rattlesden,widower,,,Elizabeth,LONG,,Rattlesden,widow,,,,,,,,,James,GOWERS,James,CHINNERY,
SFK,Rattlesden,St Nicholas TR,,27 Nov 1819,Robert,GALLANT,,Rattlesden,,,,Maria,YOUNGMAN,,Rattlesden,,,,,,,,,,John,YOUNGMAN,James,CHINNERY,
SFK,Rattlesden,St Nicholas TR,,12 Oct 1815,John,GILL,,Rattlesden,,,,Charlotte,GAGE,,Rattlesden,,,,,,,,,,Thomas,GRIMWOOD,Ann,COOPER,
SFK,Rattlesden,St Nicholas TR,,14 Nov 1820,Joseph,GLADWELL,,Rattlesden,,,,Mary Anne,HOWARD,,Rattlesden,,,,,,,,,,John,SADLER,Jemima,HARVARD,
SFK,Rattlesden,St Nicholas TR,,27 May 1822,Robert,GLADWELL,,Rattlesden,,,,Elizabeth,STEVENS,,Rattlesden,,,,,,,,,,William,RAMPLIN,James,CHINNERY,
SFK,Rattlesden,St Nicholas TR,,30 Oct 1818,Robert,GLADWELL,,Rattlesden,widower,,,Anne,HOLLUX,,Rattlesden,,,,,,,,,,Samuel,AVIS,James,CHINNERY,
SFK,Rattlesden,St Nicholas TR,,18 Apr 1825,Robert,GLADWELL,,Rattlesden,widower,,,Susan,RICHER,,Rattlesden,,,,,,,,,,Richard,ROSBRICK,Mary,RICHER,
SFK,Rattlesden,St Nicholas TR,,25 Dec 1822,James,GOWERS,,Rattlesden,,,,Maria,GALLANT,,Rattlesden,,,,,,,,,,Robert,GALLANT,Jane,GOWERS,
SFK,Rattlesden,St Nicholas TR,,21 Oct 1825,Thomas,GOWERS,,Rattlesden,,,,Anne,DIEPER,,Buxhall,,,,,,,,,,Henry,HOW,Ann,GOWERS,1851 Thomas (47) and Ann (43) living at Buxhall
SFK,Rattlesden,St Nicholas TR,,08 Sep 1830,James Sewell,GRIMWOOD,,Rattlesden,,,,Thamar,RICHER,,Rattlesden,,,,,,,,,,James,RICHER,Hannah,MOORE,James and Thamar living at Hitcham in 1851
SFK,Rattlesden,St Nicholas TR,,17 May 1818,John,GRIMWOOD,,Rattlesden,,,,Sophia,GLADWELL,,Rattlesden,,,,,,,,,,James,BURTON,James,CHINNERY,
SFK,Rattlesden,St Nicholas TR,,09 Jun 1829,Thomas,GRIMWOOD,,Rattlesden,,,,Emily,PASKE,,Rattlesden,,,,,,,,,,Robert,GRIMWOOD,Rachel,CROUCH,
SFK,Rattlesden,St Nicholas TR,,31 Dec 1830,Thomas,GRIMWOOD,,Rattlesden,widower,,,Charlotte,PARISH,,Rattlesden,,,,,,,,,,James,MILLS,Ann,BRABLEY,
SFK,Rattlesden,St Nicholas TR,,04 Jan 1814,Joseph,HAILSTONE,,Pakenham,,,,Susan,STEGGALS,,Rattlesden,,,,,,,,,,John,POOLE,James,CHINNERY,1851 Joseph and Susan (60) living at Thurston
SFK,Rattlesden,St Nicholas TR,,13 Oct 1813,William,HALLS,,Rattlesden,,,,Elizabeth,DURRANT,,Rattlesden,,,,,,,,,,Robert,MANNINGS,Sarah,HALLS,
SFK,Rattlesden,St Nicholas TR,,05 Nov 1834,Thomas,HARDY,,Rattlesden,,,,Mary,FOLKARD,,Rattlesden,,,,,,,,,,William,TRICKER,Susan,TRICKER,
SFK,Rattlesden,St Nicholas TR,,12 Aug 1824,James W,HAWTHORNE,,Islington,,,,Mary Anne,TAYLOR,,Rattlesden,,,,,,,,,,James,SALMON,Sarah,SALMON,
SFK,Rattlesden,St Nicholas TR,,28 Jun 1821,William,HODDY,,Rattlesden,,,,Mary,HOWE,,Rattlesden,,,,,,,,,,Elizabeth,CHINERY,James,CHINNERY,
SFK,Rattlesden,St Nicholas TR,,16 Jan 1827,Robert,HOLLICKS,,Rattlesden,widower,,,Mary,BUMPSTEAD,,Rattlesden,widow,,,,,,,,,Mary,GLADWELL,Mary Ann,WENHAM,
SFK,Rattlesden,St Nicholas TR,,18 Jan 1820,Robert,HORROX,,Rattlesden,,,,Charlotte,BAKER,,Rattlesden,,,,,,,,,,James,CHINNERY,Elizabeth,CHINNERY,
SFK,Rattlesden,St Nicholas TR,,19 Feb 1827,Henry,HOW,,Rattlesden,,,,Jane,GOWERS,,Rattlesden,,,,,,,,,,Thomas,GOWERS,Ann,GOWERS,
SFK,Rattlesden,St Nicholas TR,,08 Feb 1825,John,HOW,,Rattlesden,,,,Susan,SMITH,,Rattlesden,,,,,,,,,,Henry,AVES?,Jane,GOUR ,
SFK,Rattlesden,St Nicholas TR,,24 Dec 1836,Joseph,HUMPHRIES,,Rattlesden,,,,Mary Ann,MILLS,,Rattlesden,,,,,,,,,,Robert,TURNER,Susan,COCKSEDGE,
SFK,Rattlesden,St Nicholas TR,,10 Jul 1821,Charles,KEEBLE,,Rattlesden,,,,Mary,RICHER,,Rattlesden,,,,,,,,,,Charles,OAKES,Thomas,BUCKLE,
SFK,Rattlesden,St Nicholas TR,,22 Jan 1819,Thomas,KEEBLE,,Rattlesden,,,,Sarah,RICHER,,Rattlesden,,,,,,,,,,John,?,Ann,RICHER,
SFK,Rattlesden,St Nicholas TR,,25 Dec 1826,Thomas,KEEBLE,,Rattlesden,,,,Mary,DEER,,Rattlesden,,,,,,,,,,John,LAMBERT,Frances,MOOR,
SFK,Rattlesden,St Nicholas TR,,07 May 1832,Thomas,LAICIS,,Rattlesden,,,,Maria,MATTOCK,,Rattlesden,,,,,,,,,,Wm,MATTOCK,Sophia,DEER,
SFK,Rattlesden,St Nicholas TR,,28 Jul 1828,John,LAMBERT,,Rattlesden,,,,Frances,MOORE,,Rattlesden,,,,,,,,,,Edward,COBBOLD,Susan,LAMBERT,
SFK,Rattlesden,St Nicholas TR,,25 Dec 1833,Thomas,LISTER,,Felsham,,,,Ann,GOWERS,,Rattlesden,,,,,,,,,,James,GOWERS,Mercy,GOWERS,1851 Thomas (39) and Ann (39) living at Felsham
SFK,Rattlesden,St Nicholas TR,,04 Nov 1835,Nathaniel,MAJOR,,Rattlesden,,,,Deborah,PYMAN,,Rattlesden,,,,,,,,,,John,MOORE,Mary,PYMAN,
SFK,Rattlesden,St Nicholas TR,,16 Jan 1827,George L,MANN,,Glemsford,widower,,,Sarah,SALMON,,Rattlesden,,,,,,,,,,Samuel,SALMON,Mary Ann,SALMON,George and Sarah at Glemsford in 1851
SFK,Rattlesden,St Nicholas TR,,30 Jun 1835,John,MAYES,,Rattlesden,,,,Sarah,MOORE,,Rattlesden,,,,,,,,,,Frederick,MAYES,Mary,RUSHBROOK,
SFK,Rattlesden,St Nicholas TR,,19 Nov 1830,William,MAYHEW,,Rattlesden,,,,Henrietta,DEATH,,Rattlesden,,,,,,,,,,G,DEATH,M,DEATH,
SFK,Rattlesden,St Nicholas TR,,19 Oct 1827,William,MILLER,,Rattlesden,,,,Maria,CHINNERY,,Rattlesden,,,,,,,,,,John,WELLS,Judith,CHINNERY,
SFK,Rattlesden,St Nicholas TR,,26 Jul 1816,James,MILLS,,Rattlesden,,,,Lydia,LINGLEY,,Rattlesden,,,,,,,,,,Biry?,MORGAN,James,CHINNERY,
SFK,Rattlesden,St Nicholas TR,,29 Mar 1825,James,MILLS,,Rattlesden,widower,,,Hannah,GRIMWOOD,,Rattlesden,,,,,,,,,,Thomas,GRIMWOOD,Elleanor,DOW,
SFK,Rattlesden,St Nicholas TR,,02 Jul 1814,John,MIRRINGTON,,Rattlesden,,,,Charlotte,AVES,,Rattlesden,,,,,,,,,,James,COOPER,?,MIRRINGTON,1851 John (57) living with dau Charlotte (34 Rattlesden) at Flowton
SFK,Rattlesden,St Nicholas TR,,02 Oct 1821,Thomas,MIRRINGTON,,Rattlesden,,,,Mary,COOPER,,Rattlesden,,,,,,,,,,Wm,ENNALS,Sarah,ENNALS,
SFK,Rattlesden,St Nicholas TR,,12 Nov 1831,George,MOORE,,Rattlesden,,,,Ann,DEER,,Rattlesden,,,,,,,,,,James,BRETT,Eliza,MOORE,
SFK,Rattlesden,St Nicholas TR,,06 Mar 1815,John,MOORE,,Rattlesden,,,,Mary Anne,FORD,,Rattlesden,,,,,,,,,,Ambrose,LYAS,James,CHINNERY,
SFK,Rattlesden,St Nicholas TR,,13 Sep 1827,Robert,MOORE,,Rattlesden,,,,Elizabeth,DURRANT,,Rattlesden,,,,,,,,,,Eliza,MOORE,Dorothy,CAGE,T Herbstraw also witnessed
SFK,Rattlesden,St Nicholas TR,,06 Feb 1826,Meshach,MORE,,Rattlesden,,,,Sarah,NUNN,,Rattlesden,,,,,,,,,,John,NICE,Maria,MORE,
SFK,Rattlesden,St Nicholas TR,,27 Jan 1818,William,MOTHERSOLE,,Hessett,,,,Maria,GOWERS,,Rattlesden,,,,,,,,,,Mary,MOORE,James,CHINNERY,1851 William and Maria (55) living at Hessett
SFK,Rattlesden,St Nicholas TR,,06 Dec 1813,Robert,NORMAN,,Rattlesden,,,,Elizabeth,PARKESS,,Rattlesden,,,,,,,,,,James,KING,Jeremiah,CATER,
SFK,Rattlesden,St Nicholas TR,,27 Dec 1827,John,NUNN,,Rattlesden,,,,Mary Ann,TATUM,,Rattlesden,,,,,,,,,,Thomas,GRIMWOOD,Phobe,RISBY,
SFK,Rattlesden,St Nicholas TR,,10 Jul 1815,Robert,NUNN,,Rattlesden,,,,Anne,NUNN,,Rattlesden,,,,,,,,,,John,SHIPP,James,CHINNERY,
SFK,Rattlesden,St Nicholas TR,,07 Dec 1821,Thomas,NUNN,,Rattlesden,widower,,,Mary,MATTOCK,,Rattlesden,,,,,,,,,,James,CHINNERY,Elizabeth,CHINERY,
SFK,Rattlesden,St Nicholas TR,,05 Jun 1827,Nathaniel,OFFORD,,Rattlesden,,,,Mary Ann,BUXTON,,Rattlesden,,,,,,,,,,William,BUXTON,Mary,OFFORD,Eunice Howard also witnessed
SFK,Rattlesden,St Nicholas TR,,22 Oct 1825,Isaac,ORRIS,,Rattlesden,,,,Elizabeth,KING,,Rattlesden,,,,,,,,,,Thomas,COBBOLD,Lucy,COBBOLD,
SFK,Rattlesden,St Nicholas TR,,07 Sep 1828,John,ORRIS,,Rattlesden,,,,Mary Ann,WENHAM,,Rattlesden,,,,,,,,,,Jacob,WENHAM,Elizabeth,ORRIS,
SFK,Rattlesden,St Nicholas TR,,28 Feb 1837,Willam,ORRIS,,Rattlesden,,,,Mary Anne,AGER,,Rattlesden,,,,,,,,,,Isaac,ORRIS,Elizabeth,ORRIS,
SFK,Rattlesden,St Nicholas TR,,31 Mar 1834,Robert,OSBORN,,Rattlesden,,,,Sally,FOLKARD,,Rattlesden,,,,,,,,,,William,PARISH,Mary,OSBORN,
SFK,Rattlesden,St Nicholas TR,,14 Dec 1831,Antony,OSBORNE,,Rattlesden,,,,Mary,SHEPHERD,,Rattlesden,,,,,,,,,,John,GREENGRASS,Jemima,SHEPHERD,
SFK,Rattlesden,St Nicholas TR,,01 Jun 1819,Robert,OSBORNE,,Rattlesden,,,,Louisa,AUSTIN,,Hesset,,,,,,,,,,William,OSBORNE,James,CHINNERY,
SFK,Rattlesden,St Nicholas TR,,27 Oct 1818,William,OSBORNE,,Rattlesden,,,,Frances,ARMSTRONG,,Rattlesden,,,,,,,,,,James,TAYLOR,James,CHINNERY,
SFK,Rattlesden,St Nicholas TR,,17 Sep 1834,John,OSBOURN,,Rattlesden,,,,Allice,REEVE,,Rattlesden,,,,,,,,,,John,REEVE,Sarah,REEVE,
SFK,Rattlesden,St Nicholas TR,,12 Nov 1833,Peter,PARISH,,Rattlesden,,,,Ann,RUDLAND,,Rattlesden,,,,,,,,,,James,MILLS,Elizabeth,BELLMAN,
SFK,Rattlesden,St Nicholas TR,,19 May 1834,William,PARISH,,Rattlesden,,,,Sarah,OSBORN,,Rattlesden,,,,,,,,,,Robert,ORSBOURN,Sarah,OSBORN,1851 William (36) and Sarah (35) living at Buxhall
SFK,Rattlesden,St Nicholas TR,,20 Nov 1813,John,PARKETON,,Rattlesden,,,,Christian,RACE,,Rattlesden,,,,,,,,,,Anne,PARKETON,James,CHINNERY,
SFK,Rattlesden,St Nicholas TR,,11 Nov 1814,John,POOLE,,Rattlesden,,,,Mary,BROOKE,,Rattlesden,,,,,,,,,,Bob,NUNN,James,CHINNERY,
SFK,Rattlesden,St Nicholas TR,,25 Mar 1829,John,PROCTOR,,Rattlesden,widower,,,Elizabeth,RUSH,,Rattlesden,,,,,,,,,,Edward,RUSH,Elizabeth,PAYNE,
SFK,Rattlesden,St Nicholas TR,,12 May 1818,Jeremiah,PUNCHARD,,Rattlesden,,,,Sarah,RANSON,,Rattlesden,,,,,,,,,,Peter,PETTITE,Harriet,RANSON,
SFK,Rattlesden,St Nicholas TR,,20 Dec 1830,Elijah,RAFE,,Rattlesden,,,,Sarah,KING,,Rattlesden,,,,,,,,,,John,THORPE,Hannah,KING,
SFK,Rattlesden,St Nicholas TR,,26 Jun 1835,Edward,RANSON,,Rattlesden,,,,Betsy,WARD,,Rattlesden,,,,,,,,,,Morris,RANSON,Maria,RANSON,
SFK,Rattlesden,St Nicholas TR,,15 Mar 1822,Edward,RANSON,,Rattlesden,,,,Sophia,ELY,,Rattlesden,,,,,,,,,,Anthony,SHIPP,Sophia,ABBOTT,
SFK,Rattlesden,St Nicholas TR,,15 Dec 1820,James,RANSON,,Rattlesden,,,,Sarah,WELHAM,,Rattlesden,,,,,,,,,,Samuel,SMITH,James,CHINNERY,
SFK,Rattlesden,St Nicholas TR,,11 Dec 1834,Morris,RANSON,,Rattlesden,,,,Maria,WARD,,Rattlesden,,,,,,,,,,Edward,RANSON,Betsy,WARD,
SFK,Rattlesden,St Nicholas TR,,25 Dec 1827,Bryant,READER,,Drinkstone,,,,Charlotte,OXER,,Rattlesden,,,,,,,,,,Wm,CLOVER,Elizabeth,RIBBONS,
SFK,Rattlesden,St Nicholas TR,,11 Nov 1825,Thomas,REYNOLDS,,Rattlesden,,,,Maria,NUNN,,Rattlesden,,,,,,,,,,Robert,REYNOLDS,Sarah,NUNN,
SFK,Rattlesden,St Nicholas TR,,14 Jan 1834,James,RICHER,,Rattlesden,,,,Hannah,MOORE,,Rattlesden,,,,,,,,,,Sarah,MOORE,Joseph,HUMPHRIES,
SFK,Rattlesden,St Nicholas TR,,20 Oct 1813,William,RICHER,,Rattlesden,,,,Mary,LLOYD,,Rattlesden,,,,,,,,,,Harriet,FLATT?,James,CHINNERY,
SFK,Rattlesden,St Nicholas TR,,26 Oct 1830,William,RICHER,,Rattlesden,widower,,,Maria,MOORE,,Rattlesden,,,,,,,,,,Meshach,MOORE,Sarah,MOORE,
SFK,Rattlesden,St Nicholas TR,,07 Nov 1823,Henry,RICKOTS,,Rattlesden,,,,Mary Hannah,FAYERS,,Rattlesden,,,,,,,,,,John,NUNN,Wm,FAYERS,
SFK,Rattlesden,St Nicholas TR,,19 Feb 1828,Thomas,RISBY,,Rattlesden,,,,Lucy,BROOKS,,Rattlesden,,,,,,,,,,Isaac,HOWARD,Thamah,RICHER,
SFK,Rattlesden,St Nicholas TR,,24 Dec 1831,Benjamin,ROBINSON,,Rattlesden,,,,Jane,MARTIN,,Rattlesden,,,,,,,,,,Nathorey?,SHIPP,Elizabeth,MARTIN,
SFK,Rattlesden,St Nicholas TR,,09 Apr 1834,James,ROBINSON,,Rattlesden,,,,Sarah Jane,BROOM,,Rattlesden,,,,,,,,,,George,FIRMAN,Mary,BROOM,
SFK,Rattlesden,St Nicholas TR,,19 Oct 1819,Henry,ROPER,,Bacton,,,,Mary,SPINK,,Rattlesden,,,,,,,,,,S,FRISTON,Ann,FRISTON,
SFK,Rattlesden,St Nicholas TR,,28 Nov 1833,Henry Clement,ROPER,,Rattlesden,,,,Mary Ann,SALMON,,Rattlesden,,,,,,,,,,Samuel,SALMON,Sarah,MOORE,
SFK,Rattlesden,St Nicholas TR,,16 Nov 1827,James,ROSIER,,Rattlesden,widower,,,Ann,BUXTON,,Rattlesden,,,,,,,,,,James,BUXTON,Mary Ann,GLADWELL,
SFK,Rattlesden,St Nicholas TR,,07 Nov 1825,John,ROSTIER,,Rattlesden,,,,Harriet,SCOT,,Rattlesden,,,,,,,,,,John,OSBOURN,Mildred,SCOTT,
SFK,Rattlesden,St Nicholas TR,,25 Oct 1831,Samuel,SALMON,,Rattlesden,,,,Mary,ROPER,,Rattlesden,,,,,,,,,,John,ROPER,Henry,ROPER,
SFK,Rattlesden,St Nicholas TR,,28 Sep 1835,William,SALMON,,Rattlesden,,,,Sarah,LANGHAM,,Rattlesden,,,,,,,,,,Geo,FROST,Susan,CROSS,
SFK,Rattlesden,St Nicholas TR,,29 Aug 1829,Robert,SMITH,,Brettenham,,,,Sophia,STEARN,,Rattlesden,,,,,,,,,,Shealate?,GATHERSOLE,Sarah,SMITH,Robert (45) and Sophia (50) at Wattisfield 1851
SFK,Rattlesden,St Nicholas TR,,13 Jun 1818,Robert,SMITH,,Rattlesden,widower,,,Mary,SPOONER,,Rattlesden,widow,,,,,,,,,James,STUDD,James,CHINNERY,
SFK,Rattlesden,St Nicholas TR,,28 Feb 1837,Samuel,SNELL,,Rattlesden,,,,Deborah,STOKES,,Rattlesden,,,,,,,,,,John,COOK,Martha,COOK,
SFK,Rattlesden,St Nicholas TR,,15 Mar 1831,Richard,SNELLING,,Rattlesden,,,,Mary,KEEBLE,,Rattlesden,widow,,,,,,,,,James,COBBOLD,Ann,DEER,
SFK,Rattlesden,St Nicholas TR,,03 Oct 1819,James,SOUTHGATE,,Rattlesden,,,,Ann,MATTICK,,Rattlesden,,,,,,,,,,John,SOUTHGATE,James,CHINNERY,
SFK,Rattlesden,St Nicholas TR,,26 Dec 1820,John,SOUTHGATE,,Rattlesden,,,,Elizabeth,HALLS,,Rattlesden,,,,,,,,,,James,HALLS,Sarah,BRADLEY,
SFK,Rattlesden,St Nicholas TR,,13 Jan 1834,Robert,SPARK,,Rattlesden,,,,Jane,BIRD,,Rattlesden,,,,,,,,,,Douglas E,HALL,Mary Ann,LYAS,1851 Robert aged 60
SFK,Rattlesden,St Nicholas TR,,09 Dec 1814,Edward,SPINK,,Drinkstone,,,,Anne,MOORE,,Rattlesden,,,,,,,,,,John,SPINK,Christian,SPIANK ?,1851 Ann aged 53 living with daughter Mary A at Woolpit
SFK,Rattlesden,St Nicholas TR,,05 Nov 1816,John,STEGGALLS,,Rattlesden,,,,Martha,HUFFEY,,Rattlesden,,,,,,,,,,Samuel,HUFFEY,James,CHINNERY,
SFK,Rattlesden,St Nicholas TR,,18 Oct 1813,Benjamin,STEGGALS,,Rattlesden,,,,Elizabeth,BROOKE,,Rattlesden,,,,,,,,,,Anne,MOORE,James,CHINNERY,
SFK,Rattlesden,St Nicholas TR,,11 Jun 1832,James,TATUM,,Rattlesden,,,,Charlotte,KEEBLE,,Rattlesden,,,,,,,,,,Benjamin,CODD,Phoebe,CODD,
SFK,Rattlesden,St Nicholas TR,,27 Jun 1831,John,TAYLOR,,Rattlesden,,,,Sarah,FARRER,,Rattlesden,,,,,,,,,,Anthony,SHIPP,Mary,SHIPP,
SFK,Rattlesden,St Nicholas TR,,02 Mar 1831,John,THORP,,Gt Bricett,,,,Hannah,KING,,Rattlesden,,,,,,,,,,John,REEVE,John,OSBOURNE,1851 Hannah (38) and John (39 Bricett) living at Gt Bricett
SFK,Rattlesden,St Nicholas TR,,18 Jun 1822,Frederick,THURLOW,,Buxhall,,,,Frances,GOODWIN,,Rattlesden,,,,,,,,,,Anthony,SHIPP,Sarah,GOODWIN,
SFK,Rattlesden,St Nicholas TR,,03 Dec 1834,Alfred,VINCENT,,Rattlesden,,,,Sarah Jane,HOLDEN,,Rattlesden,,,,,,,,,,Jeremiah,PUNCHARD,Louisa,HOLDEN,1851 Sarah Jane and Alfred (Abraham A) living at Coddenham
SFK,Rattlesden,St Nicholas TR,,06 Jul 1819,Edward,WALKER,,Rattlesden,,,,Elizabeth,CLOVER,,Rattlesden,,,,,,,,,,Elizabeth,CLOVER,Hannah,?,
SFK,Rattlesden,St Nicholas TR,,21 Sep 1823,Samuel,WALKER,,Rattlesden,,,,Sarah,PARKES,,Rattlesden,,,,,,,,,,Elizabeth,WALKER,James,CHINNERY,
SFK,Rattlesden,St Nicholas TR,,25 Oct 1832,Samuel,WALKER,,Rattlesden,widower,,,Maria,COBBLE,,Rattlesden,,,,,,,,,,Jeremiah,PUNCHARD,Sarah,PUNCHARD,
SFK,Rattlesden,St Nicholas TR,,09 Sep 1814,Digerson,WARD,,Rattlesden,widower,,,Susan,CHINERY,,Rattlesden,,,,,,,,,,S,STEVERSON,M,WARD,
SFK,Rattlesden,St Nicholas TR,,04 Aug 1813,William,WATERS,,Rattlesden,,,,Susan,COOK,,Rattlesden,,,,,,,,,,John,HINNEL,James,CHINNERY,
SFK,Rattlesden,St Nicholas TR,,24 Oct 1820,Jacob,WENHAM,,Rattlesden,,,,Mary,KING,,Rattlesden,,,,,,,,,,George,KING,James,CHINNERY,
SFK,Rattlesden,St Nicholas TR,,07 Nov 1817,Thomas,WHITEHEAD,,Finchingfield,widower,,,Anne,WHITEHEAD,,Rattlesden,,,,,,,,,,Wm,PERRY,James,CHINNERY,
SFK,Rattlesden,St Nicholas TR,,21 Oct 1836,William,WILLIAMS,,Buxhall,,,,Sarah Ann,PUNCHARD,,Rattlesden,,,,,,,,,,Jeremiah,PUNCHARD,Mary,WILLIAMS,1851 William (38) and Sarah Ann (33) living at Buxhall
SFK,Rattlesden,St Nicholas TR,,14 Aug 1823,Robert,WINSON,,Rattlesden,,,,Maria,BIXBY,,Rattlesden,,,,,,,,,,Robert,BIXBY,Marianne,BIXBY,
SFK,Rattlesden,St Nicholas TR,,29 Apr 1816,Joseph,WRIGHT,,Woopit,,,,Elizabeth,RACE,,Rattlesden,,,,,,,,,,John,HINNELL,James,CHINNERY,
SFK,Rattlesden,St Nicholas TR,,10 Apr 1834,James,YOUNGMAN,,Rattlesden,,,,Sophia,CROSS,,Rattlesden,,,,,,,,,,Pearl,CROSS,Sarah,CROSS,
