+INFO,freereg-suffolk@highfields1.plus.com ,password,SEQUENCED,MARRIAGES,cp437
#,CCC,JHarold,SUFFOLK,SFKSTUMA.CSV,30-Nov-13
#,CREDIT,JHarold,freereg-suffolk@highfields1.plus.com
#,30-Nov-13,,
SFK,Stuston,All Saints,32,12 Oct 1812,William,KENT,,Brome,widower,,,Sarah,HOWE,,Stuston,single,,,,,,,,,Samuel,CATLING,Martha,SPENSLEY,groom signed; bride made mark
SFK,Stuston,All Saints,33,15 Oct 1812,Charles,HAWARD,,St Andrew Ilketshall,single,,,Elizabeth,TIPPELL,,Stuston,single,,,,,,,,,Jonathan snr,TIPPELL,Mary,TIPPELL,bride signed Tipple; licence
SFK,Stuston,All Saints,1,31 May 1814,James,MARKWELL,,Stuston,single,,,Mary,BRONWIN,,Stuston,single,,,,,,,,,Susanna,PRETTY,Thos,HOWLETT,groom made mark; bride signed
SFK,Stuston,All Saints,2,13 Oct 1814,Dent,HOWLETT,,Stuston,single,,,Susan,HUNTER,,Stuston,single,,,,,,,,,Charles,LICENCE,Thos,HOWLETT,both made marks
SFK,Stuston,All Saints,3,24 Jan 1815,James,WEAVERS,,Stuston,single,,,Elizabeth,HAWARD,,Stuston,single,,,,,,,,,Benjamin,DUNN,Thos,HOWLETT,both made marks
SFK,Stuston,All Saints,4,7 Jun 1815,Charles,HAWARD,,Flixton,single,,,Sarah,TIPPELL,,Stuston,single,,,,,,,,,Jonathan,TIPPELL,John,MARSH,groom made mark; bride signed
SFK,Stuston,All Saints,5,17 Oct 1815,William,PAINES,,Rickinghall Superior,single,,,Rebeckah,HUDSON,,Stuston,single,,,,,,,,,Susan,HUDSON,Wm,EASTY,both made marks
SFK,Stuston,All Saints,6,1 Nov 1815,Henry,LOCK,,Stuston,single,,,Mary,QUINTON,,Stuston,single,,,,,,,,,John,LOCK,Thos,HOWLETT,both made marks
SFK,Stuston,All Saints,7,10 Mar 1816,Jacob,BARRETT,,Thrandeston,single,,,Martha,ROBINSON,,Stuston,single,,,,,,,,,William,KNIGHTS,Thos,HOWLETT,both made marks
SFK,Stuston,All Saints,8,10 Oct 1816,John,MARSH,,Brome,single,,,Mary,TIPPELL,,Stuston,single,,,,,,,,,Jonathan,TIPPELL,Maria,TIPPELL,both signed; licence
SFK,Stuston,All Saints,9,19 Sep 1817,John,BARTRUM,,Stuston,single,,,Mary,GASKIN,,Stuston,single,,,,,,,,,Benjamin snr,BAILEY,Thos,HOWLETT,groom signed; bride made mark
SFK,Stuston,All Saints,10,7 Oct 1817,John,FELGATE,,Stuston,widower,,,Elizabeth,RUNACRES,,Stuston,single,,,,,,,,,William,RUNACRES,Thos,HOWLETT,groom made mark; bride signed
SFK,Stuston,All Saints,11,23 Feb 1818,William,WEBB,,Stuston,single,,,Susannah,MARKWELL,,Stuston,single,,,,,,,,,Mary,MARKWELL,Sarah,MARKWELL,groom signed; bride made mark
SFK,Stuston,All Saints,12,7 Jun 1818,James,THURTON,,Stuston,single,,,Harriet,LEEDER,,Stuston,widow,,,,,,,,,William,BRON_IN,Thos,HOWLETT,both made marks
SFK,Stuston,All Saints,13,13 Oct 1819,Robert,GASKIN,,Stuston,single,,,Mary,MARKWELL,,Stuston,single,,,,,,,,,John,FISHER,Thos,HOWLETT,both made marks
SFK,Stuston,All Saints,14,6 Mar 1821,Samuel,NUNN,,Thrandeston,single,,,Mary,CHENERY,,Stuston,single,,,,,,,,,George,NUNN,William,DUNN,groom made mark; bride signed
SFK,Stuston,All Saints,15,11 Oct 1821,Benjamin,BAI*,,Stuston,single,,,Sophia,CATCHPOLE,,Stuston,single,,,,,,,,,Jonas,CATCHPOLE,Thos,HOWLETT,Benjamin Bai* the youngest; both made marks
SFK,Stuston,All Saints,16,14 Dec 1821,William,SAUNDERS,,Stuston,widower,,,Mary,RAYNER,,Stuston,single,,,,,,,,,John,RAYNER,Ruth,RAYNER,both made marks
SFK,Stuston,All Saints,17,20 Aug 1822,Frederick,TILLOTT,,Stuston,single,,,Mary,MARKWELL,,Stuston,single,,,,,,,,,Joseph,MARKWELL,Mary,MARKWELL,groom made mark; bride signed
SFK,Stuston,All Saints,18,2 Oct 1822,James,STEGGALL,,Stuston,single,,,Susan,SAUNDERS,,Stuston,single,,,,,,,,,Mary,SAUNDERS,Thos,HOWLETT,groom made mark; bride signed
SFK,Stuston,All Saints,19,13 Oct 1823,Samuel,BUXTON,,Stuston,single,,,Susannah,SCOTT,,Stuston,single,,,,,,,,,Robert,BUXTON,Sarah,READ,both made marks
SFK,Stuston,All Saints,20,16 Oct 1823,William,LONG,,Stuston,single,,,Sarah,GODDARD,,Stuston,single,,,,,,,,,George,LAWRANCE,Sarah,BENDELL,both made marks
SFK,Stuston,All Saints,21,16 Oct 1823,John,HOWLETT,,Oakley,single,,,Ann,ARCHER,,Stuston,single,,,,,,,,,William,JOLLY,Martha,MIDDLETON,groom made mark; bride signed
SFK,Stuston,All Saints,22,12 Oct 1824,William,STANNARD,,Stuston,single,,,Mary,OSBORNE,,Stuston,single,,,,,,,,,James,SKOULDING,Thos,HOWLETT,both made marks
SFK,Stuston,All Saints,23,4 Jan 1825,William,DUNN,,Stuston,single,,,Mary Ann,GOSLING,,Stuston,single,,,,,,,,,Benj,GOSLING,Thos,HOWLETT,groom signed; bride made mark
SFK,Stuston,All Saints,24,27 Feb 1825,John,MULLENGER,,Stuston,single,,,Hannah,STANNARD,,Stuston,single,,,,,,,,,John,WATLING,Thos,HOWLETT,groom signed; bride made mark
SFK,Stuston,All Saints,25,7 Feb 1826,Edward,BUXTON,,Stuston,single,,,Susan,FLINT,,Stuston,single,,,,,,,,,Samuel,BUXTON,Susan,BUXTON,both made marks
SFK,Stuston,All Saints,26,27 May 1826,John,HINES,,Stuston,single,,,Sophia,BURROWS,,Kenninghall,single,,,,,,,,,James,TURNER,Christopher,JOHNSON,both made marks
SFK,Stuston,All Saints,27,10 Oct 1826,Henry,LOCK,,Stuston,widower,,,Emma,MITSON,,Diss,single,,,,,,,,,George,CHENERY,Thos,HOWLETT,both made marks
SFK,Stuston,All Saints,28,22 Mar 1827,William,SMITH,,Stuston,single,,,Hannah,MARKALL,,Stuston,single,,,,,,,,,Robert,GASKIN,Thos,HOWLETT,groom signed; bride made mark
SFK,Stuston,All Saints,29,31 Jan 1828,George,LAST,,Stuston,single,,,Elizabeth,HOWLETT,,Stuston,single,,,,,,,,,Joseph,SPARKES,Thos,HOWLETT,both made marks
SFK,Stuston,All Saints,30,13 Oct 1828,Benjamin,HAUNTON,,Stuston,single,,,Elizabeth,ADAMS,,Stuston,single,,,,,,,,,Sarah,CHENERY,John,DENNY,both made marks
SFK,Stuston,All Saints,31,8 Nov 1828,James,LONG,,Stuston,single,,,Eliza,WINDARD,,Stuston,single,,,,,,,,,Wm,LONG,Sarah,LONG,groom made mark; bride signed
SFK,Stuston,All Saints,32,10 Jan 1829,Morgan,JERVIS,,St George Camberwell Surry,widower,,,Catherine,WALKER,,Stuston,single,,,,,,,,,Thomas junr,CHENERY,William,WALKER,licence; groom made mark; bride signed
SFK,Stuston,All Saints,33,3 Jun 1829,James,ETHERIDGE,,Dickleborough,single,,,Mary Ann,ELVIN,,Stuston,single,,,,,,,,,John,GARROD,Thos,HOWLETT,licence; both made marks
SFK,Stuston,All Saints,34,29 Aug 1829,Samuel,WEAVERS,,Stuston,widower,,,Elizabeth,FELGATE,,Stuston,widow,,,,,,,,,Elenor,SPRINKFIELD,Thos,HOWLETT,licence; groom made mark; bride signed
SFK,Stuston,All Saints,35,24 Dec 1829,Robert,COOK,,Stuston,single,,,Sophia,KNIGHTS,,Stuston,single,,,,,,,,,John,RUNACRES,Thos,HOWLETT,both made marks
SFK,Stuston,All Saints,36,10 Jan 1830,Joseph,SPARKES,,Broome,single,,,Mary,SAUNDERS,,Stuston,single,,,,,,,,,Harriet,BIRD,Thomas,HOWLETT,groom made mark; bride signed
SFK,Stuston,All Saints,37,11 Apr 1830,John,LOCKE,,Stuston,single,,,Ann,MITSON,,Stuston,single,,,,,,,,,Robert,COOK,Tho,HOWLETT,both made marks
SFK,Stuston,All Saints,38,24 Jun 1830,John,HALL,,Stuston,widower,,,Sarah,WEAVERS,,Stuston,single,,,,,,,,,John,WEAVERS,Elizabeth,MARKWELL,groom made mark; bride signed
SFK,Stuston,All Saints,39,31 Oct 1830,George,LEVIS,,Bressingham,single,,,Mary,LONG,,Stuston,single,,,,,,,,,John,LONG,Tho,HOWLETT,groom signed; bride made mark
SFK,Stuston,All Saints,40,7 Dec 1830,James,GODDARD,,Stuston,single,,,Elizabeth,STANNARD,,Stuston,single,,,,,,,,,George,SPINK,Thomas,HOWLETT,groom made mark; bride signed
SFK,Stuston,All Saints,41,15 Feb 1831,Robert,PRIME,,Stuston,single,,,Caroline,WEAVER,,Stuston,single,,,,,,,,,Elizabeth,MARKWELL,Thomas,HOWLETT,groom made mark; bride signed
SFK,Stuston,All Saints,42,26 Sep 1831,Stephen,KNIGHTS,,Stuston,single,,,Elizabeth,JEFFERIES,,Stuston,single,,,,,,,,,Robert,COOK,Sophia,COOK,both made marks
SFK,Stuston,All Saints,43,28 Mar 1832,Henry,FULCHER,,Diss,single,,,Harriet,MARKWELL,,Stuston,single,,,,,,,,,Charles,FULCHER,Thomas,HOWLETT,both signed
SFK,Stuston,All Saints,44,20 Nov 1832,John,TUNARIES,,Stuston,single,,,Matilda,BURROUGHS,,Stuston,single,,,,,,,,,John,HINES,Caroline,BURROUGHS,both made marks
SFK,Stuston,All Saints,45,8 Mar 1833,Charles,COOK,,Stuston,single,,,Mary,KNIGHTS,,Stuston,single,,,,,,,,,Robert,COOK,Maria,BARRETT,both made marks
