+INFO,freereg-suffolk@highfields1.plus.com ,password,SEQUENCED,BAPTISMS,cp437
#,CCC,JHarold,SUFFOLK,SFKTANBA.CSV,30-Nov-13
#,CREDIT,JHarold,freereg-suffolk@highfields1.plus.com
#,30-Nov-13,,
SFK,Tannington,St Ethelbert,,,26 Sep 1771,Molly,F,John,Sarah,WILSON,,,,
SFK,Tannington,St Ethelbert,,,20 Oct 1771,John,M,James,Elizabeth,WATLING,,,,
SFK,Tannington,St Ethelbert,,,13 Feb 1772,Martha,F,,Ann,,STOPHER,,,
SFK,Tannington,St Ethelbert,,,14 Jun 1772,William,M,Philip,Susan,PRATT,,,,
SFK,Tannington,St Ethelbert,,,28 Jun 1772,Robert,M,Robert,Sarah,SMYTH,,,,
SFK,Tannington,St Ethelbert,,,26 Aug 1772,Charles,M,Richard,Hannah,ASHFORD,,,,
SFK,Tannington,St Ethelbert,,,25 Jan 1773,Mary,F,William,Martha,SHELDRAKE,,,,
SFK,Tannington,St Ethelbert,,,31 Jan 1773,Mary,F,John,Deborah,BALDESTON,,,,
SFK,Tannington,St Ethelbert,,,16 Jun 1773,Samuel,M,Samuel,Elizabeth,MEADOWS,,,,
SFK,Tannington,St Ethelbert,,,3 Aug 1773,John,M,Thomas,Susanna?,STOCK,,,,
SFK,Tannington,St Ethelbert,,,3 Aug 1773,Sarah,F,Thomas,Susanna,STOCK,,,,
SFK,Tannington,St Ethelbert,,,22 Aug 1773,Hannah,F,Lionel,Susanna,CHAPMAN,,,,
SFK,Tannington,St Ethelbert,,,2 Nov 1773,Edward,M,John,Sarah,WILSON,,,,
SFK,Tannington,St Ethelbert,,,16 Nov 1773,Samuel,M,Samuel,Lydia,ASHFORD,,,,
SFK,Tannington,St Ethelbert,,,21 Nov 1773,Martha,F,John,Mary,DADE,,,,
SFK,Tannington,St Ethelbert,,,3 Jul 1774,Sarah,F,Thomas,Sarah,ELLET,,,,
SFK,Tannington,St Ethelbert,,,3 Jul 1774,Thos,M,Thos,Susan,STOCK,,,,
SFK,Tannington,St Ethelbert,,,31 Jul 1774,John,M,Edmund,Mary,DILLASTONE,,,,
SFK,Tannington,St Ethelbert,,,2 Oct 1774,Elizabeth,F,Lionel,Susanna,CHAPMAN,,,,privately baptised
SFK,Tannington,St Ethelbert,,,9 Feb 1775,Sarah,F,Samuel,Lydia,ASHFORD,,,,
SFK,Tannington,St Ethelbert,,,23 Apr 1775,Mary,F,James,Martha,TAYLOR,,,,
SFK,Tannington,St Ethelbert,,,21 May 1775,Robin,M,Willm,Martha,SHELDRAKE,,,,
SFK,Tannington,St Ethelbert,,,10 Dec 1775,Margaret,F,James,Margaret,MASHEL,,,,
SFK,Tannington,St Ethelbert,,,4 Feb 1776,William,M,Lionel,Susanna,CHAPMAN,,,,
SFK,Tannington,St Ethelbert,,,24 Mar 1776,Robert,M,Edmund,Mary,DILLASTONE,,,,
SFK,Tannington,St Ethelbert,,,16 May 1776,Elizabeth,F,Abraham,Mary,TURNER,,,,
SFK,Tannington,St Ethelbert,,,7 Jun 1776,Robert,M,Samuel,Mary,CLAYTON,HOWE,,,Base born of Mary Howe and Samuel Clayton reputed father
SFK,Tannington,St Ethelbert,,,1 Dec 1776,Sarah,F,John,Mary,DADE,,,,
SFK,Tannington,St Ethelbert,,,5 Jan 1777,Anne,F,William,Martha,SHELDRAKE,,,,
SFK,Tannington,St Ethelbert,,,13 Apr 1777,Anne,F,Lionel,Susan,CHAPMAN,,,,
SFK,Tannington,St Ethelbert,,,27 Jul 1777,William,M,Willm,Rose,PENDAL,,,,
SFK,Tannington,St Ethelbert,,,21 Sep 1777,James,M,James,Margaret,MASHEL,,,,
SFK,Tannington,St Ethelbert,,,23 Sep 1777,John,M,Thomas,Susan,STOCK,,,,
SFK,Tannington,St Ethelbert,,,24 Apr 1778,Rachel,F,Abraham,Mary,TURNER,,,,
SFK,Tannington,St Ethelbert,,,21 May 1778,George,M,John,Mary,DADE,,,,
SFK,Tannington,St Ethelbert,,,10 Feb 1779,Elizabeth,F,John,Sarah,WILSON,,,,
SFK,Tannington,St Ethelbert,,,28 Mar 1779,Mary,F,James,Margaret,MASHEL,,,,
SFK,Tannington,St Ethelbert,,,24 Oct 1779,Mary,F,Lionel,Susan,CHAPMAN,,,,
SFK,Tannington,St Ethelbert,,,5 Dec 1779,James,M,Abraham,Mary,TURNER,,,,
SFK,Tannington,St Ethelbert,,,5 Dec 1779,Samuel,M,Samuel,Mary,FULLER,,,,
SFK,Tannington,St Ethelbert,,,14 Mar 1780,Thomas,M,Thomas,Christian,ASHFORD,,,,
