+INFO,freereg-suffolk@highfields1.plus.com ,password,SEQUENCED,BAPTISMS,cp437
#,CCC,JHarold,SUFFOLK,SFKTHRBA.CSV,30-Nov-13
#,CREDIT,JHarold,freereg-suffolk@highfields1.plus.com
#,30-Nov-13,,
SFK,Thrandeston,St Margaret,,,4 Dec 1558,Henric,M,Cyprian,,BETTES,,,,
SFK,Thrandeston,St Margaret,,,27 Dec 1558,Elizabetha,F,Johis,,WHAITE,,,,gemini filie
SFK,Thrandeston,St Margaret,,,27 Dec 1558,Johanna,F,Johis,,WHAITE,,,,gemini filie
SFK,Thrandeston,St Margaret,,,1 Jan 1558/9,Edward,M,Francisci,,THROWER,,,,
SFK,Thrandeston,St Margaret,,,10 Jan 1558/9,Thomas,M,Edmundi,,WALLINGHAM,,,,
SFK,Thrandeston,St Margaret,,,2 Apr 1559,Agnes,F,Thoma,,PRYME,,,,
SFK,Thrandeston,St Margaret,,,22 May 1559,Francisci,M,Thoma,,GREENE,,,,gemini
SFK,Thrandeston,St Margaret,,,22 May 1559,Margareta,F,Thoma,,GREENE,,,,gemini
SFK,Thrandeston,St Margaret,,,5 Jun 1559,Nicholas,M,Johis,,INGLISHE,,,,
SFK,Thrandeston,St Margaret,,,27 Jun 1559,Willmus,M,Robti,,PIGGOT,,,,
SFK,Thrandeston,St Margaret,,,18 Jul 1559,Johes,M,Stephn,,SMYTHE,,,,
SFK,Thrandeston,St Margaret,,,21 Dec 1559,Richus,M,Willim,,STYLES,,,,
SFK,Thrandeston,St Margaret,,,2 Feb 1559/60,Henrie,M,Robti,,NEVE,,,,
SFK,Thrandeston,St Margaret,,,31 Mar 1560,Johes,M,Johis,,THROWER,,,,
SFK,Thrandeston,St Margaret,,,* Apr 1560,Willmus,M,Willim,,GOCKE,,,,
SFK,Thrandeston,St Margaret,,,7 Apr 1560,Agnes,F,Thoma,,BULLER,,,,
SFK,Thrandeston,St Margaret,,,11 Apr 1560,Thomas,M,Georgii,,GOODWYN,,,,
SFK,Thrandeston,St Margaret,,,1 Jun 1560,Thomas,M,Willim,,SPURDANS,,,,
SFK,Thrandeston,St Margaret,,,27 Oct 1560,Roger,M,Henrici,,CULLUM,,,,
SFK,Thrandeston,St Margaret,,,19 Jan 1560/1,Elizabetha,F,Rich,,SMYTHE,,,,
SFK,Thrandeston,St Margaret,,,10 Feb 1560/1,Thomas,M,Robti,,NEVE,,,,
SFK,Thrandeston,St Margaret,,,23 Feb 1560/1,Brigida,F,Johis,,SHEPPARD,,,,
SFK,Thrandeston,St Margaret,,,13 Apr 1561,Agnes,F,Henrici,,EDWARDES,,,,
SFK,Thrandeston,St Margaret,,,6 Aug 1561,Edward,M,Willim,,BALDWYN,,,,
SFK,Thrandeston,St Margaret,,,21 Sep 1561,Henric,M,Robti,,PIGGOT,,,,
SFK,Thrandeston,St Margaret,,,28 Sep 1561,Elizabetha,F,Thoma,,BULLER,,,,
SFK,Thrandeston,St Margaret,,,26 Oct 1561,Edwardus,M,Edmundi,,NEVE,,,,
SFK,Thrandeston,St Margaret,,,14 Nov 1561,Alicia,F,Johis,,THROWER,,,,
SFK,Thrandeston,St Margaret,,,20 Dec 1561,Katherina,F,Edmundi,,PRYME,,,,
SFK,Thrandeston,St Margaret,,,1 Feb 1561/2,Catharina,F,Johis,,AUSTEN,,,,
SFK,Thrandeston,St Margaret,,,31 May 1562,Thomas,M,Jacobi,,HUNTER,,,,
SFK,Thrandeston,St Margaret,,,13 Jul 1562,Henricus,M,Johis,,WHITE,,,,
SFK,Thrandeston,St Margaret,,,9 Aug 1562,Anna,F,Henrici,,CULHAM,,,,
SFK,Thrandeston,St Margaret,,,29 Oct 1562,Willimus,M,Johis,,GOSLING,,,,
SFK,Thrandeston,St Margaret,,,26 Dec 1562,Johanna,F,Johis,,PATTELL,,,,
SFK,Thrandeston,St Margaret,,,31 Jan 1562/3,Jana,F,Johis,,WHAITE,,,,
SFK,Thrandeston,St Margaret,,,23 Feb 1562/3,Alicia,F,Willim,,SPURDANS,,,,
SFK,Thrandeston,St Margaret,,,27 Mar 1563,Robtis,M,Willmi,,STYLES,,,,
SFK,Thrandeston,St Margaret,,,20 May 1563,Johes,M,Thomas,,BULLER,,,,
SFK,Thrandeston,St Margaret,,,31 May 1563,Richus,M,Johes,,THROWER,,,,
SFK,Thrandeston,St Margaret,,,29 Aug 1563,Rachell,F,Robti,,NEVE,,,,
SFK,Thrandeston,St Margaret,,,12 Sep 1563,Henricus,M,Willmi,,GOCKE,,,,
SFK,Thrandeston,St Margaret,,,27 Oct 1563,Margaretta,F,Roberti,,PIGGOT,,,,
SFK,Thrandeston,St Margaret,,,18 Dec 1563,Jacobus,M,Jacobi,,HUNTER,,,,
SFK,Thrandeston,St Margaret,,,1 Apr 1564,Willimus,M,Willmi,,SPURDANS,,,,
SFK,Thrandeston,St Margaret,,,4 Jun 1564,Catharina,F,Johis,,VESTAS,,,,
SFK,Thrandeston,St Margaret,,,10 Dec 1564,Robtus,M,Johis,,WHITE,,,,
SFK,Thrandeston,St Margaret,,,10 Dec 1564,Agnes,F,Johis,,PATTELL,,,,
SFK,Thrandeston,St Margaret,,,18 Jan 1564/5,Thomas,M,Henrici,,CULHAM,,,,
SFK,Thrandeston,St Margaret,,,18 Feb 1564/5,Johanna,F,Willmi,,BALDWYN,,,,
SFK,Thrandeston,St Margaret,,,18 Mar 1564/5,Agnes,F,Johis,,THROWER,,,,
SFK,Thrandeston,St Margaret,,,18 Mar 1564/5,Johanna,F,Johis,,GOSLING,,,,
SFK,Thrandeston,St Margaret,,,10 Jun 1565,Thomas,M,Anthoni,,LEVERICKE,,,,
SFK,Thrandeston,St Margaret,,,24 Jun 1565,Catharina,F,Johis,,SHEPARD,,,,
SFK,Thrandeston,St Margaret,,,29 Jul 1565,Johanna,F,Johis,,YESTAS,,,,
SFK,Thrandeston,St Margaret,,,26 Aug 1565,Thomas,M,Edwardi,,KEENE,,,,gener
SFK,Thrandeston,St Margaret,,,9 Sep 1565,Johanna,F,Roberti,,TAYLER,,,,extran
SFK,Thrandeston,St Margaret,,,30 Sep 1565,Willmus,M,Jacobi,,HUNTER,,,,
SFK,Thrandeston,St Margaret,,,14 Sep 1565,Prudentiana,F,Robti,,NEVE,,,,
SFK,Thrandeston,St Margaret,,,29 Dec 1565,Cecilia,F,Willmi,,SPURDANS,,,,
SFK,Thrandeston,St Margaret,,,6 Jan 1565/6,Alexander,M,Robti,,PIGGOT,,,,
SFK,Thrandeston,St Margaret,,,10 Feb 1565/6,Robertus,M,Johis,,WHYTE,,,,
SFK,Thrandeston,St Margaret,,,7 Apr 1566,Margareta,F,Johis,,YESTAS,,,,
SFK,Thrandeston,St Margaret,,,16 Oct 1566,Willimus,M,Johis,,TURNER,,,,
SFK,Thrandeston,St Margaret,,,13 Apr 1567,Margareta,F,Henrici,,PRENTISE,,,,
SFK,Thrandeston,St Margaret,,,13 Apr 1567,Anna,F,Johis,,THROWER,,,,
SFK,Thrandeston,St Margaret,,,4 May 1567,Johes,M,Willmi,Margareta,CARMAN,,,,
SFK,Thrandeston,St Margaret,,,1 Jun 1567,Margretta,F,Johes,Johanna,TURNER,,,,
SFK,Thrandeston,St Margaret,,,13 Jul 1567,Christofer,M,Jacobi,Catharine,HUNTER,,,,
SFK,Thrandeston,St Margaret,,,23 Jul 1567,Elizabetha,F,Johis,Anne,SMYTHE,,,,
SFK,Thrandeston,St Margaret,,,28 Jul 1567,Elizabetha,F,Johis,Johanna,GOSLING,,,,
SFK,Thrandeston,St Margaret,,,17 Dec 1567,Johes,M,Edwardi,Agnetis,KEENE,,,,gener
SFK,Thrandeston,St Margaret,,,22 Feb 1567/8,Elizabetha,F,Johis,Margareta,PATTELL,,,,
SFK,Thrandeston,St Margaret,,,25 Feb 1567/8,Thomas,M,Johis,Anne,WHYTE,,,,
SFK,Thrandeston,St Margaret,,,15 Apr 1568,Prudentiana,F,Johes,Joanne,THROWER,,,,
SFK,Thrandeston,St Margaret,,,7 Jun 1568,Johes,M,Johes,Agnetis,PENNYNG,,,,de la Great Grene
SFK,Thrandeston,St Margaret,,,25 Dec 1568,Johanna,F,Henrici,Eliz,HUBBERT,,,,
SFK,Thrandeston,St Margaret,,,26 Dec 1568,Elizabetha,F,Henrici,Anne,PRENTISE,,,,
SFK,Thrandeston,St Margaret,,,27 Dec 1568,Johanna,F,Thome,Johane,BROWNE,,,,
SFK,Thrandeston,St Margaret,,,8 Jun 1569,Willimus,M,Willmi,Elizab,SPURDANS,,,,
SFK,Thrandeston,St Margaret,,,14 Jun 1569,Willimus,M,Johes,Joanne,THROWER,,,,
SFK,Thrandeston,St Margaret,,,7 Jun 1569,Susanna,F,Robti,Margareta,GOCHE,,,,
SFK,Thrandeston,St Margaret,,,13 Aug 1569,Edwardus,M,Edwardi,Anne,KENE,,,,gener
SFK,Thrandeston,St Margaret,,,11 Sep 1569,Robertus,M,Willmi,Margerie,BALDWYN,,,,
SFK,Thrandeston,St Margaret,,,9 Dec 1569,Agnes,F,Johis,Marie,SHEPERD,,,,
SFK,Thrandeston,St Margaret,,,6 Jan 1569/70,Agnes,F,Jacobi,Catharine,HUNTER,,,,
SFK,Thrandeston,St Margaret,,,17 Jan 1569/70,Nicolaus,M,Henrici,,GREY,,,,gener
SFK,Thrandeston,St Margaret,,,29 Feb 1569/70,Johes,M,Johis,Margareta,YESTAS,,,,
SFK,Thrandeston,St Margaret,,,9 Jun 1570,Isabella,F,Johis,,PAGE,,,,de Thurson Commis Suff extan
SFK,Thrandeston,St Margaret,,,24 Sep 1570,Alicia,F,Johis,Elizab,THORNEY,,,,
SFK,Thrandeston,St Margaret,,,6 Oct 1570,Thomas,M,,Margareta,,TURNER,,,singlewoman
SFK,Thrandeston,St Margaret,,,15 Oct 1570,Maria,F,Petri,Elizab,SPYNKE,,,,
SFK,Thrandeston,St Margaret,,,25 Dec 1570,Prudentiana,F,Thome,Margareta,BULLER,,,,
SFK,Thrandeston,St Margaret,,,11 Feb 1570/1,Elizabetha,F,Augustini,Johanne,ROBSON,,,,
SFK,Thrandeston,St Margaret,,,11 Feb 1570/1,Robtus,M,Rogeri,Johane,JESOP,,,,
SFK,Thrandeston,St Margaret,,,11 Feb 1570/1,Richus,M,Rogeri,Johane,JESOP,,,,
SFK,Thrandeston,St Margaret,,,1 Jul 1571,Thomas,M,Johis,Johanna,THROWER,,,,
SFK,Thrandeston,St Margaret,,,12 Aug 1571,Jacobus,M,Edwardi,Agnetis,KENE,,,,gen
SFK,Thrandeston,St Margaret,,,16 Sep 1571,Agnes,F,Willmi,Margareta,MYLLES,,,,
SFK,Thrandeston,St Margaret,,,1 Nov 1571,Thomas,M,Johis,Anne,SKASE,,,,
SFK,Thrandeston,St Margaret,,,2 Mar 1571/2,Johis,M,Jacobi,Catharina,HUNTER,,,,
SFK,Thrandeston,St Margaret,,,9 Mar 1571/2,Brigida,F,Henrici,Anne,PRENTISE,,,,filia geminae
SFK,Thrandeston,St Margaret,,,9 Mar 1571/2,Catharina,F,Henrici,Anne,PRENTISE,,,,filia geminae
