+INFO,freereg-suffolk@highfields1.plus.com ,password,SEQUENCED,BAPTISMS,cp437
#,CCC,JHarold,SUFFOLK,SFKYAXBA1.CSV,30 Nov 2013
#,CREDIT,JHarold,freereg-suffolk@highfields1.plus.com
#,30 Nov 2013,
SFK,Yaxley,St Mary,,,20 Jun 1763,Wiliam,M,Wm,Esther,PRIME,,,,
SFK,Yaxley,St Mary,,,31 Jul 1763,Mary,F,Henry,Martha,WOODS,,,,
SFK,Yaxley,St Mary,,,21 Aug 1763,Edmund,M,John,Diana,SELF,,,,
SFK,Yaxley,St Mary,,,13 Nov 1763,James,M,James,Susannah,WARREN,,,,
SFK,Yaxley,St Mary,,,15 Jan 1764,James,M,John,Mary,MAYHEW,,,,
SFK,Yaxley,St Mary,,,22 Jan 1764,Charles,M,Charles,Mary,CHEYNE,,,,
SFK,Yaxley,St Mary,,,29 Jan 1764,Mary,F,Charles,Sarah,REDE,,,,
SFK,Yaxley,St Mary,,,1 Feb 1764,Thomas,M,Edmund,Elizabth,HOWARD,,,,
SFK,Yaxley,St Mary,,,19 Feb 1764,Wiliam,M,Wm,Mary,WOODS,,,,
SFK,Yaxley,St Mary,,,26 Feb 1764,Mary,F,Robt,Elizabeth,MERTON,,,,
SFK,Yaxley,St Mary,,,4 Apr 1764,Sarah,F,Robert,Mary,OAKES,,,,
SFK,Yaxley,St Mary,,,20 Apr 1764,Samuel,M,John,Mary,PECK,,,,
SFK,Yaxley,St Mary,,,29 Apr 1764,Robert,M,William,Ann,THIRLOW,,,,
SFK,Yaxley,St Mary,,,3 May 1764,Elizabeth,F,Richd,Elizth,OAKES,,,,
SFK,Yaxley,St Mary,,,19 Aug 1764,Wm,M,Wm,Susan,SIMPSON,,,,
SFK,Yaxley,St Mary,,,7 Aug 1764,Mary,F,Wm,Mary,TURNER,,,,
SFK,Yaxley,St Mary,,,9 Sep 1764,Sarah,F,Richard,Martha,TRINE?,,,,
SFK,Yaxley,St Mary,,,14 Oct 1764,Robt ?,M,Nathaniel,Mary,CORBOULD?,,,,
SFK,Yaxley,St Mary,,,7 Nov 1764,*,,John,Mary,SCAMP?,,,,
SFK,Yaxley,St Mary,,,9 Dec 1764,Eleanor,F,John,Eleanor,HOWARD,,,,
SFK,Yaxley,St Mary,,,9 Dec 1764,Francis,M,Jasley?,Mary,ABBOT,,Wortham,,
SFK,Yaxley,St Mary,,,30 Dec 1764,Benjamin,M,Benjamin,Elizabeth,RASH,,,,
SFK,Yaxley,St Mary,,,25 Jan 1765,James,M,James,Hannah,BERRY,,,,
SFK,Yaxley,St Mary,,,8 Mar 1765,Lydia,F,Thomas,Sarah,BLAKE,,,,
SFK,Yaxley,St Mary,,,17 Mar 1765,Samuel,M,Samuel,Esther,PRIME,,,,
SFK,Yaxley,St Mary,,,1 Apr 1765,Wm,M,Wm,Susan,KEELY,,,,
SFK,Yaxley,St Mary,,,5 Apr 1765,Robert,M,Wm,Mary,WOODS,,,,
SFK,Yaxley,St Mary,,,12 May 1765,Robert,M,Robert,Martha,COPPING,,,,
SFK,Yaxley,St Mary,,,23 Jun 1765,Dinah,F,William,Mary,TURNER,,,,
SFK,Yaxley,St Mary,,,7 Jul 1765,James,M,Joseph,Mary,ALGER,,,,
SFK,Yaxley,St Mary,,,18 Aug 1765,Lydia,F,Samuel,,BATHROP,,,,
SFK,Yaxley,St Mary,,,1 Sep 1765,Ann,F,Wm,Ann,THURLOW,,,,
SFK,Yaxley,St Mary,,,8 Sep 1765,Charles,M,Charles,Sarah,READ,,,,
SFK,Yaxley,St Mary,,,15 Sep 1765,Martha,F,Henry,Martha,WOODS,,,,
SFK,Yaxley,St Mary,,,22 Oct 1765,Elizabeth,F,John,Sarah,TOFTS,,,,
SFK,Yaxley,St Mary,,,27 Oct 1765,Robert,M,Robert,Elizabeth,THURTON,,,,
SFK,Yaxley,St Mary,,,17 Nov 1765,Hannah,F,Francis,Mary,KEALY,,,,
SFK,Yaxley,St Mary,,,17 Nov 1765,Robert,M,Richard,Elizabeth,OAKES,,,,
SFK,Yaxley,St Mary,,,1 Dec 1765,Mary,F,William,Susanna,SAMPSON,,,,
SFK,Yaxley,St Mary,,,8 Dec 1765,Susanna,F,James,Susanna,WARREN,,,,
SFK,Yaxley,St Mary,,,15 Dec 1765,William,M,William,Sarah,MULLINGER,,,,
SFK,Yaxley,St Mary,,,22 Dec 1765,Jemima,F,Thos,Sarah,BLAKE,,,,
SFK,Yaxley,St Mary,,,22 Dec 1765,Philip,M,Edmund,Elizabeth,HOWARD,,,,
SFK,Yaxley,St Mary,,,* Jan 1766,Elis?,M,Nathaniel,Mary,CORBOULD,,,,
SFK,Yaxley,St Mary,,,4 Feb 1766,John,M,Roger,Rebecca,DADES,,,,
SFK,Yaxley,St Mary,,,30 Jan 1766,Samuel,M,Thos,Catherine,STILES,,,,
SFK,Yaxley,St Mary,,,12 Oct 1766,Mary,F,Robert,Mary,OAKES,,,,
SFK,Yaxley,St Mary,,,12 Oct 1766,Elizabeth,F,William,Susanna,FREELY,,,,
SFK,Yaxley,St Mary,,,25 Dec 1766,Thomas,M,Thomas,Mary,MURTON,,,,
SFK,Yaxley,St Mary,,,19 Feb 1767,William,M,Wm,Mary,TURNER,,,,
SFK,Yaxley,St Mary,,,1 Mar 1767,Charlotte,F,James,Susan,WARREN,,,,
SFK,Yaxley,St Mary,,,8 Mar 1767,Rebecca,F,Richard,Elizabeth,OAKES,,,,
SFK,Yaxley,St Mary,,,22 Mar 1767,Mary,F,William,Susan,SAMPSON,,,,
SFK,Yaxley,St Mary,,,5 Apr 1767,Dinah,F,Nathaniel,Mary,CORBOULD,,,,
SFK,Yaxley,St Mary,,,16 Aug 1767,Thomas,M,Edmund,Elisabeth,HOWARD,,,,
SFK,Yaxley,St Mary,,,3 Sep 1767,Sarah,F,William,Mary,WOODS,,,,
SFK,Yaxley,St Mary,,,4 Sep 1767,Thomas,M,Thomas,Sarah,BLAKE,,,,
SFK,Yaxley,St Mary,,,20 Sep 1767,William,M,William,Mary,COPPIN,,,,
SFK,Yaxley,St Mary,,,27 Sep 1767,Sarah,F,Charles,Sarah,READ,,,,
SFK,Yaxley,St Mary,,,8 Nov 1767,Hannah,F,James,Hannah,BERRY,,,,
SFK,Yaxley,St Mary,,,15 Nov 1767,Daniel,M,Daniel,Sarah,GARRARD,,,,
SFK,Yaxley,St Mary,,,14 Feb 1768,Sarah,F,Robt,Sarah,BUTCHER,,,,
SFK,Yaxley,St Mary,,,6 Mar 1768,Henry,M,Henry,Martha,WOODS,,,,
SFK,Yaxley,St Mary,,,6 Mar 1768,Mary,F,Francis,Mary,KEELY,,,,
SFK,Yaxley,St Mary,,,6 Mar 1768,Elisabeth,F,John,Eleanor,HOWARD,,,,
SFK,Yaxley,St Mary,,,3 Apr 1768,Charles,M,John,Mary,MAYHEW,,,,
SFK,Yaxley,St Mary,,,10 Apr 1768,John,M,William,Mary,THA*,,,,
SFK,Yaxley,St Mary,,,29 May 1768,Martha,F,Robt,Martha,COPPIN,,,,
SFK,Yaxley,St Mary,,,5 Jun 1768,Sarah,F,Henry,Elisabeth,BOLTON,,,,
SFK,Yaxley,St Mary,,,12 Jun 1768,John,M,Richard,Elisabeth,OAKES,,,,
SFK,Yaxley,St Mary,,,19 Jun 1768,Robt,M,William,Esther,PRIME,,,,
SFK,Yaxley,St Mary,,,9 Jul 1768,Sarah,F,Nathaniel,Mary,CORBOULD,,,,
SFK,Yaxley,St Mary,,,9 Jul 1768,Sarah,F,Thos,Hannah,NEBAD,,,,
SFK,Yaxley,St Mary,,,10 Jul 1768,Jemima,F,John,Sarah,TOFTS,,,,
SFK,Yaxley,St Mary,,,26 Aug 1768,Mary,F,William,Mary,TURNER,,,,
SFK,Yaxley,St Mary,,,20 Sep 1768,Maria,F,,Anna,,[CL]OCK,,,baseborn
SFK,Yaxley,St Mary,,,23 Oct 1768,Robt,M,Robt,Mary,SUTSHAME?,,,,
SFK,Yaxley,St Mary,,,26 Nov 1768,Thos,M,Charles,Sarah,READ,,,,
SFK,Yaxley,St Mary,,,1 Jan 1769,Susan,F,William,Susan,KEELY,,,,
SFK,Yaxley,St Mary,,,8 Jan 1769,Ann,F,Thos,Ann,COCK,,,,
SFK,Yaxley,St Mary,,,29 Jan 1769,Charles,M,Daniel,Sarah,GARWOOD,,,,
SFK,Yaxley,St Mary,,,12 Feb 1769,Elisabeth,F,William,Mary,COPPIN,,,,
SFK,Yaxley,St Mary,,,9 Apr 1769,Isaac,M,Edward,Elisabeth,HOWARD,,,,
SFK,Yaxley,St Mary,,,9 Apr 1769,William,M,William,Susan,SIMPSON,,,,
SFK,Yaxley,St Mary,,,9 Apr 1769,Susannah,F,James,Susanna,WARREN,,,,
SFK,Yaxley,St Mary,,,4 May 1769,Jonathan,M,William,Elisabeth,DADE,,,,
SFK,Yaxley,St Mary,,,18 Jun 1769,William,M,Richard,Elisabeth,OAKES,,,,
SFK,Yaxley,St Mary,,,23 Jul 1769,Thos,M,John,Eleanor,HOWARD,,,,
SFK,Yaxley,St Mary,,,23 Jul 1769,Elisabeth,F,Thos,Sarah,BLAKE,,,,
SFK,Yaxley,St Mary,,,22 Aug 1769,Robt,M,Robt,Sarah,BUTCHER,,,,
SFK,Yaxley,St Mary,,,10 Sep 1769,Thos,M,James,Hannah,BERRY,,,,
SFK,Yaxley,St Mary,,,26 Nov 1769,Susanna,F,Joseph,Mary,ORGER,,,,
SFK,Yaxley,St Mary,,,24 Dec 1769,Mary,F,,Temperance,,THIGILL,,,baseborn
