+INFO,david@davejo.eclipse.co.uk,password,SEQUENCED,BURIALS,,3.01.14
#,CCC,Dave Newbury,Worcestershire,WORBADBU1.CSV,09-Oct-2005
#,CREDIT,Dave Newbury,
#,09-Oct-2005,,
WOR,Badsey,St James,,26 May 1590,William,,,,,GEORGE,,,
WOR,Badsey,St James,,20 Dec 1590,William,,,,,WHYTE,,,
WOR,Badsey,St James,,26 Oct 1590,Arthur,Son of ,Richard,,, ROBERTES,,,
WOR,Badsey,St James,,17 Jun 1591,Elizabeth,Widow,,,, WELLES,,,
WOR,Badsey,St James,,10 Nov 1591,Alice,Daughter of, Thomas,,, HIGHAM,,,
WOR,Badsey,St James,,27 Nov 1591,John,Son of ,John,,, BROKE,,,
WOR,Badsey,St James,,1 Aug 1592,Dorothy,Wife of ,John,,, YATE,,,
WOR,Badsey,St James,,6 Aug 1592,Richard,Son of ,Richard,,, PIGIN,,,
WOR,Badsey,St James,,1 Sep 1592,Anselm,,,,, READYNG,,,
WOR,Badsey,St James,,20 Dec 1592,Jane,Daughter of, John,,, BUGDEN,,,
WOR,Badsey,St James,,30 Jan 1592,Francis,Son of ,William,,, BUGDEN,,,
WOR,Badsey,St James,,3 Feb 1592,Francis,Son of ,Thomas,,, PIGIN,,,
WOR,Badsey,St James,,6 Jun 1593,Robert,Son of ,Robert,,, MARTIN,,,
WOR,Badsey,St James,,16 Aug 1593,Frances,Daughter of, Edward,,, PETER,,,
WOR,Badsey,St James,,2 Nov 1593,Francis,Son of, Thomas,,, DARK,,,
WOR,Badsey,St James,,12 Nov 1593,John,Son of ,George,,, WELLES,,,
WOR,Badsey,St James,,10 May 1594,Magdalena,Daughter of ,Simon,,, WHYTE,,, Elder daughter of Master Simon Gelaynge Cenofrallis Philip Hoby missis venerabilis
WOR,Badsey,St James,,4 Nov 1594,Jane,Daughter of, Francis,,, ELLIS,,,
WOR,Badsey,St James,,24 Dec 1594,Joan,Daughter of ,Thomas,,, PIGIN,,,
WOR,Badsey,St James,,26 Dec 1594,John,,,,, BROOKS,,,
WOR,Badsey,St James,,9 May 1595,John,,,,, BUGDEN,,,
WOR,Badsey,St James,,6 May 1595,Mary,Daughter of, John,,, GROVE,,,
WOR,Badsey,St James,,22 May 1595,Margaret,Daughter of, Thomas,,, HARWARD,,,
WOR,Badsey,St James,,27 May 1595,Agnes,Daughter of, John,,, ROPER,,, Alias Morrels
WOR,Badsey,St James,,2 Aug 1595,William ,Son of ,John,,, CRUMPE,,,
WOR,Badsey,St James,,2 Aug 1595,Agnes,Son of ,John,,, ORDWAY,,,
WOR,Badsey,St James,,15 Oct 1595,John,Son of ,William,,, BUGDEN,,,
WOR,Badsey,St James,,5 Nov 1595,Katherine,Wife of ,William,,, BUGDEN,,,
WOR,Badsey,St James,,7 Nov 1595,Katherine,,,,, GROVE,,,
WOR,Badsey,St James,,18 Feb 1595,Abednago,Son of ,William,,, ROBERTES,,,
WOR,Badsey,St James,,23 Feb 1595,Michael,Son of ,John,,, CRUMPE,,,
WOR,Badsey,St James,,9 Mar 1595,John,,,,, HILL,,,
WOR,Badsey,St James,,3 Apr 1596,Alice,Wife of ,Thomas,,, PIGIN,,,
WOR,Badsey,St James,,9 Jul 1596,John,,,,, RUSSELL,,,
WOR,Badsey,St James,,25 Jul 1596,Margaret,Daughter of, Thomas,,, PEARCE,,,
WOR,Badsey,St James,,30 Nov 1596,Robert,Son of ,Robert,,, MARTYN,,,
WOR,Badsey,St James,,7 Apr 1597,Oxinus,Son of, David,,, PRICIUS,,,
WOR,Badsey,St James,,25 Apr 1597,Richard,Son of ,Robert,,, SMITH,,,
WOR,Badsey,St James,,5 Jun 1597,Mary,Wife of ,Robert,,, GEORGE,,,
WOR,Badsey,St James,,2 Dec 1597,Joan,Wife of, John,,, WELSH,,,
WOR,Badsey,St James,,17 Jan 1597,Anthony,Son of ,Symus?,,, MARTYN,,,
WOR,Badsey,St James,,19 Mar 1597,John,Son of, Robert,,, WHYTE,,,
WOR,Badsey,St James,,19 Mar 1597,Thomas,Son of, John,,, WELSH,,,
WOR,Badsey,St James,,2 Apr 1598,Thomas,,,,, HARWARD,,,
WOR,Badsey,St James,,6 May 1598,Richard,,,,, PIGIN,,,
WOR,Badsey,St James,,9 Mar 1598,Frances,Daughter of ,Thomas,,, SMITH,,,
WOR,Badsey,St James,,23 Mar 1598,Richard,,,,, ROBERTS,,,
WOR,Badsey,St James,,24 Apr 1599,Thomas,Son of ,John,,, CRUMPE,,,
WOR,Badsey,St James,,25 May 1599,Elizabeth,Daughter of ,Philip,,, BIGGE,,, Armiger.
WOR,Badsey,St James,,26 Aug 1599,Agnes,Wife of ,Radulphi,,, ELLICE,,,
WOR,Badsey,St James,,20 Dec 1599,Margaret,Wife of ,William,,, SPONER,,,
WOR,Badsey,St James,,29 Jan 1599,William,,,,,SPONER,,,
WOR,Badsey,St James,,14 Feb 1599,Elizabeth,Wife of, Robert,,, MARTYN,,,
WOR,Badsey,St James,,1 May 1600,Agnes,Wife of,Thomas,,,SMITH,,,
WOR,Badsey,St James,,3 Aug 1600,Richard,,,,,JONSONS,,,
WOR,Badsey,St James,,21 Sep 1600,Thomas,,,,,SMITH,,,
WOR,Badsey,St James,,2 Oct 1600,John,Son of,Thomas,,,PIGIN,,,
WOR,Badsey,St James,,20 Jan 1600,Henry,,,,,PIGIN,,,
WOR,Badsey,St James,,25 Feb 1600,Thomas,,,,,ELENS,,,
WOR,Badsey,St James,,4 Apr 1601,Elizabeth,Widow,,,, JONSONS,,,
WOR,Badsey,St James,,22 Nov 1601,Amy,,,,,BUGDEN,,,
WOR,Badsey,St James,,1 Jul 1601,Francis,Son of,Robert,,,MARTYN,,,
WOR,Badsey,St James,,31 Jan 1601,Frances,Daughter of,John,,,WESTWOOD,,,
WOR,Badsey,St James,,31 Jan 1601,Edward,,,,,MARTYN,,,
WOR,Badsey,St James,,5 Feb 1601,Agnes,Widow,,,, BUGDEN,,,
WOR,Badsey,St James,,7 Feb 1601,Richard,,,,,FREEBRYE,,,
WOR,Badsey,St James,,2 May 1602,Joan,Widow of,Johná,,, MARTIN,,,Sunday Last of the numbered entries
WOR,Badsey,St James,,12 Sep 1602,Nicholas,,,,,HARKET,74,,Sundaycelebs Bachelor
WOR,Badsey,St James,,15 Oct 1602,Edmund,Son of,Richard,,,WHITE,,,Friday
WOR,Badsey,St James,,30 Nov 1602,William,,,,,HARWARD,,,TuesdaySancti Andrae Apostoli
WOR,Badsey,St James,,20 Jul 1603,Umfridus,,,,,HEMS,,,
WOR,Badsey,St James,,1 Oct 1603,Benjamin,Son of,Henry,,,PRICE,,,
WOR,Badsey,St James,,9 Oct 1603,John,,,,,GROVE,,,
WOR,Badsey,St James,,31 Mar 1604,Ann,Daughter of,William,,,HILL,,,
WOR,Badsey,St James,,7 Oct 1604,Ann,Wife of,John,,,BUGDEN,,,
WOR,Badsey,St James,,28 Nov 1604,Martyn,,,,,PRICE,,,A stranger First entry in English
WOR,Badsey,St James,,20 Feb 1604,Robert,,,,,AYTON,,,Servant. Servant of John Cowg Written in Latin
WOR,Badsey,St James,,5 Apr 1605,Richard,,,,,ROBERTES,,,
WOR,Badsey,St James,,2 May 1605,Henry,,,,, PRATT,,,Surname not very clear: could be PRATT or PARK
WOR,Badsey,St James,,4 Jun 1605,Elizabeth,,,,,PIGEON,,,
WOR,Badsey,St James,,27 Jun 1605,Richard,,,,,NUMAN,,,In artibus bachelarius
WOR,Badsey,St James,,24 Nov 1605,William,Son of,Nicholas,,,BAYLYS,,,
WOR,Badsey,St James,,13 Feb 1606,Alice,Daughter of,Elizabeth,,,MARSHALL,,,
WOR,Badsey,St James,,9 Mar 1606,Thomas,Son of,Francis,,,CHERRY,,,
WOR,Badsey,St James,,20 Mar 1606,Joan,,,,,ARTURE,,,
WOR,Badsey,St James,,24 Mar 1606,Katherine,,,,,BOULTON,,,
WOR,Badsey,St James,,14 Jul 1607,Sidrach,Son of,Henry,,,PRICE,,,
WOR,Badsey,St James,,7 Aug 1607,William,Son of,Robert,,,DUNNE,,,
WOR,Badsey,St James,,20 Nov 1607,Evans,Son of,Robert,,,MARTYN,,,
WOR,Badsey,St James,,7 Dec 1607,Thomas,,,,,SMITH,,,nix honesius et probus;Thomas Smith Senior
WOR,Badsey,St James,,26 Dec 1607,Richard,Son of,Thomas,,,SMITH,,,Eius dem Thomes filius;bia item;honestius et probus Son of the above Thomas
WOR,Badsey,St James,,11 Feb 1607,Mary,Daughter of,Robert,,,MARTYN,,,
WOR,Badsey,St James,,5 Apr 1608,Thomas,Son of,Ankar,,,HYERNE,,,
WOR,Badsey,St James,,14 Apr 1608,John,,,,,TYMME,,,
WOR,Badsey,St James,,15 Apr 1608,John,,,,,WELSH,,,
WOR,Badsey,St James,,9 Jun 1608,Timothy,Son of,Jane,,,BROOKE,,,
WOR,Badsey,St James,,15 May 1608,John,,,,,CLEYTON,,,
WOR,Badsey,St James,,10 Jun 1608,Elizabeth,,,,,HIGHAM,,,
WOR,Badsey,St James,,13 Jun 1608,William,,,,,GEORGE,,,
WOR,Badsey,St James,,30 Nov 1608,Robert,Son of,Ralph,,,HARWARD,,,
WOR,Badsey,St James,,3 Feb 1608,Joan,,,,,BERRYMAN alias BRANDON,,,
WOR,Badsey,St James,,19 Feb 1608,Alice,Daughter of,Edward,,,PEETER,,,
WOR,Badsey,St James,,7 May 1609,Alice,,,,,ROPER alias MORRELL,,,
WOR,Badsey,St James,,11 Jul 1609,Richard,,,,,HARRYS,,,
WOR,Badsey,St James,,12 Jul 1609,Anthony,,,,,WILLYS,,,
WOR,Badsey,St James,,12 Aug 1609,Mary,,,,,BUGDEN,,,
WOR,Badsey,St James,,6 Oct 1609,Anne,Daughter of, Ankar,,,HYORNE,,,
WOR,Badsey,St James,,17 Nov 1609,Katherine,Daughter of,John,,,BERRYMAN,,,
WOR,Badsey,St James,,25 Jan 1609,Thomas,,,,,HARBORNE,,,A poor boy
WOR,Badsey,St James,,23 Apr 1610,Mary,,,,,CLARK,,,
WOR,Badsey,St James,,28 Apr 1610,Anthony,Son of ,Anthony,,,CLARKE,,,Advena
WOR,Badsey,St James,,19 Jun 1610,Thomas,Son of ,Henry,,,PRYCE,,,
WOR,Badsey,St James,,28 Jun 1610,John,Son of ,Henry,,,PRICE,,,
WOR,Badsey,St James,,28 Jun 1610,Richard,Son of ,Henry,,,PRICE,,,
WOR,Badsey,St James,,12 Feb 1610,Thomas,,,,,DARKE,,,
WOR,Badsey,St James,,13 Apr 1611,Edward,,,,,GROVE,,,
WOR,Badsey,St James,,6 Jul 1611,Katherine,Daughter of ,John,,,BROOKS,,,
WOR,Badsey,St James,,18 Feb 1611,Edward,,,,,PEETER,,,
WOR,Badsey,St James,,7 Mar 1611,William ,,,,,KNOWLES,,,Shepherd. Shepherd of Thomas Pierce
WOR,Badsey,St James,,5 Apr 1612,Margaret,Wife of ,Robert,,,GEORGE,,,
WOR,Badsey,St James,,26 May 1612,Alice,,,,,LYTLE,,,
WOR,Badsey,St James,,20 Jun 1612,Joan,,,,,BADSEY,,,
WOR,Badsey,St James,,30 Aug 1612,John,Son of ,Margaret,,,GREENWAY,,,
WOR,Badsey,St James,,28 Sep 1612,Richard,Son of ,William,,,JOHNSONS,,,
WOR,Badsey,St James,,23 Feb 1612,John,,,,,YATE,,,
WOR,Badsey,St James,,1 Apr 1613,Ann,Widow,,,,TURBET,,,
WOR,Badsey,St James,,12 Apr 1613,Robert,Son of ,Ralph,,,HARWARD,,,
WOR,Badsey,St James,,1 Aug 1613,Robert,,,,,MARTYN,,,
WOR,Badsey,St James,,17 Sep 1613,Anne,Wife of ,Robert,,,BADSEY,,,
WOR,Badsey,St James,,25 Sep 1613,John,,,,,BERRYMAN alias BRANDON,,,John Berryman alias Brandon Junior
WOR,Badsey,St James,,28 Sep 1613,Frances,Daughter of ,Robert,,,BADSEY,,,
WOR,Badsey,St James,,15 Oct 1613,Joan,,,,,AMARIS,,,
WOR,Badsey,St James,,20 Oct 1613,Alice,Widowá,,,, MOORE,,,Not in BT
WOR,Badsey,St James,,21 Oct 1613,Margaret,,,,,DARK ,,,
WOR,Badsey,St James,,8 Nov 1613,Thomas,,,,,MOORE,,,
WOR,Badsey,St James,,13 Nov 1613,William ,,,,,PLATON,,,
WOR,Badsey,St James,,18 Apr 1614,Alice,Widow,,,,ROBERTES,,,
WOR,Badsey,St James,,14 Apr 1614,Katherine,Widow,,,,WYLLYS,,,
WOR,Badsey,St James,,12 Sep 1614,Thomas,Son of ,Thomas,,,PIRTIUS,,,Thomas Pirtius Junior eldest son of Thomas Pirtius Senior Bold print
WOR,Badsey,St James,,5 Oct 1614,Robert,,,,,HARWARD,,,Twin
WOR,Badsey,St James,,5 Oct 1614,Joseph,,,,,HARWARD,,,Twin
WOR,Badsey,St James,,17 Oct 1614,William,,,,,BOSTE,,,Bold print
WOR,Badsey,St James,,21 Oct 1614,Frances,,,,,BERRIMAN alias BRANDON,,,
WOR,Badsey,St James,,30 Oct 1614,Francis,Son of ,Anthony,,,SMITH,,,
WOR,Badsey,St James,,31 Oct 1614,Not given,,,,,NOT GIVEN,,,Paroda die Dina a peregrina sepulta suit Next day a traveller was buried.
WOR,Badsey,St James,,15 Nov 1614,Katherine,,,,,PIGEON,,,
WOR,Badsey,St James,,10 Jan 1614,David,,,,,PREES,,,DAVID in bold print
WOR,Badsey,St James,,26 Jan 1614,Mary,,,,,BUGDEN,,,
WOR,Badsey,St James,,25 Apr 1615,Robert,Son of ,Francis,,,CHERRY,,,
WOR,Badsey,St James,,12 May 1615,Umfry,,,,,BRUAR,,,
WOR,Badsey,St James,,29 May 1615,Joan,Widowá,,,, DARK,,,Not in BT
WOR,Badsey,St James,,14 Nov 1615,Robert,,,,,BADSEY,,,Robert Badsey the elder
WOR,Badsey,St James,,29 Nov 1615,Elizabeth,Widow,,,,GROVE,,,
WOR,Badsey,St James,,4 Jan 1615,Henry,,,,,TURNER,,Evesham,Advena invensis Evesham Not in BT
WOR,Badsey,St James,,29 Jan 1615,Francis,,,,,PLAYTON,,,Not in BT
WOR,Badsey,St James,,20 Jun 1616,Jane,Widowá,,,, PRYCE,90,,
WOR,Badsey,St James,,26 Nov 1616,Richard,Son of ,Nicholas,,,GROVE,,,
WOR,Badsey,St James,,26 Jan 1616,Christopher,,,,,EDLYNSON,,,
WOR,Badsey,St James,,1616,Richard,,,,,HOBBEUS,,,Armiger. Armiger eius nominis in Dominexsa Britanca antiquissimus natura ressit tursu sonderimodie Feb mortis hora derimasepultus die ? ein ? mensis derima sextio
WOR,Badsey,St James,,27 Mar 1617,Richard,,,,,HARWARD,,,Bold print
WOR,Badsey,St James,,29 Mar 1617,George ,,,,,FARLEY,,,
WOR,Badsey,St James,,30 Oct 1617,Thomas,Son of ,John,,,WHIT,,,
WOR,Badsey,St James,,1 Dec 1617,Thomas,Son of ,Ralph,,,HARWARD,,,
WOR,Badsey,St James,,7 Mar 1617,Elizabeth,Wife of ,Thomas,,,ROBERTS,,,
WOR,Badsey,St James,,27 Apr 1618,William ,Son of ,Robert,,,DARK,,,
WOR,Badsey,St James,,26 Jun 1618,Edward,,,,,PIGEON,,,Edward Pigeon the elder
WOR,Badsey,St James,,27 Aug 1618,George ,Son of ,John,,,BROOKE,,,Being killed off a cart
WOR,Badsey,St James,,30 Nov 1618,Ralph,,,,,HAREWARD,,,
WOR,Badsey,St James,,30 Nov 1618,Edith,,,,,PIGEON,,,Was buried the same night about 6 of the clock by candlelight
WOR,Badsey,St James,,4 Dec 1618,Margaret,,,,,DARK,,,
WOR,Badsey,St James,,10 Dec 1618,Henry,,,,,PRYCE,,,
WOR,Badsey,St James,,31 Jan 1618,Robert,,,,,HYERNE,,,
WOR,Badsey,St James,,5 Feb 1618,Not given,Son of ,John,,, FERRIS,,,Filius mater eius sua Gray John Ferris' son; his mother was Ann Gray
WOR,Badsey,St James,,13 Feb 1618,Nicholas,,,,,IZORD,,,
WOR,Badsey,St James,,15 Feb 1618,Ann,,,,,IZORD,,,
WOR,Badsey,St James,,21 Mar 1618,John,,,,,ROBYNES,,,
WOR,Badsey,St James,,20 Sep 1619,Joan,,,,,BUB,,,
WOR,Badsey,St James,,29 Oct 1619,Elizabeth,,,,,BRUAR,,,
WOR,Badsey,St James,,20 Dec 1619,Anne,Widow,,,,KYNGE,,,
WOR,Badsey,St James,,23 Jan 1619,William ,,,,,HARWARD,,,
WOR,Badsey,St James,,6 Feb 1619,Richard,,,,,BATE,,,Servant. Servant of Thomas Smith
WOR,Badsey,St James,,9 Jun 1620,Anne,Wife of,Thomas,,,HIGHAM,,,
WOR,Badsey,St James,,13 Jun 1620,John,,,,,SHERMAN,,,
WOR,Badsey,St James,,30 Jun 1620,Mary,Daughter of,Thomas,,,SMITH,,,
WOR,Badsey,St James,,14 Jul 1620,William,Son of,Robert,,,MARTIN,,,
WOR,Badsey,St James,,9 Aug 1620,Thomas,Son of,John,,,GILSON,,,
WOR,Badsey,St James,,2 Sep 1620,Edward,Son of,Thomas,,,SMITH,,,
WOR,Badsey,St James,,21 Oct 1620,Joan,Daughter of,Robert,,,GEORGE,,,
WOR,Badsey,St James,,1 Nov 1620,Richard,Son of,Thomas,,,ROBERTS,,,
WOR,Badsey,St James,,2 Nov 1620,Robert,,,,,WHITE,,,
WOR,Badsey,St James,,14 May 1621,Not given,wife of,Thomas,,,CRUMPE,,,Widow of Thomas
WOR,Badsey,St James,,1 Nov 1621,Elizabeth,,,,,GEORGE,,,
WOR,Badsey,St James,,5 Dec 1621,Richard,,,,,WICHE,,,
WOR,Badsey,St James,,28 Jun 1622,Thomas,Son of,Edward,,,PIGEON,,,Thomas Pigeon Junior
WOR,Badsey,St James,,15 Oct 1622,Anne,,,,,HARRIS,,,
WOR,Badsey,St James,,20 Oct 1622,Mary,Wife of,Richard,,,HANKES,,,
WOR,Badsey,St James,,29 Dec 1622,Robert,Son of,Richard,,,BADSEY,,,
WOR,Badsey,St James,,6 Jan 1622,Elizabeth,Wife of,John,,,CRUMPE,,,CROMPE in BT
WOR,Badsey,St James,,1 Oct 1622,Mary,Widowá,,,, SMITH,,,SMYTH in BT
WOR,Badsey,St James,,1 Mar 1622,Anne,,,,,GRAY,,,
WOR,Badsey,St James,,23 Mar 1622,Marian,,,,,ROBERTS,,,Marian in register;Mary in BT
WOR,Badsey,St James,,21 Sep 1623,John,,,,,YEATES,,,
WOR,Badsey,St James,,3 Aug 1623,John,,,,,BANBURY,,,
WOR,Badsey,St James,,20 Jan 1623,Jarritt,Son of,William,,,WELCH,,,
WOR,Badsey,St James,,21 Jan 1623,William,,,,,ROBERTES,,,William Robertes the elder
WOR,Badsey,St James,,9 Jun 1624,Leonard,Son of,Thomas,,,SMITH,,,SMYTH in BT
WOR,Badsey,St James,,17 Aug 1624,William,Son of,Thomas,,,SMITH,,,SMYTH in BT
WOR,Badsey,St James,,21 Sep 1624,John,,,,,BUGDENá,, Aldington,
WOR,Badsey,St James,,1 Oct 1624,John,Son of,John,,,BANBURY,,,
WOR,Badsey,St James,,22 Oct 1624,Thomas,,,,,PIDGEON,,,
WOR,Badsey,St James,,17 Nov 1624,John,Son of,Richard,,,HANKS,,,
WOR,Badsey,St James,,26 Nov 1624,John,,,,,CRUMPE,,Badseyá,zzz
WOR,Badsey,St James,,16 Jan 1624,Mary,Wife of,Anthony,,,PIDGEON,,,
WOR,Badsey,St James,,2 Feb 1624,Ann,Wife of,Edward,,,AISON,,,
WOR,Badsey,St James,,5 Apr 1625,Robert,,,,,BADSEY,,,Robert Badsey Junior
WOR,Badsey,St James,,2 Apr 1625,Margaret,Widow,,,, WIDOWES,,,
WOR,Badsey,St James,,8 Apr 1625,Thomas,,,,,PERSE,,,
WOR,Badsey,St James,,31 May 1625,Richard,,,,,WHITE,,,
WOR,Badsey,St James,,19 Jun 1625,Thomas,,,,,PIGEON,,,
WOR,Badsey,St James,,4 Jul 1625,Margaret,,,,,HOBBIE,,,
WOR,Badsey,St James,,5 Oct 1625,John,,,,,EDLINSON,,,
WOR,Badsey,St James,,9 Mar 1625,Christian,,,,,PIERS,,,
WOR,Badsey,St James,,6 Jul 1626,Mary,Wife of,John,,,BROCKIDGE,,,
WOR,Badsey,St James,,29 Oct 1626,Elias,,,,,MAP,,,Very difficult to read in register
WOR,Badsey,St James,,Jun 1627,Mary,,,,,SAVAGE,,,Very difficult to read in register
WOR,Badsey,St James,,15 Sep 1627,Ann,,,,,ROPER,,,ROGERS?
WOR,Badsey,St James,,16 Aug 1628,Joan,,,,,WHITE,,,Only in BT
WOR,Badsey,St James,,26 Nov 1628,Ann,Widow,,,, WHITE,,,Only in BT
WOR,Badsey,St James,,1628,John,,,,,ROPER,,,
WOR,Badsey,St James,,4 Jul 1629,William,,,,,PIGEON,,,
WOR,Badsey,St James,,6 Jul 1629,William,,,,,PLATON,,,
WOR,Badsey,St James,,2 Feb 1629,Joan,,,,,HYINE,,,HYHORNE in BT
WOR,Badsey,St James,,27 Mar 1630,Francis,,,,,DANES,,,Mendicus.In BT for 1629 but with a 27 Mar date so should really be 1630
WOR,Badsey,St James,,2 May 1630,Joan,Daughter of ,John,,,BROOKES,,,Not in BT
WOR,Badsey,St James,,4 Jul 1630,William ,,,,,PYGEON,,,Not in BT
WOR,Badsey,St James,,14 Nov 1630,Francis,,,,,BURSON,,,
WOR,Badsey,St James,,6 Dec 1630,Elizabeth,Wife of ,John,,,WHITE,,,
WOR,Badsey,St James,,6 Jan 1630,Alice,Wife of ,George,,,MARTIN,,,
WOR,Badsey,St James,,25 Jan 1630,Francis,,,,,BRUER,,,Only in BT
WOR,Badsey,St James,,2 Aug 1631,Thomas,Son of ,Francis,,,GROVE,,,Only in BT
WOR,Badsey,St James,,2 Oct 1631,Ann,Wife of ,Robert,,,SMYTH,,,
WOR,Badsey,St James,,11 Feb 1631,Margaret,Widow,,,,PYGEON,,,
WOR,Badsey,St James,,22 Apr 1632,George ,,,,,GEOFFIE,,,
WOR,Badsey,St James,,7 Sep 1634,Margaret,,,,,PIGEON,,,Difficult to read in register
WOR,Badsey,St James,,22 Dec 1634,Anthony,,,,,BLIZZARD,,,
WOR,Badsey,St James,,29 Jan 1634,John,,,,,FARMER,,,Difficult to read in both register and BT
WOR,Badsey,St James,,6 Feb 1634,Anne,,,,,CHERRY,,,
WOR,Badsey,St James,,3 Mar 1634,Thomas,,,,,WALTER,,,
WOR,Badsey,St James,,8 May 1635,John,,,,,ROBERTS,,,
WOR,Badsey,St James,,Jun 1635,Elizabeth,,,,,BIRD,,,Possibly Elizabeth crossed out and Isabell added
WOR,Badsey,St James,,9 Jul 1635,Thomas,,,,,ROBERTS,,,
WOR,Badsey,St James,,11 Jul 1635,Jane,,,,,GILSON,,,
WOR,Badsey,St James,,6 Oct 1635,Elizabeth,,,,,GROVE,,,
WOR,Badsey,St James,,27 Feb 1635,Elizabeth,,,,,DARKE,,,
WOR,Badsey,St James,,19 Aug 1635,Margaret,,,,,BUGDEN,,,
WOR,Badsey,St James,,30 Apr 1636,Robert,,,,,BADSEY,,,
WOR,Badsey,St James,,27 May 1636,Joan,,,,,SMITH,,,
WOR,Badsey,St James,,5 Jul 1636,John,,,,,SMITH,,,
WOR,Badsey,St James,,7 Jul 1636,William ,,,,,DARKE,,,
WOR,Badsey,St James,,23 Jul 1636,Thomas,,,,,WHITE,,,
WOR,Badsey,St James,,3 Jul 1636,John,,,,,BLIZZARD,,,
WOR,Badsey,St James,,6 Aug 1636,Anne,,,,,BLIZZARD,,,
WOR,Badsey,St James,,12 Apr 1637,Andrew,,,,,ROBERTS,,,
WOR,Badsey,St James,,3 May 1637,Jane ,,,,,BUGDEN,,,
WOR,Badsey,St James,,8 Jun 1637,John,,,,,ROBERTS,,,
WOR,Badsey,St James,,15 Sep 1637,Robert,,,,,HARRISON,,,
WOR,Badsey,St James,,24 Sep 1637,William ,,,,,STONE,,,
WOR,Badsey,St James,,6 Dec 1637,George ,,,,,WELLS,,,
WOR,Badsey,St James,,24 Apr 1638,John,,,,,WHITE,,,
WOR,Badsey,St James,,1 May 1638,John,,,,,MARTIN,,,
WOR,Badsey,St James,,12 Oct 1638,Thomas,,,,,HARRISON ,,,
WOR,Badsey,St James,,12 Nov 1638,Eleanor,,,,,SHOPWAY,,,
WOR,Badsey,St James,,3 Jan 1638,Margaret,,,,,PETERS,,,
WOR,Badsey,St James,,21 Jan 1638,Ralph,,,,,PIGEON,,,
WOR,Badsey,St James,,30 Aug 1639,John,Son of ,John,,,BLIZZARD,,,
WOR,Badsey,St James,,12 Oct 1639,Richard,Son of ,Thomas,,,SMYTH,,,
WOR,Badsey,St James,,21 Oct 1639,John,,,,,HIGHAM,,,
WOR,Badsey,St James,,3 Jul 1640,Robert,,,,,RAWEN,,,
WOR,Badsey,St James,,18 Jul 1640,James,,,,,WILSON,,,
WOR,Badsey,St James,,3 Apr 1641,Anthony,,,,,STEEVENS,,,
WOR,Badsey,St James,,27 Jun 1641,Edmund,,,,,APWOOD,,,
WOR,Badsey,St James,,27 Jul 1641,Thomas,,,,,SMYTH,,,
WOR,Badsey,St James,,11 Sep 1641,Ruth,,,,,CHAPMAN,,,A bastard
WOR,Badsey,St James,,17 Jan 1641,Joseph,,,,,ROBERTS,,,
WOR,Badsey,St James,,19 Jul 1642,Anne,,,,,HITCHINS,,,
WOR,Badsey,St James,,11 Oct 1642,John,,,,,GEORGE,,,
WOR,Badsey,St James,,29 Dec 1642,Edward,Son of,William,,,LANGSTON,,,
WOR,Badsey,St James,,12 Feb 1642,Joan,,,,,MARTIN,,,
WOR,Badsey,St James,,Jun 1643,William,Son of,Giles,,,PIDGEON,,,
WOR,Badsey,St James,,Oct 1643,Margaret,Daughter of,John,,,HARWARD,,,
WOR,Badsey,St James,,6 Nov 1643,Margaret,Widow,,,,BADSEY,,,
WOR,Badsey,St James,,10 Nov 1643,Mary,Wife of,Robert,,,DARKE,,,
WOR,Badsey,St James,,19 Dec 1643,Alice,Wife of,William,,,BANNISTER,,,
WOR,Badsey,St James,,28 Jan 1643,Anne,Wife of,Johná,,,ACTON,,,
WOR,Badsey,St James,,7 Mar 1643,Thomas,Son of,John,,,CHAMBERS,,,
WOR,Badsey,St James,,8 Mar 1643,Alice,Widow,,,,ROBERTS,,,
WOR,Badsey,St James,,27 Mar 1644,John,Son of,John,,,BADSEY,,,
WOR,Badsey,St James,,28 Mar 1644,Anthony,,,,,STEVENS,,,
WOR,Badsey,St James,,29 Mar 1644,Thomas,,,,,PHILLIPS,,,
WOR,Badsey,St James,,4 Apr 1644,Anne,Wife of,William,,,ROBERTS,,,
WOR,Badsey,St James,,10 Jun 1644,Robert,,,,,PLATON,,,
WOR,Badsey,St James,,30 Aug 1644,William,,,,,RICHARDS,,,
WOR,Badsey,St James,,2 Sep 1644,Katherine,Wife of,Francis,,,BELL,,,
WOR,Badsey,St James,,20 Sep 1644,Thomas,Son of,John,,,BAISSARD,,,Difficult to read in register;BLISSARD?
WOR,Badsey,St James,,1644,George,Son of,John,,,WHITE,,,
WOR,Badsey,St James,,13 Apr 1644,Jane,Wife of,Thomas,,,MEALIN,,,Difficult to read in register
WOR,Badsey,St James,,28 Feb 1644,Elizabeth,Wife of,Richard,,,GEORGE,,,
WOR,Badsey,St James,,24 Mar 1644,John,,,,,SMITH,,,
WOR,Badsey,St James,,31 Mar 1645,John,Widower,,,,DARK,,,
WOR,Badsey,St James,,16 Apr 1645,William,,,,,GROVE,,,
WOR,Badsey,St James,,Jun 1645,Margaret,Widow,,,,WILLIAMS,,,
WOR,Badsey,St James,,2 Jul 1645,John,Son of,John,,,PIGEON,,,
WOR,Badsey,St James,,3 Jan 1645,Mary,Daughter of,Ralph,,,HARWARD,,,
WOR,Badsey,St James,,6 Jan 1645,Thomas,Son of,John,,,DAFFORN,,,
WOR,Badsey,St James,,9 Apr 1646,Margaret,Wife of,John,,,PHIPPS,,,
WOR,Badsey,St James,,16 Apr 1646,Thomas,Son of,Thomas,,,SMITH,,,
WOR,Badsey,St James,,9 Jun 1646,Margery,Wife of,Anthony,,,SMITH,,,
WOR,Badsey,St James,,11 Jun 1646,Margaret,Widow,,,,SMITH,,,
WOR,Badsey,St James,,18 Jun 1646,John,Son of,John,,,PIGEON,,,
WOR,Badsey,St James,,8 Jul 1646,Jane,Daughter of,William,,,JARRETT,,,
WOR,Badsey,St James,,8 Oct 1646,Thomas,Son of,John,,,SMITH,,,
WOR,Badsey,St James,,31 Dec 1646,Samuel,Son of,George,,,MARTIN,,,
WOR,Badsey,St James,,1 Feb 1646,Margaret,Daughter of,John,,,DAFFORNE,,,
WOR,Badsey,St James,,31 May 1647,William,,,,,BANNISTER,,,
WOR,Badsey,St James,,3 Oct 1647,Richard,,,,,GROVE,,,
WOR,Badsey,St James,,19 Dec 1647,Anthony,Son of,George,,,MARTIN,,,
WOR,Badsey,St James,,28 Jan 1647,Mary,Daughter of,Thomas,,,BRUER,,,
WOR,Badsey,St James,,10 Feb 1647,Mary,Daughter of,Francis,,,GROVE,,,
WOR,Badsey,St James,,15 Apr 1648,Elizabeth,Widow,,,,PLATON,,,
WOR,Badsey,St James,,26 Apr 1648,Francis,Son of,John,,,HARWARD,,,
WOR,Badsey,St James,,11 Jun 1648,Christian,Wife of,John,,,GILSON,,,
WOR,Badsey,St James,,13 Jun 1648,Anne,Daughter of,John,,,COOKE,,,
WOR,Badsey,St James,,12 Jul 1648,Anthony,,,,,PIGEON,,,
WOR,Badsey,St James,,9 Sep 1648,John,Son of,John,,,HARRISON,,,
WOR,Badsey,St James,,7 Oct 1648,Richard,,,,,WAGGSTAFF,,,
WOR,Badsey,St James,,4 Dec 1648,George,Son of,John,,,WHITE,,,
WOR,Badsey,St James,,21 Dec 1648,Thomas,Son of,John,,,DAFFAN,,,
WOR,Badsey,St James,,18 Feb 1648,Margaret,Wife of, Thomas,,,GREENHILL,,,
WOR,Badsey,St James,,20 Feb 1648,Thomas,Son of,Thomas,,,SHOWELL,,,
WOR,Badsey,St James,,24 Feb 1648,Margaret,Widow,,,,GROVE,,,
WOR,Badsey,St James,,7 Mar 1648,Jane,Wife of,William,,,ASHWIN,,,
WOR,Badsey,St James,,28 Mar 1649,Thomas,Son of,Anthony,,,SMITH,,,Son of Anthony Smith Junior
WOR,Badsey,St James,,21 Apr 1649,Grace,Widow,,,,POWELL,,,
WOR,Badsey,St James,,30 Apr 1649,John,Son of,John,,,TAYLOR,,,
WOR,Badsey,St James,,9 May 1649,Edward,Son of,Richard,,,BADSEY,,,
WOR,Badsey,St James,,16 May 1649,Amy,Daughter of,Richard,,,BADSEY,,,
WOR,Badsey,St James,,16 May 1649,Edma,Daughter of,John,,,SMITH,,,
WOR,Badsey,St James,,28 May 1649,Anne,Daughter of,John,,,BADSEY,,,
WOR,Badsey,St James,,11 Jun 1649,Elizabeth,Daughter of,John,,,WHITE,,,
WOR,Badsey,St James,,12 Jun 1649,John,Son of,William,,,TOMLINS,,,
WOR,Badsey,St James,,13 Jun 1649,Magdalena,Widow,,,,PRICE,,,
WOR,Badsey,St James,,20 Jul 1649,William,Son of,John,,,HARWARD,,,
WOR,Badsey,St James,,18 Aug 1649,William,Son of,Lily Maria,,,GIFFON,,,
WOR,Badsey,St James,,25 Aug 1649,Mary,Daughter of, John,,,HARRISON,,,
WOR,Badsey,St James,,13 Jan 1649,John,Son of,John,,,COOKE,,,
WOR,Badsey,St James,,7 Apr 1650,William,Son of,John,,,SMITH,,,
WOR,Badsey,St James,,13 Aug 1650,Anne,Wife of, Anthony,,,BLIZZARD,,,
WOR,Badsey,St James,,19 Aug 1650,Joan,Wife of, Thomas,,,SLAYMAKER,,,
WOR,Badsey,St James,,2 Sep 1650,William,Son of,John,,,BUGDEN,,,
WOR,Badsey,St James,,17 Jan 1650,Anne,Daughter of,William,,,ROBERTS,,,
WOR,Badsey,St James,,22 Jan 1650,Hannah,Daughter of,William,,,HEATH,,,
WOR,Badsey,St James,,18 Mar 1650,Margaret,Widow,,,,WELLS,,,
WOR,Badsey,St James,,7 Jan 1651,Anne,Daughter of,William,,,WHITE,,,
WOR,Badsey,St James,,21 Jan 1651,Margaret,Wife of, William,,,WHITE,,,
WOR,Badsey,St James,,3 Feb 1651,Richard,,,,,PIGEON,,,
WOR,Badsey,St James,,Aug 1652,Richard,Son of,John,,,BROOKES,,,
WOR,Badsey,St James,,13 Aug 1652,Anthony,,,,,SMYTH,20,,Anthony Smyth the elder XX in register assumed to indicate age
WOR,Badsey,St James,,25 Aug 1652,Elizabeth,Wife of, Thomas,,,SMYTH,,,
WOR,Badsey,St James,,31 Aug 1652,John,Son of,John,,,HOWMAN,,,
WOR,Badsey,St James,,23 Sep 1652,Edward,,,,,PIGEON,60,, in register assumed to indicate age
WOR,Badsey,St James,,1 Dec 1652,Anne,Widow,,,,PIGEON,60,,in register assumed to indicate age
WOR,Badsey,St James,,19 Mar 1652,Giles,Son of,George,,,HAYES,,,
WOR,Badsey,St James,,22 Apr 1653,Gilbert,,,,,JEW,,,
WOR,Badsey,St James,,14 Aug 1653,John,,,,,BROOKES,,Badsey,
WOR,Badsey,St James,,17 Sep 1653,William,Son of,Francis,,,GROVE,,,
WOR,Badsey,St James,,18 Sep 1653,Francis,,,,,HORNE,,,
WOR,Badsey,St James,,23 Sep 1653,Joan,Wife of, Stephen,,,WALKER,,,
WOR,Badsey,St James,,6 Dec 1653,Farley,Son of,Mary,,,HEATH,,,
WOR,Badsey,St James,,28 Dec 1653,Elizabeth,Daughter of,John,,,CHAMBERS,,,
WOR,Badsey,St James,,6 Feb 1653,Margaret,Wife of, Francis,,,HORNE,,,
WOR,Badsey,St James,,1 Mar 1653,Joan,Daughter of,Robert,,,SMITH,,,
WOR,Badsey,St James,,20 Mar 1653,John,Son of,Robert,,,SMITH,,,
WOR,Badsey,St James,,20 Mar 1653,Mary,Wife of, Robert,,,DARKE,,,
WOR,Badsey,St James,,2 Jul 1654,Thomas,Son of,John,,,SOMMER,,,
WOR,Badsey,St James,,20 Aug 1654,Stephen,,,,,WALKER,,,
WOR,Badsey,St James,,5 Sep 1654,Anthony,,,,,JENNINGS,,,
WOR,Badsey,St James,,10 Nov 1654,Barbara,,,,,NOT GIVEN,,Shrownell Parke,Just some dots in the register where the surname should be.
WOR,Badsey,St James,,30 Nov 1654,Joan,Daughter of,John,,,MARTIN,,,
WOR,Badsey,St James,,7 Jan 1654,Francis,,,,,ROBERTS,,Shrownell Parke,
WOR,Badsey,St James,,24 Jan 1654,Thomas,Son of,Francis,,,KNIGHT,,,
WOR,Badsey,St James,,14 Feb 1654,Joan ,Daughter of,Robert,,,SMYTH,,,
WOR,Badsey,St James,,23 Feb 1654,Elizabeth,Wife of, Francis,,,BANNISTER,,,
WOR,Badsey,St James,,24 Feb 1654,Anthony,Son of,Anthony,,,PIGEON,,,
WOR,Badsey,St James,,1 Mar 1654,Dorothy,Daughter of,John,,,HARRISON,,,
WOR,Badsey,St James,,9 Mar 1654,Alice,Daughter of,Francis,,,BANNISTER,,,
WOR,Badsey,St James,,16 Mar 1654,John,Son of,John,,,WAGGSTAFFE,,,
WOR,Badsey,St James,,2 Apr 1655,Sarah,Daughter of,Henry,,,ARROWSMITH,,,
WOR,Badsey,St James,,29 Aug 1655,Elizabeth,Daughter of,William,,,DARKE,,,
WOR,Badsey,St James,,1 Nov 1655,Richard,,Buried at Offenham,,,SHEPPERD,,Badsey,Buried at Offenham
WOR,Badsey,St James,,1 Nov 1655,Thomas,,Buried at Offenham,,,SHEPPERD,,Badsey,Buried at Offenham
WOR,Badsey,St James,,Oct 1656,Thomas,,Brother to Francis Grove,,,GROVE,,,Brother to Francis Grove
WOR,Badsey,St James,,Oct 1656,George,,,,,HAY,,,A traveler
WOR,Badsey,St James,,Oct 1656,Mary,Wife of, John,,,CARTWRIGHT,,,
WOR,Badsey,St James,,Dec 1656,Daniel,Son of,William,,,WELCH,,,William Welch Junior
WOR,Badsey,St James,,23 Apr 1657,Edward,Son of,Peter,,,CARELESS,,,
WOR,Badsey,St James,,11 May 1657,Richard,,,,,HOWMAN,,,
WOR,Badsey,St James,,27 Jun 1657,Hannah,Daughter of,William,,,GROVE,,,
WOR,Badsey,St James,,13 Jul 1657,John,,,,,CARTWRIGHT,,,
WOR,Badsey,St James,,19 Jul 1657,Elizabeth,Daughter of,Francis,,,BELL,,,
WOR,Badsey,St James,,6 Aug 1657,Anne,Daughter of,John,,,TANDY,,,
WOR,Badsey,St James,,9 Oct 1657,Elenor,Wife of, James,,,HOOPER,,,
WOR,Badsey,St James,,5 Dec 1657,William,,,,,DAVIS,,,A stranger
WOR,Badsey,St James,,12 Jan 1657,Robert,Son of,Robert,,,DARKE,,,
WOR,Badsey,St James,,9 Feb 1657,John,,Bachelor,,,PIGEON,,,
WOR,Badsey,St James,,23 Feb 1657,Elizabeth,,Spinster ,,,DURHAM,,,
WOR,Badsey,St James,,11 May 1658,Hannah,Daughter of,Thomas,,,WELLES,,,
WOR,Badsey,St James,,2 Jun 1658,James,,,,,HOOPER,,,
WOR,Badsey,St James,,17 Jun 1658,William,,,,,JOHNSONS,,,
WOR,Badsey,St James,,19 Jul 1658,Benjamin,Son of,William,,,WHITE,,,
WOR,Badsey,St James,,23 Jul 1658,Margery,Wife of, Robert,,,SMYTHE,,,
WOR,Badsey,St James,,3 Aug 1658,Valentine,Son of,Anthony,,,SMYTH,,,
WOR,Badsey,St James,,4 Oct 1658,Edward,,Physitian. ,,,BAYLIES,,,
WOR,Badsey,St James,,2 Nov 1658,Anthony,Son of,Thomas,,,SMYTH,,,
WOR,Badsey,St James,,31 Jan 1658,Thomas,Son of,Michael,,,JOHNSON,,,
WOR,Badsey,St James,,5 Apr 1659,Richard,Son of,William,,,HEATH,,,
WOR,Badsey,St James,,4 Jul 1659,Gyles,,,,,PIGEON,,,Gentleman.
WOR,Badsey,St James,,3 Jul 1659,Elizabeth,Daughter of,John,,,COOKE,,,
WOR,Badsey,St James,,9 Aug 1659,Robert,,,,,GEORGE,,,
WOR,Badsey,St James,,13 Nov 1659,Francis,,,,,BELL,,,
WOR,Badsey,St James,,29 Dec 1659,John,,,,,WHITE,,Aldington,
WOR,Badsey,St James,,6 Feb 1659,Giles,Son of,John,,,BROOKES,,,
WOR,Badsey,St James,,23 Apr 1660,Richard,,,,,BADSEY,,,
WOR,Badsey,St James,,27 Apr 1660,Francis,Son of,Francis,,,BANNISTER,,,
WOR,Badsey,St James,,30 Apr 1660,Anne,Wife of,Anthony,,,BLIZOD,,,
WOR,Badsey,St James,,17 Feb 1660,Francis,,,,,BANNISTER,,,Francis Bannister the elder
WOR,Badsey,St James,,8 Apr 1661,John,,,,,COOKE,,,
WOR,Badsey,St James,,24 May 1661,Abigail,Daughter of,Robert,,,GEORGE,,,
WOR,Badsey,St James,,24 Jun 1661,Benjamin,Son of,Anthony,,,SMYTHE,,,
WOR,Badsey,St James,,28 Jun 1661,Mary,Daughter of,Edward,,,GREENE,,,
WOR,Badsey,St James,,11 Sep 1661,Richard,,,,,ROONE,,,A stranger
WOR,Badsey,St James,,25 Sep 1661,John,,,,,TAYLOR,,,John Taylor the elder
WOR,Badsey,St James,,23 Oct 1661,Hester,Wife of,Ralph,,,HORNE,,,
WOR,Badsey,St James,,9 Nov 1661,John Taylor,,,,,MILLARD,,,
WOR,Badsey,St James,,19 Nov 1661,Thomas,Son of,John,,,COOKE,,,
WOR,Badsey,St James,,30 Nov 1661,John,Son of,Thomas,,,SMYTHE,,,
WOR,Badsey,St James,,7 Jan 1661,Jane,Daughter of,Anthony,,,SMYTHE,,,Senior
WOR,Badsey,St James,,17 Jan 1661,Thomas,Son of,Robert,,,ALLEN,,,
WOR,Badsey,St James,,2 Feb 1661,Margaret,Daughter of,Robert,,,ALLEN,,,
WOR,Badsey,St James,,16 Feb 1661,Jane,Widow,,,,HEATH,,,
WOR,Badsey,St James,,2 Mar 1661,Robert,,,,,DARKE,,,
WOR,Badsey,St James,,28 Oct 1662,William,Son of,Thomas,,,PIGEON,,,
WOR,Badsey,St James,,10 Dec 1662,Clement,,Gentleman.,,,DINGLEY,,,
WOR,Badsey,St James,,26 Dec 1662,William,Son of,Anthony,,,SMYTHE,,,
WOR,Badsey,St James,,11 Mar 1662,William,Son of,Thomas,,,SMYTHE,,,
WOR,Badsey,St James,,25 Mar 1663,Katherine,Daughter of,John,,,MARTIN,,,
WOR,Badsey,St James,,20 Apr 1663,Edward,Son of,Peter,,,CARELESS,,,
WOR,Badsey,St James,,20 May 1663,Jane,Daughter of,Giles,,,PIGEON,,,
WOR,Badsey,St James,,26 May 1663,Francis,,Yeoman.,,,GROVE,,,
WOR,Badsey,St James,,29 Jun 1663,Penelope,Daughter of,Anthony,,,SMYTHE,,,
WOR,Badsey,St James,,30 Sep 1663,Anna,Wife of,William,,,MILLINGTON,,,Wife of the Icumbent
WOR,Badsey,St James,,1663,Samuel,Son of,Thomas,,,SMYTH,,,
WOR,Badsey,St James,,27 Feb 1663,Thomas,Son of,Giles,,,PIGEON,,,
WOR,Badsey,St James,,12 Apr 1664,John,,,,,HARBAGE,,,
WOR,Badsey,St James,,25 Apr 1664,John,Son of,Robert,,,BADSEY,,,
WOR,Badsey,St James,,28 Jun 1664,Mary,Daughter of,William,,,PIGEON,,,
WOR,Badsey,St James,,12 Jul 1664,Anne,Daughter of,Anthony,,,PIGEON,,,
WOR,Badsey,St James,,16 Jul 1664,Anne,Wife of,Ferdinand,,,GREENE,,,
WOR,Badsey,St James,,20 Aug 1664,Thomas,Son of,Anthony,,,SMYTHE,,,Anthony Senior
WOR,Badsey,St James,,6 Dec 1664,John,Son of,John,,,DAFFORN,,,
WOR,Badsey,St James,,11 Feb 1664,Anne,Daughter of,John,,,LENNARD,,,
WOR,Badsey,St James,,24 Apr 1665,Anthony,,,,,BLIZZARD,,,
WOR,Badsey,St James,,23 Jul 1665,Alice,Wife of,John,,,BUGDEN,,,
WOR,Badsey,St James,,25 Jul 1665,John,,,,,WELLS,,,
WOR,Badsey,St James,,30 Aug 1665,Margaret,Daughter of,William,,,PIGEON,,,
WOR,Badsey,St James,,11 Sep 1665,Joan,Widow of Francis,,,,GROVE,,,
WOR,Badsey,St James,,16 Dec 1665,Eleanor,Daughter of,William,,,PIGEON,,,
WOR,Badsey,St James,,30 Dec 1665,Mary,Wife of,Richard,,,HARWARD,,,
WOR,Badsey,St James,,5 Feb 1665,William,,,,,WHITE,,,Think it says The Elder rather than Widower
WOR,Badsey,St James,,29 Aug 1666,John,Son of,John,,,BUGDEN,,,
WOR,Badsey,St James,,7 Sep 1666,Thomas,Son of,William,,,FAWCETT,,,Gentleman.
WOR,Badsey,St James,,28 Nov 1666,Dorothy,Wife of,John,,,PIGEON,,,
WOR,Badsey,St James,,5 Jul 1667,Sarah,Wife of,John,,,SMYTHE,,,
WOR,Badsey,St James,,6 Aug 1667,Amy,Daughter of,Robert,,,BRASSINGTON,,,
WOR,Badsey,St James,,15 Aug 1667,Thomas,Son of,John,,,BUGDEN,,,
WOR,Badsey,St James,,18 Aug 1667,Mary,Daughter of,Peter,,,CARELESS,,,
WOR,Badsey,St James,,20 Aug 1667,George,,,,,BYRT,,,Fuller.
WOR,Badsey,St James,,9 Sep 1667,William,Son of,Francis,,,BANNISTER,,,
WOR,Badsey,St James,,4 Oct 1667,Thomas,Son of,John,,,SMYTHE,,,
WOR,Badsey,St James,,30 Nov 1667,Mary,Daughter of,Thomas,,,DUDLEY,,,
WOR,Badsey,St James,,27 Mar 1668,Jane,widow,,,,HOWMAN,,,HOMAN in BT
WOR,Badsey,St James,,21 Apr 1668,Jane,,,,,HOWMAN,,,Spinster HOMAN in BT
WOR,Badsey,St James,,14 May 1668,William,,,,,WELCH,,,
WOR,Badsey,St James,,1 Jun 1668,Dorothy,Wife of,William,,,DARKE,,,
WOR,Badsey,St James,,10 Nov 1668,Thomas,,,,,SPRAGGE,,,
WOR,Badsey,St James,,17 Nov 1668,Joseph,Son of,Joseph,,,HUNT,,,
WOR,Badsey,St James,,24 Mar 1668,Elizabeth,Daughter of,John,,,HOMAN,,,
WOR,Badsey,St James,,6 Dec 1669,Elizabeth,Daughter of,Henry,,,ARROWSMYTH,,,
WOR,Badsey,St James,,1 Jan 1669,Thomas,Son of,Peter,,,CARELESS,,,
WOR,Badsey,St James,,24 Jan 1669,Alice,Widow,,,,FORREST,,,
WOR,Badsey,St James,,29 Jan 1669,Marian,Widow,,,,SPRAGGE,,,
WOR,Badsey,St James,,6 Mar 1669,William,Son of,John,,,BUGDEN,,,
WOR,Badsey,St James,,16 Mar 1669,Thomas,,,,,BRUAR,,,Labourer.
WOR,Badsey,St James,,12 May 1670,Isabell,Daughter of, John,,,WELLS,,,
WOR,Badsey,St James,,25 Jul 1670,John,,Yeoman. ,,,HARWARD,,,
WOR,Badsey,St James,,2 Sep 1670,Mary,Widow,,,,WHITE,,,
WOR,Badsey,St James,,8 Sep 1670,Robert,,,,,SMYTH,,,Robert Smyth Senior
WOR,Badsey,St James,,27 Sep 1670,Joan,Widow,,,,BROOKES,,,
WOR,Badsey,St James,,19 Jan 1670,Margery,Wife of, John,,,WHITE,,,
WOR,Badsey,St James,,4 Feb 1670,Edward,,,,,TARLUM,,,Servant.
WOR,Badsey,St James,,23 Feb 1670,Joan,Widow,,,,JOHNSONS,,,
WOR,Badsey,St James,,30 May 1671,Thomas,Son of, Robert,,,DARK,,,
WOR,Badsey,St James,,10 Nov 1671,Mary,Wife of, John,,,GIBBS,,,
WOR,Badsey,St James,,16 Nov 1671,Elizabeth,Wife of, Thomas,,,HARWARD,,,
WOR,Badsey,St James,,22 Nov 1671,Joan ,Wife of, John,,,TAYLOR,,,
WOR,Badsey,St James,,24 Nov 1671,Anne,Daughter of, John,,,WAGSTAFFE,,,
WOR,Badsey,St James,,19 Jan 1671,Robert,Son of, Robert,,,SMYTH,,,
WOR,Badsey,St James,,21 Jun 1672,John,Widower,,,,SHEPPARD,,,
WOR,Badsey,St James,,3 Aug 1672,Mary,Daughter of, Anthony,,,ARROWSMYTH,,,
WOR,Badsey,St James,,13 Aug 1672,John,,,,,WHYTE,,,John Whyte the younger
WOR,Badsey,St James,,26 Dec 1672,Edith,Widow,,,,PIGEON,,,
WOR,Badsey,St James,,9 Mar 1672,William,,,,,DARK ,,,
WOR,Badsey,St James,,12 May 1673,John,,,,,PIGEON,,,de la Greene
WOR,Badsey,St James,,22 May 1673,Sarah,Wife of, John,,,HOWMAN,,,
WOR,Badsey,St James,,30 Oct 1673,Jane,Daughter of, John,,,COOK,,,
WOR,Badsey,St James,,19 Nov 1673,Robert,,,,,BRASSINGTON,,,
WOR,Badsey,St James,,8 Mar 1673,Elizabeth,Wife of, Thomas,,,SHOWELL,,,
WOR,Badsey,St James,,27 Mar 1674,William,,,,,COTTERELL,,,
WOR,Badsey,St James,,17 May 1675,Thomas,,,,,HARWARD,,,
WOR,Badsey,St James,,3 Jun 1675,William,Son of, John,,,GROVE,,,
WOR,Badsey,St James,,4 Apr 1676,Elizabeth,Wife of, John,,,CHAMBERS,,,
WOR,Badsey,St James,,6 Jun 1676,John,Son of, Anthony,,,SMYTH,,,
WOR,Badsey,St James,,15 Jul 1676,Thomas,Son of, Thomas,,,SYMSON,,,
WOR,Badsey,St James,,22 Jul 1676,Elizabeth,Daughter of, Thomas,,,AYERS,,,
WOR,Badsey,St James,,17 Sep 1676,Alice,Widow,,,,WELSH,,Aldington,
WOR,Badsey,St James,,28 Dec 1676,Not given,Son of, John,,,BROOKS ,,Aldington,
WOR,Badsey,St James,,7 Jun 1677,Richard,Son of, John,,,SMYTH,,,
WOR,Badsey,St James,,14 Jun 1677,Anne,Daughter of, John,,,PALMER,,,
WOR,Badsey,St James,,18 Jun 1677,William,,,,,MILLINGTON,,,Minister of Badsey and Wickhamford. Mr William Millington
WOR,Badsey,St James,,18 Sep 1677,Catherine,Widow,,,,TAYLOR,,,
WOR,Badsey,St James,,18 Oct 1677,William,Son of, Thomas,,,DUDLEY,,,
WOR,Badsey,St James,,8 Dec 1677,Margaret,Wife of, John,,,BROOKES,,,
WOR,Badsey,St James,,22 Feb 1677,Not given,Son of, Thomas,,,DARKE,,,
WOR,Badsey,St James,,2 Mar 1677,Mary,Daughter of, John,,,TAYLOR,,,
WOR,Badsey,St James,,6 Mar 1677,Anne,Wife of, John,,,DAFFON,,,
WOR,Badsey,St James,,19 Mar 1677,John,,,,,COOPER,,,
WOR,Badsey,St James,,2 Sep 1678,John,,,,,DAFFON,,,
WOR,Badsey,St James,,18 Nov 1678,Thomas,Son of, John,,,MORRIS,,,
WOR,Badsey,St James,,12 Dec 1678,Mary,Daughter of, Edward,,,BROOK,,,
WOR,Badsey,St James,,28 Jan 1678,William,,,,,TOWNSEND,,,
WOR,Badsey,St James,,12 Feb 1678,Anne,Wife of, Henry,,,ALDERSMYTH,,,
WOR,Badsey,St James,,4 Mar 1678,Mary,Daughter of, Thomas,,,DUDLEY,,,
WOR,Badsey,St James,,9 Apr 1679,Thomas,,,,,SYMSON,,,
WOR,Badsey,St James,,15 Apr 1679,Jane,Widow,,,,PIGEON,,,Mrs Jane Pigeon
WOR,Badsey,St James,,6 Jun 1679,Isabel,Widow,,,,COOPER,,,
WOR,Badsey,St James,,20 Aug 1679,Anthony,,,,,MARTIN,,,
WOR,Badsey,St James,,7 Oct 1679,Elizabeth,Wife of, John,,,RUFFHEAD,,,ROUGHEAD in BT
WOR,Badsey,St James,,19 Oct 1679,Thomas,,,,,WILSON,,,
WOR,Badsey,St James,,1 Jan 1679,Thomas,,,,,COOPER,,,
WOR,Badsey,St James,,21 Mar 1679,Martha,,,,,PIGEON,,,Spinster added in BT
WOR,Badsey,St James,,19 Apr 1680,Katherine,Widow,,,,HARRISON,,,
WOR,Badsey,St James,,11 May 1680,Ralph,,,,,HARWARD,,,
WOR,Badsey,St James,,3 Jun 1680,Anne,Wife of, Thomas,,,PIGEON,,,Only in BT
WOR,Badsey,St James,,13 Aug 1680,Prudence,Widow,,,,COOPER,,,
WOR,Badsey,St James,,23 Aug 1680,Jane,Daughter of, John,,,WILSON,,,
WOR,Badsey,St James,,23 Aug 1680,Ishmael,Son of, Martha,,,SMYTH,,,
WOR,Badsey,St James,,24 Aug 1680,William,,,,,GEORGE,,,
WOR,Badsey,St James,,6 Sep 1680,Thomas,Son of, Thomas,,,PIGEON,,,
WOR,Badsey,St James,,26 Oct 1680,Elizabeth,Daughter of, Anthony,,,ARROWSMYTH,,,
WOR,Badsey,St James,,7 Nov 1680,John,Widower,,,,PIGEON,,,
WOR,Badsey,St James,,30 Nov 1680,Margaret ,Widow,,,,COTTERILL,,,
WOR,Badsey,St James,,28 Dec 1680,Thomas,Son of, Thomas,,,SHOWELL,,,
WOR,Badsey,St James,,25 Feb 1680,Elizabeth,Wife of, Thomas,,,SHOWELL,,,
WOR,Badsey,St James,,2 Mar 1680,Thomas,Son of, Thomas,,,DUDLEY,,Aldington,
WOR,Badsey,St James,,8 Mar 1680,Sarah,Wife of, Peter,,,CARELESS,,,
WOR,Badsey,St James,,28 Apr 1681,William,,Gentleman. ,,,JARRETT,,Aldington,
WOR,Badsey,St James,,1 Jul 1681,Rebecka,Daughter of, Peter,,,CARELESS,,,
WOR,Badsey,St James,,25 Sep 1681,Samuel,Son of, Anthony,,,SMYTH,,,
WOR,Badsey,St James,,2 Oct 1681,John,,,,,HOWMAN,,,
WOR,Badsey,St James,,26 Nov 1681,Susannah,Wife of, Anthony,,,SMYTH,,,
WOR,Badsey,St James,,28 Sep 1682,Thomas,,,,,SHOWELL,,,Thomas Showell the elder
WOR,Badsey,St James,,12 Nov 1682,Hannah,,,,,PIGEON,,,Spinster added in BT
WOR,Badsey,St James,,21 Dec 1682,Mary,Wife of, William,,,WHITE,,,
WOR,Badsey,St James,,23 Jan 1682,Alice,Wife of, Thomas,,,HAZARD,,,
WOR,Badsey,St James,,28 Feb 1682,Amey,Widow,,,,BADSEY,,,
WOR,Badsey,St James,,18 Apr 1683,Robert,,,,,TAYLER,,,
WOR,Badsey,St James,,6 May 1683,Sarah,,,,,PIGEON,,,Spinster
WOR,Badsey,St James,,7 Sep 1683,Jane,Widow,,,,JARRETT,,,Mrs Jane Jarrett
WOR,Badsey,St James,,12 Jan 1683,Edward,,,,,STURDY,,,
WOR,Badsey,St James,,31 Jan 1683,Mary,Daughter of, Robert,,,ALLEN,,,
WOR,Badsey,St James,,5 Feb 1683,Margaret,Widow,,,,HARWARD,,,
WOR,Badsey,St James,,6 Feb 1683,Elizabeth,,Spinster ,,,STEEVENS,,,
WOR,Badsey,St James,,27 Mar 1684,Elizabeth,Daughter of, John,,,BANNISTER,,,
WOR,Badsey,St James,,28 Mar 1684,Frances,Wife of, John,,,WAGSTAFFE,,,
WOR,Badsey,St James,,9 Aug 1684,Mary,Daughter of, Richard,,,HAYWOOD,,,
WOR,Badsey,St James,,10 Aug 1684,Margery,,,,,PEIRCE,,,Spinster added in BT
WOR,Badsey,St James,,14 Aug 1684,Margaret,Daughter of, Thomas,,,WHITE,,,
WOR,Badsey,St James,,28 Aug 1684,Richard,,,,,HARWARD,,,
WOR,Badsey,St James,,8 Sep 1684,Magdalen,Widow,,,,DARK,,,
WOR,Badsey,St James,,14 Sep 1684,John,,,,,TAYLOR,,,
WOR,Badsey,St James,,25 Sep 1684,Thomas,,,,,JAMES,,,
WOR,Badsey,St James,,22 Oct 1684,Elizabeth,Wife of, Charles,,,SIMPSON,,,
WOR,Badsey,St James,,1 Feb 1684,Anne,Daughter of, Richard,,,RICHARDSON,,,
WOR,Badsey,St James,,2 Dec 1685,Augustin,,,,,JARRETT,,,Gentleman.
WOR,Badsey,St James,,8 Dec 1685,John,,,,,GIBBS,,,
WOR,Badsey,St James,,15 Dec 1685,Hannah,,,,,TOWNSEND,,,
WOR,Badsey,St James,,28 Dec 1685,Mary,Widow,,,,WAGSTAFFE,,,
WOR,Badsey,St James,,12 Jan 1685,Thomas,Son of, Francis,,,HARWARD,,,
WOR,Badsey,St James,,28 Aug 1686,Elizabeth,Daughter of, Thomas,,,SHOWELL,,,
WOR,Badsey,St James,,2 Aug 1686,John,Son of, John,,,WILSON,,,
WOR,Badsey,St James,,24 Sep 1686,Henry,,,,,ARROWSMYTH,,,
WOR,Badsey,St James,,15 Dec 1686,Mary,Wife of, William,,,POWELL,,,
WOR,Badsey,St James,,22 Jan 1686,Thomas,Son of, Thomas,,,GROVE,,,
WOR,Badsey,St James,,23 Jan 1686,Elizabeth,Daughter of, Francis,,,HARWARD,,,
WOR,Badsey,St James,,1 Feb 1686,Henry,Son of, Mrs Rork ,,,RORK,,,
WOR,Badsey,St James,,1 Mar 1686,Thomas,,,,,HASSARD,,,
WOR,Badsey,St James,,30 Mar 1687,John,Son of, John,,,TAYLOR,,,
WOR,Badsey,St James,,30 Sep 1687,Mary,Wife of, Thomas,,,MILAND,,,
WOR,Badsey,St James,,27 Feb 1687,John,Son of, Thomas,,,PHILLIPS,,,
WOR,Badsey,St James,,7 Mar 1687,James,Son of, Edward,,,BROOKS ,,,
WOR,Badsey,St James,,13 Mar 1687,Mary,Widow,,,,SHEPPERD,,,
WOR,Badsey,St James,,24 Nov 1687,Joseph,Son of, John,,,MILES,,,Only in BT
WOR,Badsey,St James,,24 Nov 1687,Ann ,Daughter of, Edward,,,GEORGE,,,Only in BT
WOR,Badsey,St James,,14 Aug 1688,Mary,Daughter of, John,,,CHAMBERS,,,
WOR,Badsey,St James,,20 Feb 1688,Mary,Widow,,,,BAKER,,,
WOR,Badsey,St James,,4 Apr 1689,Mary,Wife of, John,,,MOORE,,,
WOR,Badsey,St James,,7 Apr 1689,Mary,Daughter of, Thomas,,,SHEPPARD,,,
WOR,Badsey,St James,,30 May 1689,Martha,Wife of, John,,,GEORGE,,,
WOR,Badsey,St James,,9 Sep 1689,Sarah,Wife of, Edward,,,GEORGE,,,
WOR,Badsey,St James,,12 Nov 1689,John,,,,,CHAMBERS,,,
WOR,Badsey,St James,,20 Nov 1689,William,,,,,WHITE,,,
WOR,Badsey,St James,,14 Jan 1689,Joan,,,,,SIMPSON,,,
WOR,Badsey,St James,,18 Mar 1690,John,,,,,JENNINGS,,,
WOR,Badsey,St James,,28 Mar 1690,Not given,Widow,,,,MARTIN,,,
WOR,Badsey,St James,,23 Sep 1691,Eleanor,,,,,PIGEON,,,
WOR,Badsey,St James,,4 Feb 1691,Jane,Wife of, Thomas,,,SHOWELL,,,
WOR,Badsey,St James,,4 Feb 1691,Not given,,,,,NOT GIVEN,,,A strange woman A poor traveller woman appears in BT.
WOR,Badsey,St James,,4 May 1692,Sarah,Wife of, John,,,WHITE,,,Not in BT
WOR,Badsey,St James,,28 May 1692,William,Son of, Thomas,,,BAGGUT,,,BAGGOTT in BT
WOR,Badsey,St James,,1 Jun 1692,Dorothy,Widow,,,,GEORGE,,,
WOR,Badsey,St James,,29 Jun 1692,Charles,Son of, Charles,,,SIMPSON ,,,
WOR,Badsey,St James,,7 Jul 1692,Joseph,Son of, Charles,,,SIMPSON,,,
WOR,Badsey,St James,,16 Aug 1692,Anthony,,Miller. ,,,SMITH,,,
WOR,Badsey,St James,,4 Oct 1692,Mary,Widow,,,,TAYLOR,,,
WOR,Badsey,St James,,3 Jan 1692,Francis,Son of, Francis,,,HARWARD,,,
WOR,Badsey,St James,,18 May 1693,John,,,,,HARRISON,,Aldington,
WOR,Badsey,St James,,27 Aug 1693,Elizabeth,Daughter of, Anthony,,,STEVENS,,,
WOR,Badsey,St James,,10 Dec 1693,Philip,Wife of, William,,,DAFFON,,,Wife of William Daffon Definitely says Philip in register and Phillip in BT; presumably a mistake by the scribe or possibly a misunderstanding for Phillis?
WOR,Badsey,St James,,21 Jan 1693,Thomas,,,,,TAYLOR,,,
WOR,Badsey,St James,,26 Jan 1693,John,,,,,WAGSTAFF ,,,
WOR,Badsey,St James,,3 Aug 1694,Sarah,,,,,GREEN,,,GREENE in BT
WOR,Badsey,St James,,5 Aug 1694,Eleoner,,,,,BREWER,,,BRUER in BT
WOR,Badsey,St James,,24 Sep 1694,Ralph,,,,,HORN,,,
WOR,Badsey,St James,,5 Jun 1695,John,Son of, William,,,DAFFON,,,
WOR,Badsey,St James,,15 Jun 1695,Thomas,Son of, John,,,WELLS,,,
WOR,Badsey,St James,,25 Jun 1695,Joseph,Son of, Charles,,,SIMPSON,,,
WOR,Badsey,St James,,14 Jul 1695,John,,,,,PIDGEON,,,
WOR,Badsey,St James,,28 Aug 1695,John ,,,,,GROVE,,,
WOR,Badsey,St James,,6 Jan 1695,Margery,Wife of, James,,,BYRD,,,
WOR,Badsey,St James,,12 Feb 1695,Elizabeth,Daughter of, Francis,,,HARWARD,,,
WOR,Badsey,St James,,27 Jan 1695,James,Son of, William,,,HART,,,
WOR,Badsey,St James,,19 Apr 1696,Thomas,,,,,WELCH,,Badsey,
WOR,Badsey,St James,,12 Jul 1696,Benjamin,Son of, Francis,,,GROVE,,Aldington,Reputed Son of Francis Grove
WOR,Badsey,St James,,11 Aug 1696,Dinah,Widow,,,,DARKE,,Aldington,
WOR,Badsey,St James,,10 Nov 1696,Thomas,,,,,PIGEON,,Badsey,Thomas Pigeon Junior
WOR,Badsey,St James,,1 Feb 1696,Robert,,,,,DURHAM,,Aldington,
WOR,Badsey,St James,,19 Mar 1696,William,,,,,HEATH,,Aldington,
WOR,Badsey,St James,,26 Mar 1697,Joyce,Wife of, Richard,,,JOANS,,,JOANES in BT
WOR,Badsey,St James,,17 Apr 1697,Thomas Palmer,Son of, Mary,,,DAFFON,,,Or is PALMER his surname?
WOR,Badsey,St James,,24 Apr 1697,Sarah,Wife of, Phillip,,,ROCK,,,
WOR,Badsey,St James,,22 Jul 1697,John,Son of, Anthony,,,ROBBINS,,,ROBERTS in BT
WOR,Badsey,St James,,11 Aug 1697,Anne,Widow,,,,ROCK,,Aldington,
WOR,Badsey,St James,,14 Nov 1697,Joan ,Wife of, Joseph,,,KNIGHT,,,
WOR,Badsey,St James,,1 Dec 1697,Anne,Daughter of, James,,,BYRD,,,
WOR,Badsey,St James,,28 May 1698,Anne,,,,,GEORGE,,,
WOR,Badsey,St James,,18 Nov 1698,Edward,Son of, Richard,,,JOANES,,,JONES in BT
WOR,Badsey,St James,,30 Nov 1698,Margaret,Widow,,,,BEARD,,,
WOR,Badsey,St James,,8 Feb 1698,John,,,,,FORREST,,,
WOR,Badsey,St James,,3 Sep 1699,Sarah,Daughter of, Philip,Sarah,,ROCK,,Aldington,
WOR,Badsey,St James,,18 Nov 1699,Mary,Wife of, John,,,BANISTER,,Aldington, 