+INFO,david@davejo.eclipse.co.uk,password,SEQUENCED,BURIALS,,3.01.14
#,CCC,Dave Newbury,Worcestershire,WORBADBU2.CSV,09-Oct-2005
#,CREDIT,Dave Newbury,
#,02-Oct-2013,,
WOR,Badsey,St James,,29 Mar 1700,William,,,,,FORREST,,Badsey,
WOR,Badsey,St James,,13 Jun 1700,Mary,GROVE,Daughter of,William,,GROVE,,Aldington,
WOR,Badsey,St James,,13 Jul 1700,Peter,CARELESS,,,,CARELESS,,Aldington,
WOR,Badsey,St James,,26 Jul 1700,Elizabeth,PRAT,Daughter of,Ralph,,PRAT,,Aldington,
WOR,Badsey,St James,,13 Aug 1700,Thomas,ROBBERTS,Son of,William,,ROBBERTS,,Badsey,
WOR,Badsey,St James,,28 Dec 1700,Alice,GROVE,Wife of,Thomas,,GROVE,,Aldington,
WOR,Badsey,St James,,1 Jan 1700,Ann,BYRD,Widow,,,BYRD,,Badsey,
WOR,Badsey,St James,,13 Feb 1700,Joseph,BROOKS,Son of,John,ELEANOR,BROOKS,,Aldington,
WOR,Badsey,St James,,27 Apr 1701,Thomas,JOANES,Son of,Richard,,JOANES,,,
WOR,Badsey,St James,,1 Jun 1701,John,PRATT,Son of,Ralph,,PRATT,,Aldington,
WOR,Badsey,St James,,12 Jul 1701,Robert,ALLIN,,,,ALLIN,,,
WOR,Badsey,St James,,31 Oct 1701,Francis,,,,,SHENTOR,,Aldington.,
WOR,Badsey,St James,,6 Jun 1702,John,HARWARD,,,,HARWARD,,,
WOR,Badsey,St James,,2 Jun 1702,Thomas,PRATT,Son of,Ralph,,PRATT,,Aldington,
WOR,Badsey,St James,,1 Apr 1703,Giles,PIGEON,,,,PIGEON,,,
WOR,Badsey,St James,,11 Apr 1703,Not given,FORREST,Widow,,,FORREST,,,
WOR,Badsey,St James,,7 May 1703,William,NARRIS,,,,NARRIS,,Aldington,A wanderer
WOR,Badsey,St James,,20 Jan 1703,Mary,BROOKS,Wife of,Edward,,BROOKS,,Aldington,
WOR,Badsey,St James,,4 Apr 1704,Alice,GROVE,Daughter of,William,ANNE,GROVE,,,
WOR,Badsey,St James,,29 Apr 1704,Anne,BAGGUT,Wife of,Thomas,,BAGGUT,,,
WOR,Badsey,St James,,5 Jul 1704,Alice,GROVE,Daughter of,Francis,ALICE,GROVE,,Aldington,
WOR,Badsey,St James,,16 Nov 1704,Elizabeth,ARROWSMITH,Wife of,Anthony,,ARROWSMITH,,,
WOR,Badsey,St James,,15 Feb 1704,John,GROOM,,,,GROOM,,,
WOR,Badsey,St James,,5 May 1705,Mary,WILLCOCK,Wife of,Edward,,WILLCOCK,,,
WOR,Badsey,St James,,30 May 1705,Henry,BYRD,Son of,James,,BYRD,,,
WOR,Badsey,St James,,10 Jun 1705,Joseph,MOORE,Son of,John,,MOORE,,,
WOR,Badsey,St James,,12 Jul 1705,Anthony,ARROWSMYTH,,,,ARROWSMYTH,,,Buried according to the Act
WOR,Badsey,St James,,5 Dec 1705,Henry,MILLS,,,,MILLS,,,Buried according to the Act
WOR,Badsey,St James,,9 Apr 1706,Mary,WAGSTAFFE,,,,WAGSTAFFE,,,Buried according to the Act. The Queen's duty to be paid by Robert Brassington of Bretforton
WOR,Badsey,St James,,Dec 1706,Edward,BROOKE,Son of,Edward,,BROOKE,,Aldington,Buried according to the Act
WOR,Badsey,St James,,Dec 1706,Hannah,BROOKE,Daughter of,Edward,,BROOKE,,Aldington,Buried according to the Act
WOR,Badsey,St James,,16 Jan 1706,Richard,SMITH,,,,SMITH,,,Buried according to the Act
WOR,Badsey,St James,,10 Apr 1707,Martha,MERCHANT,,,,MERCHANT,,,Buried according to the Act
WOR,Badsey,St James,,24 Dec 1707,Elizabeth,ALLEN,Widow,,,ALLEN,,,Buried according to the Act
WOR,Badsey,St James,,30 Mar 1708,Joseph,SMITH,Son of,Edward,,SMITH,,,Buried according to the Act
WOR,Badsey,St James,,1 Apr 1708,Anne,JONES,Wife of,Edward,,JONES,,,Buried according to the Act
WOR,Badsey,St James,,23 Apr 1708,Anthony,JONES,Son of,Thomas,,JONES,,,Buried according to the Act
WOR,Badsey,St James,,23 Jul 1708,William,BIRD,Son of,Thomas,,BIRD,,,Buried according to the Act
WOR,Badsey,St James,,20 Sep 1708,Jane,SHEPPERD,Wife of,John,,SHEPPERD,,,Buried according to the Act
WOR,Badsey,St James,,21 Oct 1708,John,MOORE,,,,MOORE,,,Buried according to the Act
WOR,Badsey,St James,,26 Oct 1708,Elizabeth,STEPHENS,Wife of,Anthony,,STEPHENS,,Overbury,Buried according to the Act
WOR,Badsey,St James,,14 Jan 1708,Pearcy,GROVE,,,,GROVE,,,Buried according to the Act
WOR,Badsey,St James,,20 Jan 1708,Anne,DAVIS,Daughter of,Richard,,DAVIS,,,Burnt to death with the house. Buried according to the Act
WOR,Badsey,St James,,20 Jan 1708,Jane,DAVIS,Daughter of,Richard,,DAVIS,,,Burnt to death with the house. Buried according to the Act
WOR,Badsey,St James,,20 Jan 1708,Mary,DAVIS,Daughter of,Richard,,DAVIS,,,Burnt to death with the house. Buried according to the Act
WOR,Badsey,St James,,21 Jan 1708,Anne,COTTERIL,,,,COTTERIL,,Aldington,Buried according to the Act
WOR,Badsey,St James,,8 Mar 1708,Anne,HORN,Wife of,William,,HORN,,,Buried according to the Act
WOR,Badsey,St James,,20 May 1709,Thomas,BAGGUTT,,,,BAGGUTT,,,Buried according to the Act
WOR,Badsey,St James,,14 Jun 1709,Alice,GREEN,,,,GREEN,,,Buried according to the Act
WOR,Badsey,St James,,19 Aug 1709,Margaret,MORE,Widow,,,MORE,,,Buried according to the Act
WOR,Badsey,St James,,20 Jan 1709,John,BROOK,,,,BROOK,,Aldington,Buried according to the Act
WOR,Badsey,St James,,5 Feb 1709,Susanna,RICHARDSON,Wife of,Richard,,RICHARDSON,,,Buried according to the Act
WOR,Badsey,St James,,19 Mar 1709,Frances,ALDEN,Wife of,James,,ALDEN,,Aldington,Buried according to the Act
WOR,Badsey,St James,,9 Apr 1710,Elizabeth,Daughter of,Ralph,,,PRATT,,Aldington,Buried according to the Act
WOR,Badsey,St James,,19 Apr 1710,Thomas,,Thomas,,,DARK,,Aldington,Buried according to the Act
WOR,Badsey,St James,,7 May 1710,Edward,Son of,Ralph,,,PRATT,,Aldington,Buried according to the Act
WOR,Badsey,St James,,12 Jul 1710,Thomas,Son of,William,,,ROBERTS,,,Buried according to the Act
WOR,Badsey,St James,,14 Jan 1710,John,Son of,Thomas,,,JONES,,,Buried according to the Act
WOR,Badsey,St James,,10 Mar 1710,Christian,,,,,BIRD,,,Buried according to the Act
WOR,Badsey,St James,,13 Mar 1710,Mary,Daughter of,John,,,WELLS,,,Buried according to the Act
WOR,Badsey,St James,,23 Mar 1710,John,,,,,TAYLOR,,,Buried according to the Act
WOR,Badsey,St James,,May 1711,James,Son of,Joseph,,,KNIGHT,,,Buried according to the Act
WOR,Badsey,St James,,7 Oct 1711,Mary,Daughter of,Ralph,,,PRATT,,,Buried according to the Act
WOR,Badsey,St James,,10 Oct 1711,Anne,,,,,GIBBE,,,Buried according to the Act;Spinster
WOR,Badsey,St James,,20 Jan 1711,Mary,Widow,,,,JAMES,,,Buried according to the Act
WOR,Badsey,St James,,5 Apr 1712,Elizabeth,,,,,GEORGE,,,Buried according to the Act
WOR,Badsey,St James,,11 Apr 1712,Amy,Wife of,John,,,WELLS,,,Buried according to the Act
WOR,Badsey,St James,,25 Apr 1712,Sarah,Daughter of,John,,,WELLS,,,Buried according to the Act
WOR,Badsey,St James,,10 Feb 1712,Robert,,,,,GEORGE,,,Buried according to the Act
WOR,Badsey,St James,,15 Apr 1713,Sarah,Wife of,Thomas,,,SHOWEL,,,Buried according to the Act
WOR,Badsey,St James,,31 May 1713,Susanna,,,,,ROBERTSON,,,Buried according to the Act
WOR,Badsey,St James,,15 Jun 1713,John,Son of,Mary,,,ANDREWS,,,Buried according to the Act
WOR,Badsey,St James,,13 Jan 1713,William,Son of,William,,,ROBERTS,,,Buried according to the Act;Junior
WOR,Badsey,St James,,23 Jan 1713,Francis,,,,,COTTON,,,Buried according to the Act
WOR,Badsey,St James,,23 Feb 1713,Edward,Son of,Francis,,,TAYLOR,,,Buried according to the Act
WOR,Badsey,St James,,19 Apr 1714,William,,,,,STEEL,,,Buried according to the Act;Servant
WOR,Badsey,St James,,23 May 1714,John,,,,,TAYLOR,,,Buried according to the Act
WOR,Badsey,St James,,31 May 1714,Eleanor,Wife of,Thomas,,,DUDLEY,,Aldington,Buried according to the Act
WOR,Badsey,St James,,2 Jun 1714,Richard,,,,,ESTHNER,,,Buried according to the Act;Servant
WOR,Badsey,St James,,1 Aug 1714,Katharine,Widow,,,,WILSON,,,Buried according to the Act
WOR,Badsey,St James,,3 Aug 1714,Hannah,Daughter of,Thomas,,,WILSON,,,Buried according to the Act
WOR,Badsey,St James,,3 Sep 1714,Samuel,Son of,Joseph,,,SMITH,,,Buried according to the Act
WOR,Badsey,St James,,15 Nov 1714,Thomas,,,,,DUDLY,,Aldington,Buried according to the Act
WOR,Badsey,St James,,5 Nov 1714,Abigail,Daughter of,Anthony,,,MILAND,,,Buried according to the Act
WOR,Badsey,St James,,12 Dec 1714,William,,,,,GEORGE,,,Buried according to the Act
WOR,Badsey,St James,,18 Dec 1714,Anne,,,,,NAISH,,,Buried according to the Act
WOR,Badsey,St James,,20 Mar 1714,Elizabeth,,,,,GEORGE,,,Buried according to the Act
WOR,Badsey,St James,,1 Apr 1715,James,Son of,Joseph,,,KNIGHT,,Aldington,Buried according to the Act
WOR,Badsey,St James,,12 Apr 1715,Anne,,,,,DUDLY,,Aldington,Buried according to the Act
WOR,Badsey,St James,,18 Jul 1715,John,,,,,BANNISTER,,Aldington,Buried according to the Act
WOR,Badsey,St James,,18 Dec 1715,Thomas,,,,,SHOWELL,,,Buried according to the Act
WOR,Badsey,St James,,19 Feb 1715,Mary,Daughter of,Thomas,,,SHEPPERD,,,Buried according to the Act
WOR,Badsey,St James,,2 Feb 1715,Margaret,Daughter of,William,,,ROBERTS,,,Buried according to the Act
WOR,Badsey,St James,,11 Mar 1715,John,Son of,Job,,,ATKINS,,Aldington,Buried according to the Act
WOR,Badsey,St James,,15 Apr 1716,Mary,Wife of,John,,,CHAMBERS,,,Buried according to the Act
WOR,Badsey,St James,,17 Apr 1716,John,,Buried according to the Act,,,SHEPPERD,,,Buried according to the Act
WOR,Badsey,St James,,24 Apr 1716,William,,Buried according to the Act,,,GROVE,,,Buried according to the Act
WOR,Badsey,St James,,4 May 1716,Elizabeth,Wife of,John,,,WILLSON,,,Buried according to the Act
WOR,Badsey,St James,,13 Aug 1716,Alice,Wife of,Thomas,,,ROCK,,Aldington,Buried according to the Act
WOR,Badsey,St James,,20 Mar 1716,William,,,,,HORNE,,,Buried according to the Act
WOR,Badsey,St James,,29 Mar 1717,Jonathan,,,,,HOPKINS,,,Buried according to the Act
WOR,Badsey,St James,,7 Apr 1717,William,,,,,DAFFORN,,,Buried according to the Act
WOR,Badsey,St James,,15 Apr 1717,Mary,Wife of,Francis,,,COWPER,,,Buried according to the Act
WOR,Badsey,St James,,16 Aug 1717,Gerard,,Gerard Stephens Junior. Buried according to the Act,,,STEPHENS,,,Buried according to the Act;Junior
WOR,Badsey,St James,,9 Sep 1717,Benson,Son of,James,,,BRADSTOCK,,,Buried according to the Act
WOR,Badsey,St James,,Nov 1717,John,Son of,Richard,,,DAVIS,,,Buried according to the Act
WOR,Badsey,St James,,2 Jan 1717,Elizabeth,,,,,HOPKINS,,,Buried according to the Act
WOR,Badsey,St James,,17 Apr 1719,Thomas,Son of,William,,,ANDREWS,,,Buried according to the Act
WOR,Badsey,St James,,2 Sep 1719,Francis,Son of,John,,,COTTON,,,Buried according to the Act
WOR,Badsey,St James,,10 Dec 1719,John,,,,,CHAMBERS,,,Buried according to the Act
WOR,Badsey,St James,,14 Dec 1719,Elizabeth,Widow,,,,COTTON,,,Buried according to the Act
WOR,Badsey,St James,,Jan 1719,Anne,Daughter of,Francis,,,TAYLOR,,,Buried according to the Act
WOR,Badsey,St James,,5 Jan 1719,Thomas,,,,,DARKE,,Aldington,Buried according to the Act
WOR,Badsey,St James,,Feb 1719,Martha,Daughter of,Francis,,,GROVE,,Aldington,Buried according to the Act
