+INFO,david@davejo.eclipse.co.uk,password,SEQUENCED,BAPTISMS,,3.02.03
#,CCC,Dave Newbury,Worcestershire,WORBADBA9.CSV,06-Oct-2005
#,CREDIT,,
#,25-May-2014,,
WOR,Badsey,St James,,,21 Jan 1900,Eva May,F,Henry William,Martha Irene,BELL,,Aldington,Market Gardener,
WOR,Badsey,St James,,13 Dec 1899,29 Jan 1900,Arthur Edward,M,Samuel,Mary,MOORE,,Aldington,Labourer,PB. RIC Mar 18 1900
WOR,Badsey,St James,,5 Jan 1900,18 Feb 1900,Alger Edward,M,,Nellie,,GISBORNE,Badsey,Single Woman,
WOR,Badsey,St James,,1 Feb 1900,18 Mar 1900,Nora Alfreda,F,George Horace Farmer,Fanny,HAINES,,Bengeworth,Market Gardener,
WOR,Badsey,St James,,2 Jan 1897,18 Mar 1900,Jane,F,Charles,Mary Ann,KNIGHT,,Badsey,Market Gardener,
WOR,Badsey,St James,,20 Jan 1900,18 Mar 1900,May,F,Charles,Mary Ann,KNIGHT,,Badsey,Market Gardener,
WOR,Badsey,St James,,15 Mar 1900,17 Apr 1900,Isabella,F,George Cornelius,Louisa,SHEAF,,Cow Honeybourne,Farmer,
WOR,Badsey,St James,,2 Dec 1899,20 May 1900,Maggie,F,James Frederick,Hannah,PERKINS,,Badsey,Gardener,
WOR,Badsey,St James,,5 Mar 1900,20 May 1900,Martha Mary,F,George,Harriet,KNIGHT,,Badsey,Labourer,
WOR,Badsey,St James,,,20 May 1900,Lawrence Richard,M,Valentine Orson,Amelia Jessie,KNIGHT,,Badsey,Market Gardener,
WOR,Badsey,St James,,13 Apr 1900,20 May 1900,Frederick,M,Augustine,Mary,DORE,,Badsey,Market Gardener,
WOR,Badsey,St James,,13 May 1900,17 Jun 1900,Albert John Roberts,M,John,Amy,DONE,,Badsey,Market Gardener,
WOR,Badsey,St James,,24 Mar 1900,15 Jul 1900,Emily Joyce,F,John Wilkins,Alice,RAINBOW,,Aldington Briarleigh,Market Gardener,
WOR,Badsey,St James,,23 Mar 1900,15 Jul 1900,Evelyn Lavinia,F,John Ernest,Ruth,CULL,,Badsey,Baker,
WOR,Badsey,St James,,18 May 1900,15 Jul 1900,George Baden Powell,M,Daniel Jonathan,Elizabeth,HARTWELL,,Badsey,Market Gardener,
WOR,Badsey,St James,,2 Aug 1895,19 Aug 1900,William Henry,M,William John,Rose Annie,WARMINGTON,,Badsey,Carpenter,
WOR,Badsey,St James,,27 Oct 1899,19 Aug 1900,Norah Augusta,F,William John,Rose Annie,WARMINGTON,,Badsey,Carpenter,
WOR,Badsey,St James,,3 Sep 1900,5 Sep 1900,Dorothy,F,Samuel Henry,Lydia Ann,BENNETT,,Badsey,Baker's Assistant,PB. Died and was buried Sep 8 1900
WOR,Badsey,St James,,17 Jul 1900,16 Sep 1900,Martin,M,Decimus,Alice,AGG,,Badsey,Market Gardener,
WOR,Badsey,St James,,,10 Oct 1900,Ellen Louisa,F,William Humphrey,Louisa Rhoda,ROBERTS,,Badsey,Labourer,
WOR,Badsey,St James,,19 Aug 1900,11 Oct 1900,Hilda Rose,F,James Titmass,Rose Elizabeth,STRATFORD,,Pinvin,Gardener,PB
WOR,Badsey,St James,,6 Sep 1896,21 Oct 1900,William George,M,Alfred George,Lucy Sarah Ann,JINKS,,Badsey,Market Gardener,
WOR,Badsey,St James,,6 May 1898,21 Oct 1900,Alfred Richard,M,Alfred George,Lucy Sarah Ann,JINKS,,Badsey,Market Gardener,
WOR,Badsey,St James,,27 May 1900,21 Oct 1900,Dorothy May,F,Alfred George,Lucy Sarah Ann,JINKS,,Badsey,Market Gardener,
WOR,Badsey,St James,,17 Aug 1900,21 Oct 1900,Myra May,F,John,Kate,KNIGHT,,Badsey,Market Gardener,
WOR,Badsey,St James,,22 Sep 1900,18 Nov 1900,Daisy May,F,Charles,Elizabeth,ADDIS,,Badsey,Labourer,
WOR,Badsey,St James,,28 Sep 1900,18 Nov 1900,Jessie May,F,John Albert,Charlotte Emily,CRANE,,Badsey,Labourer,
WOR,Badsey,St James,,29 Dec 1900,29 Dec 1900,Alfred,M,Oliver,Florence Mary,HARWOOD,,Badsey,Gardener,PB
WOR,Badsey,St James,,20 Oct 1900,6 Jan 1901,George William,M,William Henry,Sarah Jane,BALLARD,,Badsey,Market Gardener,PB. RIC Dec 31 1900
WOR,Badsey,St James,,18 Jan 1901,18 Jan 1901,Norman Joseph,M,Joseph Foster,Emma,AGG,,Badsey,Parish Clerk Organist Market Garener,PB
WOR,Badsey,St James,,26 Oct 1900,20 Jan 1901,Marjorie Annie,F,Francis Henry,Eliza,CHAMBERLAIN,,Badsey,Gardener at Manor House Wickhamford,
WOR,Badsey,St James,,16 Dec 1900,20 Jan 1901,Hilda Gertrude,F,Arthur Edward,Sarah Ann,TAYLOR,,Aldington,Plasterer,
WOR,Badsey,St James,,07 Nov 1900,17 Feb 1901,Henry Arnold,M,George,Emma,BARNARD,,Badsey,The Leys Market Gardener,
WOR,Badsey,St James,,14 Mar 1901,7 Apr 1901,Eliza Jane,F,Thomas Henry,Elizabeth,WILLIS,,Badsey,Labourer,PB. Ceremony performed by a layman in an emergency
WOR,Badsey,St James,,27 Jan 1901,21 Apr 1901,Francis Edward,M,Geoffrey,Alice Annie,JONES,,Badsey,Market Gardener,
WOR,Badsey,St James,,28 Feb 1901,21 Apr 1901,Florence Jane,F,James,Sarah Ann,BREWER,,Badsey,Baker,
WOR,Badsey,St James,,9 Oct 1886,1 May 1901,Alice Meirion,F,Frederick George,Alice,BECK,,Badsey,Manager of Harvey Hunt Company Evesham Fest of SS Philip and James,
WOR,Badsey,St James,,23 Jan 1888,1 May 1901,Nina Eveleen,F,Frederick George,Alice,BECK,,Badsey,Manager of Harvey Hunt Company Evesham Fest of SS Philip and James,
WOR,Badsey,St James,,,1 May 1901,Reginald Frank,M,Frederick George,Alice,BECK,,Badsey,Manager of Harvey Hunt Company Evesham Fest of SS Philip and James,
WOR,Badsey,St James,,10 Aug 1837,16 May 1901,Richard,M,,,PENDLEBURY,,Not given,,An Adult parents being dead. Ascension Day
WOR,Badsey,St James,,,17 May 1901,Edith May,F,John Waldron,Albena,BIRD,,Badsey,Assistant to Miller at Aldington,
WOR,Badsey,St James,,26 Feb 1901,19 May 1901,Mary,F,Frederick,Ellen,PERKINS,,Badsey,Market Gardener,
WOR,Badsey,St James,,19 Apr 1901,19 May 1901,Francis Cecil,M,Alfred Cecil,Rose Adeline,SPARROW,,Badsey,Market Gardener,
WOR,Badsey,St James,,15 Jul 1899,16 Jun 1901,Mark,M,Mark,Sarah Ann,BROTHERIDGE,,Badsey,Signalman on GWR,PB. RIC Feb 16 1902
WOR,Badsey,St James,,24 Mar 1901,16 Jun 1901,Elsie Beatrice,F,James,Mary Ann,BARNARD,,Badsey,Market Gardener,
WOR,Badsey,St James,,15 Mar 1901,16 Jun 1901,Joseph Francis,M,William,Olive Mary,LLOYD,,Aldington,Farm labourer,
WOR,Badsey,St James,,8 Mar 1901,16 Jun 1901,Frederick Arthur,M,Frederick,Martha Mary,DRINKWATER,,Badsey,Labourer,
WOR,Badsey,St James,,15 Apr 1901,16 Jun 1901,Edith Grace,F,George,Esther,GISBORNE,,Badsey,Labourer,
WOR,Badsey,St James,,15 Apr 1901,16 Jun 1901,Beatrice Ellen,F,Frederick,Phoebe Ann,JELFS,,Badsey,Market Gardener,
WOR,Badsey,St James,,11 Sep 1900,21 Jul 1901,Rose Annie,F,Thomas,Lydia Ellen,CRANE,,Badsey,Market Gardener,
WOR,Badsey,St James,,29 Mar 1901,21 Jul 1901,Albert Harvey,M,Harvey,Elizabeth Emma,ANDREWS,,,,
WOR,Badsey,St James,,26 Jul 1901,27 Jul 1901,Martin,M,Edward,Jane,CLEVELEY,,Badsey,Market Gardener,
WOR,Badsey,St James,,5 Jun 1871,9 Aug 1901,Samuel,M,Samuel Henry,Mary Ann,MEDLEY,,Banbury,Accountant,Adult
WOR,Badsey,St James,,19 Oct 1898,18 Aug 1901,Horace Heming,M,Harry Heming,Amelia,BALLARD,,Badsey,Market Gardener,
WOR,Badsey,St James,,9 May 1901,18 Aug 1901,Wilfrid Heming,M,Harry Heming,Amelia,BALLARD,,Badsey,Market Gardener,
WOR,Badsey,St James,,28 Jun 1901,18 Aug 1901,Gilbert William,M,Herbert,Edith Clarke,HINDS,,Aldington,Assistant to the Miller,
WOR,Badsey,St James,,24 Jun 1901,15 Sep 1901,Alice Gwendolen,F,John Wilkes,Alice,RAINBOW,,Aldington,Market Gardener,
WOR,Badsey,St James,,15 Jul 1901,15 Sep 1901,Ernest George,M,George,Ashley,JELFS,,Badsey,Gardener,
WOR,Badsey,St James,,4 Jun 1901,15 Sep 1901,Eric John,M,Oliver,Fanny Caroline,JELFS,,Badsey,Gardener,
WOR,Badsey,St James,,21 Sep 1901,20 Oct 1901,Ida Helen,F,Augustine,Mary,DORE,,Badsey,Market Gardener,
WOR,Badsey,St James,,13 Aug 1901,20 Oct 1901,Martha Ellen,F,Thomas,Fanny,MARSHALL,,Badsey,Innkeeper,
WOR,Badsey,St James,,9 Aug 1901,20 Oct 1901,Horace George,M,George Horace Farmer,Fanny,HAINES,,Evesham,Market Gardener,
WOR,Badsey,St James,,4 Aug 1901,20 Oct 1901,Frances Ellen,F,George,Julia Amelia,MOISEY,,Badsey,Gardener,
WOR,Badsey,St James,,13 Sep 1901,17 Nov 1901,Edgar Arthur,M,Arthur,Olive Mary,SALTER,,Badsey,Gardener,
WOR,Badsey,St James,,27 Sep 1901,17 Nov 1901,Rose Marion,F,Elijah,Rose Emily,CRISP,,Badsey,Postmaster,
WOR,Badsey,St James,,26 Jun 1901,17 Nov 1901,Garnet Victor,M,John,Alice,WESTBURY,,Blackminster,Gardener,
WOR,Badsey,St James,,22 Nov 1901,5 Dec 1901,William Douglas,M,William,Alice,SANDFORD,,Badsey,Gardener,Died and buried Dec14 1901
WOR,Badsey,St James,,20 Nov 1901,21 Dec 1901,Thomas,M,George Cornelius,Louisa,SHEAF,,Cow Honeybourne,Farmer,
WOR,Badsey,St James,,31 Oct 1900,21 Dec 1901,Wilfrid Edgar,M,William,Alice Jane,COX,,Badsey,Gardener,PB. RIC Mar 16 1902
WOR,Badsey,St James,,5 Sep 1901,15 Jan 1902,Albert Edward,M,Harry,Annie Maria,JINKS,,Badsey,Market Gardener,
WOR,Badsey,St James,,8 May 1893,15 Jan 1902,Georgina Mildred,F,Harry,Annie Maria,JINKS,,Badsey,Market Gardener,
WOR,Badsey,St James,,18 Jan 1899,19 Jan 1902,Eva Helen,F,Thomas William,Felicia Ellen,COLLETT,,Badsey,Gardener,PB. RIC Apr 27 1902
WOR,Badsey,St James,,4 Dec 1901,19 Jan 1902,Ernest William,M,Albert Edward,Emma,EVANS,,Badsey,Market Gardener,
WOR,Badsey,St James,,1 Jan 1902,9 Feb 1902,Thomas Evelyn,M,William Henry,Mary Evelyn Lindsay,PRICE,,Badsey Vicarage,Vicar of Badsey,Born at 8.20 am
WOR,Badsey,St James,,28 Jul 1901,13 Feb 1902,Edith,F,Charles,Mary Ann,KNIGHT,,Badsey,Market Gardener,
WOR,Badsey,St James,,16 Dec 1901,16 Feb 1902,Francis Harry,M,Harry,Julia,COLLETT,,Badsey,Baker,
WOR,Badsey,St James,,23 Dec 1901,16 Feb 1902,Rose Hannah Elizabeth,F,Francis Edward,Louisa,NIGHTINGALE,,Badsey,Market Gardener,
WOR,Badsey,St James,,23 Dec 1901,20 Feb 1902,Maud Elsie,F,Frederick Cockerton,Ellen Elizabeth,STEWART,,Badsey,The Leys Market Gardener,PB
WOR,Badsey,St James,,,27 Feb 1902,Edith,F,Thomas,Lydia Ellen,CRANE,,Badsey,The Mill Market Gardener,PB. RIC Nov 17 1912
WOR,Badsey,St James,,12 Jan 1902,16 Mar 1902,Alice Lilian Annie,F,William,Alice Jane,COX,,Badsey,Belmont Terrace Gardener,
WOR,Badsey,St James,,14 Nov 1901,16 Mar 1902,Edwin,M,George,Emma,BARNARD,,Badsey,The Leys Market Gardener,
WOR,Badsey,St James,,7 Mar 1902,13 May 1902,Albert Edward,M,Walter Richard,Jecolia Ann,WARMINGTON,,Badsey,Innkeeper and Rate Collector,
WOR,Badsey,St James,,19 Feb 1902,18 May 1902,Albert Edward Christopher,M,Samuel,Mary,MOORE,,Aldington,Labourer,
WOR,Badsey,St James,,3 Apr 1902,18 May 1902,Raymond Edward,M,George Henry,Amelia Louisa,CRANE,,Badsey,Gardener,
WOR,Badsey,St James,,4 Apr 1902,15 Jun 1902,Gwendolen May,F,Joseph Foster,Emma,AGG,,Badsey,Market Gardener and Parish Clerk,
WOR,Badsey,St James,,15 May 1902,15 Jun 1902,George Alexander,M,George,Mabel Helen,BREARLEY,,Badsey,Mineral Water Manufacturer,
WOR,Badsey,St James,,28 May 1902,20 Jul 1902,Emily Amelia,F,-,Mary Louisa,MOISEY,,Badsey,Single Woman,
WOR,Badsey,St James,,26 Jun 1902,17 Aug 1902,Elsie Connie,F,Richard,Sarah Louisa,KEEN,,Badsey,Market Gardener,
WOR,Badsey,St James,,24 Aug 1902,21 Sep 1902,Alfred William,M,Alfred,Rose Adeline,SPARROW,,Badsey,Market Gardener,
WOR,Badsey,St James,,14 Aug 1902,21 Sep 1902,Elsie,F,Decimus,Alice,AGG,,Badsey,Market Gardener,
WOR,Badsey,St James,,2 Aug 1902,19 Oct 1902,Edith Evelyn,F,William Henry,Charlotte,STEWART,,Aldington,Market Gardener,
WOR,Badsey,St James,,1 Oct 1902,16 Nov 1902,Edward John,M,William Humphrey,Louisa Rhoda,ROBERTS,,Badsey,Labourer,
WOR,Badsey,St James,,14 Aug 1902,16 Nov 1902,Lilian Annie,F,Edward,Mary Anne,ROBERTS,,Badsey,Gardener,
WOR,Badsey,St James,,30 Sep 1902,21 Dec 1902,Amy Lavinia,F,Frederick,Phoebe,JELFS,,Badsey,Bricklayer,
WOR,Badsey,St James,,03 Nov 1902,18 Jan 1903,Rose Susannah,F,John Wilkes,Alice,RAINBOW,,Aldington,Horsebrige Hill Market Gardener,
WOR,Badsey,St James,,7 Oct 1902,15 Feb 1903,Ronald Alan,M,Charles Alan,Harriett,MURRAY,,Badsey,Market Gardener,
WOR,Badsey,St James,,,15 Mar 1903,Thomas Arthur,M,Arthur,Sarah Anne,TAYLOR,,Bengeworth,Plasterer,
WOR,Badsey,St James,,11 Feb 1903,10 Apr 1903,Francis Henry,M,William,Alice,SANDFORD,,Badsey,Labourer,
WOR,Badsey,St James,,7 May 1902,12 Apr 1903,Arthur Ernest,M,James,Sarah Ann,BREWER,,Badsey,Baker,
WOR,Badsey,St James,,02 Dec 1902,12 Apr 1903,Amy Louisa,F,Thomas George Page,Mary Louise,GREATRIX,,Longdon,Staffs Farmer,
WOR,Badsey,St James,,,19 Apr 1903,Cyril James,M,John Waldron,Albena,BIRD,,Badsey,Miller,
WOR,Badsey,St James,,,12 Apr 1903,Ellen,F,William Henry,Sarah Jane,BALLARD,,Badsey,Market Gardener,At birth lay baptism
WOR,Badsey,St James,,24 Mar 1903,17 May 1903,Albert Edmund,M,Walter,Clara Jane,HARWOOD,,Badsey,Market Gardener,
WOR,Badsey,St James,,12 Feb 1903,17 May 1903,Irene Christabel,F,Arthur,Beatrice Alice,SEARS,,Badsey,Market Gardener,
WOR,Badsey,St James,,17 May 1903,17 May 1903,Gwendoline,F,William,Lavinia,HARRIS,,Badsey,Hay Trusser,PB
WOR,Badsey,St James,,17 May 1903,17 May 1903,Harold,M,William,Lavinia,HARRIS,,Badsey,Hay Trusser,PB
WOR,Badsey,St James,,11 May 1903,21 Jun 1903,George Edward,M,Charles,Elizabeth,ADDIS,,Badsey,Labourer,
WOR,Badsey,St James,,30 Apr 1903,21 Jun 1903,Vera Winifred,F,John,Jessie,LAWLEY,,Badsey,Market Gardener,
WOR,Badsey,St James,,25 Apr 1903,21 Jun 1903,Ann Elizabeth,F,Frederick,Martha,DRINKWATER,,Badsey,Market Gardener,
WOR,Badsey,St James,,5 May 1903,19 Jul 1903,Edith Helen,F,James,Mary Ann,BARNARD,,Badsey,Market Gardener,
WOR,Badsey,St James,,26 Mar 1899,16 Aug 1903,Dorothy Marguerite,F,Arthur Edward Rogers,Fanny,TAYLOR,,79 Mellison Rd Tooting LND,Carman,
WOR,Badsey,St James,,20 Aug 1903,21 Aug 1903,Lily,F,Edward,Jane,CLEVELEY,,Badsey,Market Gardener,PB
WOR,Badsey,St James,,9 Aug 1903,6 Sep 1903,Frank,M,Oliver,Florence Mary,HARWOOD,,Badsey,Market Gardener,
WOR,Badsey,St James,,,6 Sep 1903,Frederick Thomas,M,Thomas,Ellen Elizabeth,PERKINS,,Badsey,Labourer,PB. RIC Oct 1903
WOR,Badsey,St James,,23 Jul 1903,20 Sep 1903,George Wilson,M,Wilson,Sarah Anne,ALLCHURCH,,Badsey,Market Gardener,
WOR,Badsey,St James,,24 Jun 1903,20 Sep 1903,Louisa Hannah,F,James Frederick,Hannah,PERKINS,,Badsey,Market Gardener,
WOR,Badsey,St James,,29 Jul 1903,20 Sep 1903,Lily Blanche,F,John,Kate,KNIGHT,,Badsey,Market Gardener,
WOR,Badsey,St James,,25 Aug 1903,28 Sep 1903,Sarah Ann,F,Thomas,Lydia Ellen,CRANE,,Badsey,Market Gardener,PB. Died Nov 8 1903
WOR,Badsey,St James,,30 Aug 1903,18 Oct 1903,Margaret Doris,F,George Henry,Amelia Louisa,CRANE,,Badsey,Market Gardener,St Luke's Day
WOR,Badsey,St James,,7 Jul 1903,18 Oct 1903,Frances Louisa,F,George Edwin,Louisa Jane,JONES,,Badsey,Market Gardener,
