+INFO,david@davejo.eclipse.co.uk,password,SEQUENCED,MARRIAGES,,3.01.14
#,CCC,Dave Newbury,Worcestershire,WORBADMA.CSV,17-Oct-05
#,CREDIT,Dave Newbury,
#,17-Oct-2005,,
WOR,Badsey,St James,,10 Nov 1538,Thomas,ROBERTS,,,,,, Joan,PRATTE,,,, ,,,,,,,,,,,,
WOR,Badsey,St James,,25 Apr 1539,Thomas,HASILTON,,,,,, Alice,GAMELL,,,, ,,,,,,,,,,,,
WOR,Badsey,St James,,1 May 1540,John,JOHNSON,,,,,,Margaret,BAYLEY,,,,,,,,,,,,,,,,
WOR,Badsey,St James,,26 Sep 1540,James,WATHEMAN,,,,,,Margery,CARPENTER,,,,,,,,,,,,,,,,
WOR,Badsey,St James,,17 Oct 1540,John,PIGEON,,,,,,Elizabeth,RUSSELL,,,,,,,,,,,,,,,,
WOR,Badsey,St James,,10 Jul 1541,John,CHANDLER,,,,,,Agnes,RYLE,,,,,,,,,,,,,,,,
WOR,Badsey,St James,,2 Oct 1541,William,WASBORNE,,,,,,Margaret,HARWARD,,,,,,,,,,,,,,,,
WOR,Badsey,St James,,2 Jul 1542,Thomas,BUTRAS,,,,,,Eme,BROMLEY,,,,,,,,,,,,,,,,
WOR,Badsey,St James,,30 Nov 1542,Thomas,RASTALL,,,,,,Elizabeth,GROVE,,,,,,,,,,,,,,,,
WOR,Badsey,St James,,5 Apr 1543,John,WHYTEHEAD,,,,,,Eleanor,GAME,,,,,,,,,,,,,,,,
WOR,Badsey,St James,,30 Sep 1543,Richard,HARINGTON,,,,,,Elizabeth,LENCH,,,,,,,,,,,,,,,,
WOR,Badsey,St James,,4 Nov 1543,Thomas,PLATON,,,,,,Elizabeth,HALEY,,,,,,,,,,,,,,,,
WOR,Badsey,St James,,23 Nov 1544,John,RUSSELL,,,,,,Agnes,BROOKE,,,,,,,,,,,,,,,,
WOR,Badsey,St James,,18 May 1546,William,SPONER,,,,,,Agnes,PIGYN,,,,,,,,,,,,,,,,
WOR,Badsey,St James,,26 Sep 1546,Thomas,TREVES,,,,,,Margery,WELLES,,,,,,,,,,,,,,,,
WOR,Badsey,St James,,3 Jul 1547,Edmund,FORREST,,,,,,Joan,MALPAS,,,,,,,,,,,,,,,,
WOR,Badsey,St James,,12 Oct 1547,Francis,BRECHE,,,,,,Isabel,SMITH,,,,,,,,,,,,,,,,
WOR,Badsey,St James,,29 Apr 1548,William,GOLD,,,,,,Agnes,FREMAN,,,,,,,,,,,,,,,,
WOR,Badsey,St James,,9 Oct 1548,John,TAYLER,,,,,,Joan,MATHEW,,,,,,,,,,,,,,,,
WOR,Badsey,St James,,3 Nov 1548,Thomas,HILL,,,,,,Margaret,PARKER,,,,,,,,,,,,,,,,
WOR,Badsey,St James,,27 Jan 1548,Henry,FERMAR,,,,,,Katherine,GEORGE,,,,,,,,,,,,,,,,
WOR,Badsey,St James,,1 May 1540,John ,JOHNSON á ,,,,,, Margaret ,BAYLEY,,,,,,,,,,,,,,,,
WOR,Badsey,St James,,26 Sep 1540,James ,WATHEMAN,,,,,, Margery ,CARPENTER,,,,,,,,,,,,,,,,
WOR,Badsey,St James,,17 Oct 1540,John ,PIGEON,,,,,, Elizabeth ,RUSSELL,,,,,,,,,,,,,,,,
WOR,Badsey,St James,,10 Jul 1541,John ,CHANDLER,,,,,, Agnes ,RYLE,,,,,,,,,,,,,,,,
WOR,Badsey,St James,,2 Oct 1541,William ,WASBORNE,,,,,, Margaret ,HARWARD,,,,,,,,,,,,,,,,
WOR,Badsey,St James,,2 Jul 1542,Thomas ,BUTRAS,,,,,, Eme ,BROMLEY,,,,,,,,,,,,,,,,
WOR,Badsey,St James,,30 Nov 1542,Thomas ,RASTALL,,,,,, Elizabeth ,GROVE,,,,,,,,,,,,,,,,
WOR,Badsey,St James,,5 Apr 1543,John ,WHYTEHEAD,,,,,, Eleanor ,GAME,,,,,,,,,,,,,,,,
WOR,Badsey,St James,,30 Sep 1543,Richard ,HARINGTON,,,,,, Elizabeth ,LENCH,,,,,,,,,,,,,,,,
WOR,Badsey,St James,,4 Nov 1543,Thomas ,PLATON,,,,,, Elizabeth ,HALEY,,,,,,,,,,,,,,,,
WOR,Badsey,St James,,23 Nov 1544,John ,RUSSELL,,,,,, Agnes ,BROOKE,,,,,,,,,,,,,,,,
WOR,Badsey,St James,,18 May 1546,William ,SPONER,,,,,, Agnes ,PIGYN,,,,,,,,,,,,,,,,
WOR,Badsey,St James,,26 Sep 1546,Thomas ,TREVES,,,,,, Margery ,WELLES,,,,,,,,,,,,,,,,
WOR,Badsey,St James,,3 Jul 1547,Edmund ,FORREST,,,,,, Joan ,MALPAS,,,,,,,,,,,,,,,,
WOR,Badsey,St James,,12 Oct 1547,Francis ,BRECHE,,,,,, Isabel ,SMITH,,,,,,,,,,,,,,,,
WOR,Badsey,St James,,29 Apr 1548,William ,GOLD,,,,,, Agnes ,FREMAN,,,,,,,,,,,,,,,,
WOR,Badsey,St James,,9 Oct 1548,John ,TAYLER,,,,,, Joan ,MATHEW,,,,,,,,,,,,,,,,
WOR,Badsey,St James,,3 Nov 1548,Thomas ,HILL,,,,,, Margaret ,PARKER,,,,,,,,,,,,,,,,
WOR,Badsey,St James,,27 Jan 1548,Henry ,FERMAR,,,,,, Katherine ,GEORGE,,,,,,,,,,,,,,,,
WOR,Badsey,St James,,24 Aug 1550,John,PROFETT,,,,,, Anne,GAMON,,,,,,,,,,,,,,,,
WOR,Badsey,St James,,22 Sep 1551,William,BOSBEE,,,,,, Margery,BELE,,,,,,,,,,,,,,,,
WOR,Badsey,St James,,27 Sep 1551,Richard,HAYWOOD,,,,,, Alice,STUBBES,,,,,,,,,,,,,,,,
WOR,Badsey,St James,,14 Oct 1551,John,BEST,,,,,, Agnes,GOLDE,,,,,,,,,,,,,,,,
WOR,Badsey,St James,,7 Nov 1551,William,TENANTE,,,,,, Joan,WELCHE,,,,,,,,,,,,,,,,
WOR,Badsey,St James,,5 Oct 1552,John,PERSE,,,,,, Joan,BRIDGE,,,,,,,,,,,,,,,,
WOR,Badsey,St James,,20 Nov 1552,Richard,ROBERTS,,,,,, Alice,STONE,,,,,,,,,,,,,,,,
WOR,Badsey,St James,,15 Oct 1553,John,ASKYN,,,,,, Elizabeth,HALLEY,,,,,,,,,,,,,,,,
WOR,Badsey,St James,,23 Oct 1554,Richard,SHEREMAN,,,,,, Joan,GEORGE,,,,,,,,,,,,,,,,
WOR,Badsey,St James,,5 Nov 1554,John,TAYLOR,,,,,, Agnes,STONE,,,,,,,,,,,,,,,,
WOR,Badsey,St James,,17 Sep 1554,William,PLATON,,,,,, Elizabeth FRANCE,,,,,,,,,,,,,,,,,
WOR,Badsey,St James,,9 Oct 1555,William,BENET,,,,,, Agnes,HALEY,,,,,,,,,,,,,,,,
WOR,Badsey,St James,,17 Oct 1555,John,KINGE,,,,,, Agnes,BRIYE,,,,,,,,,,,,,,,,
WOR,Badsey,St James,,24 Apr 1556,John,NOBLE,,,,,, Alice,WELLES,,,,,,,,,,,,,,,,
WOR,Badsey,St James,,10 Jul 1556,Thomas,WELLES,,,,,, Agnes,HEYSE,,,,,,,,,,,,,,,,
WOR,Badsey,St James,,19 Jan 1559,Thomas,WELLES,,,,,, Agnes,BROKE,,,Widow,,,,,,,,,,,,,
WOR,Badsey,St James,,7 Feb 1559,Thomas,WILLYS,,,,,, Agnes,LACY,,,,,,,,,,,,,,,,
WOR,Badsey,St James,,3 Jul 1560,John,WELCH,,,,,, Joan,,,,,,,,,,,,,,,,,
WOR,Badsey,St James,,26 Aug 1560,Richard,PYRWYN,,,,,, Joan,HYNKES,,,,,,,,,,,,,,,,
WOR,Badsey,St James,,8 Oct 1560,Thomas,ROBERTS,,,,,, Peryn,MYLNER,,,,,,,,,,,,,,,,
WOR,Badsey,St James,,23 Jan 1561,John,SMITH,,,,,, Agnes,BADSEY,,,,,,,,,,,,,,,,
WOR,Badsey,St James,,1 Feb 1561,Thomas, PEGYN,,,,,, Joan,COLLET,,,Widow,,,,,,,,,,,,,
WOR,Badsey,St James,,12 Aug 1561,Thomas,DAY,,,,,, Eleanor,UNET,,,,,,,,,,,,,,,,
WOR,Badsey,St James,,22 Aug 1561,Thomas,HOPER,,,,,, Margaret,BOLEN,,,,,,,,,,,,,,,,
WOR,Badsey,St James,,20 Oct 1562,William,BOCAR,,,,,,Alice,HARWARD,,,,,,,,,,,,,,,,
WOR,Badsey,St James,,4 May 1563,Robert,MORRES,,,,,,Joan,GROVE,,,,,,,,,,,,,,,,
WOR,Badsey,St James,,14 Oct 1563,Richard,WARD,,,,,,Margery,,,,,,,,,,,,,,,,,
WOR,Badsey,St James,,14 Nov 1563,John,YEATE,,,,,,Margery,,,,,,,,,,,,,,,,,
WOR,Badsey,St James,,25 Dec 1564,John,GROVE,,,,,,,GEORGE á,,,,,,,,,,,,,,,,
WOR,Badsey,St James,,10 Jun 1566,Richard,MORRELL,,,,,,Elizabeth,CLARKE ,,,,,,,,,,,,,,,,
WOR,Badsey,St James,,28 Jun 1567,Robert,TOMSON,,,,,,Matilda,FOWEN,,,,,,,,,,,,,,,,
WOR,Badsey,St James,,9 Nov 1567,Richard,SMITH,,,,,,Margaret,ROBERTS,,,,,,,,,,,,,,,,
WOR,Badsey,St James,,20 Jul 1568,John,DARKE,,,,,,Agnes,SMITH,,,,,,,,,,,,,,,,
WOR,Badsey,St James,,9 Nov 1568,Nicholas,LYNNEY,,,,,,Joan,WALLE,,,,,,,,,,,,,,,,
WOR,Badsey,St James,, 14 Oct 1570,William,HALL,,,,,,Agnes,PLATON,,,,,,,,,,,,,,,,
WOR,Badsey,St James,,6 Nov 1571,Henry,MORRELL,,,,,,Agnes,BOSBURY,,,,,,,,,,,,,,,,
WOR,Badsey,St James,,1 Dec 1571,Thomas,BEARD,,,,,,Alice,GEORGE,,,,,,,,,,,,,,,,
WOR,Badsey,St James,,20 Jan 1571,John,MORRELL,,,,,,Agnes,GEORGE,,,,,,,,,,,,,,,,
WOR,Badsey,St James,,29 Jun 1572,John,ORDWAY,,Wickhamford,,,,Mary,SMITH,,,,,,,,,,,,,,,,
WOR,Badsey,St James,,2 Aug 1572,Robert,JOHNSON,,,,,,Alice,PETER,,,,,,,,,,,,,,,,
WOR,Badsey,St James,,22 Sep 1572,Thomas,DARKE,,,,,, Joan,WYLKES,,,,,,,,,,,,,,,,
WOR,Badsey,St James,,29 Nov 1572,John,BRANDEN,,,,,, Joan,YARDELEY,,,,,,,,,,,,,,,,
WOR,Badsey,St James,,15 Jan 1572,William,WHYTE,,,,,,Elizabeth,PYRKES,,,,,,,,,,,,,,,,
WOR,Badsey,St James,,17 Jan 1572,Thomas,BADSEY,,,,,,Margery,SMITH,,,,,,,,,,,,,,,,
WOR,Badsey,St James,,26 Jul 1573,William,BRANTE,,,,,,Agnes,YARDLEY,,,,,,,,,,,,,,,,
WOR,Badsey,St James,,26 Jan 1574,William,GEORGE,,,,,,Elizabeth,SMITH,,,,,,,,,,,,,,,,
WOR,Badsey,St James,,27 Jan 1574,Edward,MOUNTEFORD,,,,,, Joan,BYRCHE,,,,,,,,,,,,,,,,
WOR,Badsey,St James,,26 Jun 1575,William,MAUPAS,,,,,,Margaret,SMITH,,,,,,,,,,,,,,,,
WOR,Badsey,St James,,14 May 1576,John,NEWMAN,,,,,,Joan,HARWARD,,,,,,,,,,,,,,,,
WOR,Badsey,St James,,30 Oct 1576,Thomas,ROBERTS,,,,,,Margaret,BUTLER,,,,,,,,,,,,,,,,
WOR,Badsey,St James,,27 Nov 1577,Thomas,BRANDEN,,,,,,Alice,JOHNSON,,,Widow,,,,,,,,,,,,,
WOR,Badsey,St James,,27 Jan 1578,William,BOTTE,,,,,,Margery,BADSEY,,,,,,,,,,,,,,,,
WOR,Badsey,St James,,29 Jun 1579,Thomas,PIGEON,,,,,,Katherine,SMITH,,,,,,,,,,,,,,,,
WOR,Badsey,St James,,6 Jul 1579,Eustace,HEYNES,,,,,,Joan,GREVES,,,,,,,,,,,,,,,,
WOR,Badsey,St James,,6 Aug 1579,William,WORME,,,,,,Elizabeth,GRAVE,,,,,,,,,,,,,,,,
WOR,Badsey,St James,,9 Aug 1579,Henry,BLISARD,,,,,,Elizabeth,WELLES,,,,,,,,,,,,,,,,
WOR,Badsey,St James,,6 Oct 1579,John,HAY alias DARBYE,,,,,,Elizabeth,PLATON,,,,,,,,,,,,,,,,
WOR,Badsey,St James,,24 Nov 1579,William,TURBET,,,,,,Anne,LISLE,,,,,,,,,,,,,,,,
WOR,Badsey,St James,,8 Dec 1579,Christopher,EDLINSONE,,,,,,Katherine,GEORGE,,,,,,,,,,,,,,,,