+INFO,david@davejo.eclipse.co.uk,password,SEQUENCED,BAPTISMS,,3.01.14
#,CCC,Paula Anne Beasley,Worcestershire,WORCRABA3.CSV,30-Mar-2001
#,CREDIT,,
#,04-Oct-2013,MFM 360,
WOR,Cradley,St Peters,,,07 Dec 1785,John,M,Edward,Mary,ROUND,ROUND,,,
WOR,Cradley,St Peters,,,7 Dec 1785,Benjamin,M,John,Phebe,HOMER,HOMER,,,
WOR,Cradley,St Peters,,,7 Dec 1785,Hannah,F,Samuel,Hannah,BLOOMER,BLOOMER,,,
WOR,Cradley,St Peters,,,7 Dec 1785,William,M,Samuel,Elizabeth,STRINGER,STRINGER,,,
WOR,Cradley,St Peters,,,7 Dec 1785,Nehimiah,M,Daniel,Mary,HOMER,HOMER,,,
WOR,Cradley,St Peters,,,7 Dec 1785,Benjamin,M,Daniel,Mary,HOMER,HOMER,,,
WOR,Cradley,St Peters,,,28 Dec 1785,Roshannah,F,Mark,Johannah,WILLETTS,WILLETTS,,,
WOR,Cradley,St Peters,,,28 Dec 1785,Benjamin,M,Mark,Johannah,WILLETTS,WILLETTS,,,
WOR,Cradley,St Peters,,,28 Dec 1785,Mark,M,Mark,Johannah,WILLETTS,WILLETTS,,,
WOR,Cradley,St Peters,,,28 Dec 1785,Sarah,F,John,Jane,HACKET,HACKET,,,
WOR,Cradley,St Peters,,,28 Dec 1785,Nancy,F,Thomas,Francis,GOLDEN,GOLDEN,,,
WOR,Cradley,St Peters,,,28 Dec 1785,Joseph,M,Noah,Hannah,FELLOWES,FELLOWES,,,
WOR,Cradley,St Peters,,,20 Feb 1786,Daniel,M,John,Mary,TROMAN,TROMAN,,,
WOR,Cradley,St Peters,,,26 Mar 1786,Sarah,F,John,Sarah,GROVENOR,GROVENOR,,,
WOR,Cradley,St Peters,,,14 May 1786,Nancy,F,Thomas,Mary,BEST,BEST,,,
WOR,Cradley,St Peters,,,25 Jun 1786,Rebeka,F,William,Elizabeth,WILLETTS,WILLETTS,,,
WOR,Cradley,St Peters,,,25 Jun 1786,Louisa,F,Henry,Hannah,EASTHOP,EASTHOP,,,
WOR,Cradley,St Peters,,,7 Jul 1786,John,M,James,Sarah,LONGMORE,LONGMORE,,,
WOR,Cradley,St Peters,,,23 Jul 1786,William,M,William,Lydia,STEVENTON,STEVENTON,,,
WOR,Cradley,St Peters,,,23 Jul 1786,Noah,M,Noah,Elizabeth,BUFREY,BUFFREY,,,
WOR,Cradley,St Peters,,,27 Aug 1786,Mary,F,Ambrose,Mary,NICKLIN,NICKLIN,,,
WOR,Cradley,St Peters,,,15 Oct 1786,Nancy,F,Amos,Hannah,TROMAN,TROMAN,,,
WOR,Cradley,St Peters,,,22 Oct 1786,Phebe,F,George,Penelope,MOOR,MOOR,,,
WOR,Cradley,St Peters,,,22 Oct 1786,William,M,Edward,Mary,GRIFFITHS,GRIFFITHS,,,
WOR,Cradley,St Peters,,,3 Nov 1786,Rebeka,F,Abraham,Selina,SITCH,SITCH,,,
WOR,Cradley,St Peters,,,3 Dec 1786,Timothy,M,John,Sarah,COLEY,COLEY,,,
WOR,Cradley,St Peters,,,10 Dec 1786,Benjamin,M,Edward,Mary,HARRIS,HARRIS,,,
WOR,Cradley,St Peters,,,24 Dec 1786,Mary,F,Isaac,Mary,ROCK,ROCK,,,
WOR,Cradley,St Peters,,,25 Dec 1786,Nancy,F,John,Mary,BAKER,BAKER,,,
WOR,Cradley,St Peters,,,5 Feb 1787,Benjamin,M,Samuel,Hannah,BLOOMER,BLOOMER,,,
WOR,Cradley,St Peters,,,4 Mar 1787,John,M,John,Sushannah,MOORE,MOORE,,,
WOR,Cradley,St Peters,,,6 Mar 1787,Joseph,M,Samuel,Hannah,NICKLIN,NICKLIN,,,
WOR,Cradley,St Peters,,,25 Mar 1787,Thomas,M,Slyvanus,Mary,BILLINGHAM,BILLINGHAM,,,
WOR,Cradley,St Peters,,,7 May 1787,Mary,F,Edward,Mary,ROUND,ROUND,,,
WOR,Cradley,St Peters,,,17 Jun 1787,John,M,Edward,Elizabeth,ADAMS,ADAMS,,,
WOR,Cradley,St Peters,,,14 Jun 1787,Joseph,M,John,Phebe,HOMER,HOMER,,,
WOR,Cradley,St Peters,,,14 Jun 1787,John,M,John,Phebe,HOMER,HOMER,,,
WOR,Cradley,St Peters,,,14 Jun 1787,Elizabeth,F,James,Elizabeth,WILLETTS,WILLETTS,,,
WOR,Cradley,St Peters,,,14 Jun 1787,Mary,F,John,Sarah,TRUEMAN,TRUEMAN,,,
WOR,Cradley,St Peters,,,23 Jun 1787,Thomas,M,Thomas,Mary,BEST,BEST,,,
WOR,Cradley,St Peters,,,04 Aug 1787,Richard,M,,Jane,,BURLEY,,,Jane BURLEY is listed in the entry as being a Widow
WOR,Cradley,St Peters,,,21 Jan 1788,William,M,Mark,Phebe,PRIEST,PRIEST,,,
WOR,Cradley,St Peters,,,24 Feb 1788,Ann,F,Joseph,,BATE,,,,
WOR,Cradley,St Peters,,,2 Mar 1788,Hannah,F,Joseph,Phillis,ORTEN,ORTEN,,,
WOR,Cradley,St Peters,,,3 Mar 1788,Hannah,F,Samuel,Elizabeth,LAMBERT,LAMBERT,,,
WOR,Cradley,St Peters,,,3 Mar 1788,Nancy,F,Isaac,Mary,FELLOWES,FELLOWES,,,
WOR,Cradley,St Peters,,,11 Mar 1788,Sarah,F,James,Sarah,LONGMORE,LONGMORE,,,
WOR,Cradley,St Peters,,,18 Mar 1788,John,M,John,Hannah,CURBY,CURBY,,,
WOR,Cradley,St Peters,,,24 Mar 1788,Nancy,F,Samuel,Nancy,ATTWOOD,ATTWOOD,,,
WOR,Cradley,St Peters,,,20 Apr 1788,Nancy,F,John,Esther,PERKS,PERKS,,,
WOR,Cradley,St Peters,,,4 May 1788,Leah,F,John,Mary,AMPHLET,AMPHLETT,,,
WOR,Cradley,St Peters,,,13 May 1788,Elizabeth,F,Thomas,Elizabeth,PRICE,PRICE,,,
WOR,Cradley,St Peters,,,11 May 1788,Hannah,F,James,Mary,SHAW,SHAW,,,
WOR,Cradley,St Peters,,,6 Jul 1788,James,M,James,Hannah,MASON,MASON,,,
WOR,Cradley,St Peters,,,14 Jul 1788,John,M,John,Mary,RICHARDS,RICHARDS,,,
WOR,Cradley,St Peters,,,14 Jul 1788,Ann,F,Samuel,Mary,SMITH,SMITH,,,
WOR,Cradley,St Peters,,,27 Jul 1788,Joel,M,Mark,Johannah,WILLETTS,WILLETTS,,,
WOR,Cradley,St Peters,,,18 Aug 1788,Thomas,M,Edward,Mary,ROUND,ROUND,,,
WOR,Cradley,St Peters,,,24 Aug 1788,Rebekah,F,James,Elizabeth,WILLETTS,WILLETTS,,,
WOR,Cradley,St Peters,,,29 Sep 1788,Charles,M,Thomas,Ann,HUNT,HUNT,,,
WOR,Cradley,St Peters,,,1 Oct 1788,Edward,M,Edward,Mary,GRIFFITHS,GRIFFITHS,,,
WOR,Cradley,St Peters,,,3 Oct 1788,James,M,Samuel,Sarah,INGLEY,INGLEY,,,
WOR,Cradley,St Peters,,,5 Oct 1788,Hannah,F,Zephaniah,Parthena,LAUGHER,LAUGHER,,,
WOR,Cradley,St Peters,,,18 Oct 1788,Sarah,F,James,Mary,CLIFT,CLIFT,,,
WOR,Cradley,St Peters,,,9 Nov 1788,Mary,F,Joseph,Elizabeth,FELLOWES,FELLOWES,,,
WOR,Cradley,St Peters,,,30 Nov 1788,Deanah,F,James,Sarah,PRIEST,PRIEST,,,
WOR,Cradley,St Peters,,,30 Nov 1788,Nancy,F,William,Elizabeth,EVERALL,EVERALL,,,
WOR,Cradley,St Peters,,,14 Feb 1789,Thomas,M,John,Fanny,JONES,JONES,,,
WOR,Cradley,St Peters,,,15 Feb 1789,Joseph,M,William,Mary,BIRD,BIRD,,,
WOR,Cradley,St Peters,,,15 Feb 1789,George,M,John,Sushannah,MOOR,MOOR,,,
WOR,Cradley,St Peters,,,26 Feb 1789,John,M,John,Mary,EDMUNDS,EDMUNDS,,,
WOR,Cradley,St Peters,,,12 Apr 1789,Kitty,F,Thomas,Elizabeth,MUNN,MUNN,,,
WOR,Cradley,St Peters,,,20 May 1789,Martha,F,Richard,Martha,PEARCE,PEARCE,,,
WOR,Cradley,St Peters,,,31 May 1789,Samuel,M,Samuel,Mary,HOLLOWAY,HOLLOWAY,,,
WOR,Cradley,St Peters,,,10 May 1789,Mary,F,Samuel,Hannah,NICKLIN,NICKLIN,,,
WOR,Cradley,St Peters,,,31 May 1789,James,M,John,Mary,BAKER,BAKER,,,
WOR,Cradley,St Peters,,,19 Jun 1789,Joseph,M,Thomas,Mary,BEST,BEST,,,
WOR,Cradley,St Peters,,,21 Jun 1789,Joseph,M,Edward,Elizabeth,PRIEST,PRIEST,,,
WOR,Cradley,St Peters,,,21 Jun 1789,Ruth,F,,,ADDLETON,,,,
WOR,Cradley,St Peters,,,16 Aug 1789,Elisha,M,William,Elizabeth,WILLETTS,WILLETTS,,,
WOR,Cradley,St Peters,,,16 Aug 1789,William,M,Samuel,Sushannah,BACHE,BACHE,,,
WOR,Cradley,St Peters,,,6 Sep 1789,Phebe,F,John,Mary,TROMANS,TROMANS,,,
WOR,Cradley,St Peters,,,27 Sep 1789,Jane,F,Samuel,Sushannah,BLOOMER,BLOOMER,,,
WOR,Cradley,St Peters,,,27 Sep 1789,Samuel,M,Joseph,Elizabeth,BUFFREY,BUFFREY,,,
WOR,Cradley,St Peters,,,24 Oct 1789,William,M,William,Elizabeth,HILL,HILL,,,
WOR,Cradley,St Peters,,,1 Nov 1789,Sarah,F,Samuel,Nancy,ATTWOOD,ATTWOOD,,,
WOR,Cradley,St Peters,,,8 Nov 1789,Sarah,F,John,Phebe,HOMER,HOMER,,,
WOR,Cradley,St Peters,,,25 Dec 1789,Thomas,M,James,Mary,CLIFT,CLIFT,,,
WOR,Cradley,St Peters,,,1 Jan 1790,Maria,F,Samuel,Sarah,INGLEY,INGLEY,,,
WOR,Cradley,St Peters,,,10 Jan 1790,Elizabth,F,Edward,Mary,ROUND,ROUND,,,
WOR,Cradley,St Peters,,,22 Jan 1790,Phebe,F,Thomas,Sarah,COX,COX,,,
WOR,Cradley,St Peters,,,24 Jan 1790,Ann,F,Benjamin,Sarah,BEASELEY,BEASELEY,,,
WOR,Cradley,St Peters,,,25 Jan 1790,Sarah,F,Benjamin,Sarah,BEASELEY,BEASELEY,,,
WOR,Cradley,St Peters,,,18 Mar 1790,John,M,Samuel,Elizabeth,STEVENS,STEVENS,,,
WOR,Cradley,St Peters,,,18 Mar 1790,Fanny,F,John,Elizabeth,STEVENS,STEVENS,,,
WOR,Cradley,St Peters,,,28 Mar 1790,Mary,F,John,Elizabeth,DABBS,DABBS,,,
WOR,Cradley,St Peters,,,28 Mar 1790,Nancy,F,Joseph,Elizabeth,FELLOWES,FELLOWES,,,
WOR,Cradley,St Peters,,,28 Mar 1790,Noah,M,James,Hannah,WILLETTS,WILLETTS,,,
WOR,Cradley,St Peters,,,30 Mar 1790,William,M,Zepheniah,Parthena,LAUGHER,LAUGHER,,,
WOR,Cradley,St Peters,,,8 Jun 1790,Mary,F,Ambrose,Elizabeth,HOMER,HOMER,,,
WOR,Cradley,St Peters,,,21 Jun 1790,Thomas,M,John,Elizabeth,BACHE,BACHE,,,
WOR,Cradley,St Peters,,,13 Jun 1790,Elizabeth,F,John,Sarah,TAYLOR,TAYLOR,,,
WOR,Cradley,St Peters,,,1 Aug 1790,Edward,M,Edward,Mary,GRIFFITHS,GRIFFITHS,,,
WOR,Cradley,St Peters,,,1 Aug 1790,James,M,Henry,Hannah,EASTHOPE,EASTHOPE,,,
WOR,Cradley,St Peters,,,19 Sep 1790,Elizabeth,F,James,Ann,COOK,COOK,,,
WOR,Cradley,St Peters,,,14 Nov 1790,Sushannah,F,Thomas,Ann,DARBY,DARBY,,,
WOR,Cradley,St Peters,,,12 Dec 1790,Mariah,F,Mark,Phebe,PRIEST,PRIEST,,,
WOR,Cradley,St Peters,,,25 Jan 1791,Sober,M,James,Mary,SHAW,SHAW,,,
WOR,Cradley,St Peters,,,13 Feb 1791,Abednego,M,Abednego,Sarah,HOMER,HOMER,,,
WOR,Cradley,St Peters,,,13 Feb 1791,Phebe,F,William,Elizabeth,EVERALL,EVERALL,,,
WOR,Cradley,St Peters,,,13 Feb 1791,Samuel,M,Isaac,Mary,COX,COX,,,
WOR,Cradley,St Peters,,,13 Feb 1791,Frederic,M,William,Mary,FOXALL,FOXALL,,,
WOR,Cradley,St Peters,,,20 Feb 1791,James,M,William,Mary,BIRD,BIRD,,,
WOR,Cradley,St Peters,,,27 Feb 1791,Sushannah,F,John,Sarah,BATE,BATE,,,
WOR,Cradley,St Peters,,,3 Apr 1791,Ann,F,Edward,Elizabeth,PRIEST,PRIEST,,,
WOR,Cradley,St Peters,,,10 Apr 1791,Joseph,M,George,Penelope,MOORE,MOORE,,,
WOR,Cradley,St Peters,,,13 Apr 1791,Mary,F,Josiah,Phebe,BLOOMER,BLOOMER,,,
WOR,Cradley,St Peters,,,26 Apr 1791,Mary Eggington,F,Thomas,Mary,BEST,BEST,,,
WOR,Cradley,St Peters,,,8 May 1791,Samuel,M,Joseph,Phillis,ORTEN,ORTEN,,,
WOR,Cradley,St Peters,,,22 May 1791,Nancy,F,John,Hannah,MOORE,MOORE,,,
WOR,Cradley,St Peters,,,12 Jun 1791,John,M,John,Fanny,JONES,JONES,,,
WOR,Cradley,St Peters,,,19 Jun 1791,Maria,F,John,Mary,AMPHLETT,AMPHLETT,,,
WOR,Cradley,St Peters,,,22 Jun 1791,Hannah,F,Isaac,Leah,CUTLER,CUTLER,,,
WOR,Cradley,St Peters,,,1 Jul 1791,Daniel,M,Thomas,Mary,HANTON,HANTON,,,
WOR,Cradley,St Peters,,,15 Jul 1791,John,M,John,Elizabeth,DAVIS,DAVIS,,,
WOR,Cradley,St Peters,,,15 Jul 1791,James,M,Richard,Martha,PEARCE,PEARCE,,,
WOR,Cradley,St Peters,,,14 Aug 1791,Sushannah,F,John,Sushannah,DARBY,DARBY,,,
WOR,Cradley,St Peters,,,21 Aug 1791,Joseph,M,Edward,Mary,ROUND,ROUND,,,
WOR,Cradley,St Peters,,,2 Sep 1791,Hannah,F,James,Elizabeth,WILLETS,WILLETTS,,,
WOR,Cradley,St Peters,,,18 Sep 1791,John,M,John,Esther,PERKS,PERKS,,,
WOR,Cradley,St Peters,,,2 Oct 1791,Joseph,M,James,Hannah,MASON,MASON,,,
WOR,Cradley,St Peters,,,2 Oct 1791,Mary,F,John,Phebe,HOMER,HOMER,,,
WOR,Cradley,St Peters,,,18 Oct 1791,Mary,F,Richard,Martha,EVERALL,EVERALL,,,
WOR,Cradley,St Peters,,,18 Oct 1791,Samuel,M,Samuel,Nancy,ATTWOOD,ATTWOOD,,,
WOR,Cradley,St Peters,,,22 Oct 1791,Mary,F,Joseph,Mary,BOWERS,BOWERS,,,
WOR,Cradley,St Peters,,,22 Oct 1791,Joseph,M,William,Sarah,NORTELL,NORTELL,,,or HORTEL
WOR,Cradley,St Peters,,,23 Oct 1791,Jospeh,M,Joseph,Mary,FOWNES,FOWNES,,,
WOR,Cradley,St Peters,,,23 Oct 1791,Elizabeth,F,Joseph,Mary,FOWNES,FOWNES,,,
WOR,Cradley,St Peters,,,30 Oct 1791,Mary,F,Samuel,Mary,WEBSTER,WEBSTER,,,
WOR,Cradley,St Peters,,,25 Dec 1791,Phebe,F,Joseph,Phebe,TROMANS,TROMANS,,,
WOR,Cradley,St Peters,,,25 Dec 1791,Cassia,F,Samuel,Sarah,HINGLEY,HINGLEY,,,
WOR,Cradley,St Peters,,,15 Jan 1792,John,M,John,Mary,FELDON,FELDON,,,
WOR,Cradley,St Peters,,,12 Feb 1792,James,M,John,Nancy,ATKINS,ATKINS,,,
WOR,Cradley,St Peters,,,19 Feb 1792,Samuel,M,Benjamin,Martha,MASON,MASON,,,
WOR,Cradley,St Peters,,,25 Mar 1792,Benjamin,M,,Sarah,HINGLEY,HINGLEY,,,
WOR,Cradley,St Peters,,,1 Apr 1792,Thomas,M,John,Sarah,STEVENS,STEVENS,,,
WOR,Cradley,St Peters,,,8 Apr 1792,Francis,M,John,Mary,BAKER,BAKER,,,
WOR,Cradley,St Peters,,,11 Apr 1792,Joseph,M,Joseph,Elizabeth,BUFFREY,BUFFREY,,,
WOR,Cradley,St Peters,,,15 Apr 1792,Edward,M,Edward,Elizabeth,SIDAWAY,SIDAWAY,,,
WOR,Cradley,St Peters,,,22 Apr 1792,Mary,F,Abraham,Hannah,WORTON,WORTON,,,
WOR,Cradley,St Peters,,,23 Apr 1792,Samuel,M,Samuel,Hannah,BLOOMER,BLOOMER,,,
WOR,Cradley,St Peters,,,28 May 1792,John,M,John,Elizabeth,WILLIAMS,WILLIAMS,,,
WOR,Cradley,St Peters,,,27 May 1792,William,M,Joseph,Martha,HACKET,HACKET,,,
WOR,Cradley,St Peters,,,27 May 1792,Abraham,M,Isaac,Mary,COX,COX,,,
WOR,Cradley,St Peters,,,3 Jun 1792,Elizabeth,F,Thomas,Mary,SITCH,SITCH,,,
WOR,Cradley,St Peters,,,10 Jun 1792,John,M,Edward,Mary,GRIFFITHS,GRIFFITHS,,,
WOR,Cradley,St Peters,,,10 Jun 1792,Noah,M,Thomas,Hannah,PRIEST,PRIEST,,,
WOR,Cradley,St Peters,,,13 Jun 1792,Cornelius,M,James,Mary,CLIFT,CLIFT,,,
WOR,Cradley,St Peters,,,8 Jul 1792,Hannah,F,William,Mary,PRICE,PRICE,,,
WOR,Cradley,St Peters,,,11 Jul 1792,Henry,M,John,Mary,EDMUNDS,EDMUNDS,,,
WOR,Cradley,St Peters,,,15 Jul 1792,John,M,Joseph,Elizabeth,FELLOWES,FELLOWES,,,
WOR,Cradley,St Peters,,,5 Aug 1792,Nancy,F,Mark,Sarah,JONES,JONES,,,
WOR,Cradley,St Peters,,,9 Aug 1792,Leah,F,Isaac,Leah,CUTLER,CUTLER,,,
WOR,Cradley,St Peters,,,12 Aug 1792,Thomas,M,Thomas,Jane,KETLEY,KETLEY,,,
WOR,Cradley,St Peters,,,12 Aug 1792,Ann,F,Daniel,Mary,BILLINGHAM,BILLINGHAM,,,
WOR,Cradley,St Peters,,,3 Aug 1792,Sophia,F,Thomas,Mary,BEST,BEST,,,
WOR,Cradley,St Peters,,,9 Dec 1792,William,M,Joseph,Sarah,DARBY,DARBY,,,
WOR,Cradley,St Peters,,,25 Dec 1792,Thomas,M,Samuel,Mary,STRINGER,STRINGER,,,
WOR,Cradley,St Peters,,,30 Dec 1792,Nancy,F,Edward,Phebe,DAVIES,DAVIES,,,
WOR,Cradley,St Peters,,,30 Dec 1792,Ruben,M,Edward,Phebe,DAVIES,DAVIES,,,
WOR,Cradley,St Peters,,,30 Dec 1792,Phebe,F,Edward,Phebe,DAVIES,DAVIES,,,
WOR,Cradley,St Peters,,,25 Jan 1793,Sarah,F,Samuel,Elizabeth,LOYE,LOYE,,,
WOR,Cradley,St Peters,,,27 Jan 1793,Betty,F,Henry,Hannah,EASTHOP,EASTHOP,,,
WOR,Cradley,St Peters,,,24 Feb 1793,Keziah,F,Mark,Phebe,PRIEST,PRIEST,,,
WOR,Cradley,St Peters,,,24 Feb 1793,Harriot,F,William,Elizabeth,EVERALL,EVERALL,,,
WOR,Cradley,St Peters,,,3 Mar 1793,Joseph,M,Joseph,Elizabeth,WILLETTS,WILLETTS,,,
WOR,Cradley,St Peters,,,3 Apr 1793,Ann,F,William,Mary,BIRD,BIRD,,,
WOR,Cradley,St Peters,,,15 Apr 1793,Henry,M,Thomas,Pheby,DOWLER,DOWLER,,,
WOR,Cradley,St Peters,,,28 Apr 1793,Lucy,F,John,Sarah,BATE,BATE,,,
WOR,Cradley,St Peters,,,28 Apr 1793,Sarah,F,John,Catharine,GAINSFORD,GAINSFORD,,,
WOR,Cradley,St Peters,,,19 May 1793,Rebecca,F,Samuel,Hannah,NICKLIN,NICKLIN,,,
WOR,Cradley,St Peters,,,19 May 1793,Elizabeth,F,Joseph,Mary,FOWNES,FOWNES,,,
WOR,Cradley,St Peters,,,19 May 1793,Nancy,F,John,Betty,BACH,BACH,,,
WOR,Cradley,St Peters,,,19 May 1793,William,M,George,Penelope,MOORE,MOORE,,,
WOR,Cradley,St Peters,,,2 Jun 1793,Sarah,F,John,Sarah,TAYLOR,TAYLOR,,,
WOR,Cradley,St Peters,,,2 Jun 1793,Sarah,F,John,Fanny,JONES,JONES,,,
WOR,Cradley,St Peters,,,24 Jun 1793,John,M,Henry,Sushannah,HALL,HALL,,,
WOR,Cradley,St Peters,,,7 Aug 1793,Benjamin,M,Samuel,Nancy,ATTWOOD,ATTWOOD,,,
WOR,Cradley,St Peters,,,22 Sep 1793,William,M,William,Mary,WALKER,WALKER,,,
WOR,Cradley,St Peters,,,6 Oct 1793,Mary,F,Henry,Roshannah,WILLETS,WILLETTS,,,
WOR,Cradley,St Peters,,,6 Oct 1793,Benjamin,M,Samuel,Elizabeth,LOYE,LOYE,,,
WOR,Cradley,St Peters,,,27 Oct 1793,Mark,M,John,Hannah,MOORE,MOORE,,,
WOR,Cradley,St Peters,,,6 Nov 1793,Phebe,F,Samuel,Sarah,WILLETTS,WILLETTS,,,
WOR,Cradley,St Peters,,,22 Dec 1793,William,M,James,Mary,BILLINGHAM,BILLINGHAM,,,
WOR,Cradley,St Peters,,,25 Dec 1793,Mary,F,Thomas,Sarah,FISHER,FISHER,,,
WOR,Cradley,St Peters,,,25 Dec 1793,Lucy,F,James,Mary,CLIFT,CLIFT,,,
WOR,Cradley,St Peters,,,17 Jan 1794,Isaac,M,Isaac,Leah,CUTLER,CUTLER,,,
WOR,Cradley,St Peters,,,19 Jan 1794,Nancy,F,Benjamin,Jane,STEVENS,STEVENS,,,
WOR,Cradley,St Peters,,,9 Feb 1794,Hannah,F,Joseph,Phillis,ORTEN,ORTEN,,,
WOR,Cradley,St Peters,,,9 Feb 1794,Joseph,M,John,True,ORTEN,ORTEN,,,
WOR,Cradley,St Peters,,,9 Feb 1794,Joseph,M,Richard,Martha,EVERALL,EVERALL,,,
WOR,Cradley,St Peters,,,9 Mar 1794,Elizabeth,F,Joseph,Ann,ENGLAND,ENGLAND,,,
WOR,Cradley,St Peters,,,5 Mar 1794,Eliza,F,Thomas,Mary,BEST,BEST,,,
WOR,Cradley,St Peters,,,23 Mar 1794,Phebe,F,John,Mary,TROMANS,TROMANS,,,
WOR,Cradley,St Peters,,,25 Mar 1794,Phebe,F,John,Sarah,DAVIES,DAVIES,,,
WOR,Cradley,St Peters,,,30 Mar 1794,Elijah,M,James,Elizabeth,WILLETTS,WILLETTS,,,
WOR,Cradley,St Peters,,,31 Mar 1794,Phebe,F,Apollos,Elizabeth,COLEY,COLEY,,,
WOR,Cradley,St Peters,,,1 Apr 1794,Richard,M,Richard,Jane,BOX,BOX,,,
WOR,Cradley,St Peters,,,11 Apr 1794,John,M,Richard,Jane,BOX,BOX,,,
WOR,Cradley,St Peters,,,13 Apr 1794,Nancy,F,Edward,Mary,GRIFFITHS,GRIFFITHS,,,
WOR,Cradley,St Peters,,,22 Apr 1794,Abigail,F,Samuel,Hannah,BLOOMER,BLOOMER,,,
WOR,Cradley,St Peters,,,19 May 1794,Mary,F,Edward,Sarah,GREEN,GREEN,,,
WOR,Cradley,St Peters,,,15 Jun 1794,Keziah,M,Henry,Jane,SMALL,SMALL,,,Entry states son of'
WOR,Cradley,St Peters,,,22 Jun 1794,Benjamin,M,Benjamin,Elizabeth,GLOVER,GLOVER,,,
WOR,Cradley,St Peters,,,29 Jun 1794,Mark,M,Thomas,Hannah,PRIEST,PRIEST,,,
WOR,Cradley,St Peters,,,6 Jul 1794,Hannah,F,James,Nancy,WILLETTS,WILLETTS,,,
WOR,Cradley,St Peters,,,7 Sep 1794,Harriot,F,John,Ann,BUFFREY,BUFFREY,,,
WOR,Cradley,St Peters,,,28 Sep 1794,John James,M,John,Esther,PERKS,PERKS,,,
WOR,Cradley,St Peters,,,19 Oct 1794,Prudence,F,Thomas,Elizabeth,PERKS,PERKS,,,
WOR,Cradley,St Peters,,,3 Nov 1794,Nancy,F,Benjamin,Sarah,JEVONS,JEVONS,,,
WOR,Cradley,St Peters,,,5 Nov 1794,Hannah,F,Abednego,Sarah,HOMER,HOMER,,,
WOR,Cradley,St Peters,,,30 Nov 1794,Frances,F,William,Dinah,INGLEY,INGLEY,,,
WOR,Cradley,St Peters,,,30 Nov 1794,Nancy,F,Joseph,Martha,HACKET,HACKET,,,
WOR,Cradley,St Peters,,,30 Nov 1794,Thomas,M,John,Catharine,GAINSFORD,GAINSFORD,,,
WOR,Cradley,St Peters,,,7 Dec 1794,Hannah,F,John,Mary,FELDON,FELDON,,,
WOR,Cradley,St Peters,,,18 Dec 1794,Jesse,M,James,Phebe,MASON,MASON,,,
WOR,Cradley,St Peters,,,11 Mar 1795,Phebe,F,John,Sarah,COLEY,COLEY,,,
WOR,Cradley,St Peters,,,11 Mar 1795,Esther,F,Humphrey,Mary,COLEY,COLEY,,,
WOR,Cradley,St Peters,,,7 Apr 1795,Jabesh,M,Thomas,Mary,COX,COX,,,
WOR,Cradley,St Peters,,,10 May 1795,Jane,F,Thomas,Jane,KETLEY,KETLEY,,,
WOR,Cradley,St Peters,,,3 May 1795,Rebecca,F,Thomas,Ruth,JONES,JONES,,,
WOR,Cradley,St Peters,,,18 May 1795,Benjamin,M,Benjamin,Ann,NOCK,NOCK,,,
WOR,Cradley,St Peters,,,18 May 1795,Thomas,M,Apollos,Elizabeh,COLEY,COLEY,,,
WOR,Cradley,St Peters,,,24 May 1795,Joseph,M,John,Betty,BACHE,BACHE,,,
WOR,Cradley,St Peters,,,27 May 1795,Benjamin,M,Thomas,Mary,BEST,BEST,,,
WOR,Cradley,St Peters,,,13 Jun 1795,George,M,Henry,Hannah,EASTHOP,EASTHOP,,,
WOR,Cradley,St Peters,,,13 Jun 1795,Edward,M,Isaac,Martha,INGLEY,INGLEY,,,
WOR,Cradley,St Peters,,,9 Sep 1795,John,M,William,True,JONES,JONES,,,
WOR,Cradley,St Peters,,,13 Sep 1795,John,M,John,True,ORTEN,ORTEN,,,
WOR,Cradley,St Peters,,,5 Oct 1795,Samuel,M,Richard,Constant,HOMER,HOMER,,,
WOR,Cradley,St Peters,,,1 Nov 1795,Jesse,M,William,Mary,BIRD,BIRD,,,
WOR,Cradley,St Peters,,,12 Nov 1795,Elizabeth,F,Henry,Sushannah,HALL,HALL,,,
WOR,Cradley,St Peters,,,12 Nov 1795,Eliza,F,James,Elizabeth,UNDERHILL,UNDERHILL,,,
WOR,Cradley,St Peters,,,29 Nov 1795,Noah,M,Thomas,Sarah,RAYBOLD,RAYBOLD,,,
WOR,Cradley,St Peters,,,6 Dec 1795,Thomas,M,George,Penelope,MOORE,MOORE,,,
WOR,Cradley,St Peters,,,10 Dec 1795,William,M,Joseph,Elizabeth,FELLOWES,FELLOWES,,,
WOR,Cradley,St Peters,,,13 Dec 1795,Charlotte,F,William,Mary,WALKER,WALKER,,,
WOR,Cradley,St Peters,,,12 Jan 1796,Timothy,M,Thoams,Sarah,BIRCH,BIRCH,,,
WOR,Cradley,St Peters,,,24 Jan 1796,Pheby,F,Samuel,Sarah,INGLEY,INGLEY,,,
WOR,Cradley,St Peters,,,7 Feb 1796,Jemima,F,Henry,Jane,SHAW,SHAW,,,
WOR,Cradley,St Peters,,,14 Feb 1796,Samuel,M,Samuel,Sarah,INGLEY,INGLEY,,,
WOR,Cradley,St Peters,,,14 Mar 1796,William,M,William,Mary,ROLLASTON,ROLLASTON,,,
WOR,Cradley,St Peters,,,1 May 1796,William,M,Thomas,Sarah,BROOKS,BROOKS,,,
WOR,Cradley,St Peters,,,May 1796,Joseph,M,Joseph,Sarah,DARBY,DARBY,,,
WOR,Cradley,St Peters,,,29 May 1796,Esther,F,Thomas,Elizabeth,PERKS,PERKS,,,
WOR,Cradley,St Peters,,,30 May 1796,Mary,M,Isaac,Leah,CUTLER,CUTLER,,,
WOR,Cradley,St Peters,,,12 Jun 1796,Thomas,M,Joseph,Nancy,WESTWOOD,WESTWOOD,,,
WOR,Cradley,St Peters,,,14 Aug 1796,Mary,F,Edward,Mary,GRIFFITHS,GRIFFITHS,,,
WOR,Cradley,St Peters,,,21 Aug 1796,Silvanus,M,James,Hannah,BILLINGHAM,BILLINGHAM,,,
WOR,Cradley,St Peters,,,29 Sep 1796,Agnis,F,Emanuel,Agnis,BILLINGHAM,BILLINGHAM,,,
WOR,Cradley,St Peters,,,16 Oct 1796,Phebe,F,Cornelius,Eleanor,PRIEST,PRIEST,,,
WOR,Cradley,St Peters,,,6 Nov 1796,Sarah,F,Edward,Mary,ROUND,ROUND,,,
WOR,Cradley,St Peters,,,27 Nov 1796,Sarah,F,John,Sarah,STEVENS,STEVENS,,,
WOR,Cradley,St Peters,,,8 Dec 1796,Joseph,M,Joseph,Sarah,WOODHALL,WOODHALL,,,
WOR,Cradley,St Peters,,,8 Dec 1796,Benjamin,M,John,Sarah,BROOKS,BROOKS,,,
WOR,Cradley,St Peters,,,17 Dec 1796,Matilda,F,John,Ann,BUFFRY,BUFFRY,,,
WOR,Cradley,St Peters,,,17 Jan 1797,Betty,F,James,Roshannah,MOLE,MOLE,,,
WOR,Cradley,St Peters,,,17 Jan 1797,Betty,F,John,Phebe,HOUSEMAN,HOUSEMAN,,,
WOR,Cradley,St Peters,,,17 Jan 1797,John,M,John,Phebe,HOUSEMAN,HOUSEMAN,,,
WOR,Cradley,St Peters,,,29 Jan 1797,Mary Ann,F,William,Dianah,INGLEY,INGLEY,,,
WOR,Cradley,St Peters,,,29 Jan 1797,Lucy,F,James,Mary,COX,COX,,,
WOR,Cradley,St Peters,,,3 Feb 1797,Hannah,F,Isaac,Mary,WESTWOOD,WESTWOOD,,,
WOR,Cradley,St Peters,,,20 Feb 1797,Elizabeth,F,Samuel,Elizabeth,INGLEY,INGLEY,,,
WOR,Cradley,St Peters,,,8 Mar 1797,Henry,M,Henry,Sarah,DAY,DAY,,,
WOR,Cradley,St Peters,,,12 Mar 1797,Noah,M,Noah,Hannah,FELLOWES,FELLOWES,,,
WOR,Cradley,St Peters,,,21 Mar 1797,Ann,F,Richard,Elizabeth,FRANKLIN,FRANKLIN,,,
WOR,Cradley,St Peters,,,21 Mar 1797,Sarah,F,Richard,Elizabeth,FRANKLIN,FRANKLIN,,,
WOR,Cradley,St Peters,,,21 Mar 1797,Joseph,M,Richard,Elizabeth,FRANKLIN,FRANKLIN,,,
WOR,Cradley,St Peters,,,21 Mar 1797,Thomas,M,John,Sarah,COLEY,COLEY,,,
WOR,Cradley,St Peters,,,21 Mar 1797,Silvanus,M,Silvanus,Mary,BILLINGHAM,BILLINGHAM,,,
WOR,Cradley,St Peters,,,21 Mar 1797,Mary Ann,F,Benjamin,Parthena,SIDAWAY,SIDAWAY,,,
WOR,Cradley,St Peters,,,21 Mar 1797,Ann,F,Thomas,Hannah,PRIEST,PRIEST,,,
WOR,Cradley,St Peters,,,19 Apr 1797,Mary,F,Benjamin,Mary,STEVENSON,STEVENSON,,,
WOR,Cradley,St Peters,,,19 Apr 1797,John,M,John,Elizabeth,BACHE,BACHE,,,
WOR,Cradley,St Peters,,,19 Apr 1797,Samuel,M,Joseph,Elizabeth,BUFFREY,BUFFREY,,,
WOR,Cradley,St Peters,,,19 Apr 1797,John,M,Joseph,Elizabeth,BUFFREY,BUFFREY,,,
WOR,Cradley,St Peters,,,19 Apr 1797,James,M,Abednego,Sarah,HOMER,HOMER,,,
WOR,Cradley,St Peters,,,19 Apr 1797,Apiah,M,Henry,Jane,SHAW,SHAW,,,
WOR,Cradley,St Peters,,,10 Sep 1797,Daniel,M,Joseph,Esther,HEATHCOCK,HEATHCOCK,,,
WOR,Cradley,St Peters,,,10 Sep 1797,Sophia,F,James,Mary,BILLINGHAM,BILLINGHAM,,,
WOR,Cradley,St Peters,,,19 Sep 1797,William,M,William,Mary,BIRD,BIRD,,,
WOR,Cradley,St Peters,,,22 Oct 1797,Josiah,M,Josiah,Phebe,BLOOMER,BLOOMER,,,
WOR,Cradley,St Peters,,,27 Oct 1797,James,M,Isaac,Leah,CULTER,CUTLER,,,
WOR,Cradley,St Peters,,,12 Nov 1797,Phebe,F,Mark,Phebe,PRIEST,PRIEST,,,
WOR,Cradley,St Peters,,,21 Nov 1797,Hannah,F,,,,,,,Wife of James PEARSON aged 21 years
WOR,Cradley,St Peters,,,21 Nov 1797,Silvanus,M,,,BILLINGHAM,,,,Aged 38 years
WOR,Cradley,St Peters,,,10 Dec 1797,Harriot,F,Isaac,Martha,INGLEY,INGLEY,,,
WOR,Cradley,St Peters,,,10 Dec 1797,Mary,F,Henry,Hannah,EASTHOP,EASTHOP,,,
WOR,Cradley,St Peters,,,24 Dec 1797,Sarah,F,Samuel,Sarah,INGLEY,INGLEY,,,
WOR,Cradley,St Peters,,,31 Dec 1797,Phebe,F,Benjamin,Sarah,BATE,BATE,,,
WOR,Cradley,St Peters,,,28 Jan 1798,John Allchurch,M,,,,FELDON,,,Son of the Widow FELDON
WOR,Cradley,St Peters,,,25 Feb 1798,James,M,James,Elizabeth,WILLETTS,WILLETTS,,,
WOR,Cradley,St Peters,,,25 Feb 1798,Samuel,M,Edward,Ann,WILLETTS,WILLETTS,,,
WOR,Cradley,St Peters,,,25 Feb 1798,William,M,Edward,Ann,WILLETTS,WILLETTS,,,
WOR,Cradley,St Peters,,,25 Feb 1798,Daniel,M,John,Sushannah,WILLETTS,WILLETTS,,,
WOR,Cradley,St Peters,,,25 Feb 1798,Sophia,F,Richard,Martha,EVERALL,EVERALL,,,
WOR,Cradley,St Peters,,,11 Mar 1798,Sarah Willetts,F,Joseph,Martha,HACKET,HACKET,,,
WOR,Cradley,St Peters,,,18 Mar 1798,Ann,F,Joseph,Ann,ENGLAND,ENGLAND,,,
WOR,Cradley,St Peters,,,18 Mar 1798,James,M,George,Penelope,MOORE,MOORE,,,
WOR,Cradley,St Peters,,,18 Mar 1798,Sarah,F,Humphry,Mary,COLEY,COLEY,,,
WOR,Cradley,St Peters,,,9 Apr 1798,Daniel,M,William,Mary,PRICE,PRICE,,,
WOR,Cradley,St Peters,,,30 Sep 1798,James,M,Thomas,Sarah,RAYBOLD,RAYBOLD,,,
WOR,Cradley,St Peters,,,30 Sep 1798,Nancy,F,William,Lydia,WALLIS,WALLIS,,,
WOR,Cradley,St Peters,,,30 Sep 1798,Sophia,F,William,Lydia,WALLIS,WALLIS,,,
WOR,Cradley,St Peters,,,7 Oct 1798,Josiah,M,Thomas,Nancy,ATTWOOD,ATTWOOD,,,
WOR,Cradley,St Peters,,,7 Oct 1798,Lucy,F,Thomas,Mary,BEST,BEST,,,
WOR,Cradley,St Peters,,,28 Oct 1798,Mark,M,Thomas,Deden,DALYOAK,DALYOAK,,,
WOR,Cradley,St Peters,,,28 Oct 1798,Richard,M,Richard,Mary,PRICE,PRICE,,,
WOR,Cradley,St Peters,,,25 Nov 1798,Henry,M,Daniel,Elizabeth,MOLE,MOLE,,,
WOR,Cradley,St Peters,,,25 Dec 1798,Jane,F,Joseph,Sarah,NOCK,NOCK,,,
WOR,Cradley,St Peters,,,25 Dec 1798,Pheby,F,Joseph,Sarah,NOCK,NOCK,,,
WOR,Cradley,St Peters,,,25 Dec 1798,Joseph,M,Edward,Mary,SOUTHWICK,SOUTHWICK,,,
WOR,Cradley,St Peters,,,27 Jan 1799,Phebe,F,Joseph,Jane,LOWE,LOWE,,,
WOR,Cradley,St Peters,,,27 Jan 1799,Samuel,M,Benjamin,Sarah,BILLINGHAM,BILLINGHAM,,,
WOR,Cradley,St Peters,,,10 Feb 1799,John,M,John,Elizabeth,TIBBETTS,TIBBETTS,,,
WOR,Cradley,St Peters,,,17 Feb 1799,William,M,John,True,HORTON,HORTON,,,
WOR,Cradley,St Peters,,,17 Feb 1799,Thomas,M,John,Martha,GROVE,GROVE,,,
WOR,Cradley,St Peters,,15 Aug 1797,3 Mar 1799,William,M,William,Mary,PRICE,PRICE,,,
WOR,Cradley,St Peters,,,3 Mar 1799,Rebekah,F,William,Mary,PRICE,PRICE,,,
WOR,Cradley,St Peters,,,3 Mar 1799,Benjamin,M,John,Sarah,COLEY,COLEY,,,
WOR,Cradley,St Peters,,,3 Mar 1799,Ann,F,Joseph,Ann,BEASLEY,BEASLEY,,,
WOR,Cradley,St Peters,,,3 Mar 1799,Mary Ann,F,Jotham,Nancy,PARSONS,PARSONS,,,
WOR,Cradley,St Peters,,,3 Mar 1799,Ann,F,Job,Phebe,COX,COX,,,
WOR,Cradley,St Peters,,,3 Mar 1799,William,M,William,Susanna,SOUTHALL,SOUTHALL,,,
WOR,Cradley,St Peters,,,10 Mar 1799,Nancy,F,Samuel,Nancy,CLIFT,CLIFT,,,
WOR,Cradley,St Peters,,,17 Mar 1799,Charlotte,F,William,Diana,INGLEY,INGLEY,,,
WOR,Cradley,St Peters,,,24 Mar 1799,Henry,M,Henry,Sarah,CRUMPTON,CRUMPTON,,,
WOR,Cradley,St Peters,,,24 Mar 1799,John Truman,M,James,Roshannah,MOLE,MOLE,,,
WOR,Cradley,St Peters,,,24 Mar 1799,Prudence,F,Joseph,Mary,DIMMOCK,DIMMOCK,,,
WOR,Cradley,St Peters,,,24 Mar 1799,Joseph,M,Joseph,Mary,ROBBINS,ROBBINS,,,
WOR,Cradley,St Peters,,,24 Mar 1799,Elizophim,M,Edward,Ann,WILLETTS,WILLETTS,,,
WOR,Cradley,St Peters,,,24 Mar 1799,Jane,F,William,Jane,FORREST,FORREST,,,
WOR,Cradley,St Peters,,,24 Mar 1799,Thomas,M,John,Phobe,HOUSEMAN,HOUSEMAN,,,
WOR,Cradley,St Peters,,,31 Mar 1799,Elizabeth,F,William,Lydia,BENNETT,BENNETT,,,
WOR,Cradley,St Peters,,,31 Mar 1799,William,M,William,Nancy,EDWARDS,EDWARDS,,,
WOR,Cradley,St Peters,,,28 Apr 1799,George,M,Daniel,Mary,BILLINGHAM,BILLINGHAM,,,
WOR,Cradley,St Peters,,,12 May 1799,Mary,F,John,Sarah,COLEY,COLEY,,,
WOR,Cradley,St Peters,,,26 May 1799,Nancy,F,William,Elizabeth,AUDEN,AUDEN,,,
WOR,Cradley,St Peters,,,26 May 1799,Mary,F,John,Jane,EDWARDS,EDWARDS,,,
WOR,Cradley,St Peters,,,2 Jun 1799,Nanny,F,John,Elizabeth,DARBY,DARBY,,,
WOR,Cradley,St Peters,,,9 Jun 1799,Mary,F,Timothy,Betty,SMITH,SMITH,,,
WOR,Cradley,St Peters,,,14 Jul 1799,James,M,George,Sarah,ATTWOOD,ATTWOOD,,,
WOR,Cradley,St Peters,,,14 Jul 1799,Elizabeth,F,Samuel,Mary,INGLEY,INGLEY,,,
WOR,Cradley,St Peters,,26 Jul 1790,14 Jul 1799,Hannah,F,John,Sushannah,MORE,MORE,,,
WOR,Cradley,St Peters,,,21 Jul 1799,Charles Ruby,M,Moses,Rhoda,HODGETTS,HODGETTS,,,
WOR,Cradley,St Peters,,,28 Jul 1799,Emanuel,M,Emanuel,Agnis,BILLINGHAM,BILLINGHAM,,,
WOR,Cradley,St Peters,,,28 Jul 1799,Joseph,M,Thomas,Elizabeth,PERKS,PERKS,,,
WOR,Cradley,St Peters,,,28 Jul 1799,William,M,Benjamin,Hannah,HODGETTS,HODGETTS,,,
WOR,Cradley,St Peters,,29 Sep 1798,4 Aug 1799,Thomas,M,,Elizabeth,,HORTON,,,
WOR,Cradley,St Peters,,,4 Aug 1799,John,M,Joseph,Hannah,BRIDGEWATER,BRIDGEWATER,,,
WOR,Cradley,St Peters,,,25 Aug 1799,Henry,M,Thomas,Nancy,RAYBOLD,RAYBOLD,,,
WOR,Cradley,St Peters,,,22 Sep 1799,Joseph,M,Joseph,Mary,BLOOMER,BLOOMER,,,
WOR,Cradley,St Peters,,,28 Sep 1799,Phebe,F,John,Elizabeth,BRADNEY,BRADNEY,,,
WOR,Cradley,St Peters,,,25 Dec 1799,Joram,M,Thomas,Hannah,PRIEST,PRIEST,,,
WOR,Cradley,St Peters,,,25 Dec 1799,James,M,Samuel,Sarah,INGLEY,INGLEY,,,
WOR,Cradley,St Peters,,,29 Dec 1799,Olive,F,Richard,Esther,PARSONS,PARSONS,,,
