+INFO,David@davejo.eclipse.co.uk,password,SEQUENCED,BAPTISMS,,3.01.14
#,CCC,Paula Anne Beasley,Worcestershire,WORCRABA2.CSV,24-Apr-2001
#,CREDIT,,
#,04-Oct-2013,MFM 360,
WOR,Cradley,St Peters,,,05 Jan 1806,Jane Harriot,F,Moses,Rhoda,HODGETTS,HODGETTS,,,
WOR,Cradley,St Peters,,,5 Jan 1806,Sarah,F,Thomas,Sushannah,HINGLEY,HINGLEY,,,
WOR,Cradley,St Peters,,,26 Jan 1806,John,M,John,Hannah,PRIEST,PRIEST,,,
WOR,Cradley,St Peters,,,19 Jan 1806,Joseph,M,William,Sarah,WESTWOOD,WESTWOOD,,,
WOR,Cradley,St Peters,,,2 Feb 1806,Maria,F,Joseph,Ann,ENGLAND,ENGLAND,,,
WOR,Cradley,St Peters,,,2 Feb 1806,Sushannah,F,William,Sushannah,SOUTHALL,SOUTHALL,,,
WOR,Cradley,St Peters,,,9 Feb 1806,Mary,F,Timothy,Phebe,HIPKISS,HIPKISS,,,
WOR,Cradley,St Peters,,,9 Feb 1806,Noah,M,Samuel,Ann,PARKES,PARKES,,,
WOR,Cradley,St Peters,,,9 Feb 1806,Sarah,F,,Margaret,,WILLETTS,,,
WOR,Cradley,St Peters,,,18 Feb 1806,Joseph Brettle,M,Joseph,Dorothy,MEREDITH,MEREDITH,,,
WOR,Cradley,St Peters,,,2 Mar 1806,Samuel,M,Samuel,Sushannah,SALT,SALT,,,
WOR,Cradley,St Peters,,,4 Mar 1806,William Joseph,M,Joseph,Ann,DARBY,DARBY,,,
WOR,Cradley,St Peters,,,16 Mar 1806,Mark,M,Silas,Mary,WILLETTS,WILLETTS,,,
WOR,Cradley,St Peters,,,30 Mar 1806,Benjamin,M,Absolom,Jane,HOLMER,HOLMER,,,
WOR,Cradley,St Peters,,4 Mar 1806,14 Mar 1806,Sarah,F,William,Sarah,DAVIE,DAVIE,,,
WOR,Cradley,St Peters,,14 Feb 1806,14 Apr 1806,Joseph,M,Silvanus,Mary,BILLINGHAM,BILLINGHAM,,,
WOR,Cradley,St Peters,,,20 Apr 1806,Mary,F,John,Nancy,SOUTHWICK,SOUTHWICK,,,
WOR,Cradley,St Peters,,,20 Apr 1806,Henrietta,F,William,Dianah,HINGLEY,HINGLEY,,,
WOR,Cradley,St Peters,,,20 Apr 1806,Martha,F,John,Sushannah,MOORE,MOORE,,,
WOR,Cradley,St Peters,,,20 Apr 1806,Samuel,M,Samuel,Nancy,POTTER,POTTER,,,
WOR,Cradley,St Peters,,,20 Apr 1806,James,M,James,Sarah,HINGLEY,HINGLEY,,,
WOR,Cradley,St Peters,,,28 Apr 1806,Nancy,F,James,Silvae,BURLEY,BURLEY,,,
WOR,Cradley,St Peters,,,4 May 1806,Richard,M,,Phebe,,JAMES,,,
WOR,Cradley,St Peters,,,9 May 1806,Thomas,M,Samuel,Mary,HUGHES,HUGHES,,,
WOR,Cradley,St Peters,,,11 May 1806,Maria,F,Timothy,Esther,BEASELEY,BEASELEY,,,
WOR,Cradley,St Peters,,,25 May 1806,Joseph,M,John,Ann,SHAW,SHAW,,,
WOR,Cradley,St Peters,,,25 May 1806,Mary Maria,F,Thomas,Juliana,MASON,MASON,,,
WOR,Cradley,St Peters,,,1 Jun 1806,Samuel,M,Samuel,Phillis,GARRETT,GARRETT,,,
WOR,Cradley,St Peters,,,11 Jun 1806,Elizabeth,F,Daniel,Sarah,GRAINGER,GRAINGER,,,
WOR,Cradley,St Peters,,,17 Jun 1806,Samuel,M,Joseph,Ann,BEASELEY,BEASELEY,,,
WOR,Cradley,St Peters,,,17 Jun 1806,Sarah,F,Joseph,Ann,BEASELEY,BEASELEY,,,
WOR,Cradley,St Peters,,,22 Jun 1806,Ambrose,M,Isaac,Ann,HILL,HILL,,,
WOR,Cradley,St Peters,,,22 Jun 1806,Ann,F,James,Mary,HOLMER,HOLMER,,,
WOR,Cradley,St Peters,,,22 Jun 1806,Tidal,M,Tidal,Ann,PARSONS,PARSONS,,,
WOR,Cradley,St Peters,,,25 Jun 1806,Elizabeth,F,Samuel,Sarah,STEVENS,STEVENS,,,
WOR,Cradley,St Peters,,,25 Jun 1806,Samuel,M,Samuel,Ann,STEVENS,STEVENS,,,
WOR,Cradley,St Peters,,9 Jun 1806,6 Jul 1806,Jerimiah,M,David,Ann,THOMMINGS,THOMMINGS,,,
WOR,Cradley,St Peters,,,13 Jul 1806,Hannah,F,John,Ann,WORTON,WORTON,,,
WOR,Cradley,St Peters,,,13 Jul 1806,Thomas,M,Samuel,Mary,HUGHES,HUGHES,,,
WOR,Cradley,St Peters,,,20 Jul 1806,Hannah,F,Samuel,Ann,CLIFT,CLIFT,,,
WOR,Cradley,St Peters,,,27 Jul 1806,Sarah,F,Edward,Hannah,SMITH,SMITH,,,
WOR,Cradley,St Peters,,,27 Jul 1806,Elizabeth,F,John,Martha,GROVE,GROVE,,,
WOR,Cradley,St Peters,,,1 Aug 1806,John,M,Samuel,Martha,SIVETER,SIVETER,,,
WOR,Cradley,St Peters,,,3 Aug 1806,Jemmina,F,James,Mary,ATTWOOD,ATTWOOD,,,
WOR,Cradley,St Peters,,,3 Aug 1806,Hannah,F,John,Sarah,BISSEL,BISSEL,,,
WOR,Cradley,St Peters,,,14 Aug 1806,Foley,M,Joseph,Mary,JONES,JONES,,,
WOR,Cradley,St Peters,,22 Jan 1805,31 Aug 1806,John,M,John,Hannah,WHARTON,WHARTON,,,
WOR,Cradley,St Peters,,,7 Sep 1806,Samuel,M,Samuel,Elizabeth,INGLEY,INGLEY,,,
WOR,Cradley,St Peters,,,14 Sep 1806,Ann,F,John,Elizabeth,FOXALL,FOXALL,,,
WOR,Cradley,St Peters,,,14 Sep 1806,Ann,F,James,Charlotte,HILL,HILL,,,
WOR,Cradley,St Peters,,,21 Sep 1806,Edwin,M,Edward,Mary,SOUTHWICK,SOUTHWICK,,,
WOR,Cradley,St Peters,,,28 Sep 1806,Sushannah,F,Joseph,Hannah,DARBY,DARBY,,,
WOR,Cradley,St Peters,,,28 Sep 1806,Sarah,F,Benjamin,Jenny,HARRIS,HARRIS,,,
WOR,Cradley,St Peters,,,19 Oct 1806,William,M,Benjamin,Phebe,COX,COX,,,
WOR,Cradley,St Peters,,,19 Oct 1806,Noah,M,Samuel,Hannah,FORREST,FORREST,,,
WOR,Cradley,St Peters,,,19 Oct 1806,William,M,Edward,Sarah,HARRIS,HARRIS,,,
WOR,Cradley,St Peters,,,2 Nov 1806,Phebe,F,William,Sarah,COLEY,COLEY,,,
WOR,Cradley,St Peters,,,16 Nov 1806,Maria,F,Robert,Elizabeth,BLOOMER,BLOOMER,,,
WOR,Cradley,St Peters,,,30 Nov 1806,Sarah,F,William,Phebe,JOHNSON,JOHNSON,,,
WOR,Cradley,St Peters,,,30 Nov 1806,Esther,F,Joseph,Nancy,BROOKES,BROOKES,,,
WOR,Cradley,St Peters,,14 Dec 1791,21 Dec 1806,Phebe,F,Nathaniel,Roshannah,TROMANS,TROMANS,,,In the presence of her witnesses Elizabeth BLOOMER and Ann BURLEIGH
WOR,Cradley,St Peters,,,21 Dec 1806,Joseph,M,Richard,Janes,BOXLEY,BOXLEY,,,
WOR,Cradley,St Peters,,,21 Dec 1806,Sarah,F,Richard,Jane,BOXLEY,BOXLEY,,,
WOR,Cradley,St Peters,,,25 Dec 1806,Sarah,F,James,Sarah,WAREHAM,WAREHAM,,,
WOR,Cradley,St Peters,,,25 Dec 1806,Harriot,F,William,Ann,COX,COX,,,
WOR,Cradley,St Peters,,,28 Dec 1806,Richard,M,Richard,Isabella,HARTLAND,HARTLAND,,,
WOR,Cradley,St Peters,,,18 Jan 1807,Phebe,F,Edward,Charlotte,DAVIES,DAVIES,,,
WOR,Cradley,St Peters,,,15 Mar 1807,Maria,F,Samuel,Mary,FORREST,FORREST,,,
WOR,Cradley,St Peters,,,25 Mar 1807,Thomas,M,William,Sushannah,SOUTHALL,SOUTHALL,,,
WOR,Cradley,St Peters,,,29 Jan 1807,Jane,F,James,Phebe,BACHE,BACHE,,,
WOR,Cradley,St Peters,,,3 Apr 1807,Isaac William,M,David,Betsy,DARBY,DARBY,,,
WOR,Cradley,St Peters,,,3 Apr 1807,Thomas,M,Randell,Sushannah,SOUTHALL,SOUTHALL,,,
WOR,Cradley,St Peters,,,12 Apr 1807,Sarah,F,Thomas,Sarah,BANNISTER,BANNISTER,,,
WOR,Cradley,St Peters,,,18 Apr 1807,Mary,F,Joseph,Mary,BRETTELL,BRETTELL,,,
WOR,Cradley,St Peters,,,18 Apr 1807,Wright,M,Thomas,Elizabeth,WESTWOOD,WESTWOOD,,,
WOR,Cradley,St Peters,,,18 Apr 1807,Benjamin,M,Francis,Mary,BILLS,BILLS,,,
WOR,Cradley,St Peters,,,26 Apr 1807,Joseph,M,John,Sarah,COLEY,COLEY,,,
WOR,Cradley,St Peters,,1 May 1800,29 Apr 1807,Mary,F,Thomas,Ann,BATE,BATE,,,
WOR,Cradley,St Peters,,,27 Apr 1807,Jane,F,James,Silvae,COX,COX,,,
WOR,Cradley,St Peters,,,3 May 1807,Mary,F,Daniel,Phebe,COX,COX,,,
WOR,Cradley,St Peters,,24 May 1804,3 Apr 1807,Maria,F,Thomas,Elizabeth,WESTWOOD,WESTWOOD,,,
WOR,Cradley,St Peters,,,10 May 1807,Phebe,F,Samuel,Sushannah,SALT,SALT,,,
WOR,Cradley,St Peters,,,10 May 1807,Thomas,M,John,Martha,WILKS,WILKS,,,
WOR,Cradley,St Peters,,,16 May 1807,Samuel,M,Samuel,Mary,THOMMINGS,THOMMINGS,,,
WOR,Cradley,St Peters,,,31 May 1807,Samuel,M,Joseph,Jane,PARKES,PARKES,,,
WOR,Cradley,St Peters,,16 Jun 1800,3 Jun 1807,William,M,Richard,Hannah,HOMER,HOMER,,,
WOR,Cradley,St Peters,,19 Apr 1803,3 Jun 1807,Thomas,M,Richard,Hannah,HOMER,HOMER,,,
WOR,Cradley,St Peters,,18 Sep 1805,3 Jun 1807,Hannah,F,Richard,Hannah,HOMER,HOMER,,,
WOR,Cradley,St Peters,,,3 Jun 1807,Henrietta,F,Samuel,Sarah,MANSELL,MANSELL,,,
WOR,Cradley,St Peters,,,3 Jun 1807,Jemina,F,Samuel,Sarah,MANSELL,MANSELL,,,
WOR,Cradley,St Peters,,,3 Jun 1807,Sarah,F,Samuel,Sarah,MANSELL,MANSELL,,,
WOR,Cradley,St Peters,,15 Jan 1800,3 Jun 1807,William,M,Timothy,Elizabeth,HARPER,HARPER,,,
WOR,Cradley,St Peters,,15 Jun 1803,3 Jun 1807,Hannah,F,Timothy,Elizabeth,HARPER,HARPER,,,
WOR,Cradley,St Peters,,12 Aug 1805,3 Jun 1807,John,M,Timothy,Elizabeth,HARPER,HARPER,,,
WOR,Cradley,St Peters,,,7 Jun 1807,Andrew,M,James,Elizabeth,HADDOCK,HADDOCK,,,
WOR,Cradley,St Peters,,,7 Jun 1807,Alexander,M,William,Mary,WALKER,WALKER,,,
WOR,Cradley,St Peters,,,14 Jun 1807,John Alexander,M,John,Ann,BUFFREY,BUFFREY,,,
WOR,Cradley,St Peters,,,21 Jun 1807,John,M,Josiah,Phebe,BLOOMER,BLOOMER,,,
WOR,Cradley,St Peters,,,12 Jul 1807,Phebe,F,William,Mary,BENNET,BENNET,,,
WOR,Cradley,St Peters,,,12 Jul 1807,Thomas,M,Jerimiah,Lucy,BILLINGHAM,BILLINGHAM,,,
WOR,Cradley,St Peters,,,19 Jul 1807,Samuel,M,Samuel,Phebe,FORREST,FORREST,,,
WOR,Cradley,St Peters,,,26 Jul 1807,Joseph,M,Benjamin,Margaret,HANCOX,HANCOX,,,
WOR,Cradley,St Peters,,,4 Aug 1807,Charles Edward,M,Joseph,Ann,DARBY,DARBY,,,
WOR,Cradley,St Peters,,,23 Aug 1807,Elizabeth,F,James,Ann,SALT,SALT,,,
WOR,Cradley,St Peters,,,29 Aug 1807,Mary,F,William,Elizabeth,SOUTHWICK,SOUTHWICK,,,
WOR,Cradley,St Peters,,,29 Apr 1807,Silvanus,M,Thomas,Sarah,RAYBOLD,RAYBOLD,,,
WOR,Cradley,St Peters,,,6 Sep 1807,William,M,William,Mary,ROCK,ROCK,,,
WOR,Cradley,St Peters,,,13 Sep 1807,Sushannah,F,John,Mary,TIBBETTS,TIBBETTS,,,
WOR,Cradley,St Peters,,,13 Sep 1807,Mary,F,John,Phebe,BILLINGHAM,BILLINGHAM,,,
WOR,Cradley,St Peters,,,17 Sep 1807,William,M,Joseph,Dorothy,MEREDITH,MEREDITH,,,
WOR,Cradley,St Peters,,,20 Sep 1807,Joseph,M,William,Sarah,GROVE,GROVE,,,
WOR,Cradley,St Peters,,,20 Sep 1807,Sophia,F,Aaron,Sarah,BILLINGHAM,BILLINGHAM,,,
WOR,Cradley,St Peters,,,20 Sep 1807,Mary,F,Matthew,Rebekah,WESTON,WESTON,,,
WOR,Cradley,St Peters,,,27 Sep 1807,Joseph,M,Isaac,Ann,BILLINGHAM,BILLINGHAM,,,
WOR,Cradley,St Peters,,,22 Sep 1807,Mary,F,Joseph,Ann,ENGLAND,ENGLAND,,,
WOR,Cradley,St Peters,,,29 Sep 1807,Charles,M,John,Martha,GROVE,GROVE,,,
WOR,Cradley,St Peters,,,25 Dec 1807,Elizabeth,F,Thomas,Frances,COLLINS,COLLINS,,,
WOR,Cradley,St Peters,,,27 Dec 1807,Samuel,M,Silas,Mary,WILLETTS,WILLETTS,,,
WOR,Cradley,St Peters,,,10 Jan 1808,William,M,Joseph,Margaret,HOMER,HOMER,,,
WOR,Cradley,St Peters,,,17 Jan 1808,William John,M,Samuel,Phillis,GARRETT,GARRETT,,,
WOR,Cradley,St Peters,,,17 Sep 1807,Samuel,M,James,Mary,INGLEY,INGLEY,,,
WOR,Cradley,St Peters,,1 Nov 1807,31 Jan 1808,William,M,Benjamin,Mary,NEWTON,NEWTON,,,
WOR,Cradley,St Peters,,,31 Jan 1808,William,M,Joseph,Sarah,NORTON,NORTON,,,
WOR,Cradley,St Peters,,,31 Jan 1808,Mary Ann,F,John,True,NORTON,NORTON,,,
WOR,Cradley,St Peters,,,1 Feb 1808,John,M,Edward,Esther,RAYBOLD,RAYBOLD,,,
WOR,Cradley,St Peters,,,1 Feb 1808,Timothy,M,Edward,Esther,RAYBOLD,RAYBOLD,,,
WOR,Cradley,St Peters,,,7 Feb 1808,Mary,F,,,PRIEST,,,,
WOR,Cradley,St Peters,,,7 Feb 1808,Maria,F,John,Hannah,PRIEST,PRIEST,,,
WOR,Cradley,St Peters,,,7 Feb 1808,Maria,F,John,Hannah,NICLKIN,NICKLIN,,,
WOR,Cradley,St Peters,,,7 Feb 1808,Eli,M,William,Frances,GROVE,GROVE,,,
WOR,Cradley,St Peters,,,21 Feb 1808,Mary,F,William,Sarah,WESTWOOD,WESTWOOD,,,
WOR,Cradley,St Peters,,,21 Feb 1808,David,M,Benjamin,Nancy,SHAW,SHAW,,,
WOR,Cradley,St Peters,,,28 Feb 1808,James,M,Samuel,Phebe,COLEY,COLEY,,,
WOR,Cradley,St Peters,,,6 Mar 1808,William,M,John,Jane,MASHFIELD,MASHFIELD,,,
WOR,Cradley,St Peters,,,6 Mar 1808,Seabright,F,Thomas,Nancy,BRETTELL,BRETTELL,,,
WOR,Cradley,St Peters,,,6 Mar 1808,Joseph,M,Joseph,Elizabeth,KENRICK,KENRICK,,,
WOR,Cradley,St Peters,,,27 Mar 1808,George,M,George,Sarah,NORTON,NORTON,,,
WOR,Cradley,St Peters,,,27 Mar 1808,Maria,F,William,Mary,FORREST,FORREST,,,
WOR,Cradley,St Peters,,5 Mar 1805,10 Apr 1808,Joseph,M,John,Elizabeth,GROVENOR,GROVENOR,,,
WOR,Cradley,St Peters,,,27 Apr 1808,John,M,Samuel,Ann,CLIFT,CLIFT,,,
WOR,Cradley,St Peters,,,1 May 1808,Thomas,M,Edward,Hannah,SMITH,SMITH,,,
WOR,Cradley,St Peters,,,8 May 1808,William,M,Edward,Sarah,ROUND,ROUND,,,
WOR,Cradley,St Peters,,,8 May 1808,Cornelius,M,Samuel,Elizabeth,NEWTON,NEWTON,,,
WOR,Cradley,St Peters,,,8 May 1808,David,M,Uriah,Jane,WHITEHOUSE,WHITEHOUSE,,,
WOR,Cradley,St Peters,,,29 May 1808,William,M,Thomas,Sarah,BANNISTER,BANNISTER,,,
WOR,Cradley,St Peters,,,29 May 1808,Elizabeth,F,Richard,Hannah,HOLMER,HOLMER,,,
WOR,Cradley,St Peters,,,29 May 1808,Hezekiah,M,Isaac,Mary,HILL,HILL,,,
WOR,Cradley,St Peters,,,5 Jun 1808,Joseph,M,John,Esther,WEBSTER,WEBSTER,,,
WOR,Cradley,St Peters,,,5 Jun 1808,Mary,F,Edward,Elizabeth,FORREST,FORREST,,,
WOR,Cradley,St Peters,,,12 Jun 1808,Phebe,F,Thomas,Mary,BOWEN,BOWEN,,,
WOR,Cradley,St Peters,,,26 Jun 1808,Harriot,F,Thomas,Hannah,SIDAWAY,SIDAWAY,,,
WOR,Cradley,St Peters,,,3 Jul 1808,Noah,M,Absolom,Jane,HOMER,HOMER,,,
WOR,Cradley,St Peters,,,5 Jul 1808,Ann Elizabeth,F,David,Betsy,DARBY,DARBY,,,
WOR,Cradley,St Peters,,,10 Jul 1808,Eliza,F,Isaac,Martha,INGLEY,INGLEY,,,
WOR,Cradley,St Peters,,,10 Jul 1808,William,M,William,Dianah,INGLEY,INGLEY,,,
WOR,Cradley,St Peters,,,10 Jul 1808,Penelope,F,George,Penelope,MOORE,MOORE,,,
WOR,Cradley,St Peters,,20 Jun 1808,17 Jul 1808,Jane,F,David,Ann,THOMMINGS,THOMMINGS,,,
WOR,Cradley,St Peters,,,17 Jul 1808,Thomas,M,Ruben,Elizabeth,PRIEST,PRIEST,,,
WOR,Cradley,St Peters,,,17 Jul 1808,Vihannah,F,James,Rebekah,WILLETS,WILLETS,,,
WOR,Cradley,St Peters,,,17 Jul 1808,Sarah,F,William,Mary,HEWIT,HEWIT,,,
WOR,Cradley,St Peters,,,17 Jul 1808,Jane,F,,Mary,,WILLETTS,Parish of Rowley Regis,,
WOR,Cradley,St Peters,,,17 Jul 1808,Eli,M,Thomas,Hannah,WESTON,WESTON,,,
WOR,Cradley,St Peters,,,14 Aug 1808,Kezia,F,Timothy,Esther,BEASELEY,BEASELEY,,,
WOR,Cradley,St Peters,,,14 Aug 1808,James,M,,Tamar,,HOMER,,,
WOR,Cradley,St Peters,,,4 Sep 1808,Rhoda,F,Moses,Rhoda,HODGETTS,HODGETTS,,,
WOR,Cradley,St Peters,,,5 Sep 1808,Samuel,M,William,Mary,HILL,HILL,,,
WOR,Cradley,St Peters,,,11 Sep 1808,Sarah,F,John,Sarah,ROGERS,ROGERS,,,
WOR,Cradley,St Peters,,,18 Sep 1808,James,M,James,Charlotte,HILL,HILL,,,
WOR,Cradley,St Peters,,,25 Sep 1808,Joseph,M,George,Mary,SOUTHALL,SOUTHALL,,,
WOR,Cradley,St Peters,,,25 Sep 1808,Sarah,F,Edward,Sarah,HARRIS,HARRIS,,,
WOR,Cradley,St Peters,,,2 Oct 1808,Elizabeth,F,Samuel,Mary,HUGHES,HUGHES,,,
WOR,Cradley,St Peters,,,2 Oct 1808,Nancy,F,James,Hannah,COX,COX,,,
WOR,Cradley,St Peters,,,9 Oct 1808,Josiah,M,Samuel,Sarah,INGLEY,INGLEY,,,
WOR,Cradley,St Peters,,,9 Oct 1808,Isaac,M,Thomas,Esther,SIVETER,SIVETER,,,
WOR,Cradley,St Peters,,,9 Oct 1808,Ann,F,Joshua,Phebe,JEVONS,JEVONS,,,
WOR,Cradley,St Peters,,,16 Oct 1808,Martha,F,Benjamin,Phebe,COX,COX,,,
WOR,Cradley,St Peters,,,16 Oct 1808,Phebe,F,Tydal,Ann,PARSONS,PARSONS,,,
WOR,Cradley,St Peters,,,23 Oct 1808,Sarah,F,Samuel,Elizabeth,WESTWOOD,WESTWOOD,,,
WOR,Cradley,St Peters,,,30 Oct 1808,Joseph,M,Stephen,Elizabeth,ROUND,ROUND,,,
WOR,Cradley,St Peters,,Aug 1804,30 Oct 1808,Stephen,M,Stephen,Elizabeth,ROUND,ROUND,,,
WOR,Cradley,St Peters,,,30 Oct 1808,Mary,F,William,Sushannah,SOUTHALL,SOUTHALL,,,
WOR,Cradley,St Peters,,,30 Oct 1808,Elizabeth,F,Richard,Hannah,DUNN,DUNN,,,
WOR,Cradley,St Peters,,,22 Nov 1808,Ann Crowther,F,William,Sarah,DAVIES,DAVIES,,,
WOR,Cradley,St Peters,,,4 Dec 1808,William,M,William,Sarah,SMITH,SMITH,,,
WOR,Cradley,St Peters,,,4 Dec 1808,Nancy,F,Jotham,Elizabeth,PARSONS,PARSONS,,,
WOR,Cradley,St Peters,,,11 Dec 1808,Roshannah,F,,Lucy,,NEWTON,,,
WOR,Cradley,St Peters,,,25 Dec 1808,Joseph,M,Randall,Sarah,SMITH,SMITH,,,
WOR,Cradley,St Peters,,,25 Dec 1808,James,M,James,Sarah,MARSTON,MARSTON,,,
WOR,Cradley,St Peters,,,25 Dec 1808,Elisha,M,John,Elizabeth,WILLETTS,WILLETTS,,,
WOR,Cradley,St Peters,,,25 Dec 1808,Theophilus,M,Jeremiah,Phebe,DUNN,DUNN,,,
WOR,Cradley,St Peters,,2 Feb 1806,25 Dec 1808,Fanniah,F,William,Roshannah,BLOOMER,BLOOMER,,,
WOR,Cradley,St Peters,,,25 Dec 1808,Joseph,M,Thomas,Juliana,MASON,MASON,,,
WOR,Cradley,St Peters,,,25 Dec 1808,Elizabeth,F,Samuel,Hannah,FORREST,FORREST,,,
WOR,Cradley,St Peters,,,25 Dec 1808,Nehemiah,M,John,Nancy,WILLIAMS,WILLIAMS,,,
WOR,Cradley,St Peters,,,25 Dec 1808,Mary,F,William,Hannah,DAVIES,DAVIES,,,
WOR,Cradley,St Peters,,,25 Dec 1808,Charles,M,Samuel,Ann,WYATT,WYATT,,,
