+INFO,david@davejo.eclipse.co.uk,password,SEQUENCED,BURIALS,,3.01.14
#,CCC,Dave Newbury,Worcestershire,WORDUDBU.CSV,14-Jul-07
#,CREDIT,,
#,04-Oct-2013,,
WOR,Dudley,St Thomas,,01 Jan 1795,Sarah,Wife of,David,,,FLETCHER,,,
WOR,Dudley,St Thomas,,8 Jan 1795,Joseph,,,,,WRIGHT,,,
WOR,Dudley,St Thomas,,9 Jan 1795,Rhoda,Wife of,William,,,BAKER,,,
WOR,Dudley,St Thomas,,11 Jan 1795,Mary,Spinster,,,,SADLER,,,
WOR,Dudley,St Thomas,,11 Jan 1795,Nathan,Son of,William,Mary,,PULELEY,,,
WOR,Dudley,St Thomas,,14 Jan 1795,Hannah,,,,,MARSH,,,
WOR,Dudley,St Thomas,,16 Jan 1795,Stephen,,,,,FISHER,,,
WOR,Dudley,St Thomas,,16 Jan 1795,Joseph,Son of,David,Rosanna,,FISHER,,,
WOR,Dudley,St Thomas,,18 Jan 1795,Joseph,,,,,GRANGER,,,
WOR,Dudley,St Thomas,,18 Jan 1795,Isaac,,,,,PARKES,,,
WOR,Dudley,St Thomas,,18 Jan 1795,Charles,Son of,Sargeant,Elizabeth,,WILCOX,,,
WOR,Dudley,St Thomas,,21 Jan 1795,Phebe,Dau of,Daniel,Elizabeth,,BULLOWS,,,
WOR,Dudley,St Thomas,,21 Jan 1795,Ann,Daughter of,George,Frances,,ROBINSON,,,
WOR,Dudley,St Thomas,,27 Jan 1795,Sarah,Dau of,John,Ann,,GOUGH,,,
WOR,Dudley,St Thomas,,27 Jan 1795,Margaret,Widow,,,,PITT,,,
WOR,Dudley,St Thomas,,27 Jan 1795,Maria,Dau of,Daniel,Sarah,,SILVERS,,,
WOR,Dudley,St Thomas,,1 Feb 1795,Elizabeth,Widow,,,,BOURNE,,,
WOR,Dudley,St Thomas,,1 Feb 1795,Godfrey,,,,,WOODALL,,,
WOR,Dudley,St Thomas,,2 Feb 1795,Sarah,Dau of,Thomas,Amy,,TRAUNTER,,,
WOR,Dudley,St Thomas,,3 Feb 1795,Rebecca,Widow,,,,STOKES,,,
WOR,Dudley,St Thomas,,5 Feb 1795,Phebe,Wife of,Thomas,,,BUNCH,,,
WOR,Dudley,St Thomas,,6 Feb 1795,Elizabeth,Widow,,,,GEAST,,,
WOR,Dudley,St Thomas,,8 Feb 1795,Josiah,Son of,William,Mary,,UNDERHILL,,,
WOR,Dudley,St Thomas,,8 Feb 1795,William,Son of,Nehemiah,Mary,,ROLINSON,,,
WOR,Dudley,St Thomas,,13 Feb 1795,Sarah,Wife of,James,,,GRIFFIN,,,
WOR,Dudley,St Thomas,,16 Feb 1795,Johothan,Son of,Theophilus,Philipa,,AEFVEY,,,
WOR,Dudley,St Thomas,,18 Feb 1795,Mary,Dau. of,Charles,Frances,,HAMPTON,,,
WOR,Dudley,St Thomas,,19 Feb 1795,John,Son of,,Mary,,PARKES,,,
WOR,Dudley,St Thomas,,20 Feb 1795,Sarah,Dau. of,William,Hannah,,SMART,,,
WOR,Dudley,St Thomas,,22 Feb 1795,Rachel,Wife of,Daniel,,,TRAUNTER,,,
WOR,Dudley,St Thomas,,22 Feb 1795,Mary,Dau. of,John,Sarah,,RHODES,,,
WOR,Dudley,St Thomas,,25 Feb 1795,William,Bachelor,,,,DAVIS,,,
WOR,Dudley,St Thomas,,27 Feb 1795,Sarah,Wife of,George,,,CREIGHTON,,,
WOR,Dudley,St Thomas,,28 Feb 1795,Sarah,Wife of,William,,,FINCH,,,
WOR,Dudley,St Thomas,,1 Mar 1795,Edward,,,,,WOODALL,,,
WOR,Dudley,St Thomas,,1 Mar 1795,Milicent,Wife of,Andrew,,,MARSH,,,
WOR,Dudley,St Thomas,,1 Mar 1795,Frances,Dau. of,Joseph,Sarah,,HORNBLOWER,,,
WOR,Dudley,St Thomas,,2 Mar 1795,Benjamin,,,,,BANISTER,,,
WOR,Dudley,St Thomas,,2 Mar 1795,Ann,Dau. of,John,Ann,,GUMMEY,,,
WOR,Dudley,St Thomas,,6 Mar 1795,Benjamin,Son of,Edward,Mary,,WHITEHOUSE,,,
WOR,Dudley,St Thomas,,8 Mar 1795,Joseph,Son of,Joseph,Mary,,MILLWOOD,,,
WOR,Dudley,St Thomas,,8 Mar 1795,Joseph,Son of,Edward,Phillis,,RANDLE,,,
WOR,Dudley,St Thomas,,13 Mar 1795,Richard,,,,,JEWKES,,,
WOR,Dudley,St Thomas,,13 Mar 1795,Ann,Spinster,,,,PITT,,,
WOR,Dudley,St Thomas,,15 Mar 1795,James,,,,,HOMER,,,
WOR,Dudley,St Thomas,,15 Mar 1795,John,,,,,ARCH,,,
WOR,Dudley,St Thomas,,17 Mar 1795,Benjamin,,,,,SALT,,,
WOR,Dudley,St Thomas,,17 Mar 1795,Ann,Wife of,George,,,JACKSON,,,
WOR,Dudley,St Thomas,,18 Mar 1795,Luke,Son of,Edward,Phillis,,RANDLE,,,
WOR,Dudley,St Thomas,,18 Mar 1795,William,Son of,Joseph,Ann,,WHITEHOUSE,,,
WOR,Dudley,St Thomas,,19 Mar 1795,William,,,,,WILLINGTON,,,
WOR,Dudley,St Thomas,,19 Mar 1795,Edward,,,,,THORNGY,,,
WOR,Dudley,St Thomas,,19 Mar 1795,Ann,Dau. of,William,Sarah,,SKETT,,,
WOR,Dudley,St Thomas,,20 Mar 1795,Ann,,,,,DUDLEY,,,
WOR,Dudley,St Thomas,,23 Mar 1795,Samuel,,,,,CRUMP,,,
WOR,Dudley,St Thomas,,24 Mar 1795,Edward Christopher,,,,,TONEY,,,
WOR,Dudley,St Thomas,,24 Mar 1795,Benjamin,,,,,CARTWRIGHT,,,
WOR,Dudley,St Thomas,,24 Mar 1795,Ann,,,,,CAYTON,,,
WOR,Dudley,St Thomas,,25 Mar 1795,Mary,Dau. of,Joseph,Dorothy,,WOODHOUSE,,,
WOR,Dudley,St Thomas,,26 Mar 1795,Benjamin,Son of,,Mary,,SMITH,,,
WOR,Dudley,St Thomas,,27 Mar 1795,Noah,,,,,TRUMAN,,,
WOR,Dudley,St Thomas,,29 Mar 1795,Abigail,Dau. of,Joseph,Abigail,,INGRAM,,,
WOR,Dudley,St Thomas,,30 Mar 1795,Daniel,,,,,TIMMINS,,,
WOR,Dudley,St Thomas,,1 Apr 1795,Mary,Spinster,,,,RAYBOULD,,,
WOR,Dudley,St Thomas,,3 Apr 1795,Benjamin,Son of,Charles,Ann,,HOUGH,,,
WOR,Dudley,St Thomas,,10 Apr 1795,Phebe,Wife of,John,,,BAGNELL,,,
WOR,Dudley,St Thomas,,10 Apr 1795,George,,,,,STARKEY,,,
WOR,Dudley,St Thomas,,12 Apr 1795,Ann,,,,,OVASS,,,
WOR,Dudley,St Thomas,,12 Apr 1795,John,Bachelor,,,,ALLEN,,,
WOR,Dudley,St Thomas,,14 Apr 1795,Francis,Son of,Francis,Sarah,,SMITH,,,
WOR,Dudley,St Thomas,,19 Apr 1795,Mary,Dau. of,Robert,Mary,,MORRISS,,,
WOR,Dudley,St Thomas,,19 Apr 1795,Mary,Dau. of,George,Elizabeth,,BUNN,,,
WOR,Dudley,St Thomas,,21 Apr 1795,Rosanna,Dau. of,Thomas,Mary,,HINTON,,,
WOR,Dudley,St Thomas,,23 Apr 1795,Eleanor,Dau. of,Benjamin,Hannah,,SHAW,,,
WOR,Dudley,St Thomas,,26 Apr 1795,Joseph,Son of,Joseph,Elizabeth,,FRANCE,,,
WOR,Dudley,St Thomas,,26 Apr 1795,Maria,Dau. of,Joseph,Sarah,,FISHER,,,
WOR,Dudley,St Thomas,,26 Apr 1795,Thomas,Son of,,Sarah,,CARTWRIGHT,,,
WOR,Dudley,St Thomas,,26 Apr 1795,Robert,,,,,RENIHALL,,,
WOR,Dudley,St Thomas,,27 Apr 1795,Phebe,Wife of,George,,,ENSELL,,,
WOR,Dudley,St Thomas,,28 Apr 1795,Elizabeth,Wife of,George,,,BUNN,,,
WOR,Dudley,St Thomas,,29 Apr 1795,Thomas,Son of,,Sarah,,RHODES,,,
WOR,Dudley,St Thomas,,30 Apr 1795,Margaret,,,,,YOUNG,,,
WOR,Dudley,St Thomas,,1 May 1795,Mary,Widow,,,,RICHARDS,,,
WOR,Dudley,St Thomas,,1 May 1795,Samuel,,,,,PASKIN,,,
WOR,Dudley,St Thomas,,1 May 1795,Thomas,,,,,ROBINSON,,,
WOR,Dudley,St Thomas,,3 May 1795,John,,,,,JEWKES,,,
WOR,Dudley,St Thomas,,3 May 1795,Ann Farnell,Dau. of,Edward,Esther,,HALL,,,
WOR,Dudley,St Thomas,,6 May 1795,Thomas,Wife of,Benjamin,,,HEATHCOOK,,,
WOR,Dudley,St Thomas,,11 May 1795,Elizabeth,Dau. of,William,Mary,,LESTER,,,
WOR,Dudley,St Thomas,,12 May 1795,Fanny,Wife of,Thomas,,,PHILLIPS,,,
WOR,Dudley,St Thomas,,12 May 1795,Hannah,Dau. of,Richard,Mary,,WHILE,,,
WOR,Dudley,St Thomas,,13 May 1795,Hannah,Spinster,,,,SHAW,,,
WOR,Dudley,St Thomas,,13 May 1795,Mary,Dau. of,Edward,Abigail,,HARTSHORN,,,
WOR,Dudley,St Thomas,,17 May 1795,Samuel,,,,,HENLEY,,,
WOR,Dudley,St Thomas,,17 May 1795,Sarah,Wife of,John,,,BENT,,,
WOR,Dudley,St Thomas,,17 May 1795,Benjamin,Son of,Joseph,Ann,,HILL,,,
WOR,Dudley,St Thomas,,17 May 1795,Catherine,Dau. of,,Catherine,,FINCH,,,
WOR,Dudley,St Thomas,,18 May 1795,Maria,Spinster,,,,JACKSON,,,
WOR,Dudley,St Thomas,,20 May 1795,John,Son of,John,Isabel,,WOODALL,,,
WOR,Dudley,St Thomas,,23 May 1795,Elizabeth,Widow,,,,SHORE,,,
WOR,Dudley,St Thomas,,24 May 1795,Patience,Wife of,Joseph,,,HARVEY,,,
WOR,Dudley,St Thomas,,24 May 1795,Elizabeth,Dau. of,,Hannah,,ROLINSON,,,
WOR,Dudley,St Thomas,,24 May 1795,William,Son of,John,Betty,,BROOKES,,,
WOR,Dudley,St Thomas,,02 Jun 1795,James,Son of,James,Elizabeth,,PINNOCK,,,Maybe 1 or 2 June; see register.
WOR,Dudley,St Thomas,,2 Jun 1795,James,Son of,Thomas,Phebe,,GEAST,,,
WOR,Dudley,St Thomas,,5 Jun 1795,Sarah,Wife of,William,,,SKETT,,,
WOR,Dudley,St Thomas,,6 Jun 1795,Elizabeth,Widow,,,,POWEL,,,
WOR,Dudley,St Thomas,,6 Jun 1795,Philipa,Wife of,Theophilus,,,LESSEY,,,
WOR,Dudley,St Thomas,,7 Jun 1795,Theophilus,Son of,John,Martha,,STANTON,,,
WOR,Dudley,St Thomas,,10 Jun 1795,Mary,Widow,,,,ROUND,,,
WOR,Dudley,St Thomas,,11 Jun 1795,Elizabeth,,,,,SHELFIELD,,,
WOR,Dudley,St Thomas,,13 Jun 1795,Sarah,Spinster,,,,GWINNUTT,,,
WOR,Dudley,St Thomas,,13 Jun 1795,Susanna,Widow,,,,SHAW,,,
WOR,Dudley,St Thomas,,13 Jun 1795,Ann,Widow,,,,TRUMAN,,,
WOR,Dudley,St Thomas,,14 Jun 1795,Frances,Widow,,,,MEREDITH,,,
WOR,Dudley,St Thomas,,14 Jun 1795,Daniel,,,,,JONES,,,
WOR,Dudley,St Thomas,,14 Jun 1795,James,Bachelor,,,,HUMPAGE,,,
WOR,Dudley,St Thomas,,14 Jun 1795,Richard,,,,,BUNN,,,
WOR,Dudley,St Thomas,,14 Jun 1795,Sarah,Dau. of,Robert,Elizabeth,,EARL,,,
WOR,Dudley,St Thomas,,14 Jun 1795,Sarah,Dau. of,George,Ann,,WALKER,,,
WOR,Dudley,St Thomas,,14 Jun 1795,Nancy,Dau. of,John,Elizabeth,,SMITH,,,
WOR,Dudley,St Thomas,,14 Jun 1795,Elizabeth,Wife of,Richard,,,CRUMPTON,,,date could be between 14 and 19 June
WOR,Dudley,St Thomas,,19 Jun 1795,Joseph,,,,,BANNISTER,,,
WOR,Dudley,St Thomas,,24 Jun 1795,James,,,,,TRUMAN,,,
WOR,Dudley,St Thomas,,24 Jun 1795,Sarah,Widow,,,,JEWKES,,,
WOR,Dudley,St Thomas,,24 Jun 1795,Nancy,Dau. of,Joseph,Prudence,,JEWKES,,,
WOR,Dudley,St Thomas,,24 Jun 1795,Sarah,Dau. of,James,Hannah,,PEARSON,,,
WOR,Dudley,St Thomas,,26 Jun 1795,Thomas,,,,,PIDDOCK,,,
WOR,Dudley,St Thomas,,26 Jun 1795,William,,,,,RAINFORD,,,
WOR,Dudley,St Thomas,,26 Jun 1795,Nancy,Dau. of,,Sarah,,BUTLER,,,
WOR,Dudley,St Thomas,,27 Jun 1795,Esther,Wife of,Thomas,,,TAYLOR,,,
WOR,Dudley,St Thomas,,28 Jun 1795,Joseph,Son of,Joseph,Mary,,HENLEY,,,
WOR,Dudley,St Thomas,,5 Jul 1795,Mark,Bachelor,,,,LEECH,,,
WOR,Dudley,St Thomas,,12 Jul 1795,Edward,,,,,WILKINSON,,,
WOR,Dudley,St Thomas,,15 Jul 1795,Sarah,Wife of,Nathaniel,,,SMITH,,,
WOR,Dudley,St Thomas,,16 Jul 1795,Samuel,Son of,Samuel,Sarah,,VANES,,,
WOR,Dudley,St Thomas,,16 Jul 1795,Sarah,Dau. of,Samuel,Sarah,,VANES,,,
WOR,Dudley,St Thomas,,18 Jul 1795,Richard,,,,,HARPER,,,Junr
WOR,Dudley,St Thomas,,19 Jul 1795,Sarah,Widow,,,,ROUND,,,
WOR,Dudley,St Thomas,,19 Jul 1795,Daniel,Son of,Jeremiah,Mary,,BRETTEL,,,
WOR,Dudley,St Thomas,,21 Jul 1795,Sarah,Widow,,,,HOLLIS,,,
WOR,Dudley,St Thomas,,23 Jul 1795,Mary,Dau. of,Mark,Margaret,,PITT,,,
WOR,Dudley,St Thomas,,26 Jul 1795,Mary,Wife of,Joseph,,,DUNN,,,
WOR,Dudley,St Thomas,,26 Jul 1795,William,Bachelor,,,,SHELDON,,,
WOR,Dudley,St Thomas,,29 Jul 1795,Thomas,,,,,HINTON,,,
WOR,Dudley,St Thomas,,31 Jul 1795,John,,,,,FINCH,,,
WOR,Dudley,St Thomas,,31 Jul 1795,Mary,Dau. of,John,Hannah,,WILKINSON,,,
WOR,Dudley,St Thomas,,2 Aug 1795,Stephen,,,,,TIMMINS,,,
WOR,Dudley,St Thomas,,2 Aug 1795,William,Son of,William,Martha,,WALTERS,,,
WOR,Dudley,St Thomas,,3 Aug 1795,Joseph,,,,,THOMPSON,,,Senr
WOR,Dudley,St Thomas,,6 Aug 1795,Sarah,Dau. of,Joseph,Elizabeth,,BOURNE,,,
WOR,Dudley,St Thomas,,7 Aug 1795,Richard,Son of,John,Sarah,,EDWARDS,,,
WOR,Dudley,St Thomas,,9 Aug 1795,Joseph,Bachelor,,,,HILL,,,
WOR,Dudley,St Thomas,,9 Aug 1795,Joseph,,,,,HENLEY,,,
WOR,Dudley,St Thomas,,9 Aug 1795,Joseph,,,,,LARGE,,,
WOR,Dudley,St Thomas,,12 Aug 1795,Mary,Wife of,Thomas,,,COLEBOURNE,,,
WOR,Dudley,St Thomas,,12 Aug 1795,Catherine,Spinster,,,,BRADLEY,,,
WOR,Dudley,St Thomas,,12 Aug 1795,Joshua,,,,,JEWKES,,,
WOR,Dudley,St Thomas,,12 Aug 1795,Oliver,Son of,Oliver,Sarah,,ROBINSON,,,
WOR,Dudley,St Thomas,,12 Aug 1795,Sarah,Dau. of,John,Sarah,,TURNER,,,
WOR,Dudley,St Thomas,,13 Aug 1795,Mary,Widow,,,,LEECH,,,
WOR,Dudley,St Thomas,,13 Aug 1795,Sarah,Son of,James,Hannah,,PERRY,,,
WOR,Dudley,St Thomas,,13 Aug 1795,John,Son of,Thomas,Mary,,COOPER,,,
WOR,Dudley,St Thomas,,14 Aug 1795,Hannah Maria,Dau. of,John,Hannah,,JONES,,,
WOR,Dudley,St Thomas,,16 Aug 1795,Jane,Dau. of,Samuel,Mary,,WHITEHOUSE,,,
WOR,Dudley,St Thomas,,20 Aug 1795,Sarah,Wife of,James,,,SIMPSON,,,
WOR,Dudley,St Thomas,,20 Aug 1795,Alexander,,,,,BUNN,,,
WOR,Dudley,St Thomas,,21 Aug 1795,Edward,,,,,HIPKISS,,,
WOR,Dudley,St Thomas,,21 Aug 1795,Margaret,Dau. of,Thomas,Mary,,ONIONS,,,
WOR,Dudley,St Thomas,,23 Aug 1795,Esther,Dau. of,William,Sarah,,NUTT,,,
WOR,Dudley,St Thomas,,24 Aug 1795,Sarah,Wife of,John,,,PROVINCE,,,
WOR,Dudley,St Thomas,,28 Aug 1795,Elizabeth,Wife of,Joseph,,,SOUTHALL,,,
WOR,Dudley,St Thomas,,28 Aug 1795,Sarah,Wife of,William,,,JARVIS,,,
WOR,Dudley,St Thomas,,28 Aug 1795,Sophia,Dau. of,James,Sarah,,JOHNSON,,,
WOR,Dudley,St Thomas,,28 Aug 1795,David,Son of,James,Sarah,,KENESAY,,,
WOR,Dudley,St Thomas,,30 Aug 1795,Hannah,Dau. of,Samuel,Rebecca,,RUSTON,,,
WOR,Dudley,St Thomas,,31 Aug 1795,Hannah,Dau. of,William,Hannah,,HADDLETON,,,
WOR,Dudley,St Thomas,,31 Aug 1795,Elizabeth,Dau. of,William,Hannah,,WILLETTS,,,
WOR,Dudley,St Thomas,,31 Aug 1795,Samuel,Son of,John,Margaret,,INGRAM,,,
WOR,Dudley,St Thomas,,1 Sep 1795,William,,,,,GEAST,,,
WOR,Dudley,St Thomas,,1 Sep 1795,Mary,Dau. of,George,Margaret,,SHELDON,,,
WOR,Dudley,St Thomas,,2 Sep 1795,William,Son of,John,Ann,,BULLOWS,,,
WOR,Dudley,St Thomas,,7 Sep 1795,Eleanor,Wife of,James,,,WALKER,,,
WOR,Dudley,St Thomas,,15 Sep 1795,Sarah,Wife of,John,,,CARTWRIGHT,,,
WOR,Dudley,St Thomas,,16 Sep 1795,Mark,,,,,BENNETT,,,
WOR,Dudley,St Thomas,,17 Sep 1795,Hannah,Widow,,,,BANISTER,,,
WOR,Dudley,St Thomas,,17 Sep 1795,William,Son of,William,Phebe,,BOWOW,,,
WOR,Dudley,St Thomas,,20 Sep 1795,Jane,Widow,,,,FLETCHER,,,
WOR,Dudley,St Thomas,,20 Sep 1795,Rosanna,Dau. of,Thomas,Elizabeth,,PEGGETT,,,
WOR,Dudley,St Thomas,,22 Sep 1795,Abigail,Wife of,Edward,,,HARTSHORN,,,
WOR,Dudley,St Thomas,,22 Sep 1795,Catherine,Spinster,,,,PITT,,,
WOR,Dudley,St Thomas,,27 Sep 1795,Peter Bradley,Bachelor,,,,YOUNG,,,
WOR,Dudley,St Thomas,,27 Sep 1795,William,Son of,,Sarah,,BROWNHILL,,,
WOR,Dudley,St Thomas,,28 Sep 1795,Sarah,Widow,,,,WESTWOOD,,,
WOR,Dudley,St Thomas,,4 Oct 1795,Rebecca,Dau. of,Richard,Mary,,SIMMONS,,,
WOR,Dudley,St Thomas,,5 Oct 1795,James,,,,,COTTERELL,,,
WOR,Dudley,St Thomas,,5 Oct 1795,James,,,,,MAULIN,,,
WOR,Dudley,St Thomas,,11 Oct 1795,William,Son of,John,Phebe,,PEARSON,,,
WOR,Dudley,St Thomas,,12 Oct 1795,Sarah,Dau. of,John,Sarah,,TURNER,,,
WOR,Dudley,St Thomas,,18 Oct 1795,Joseph,Son of,Joseph,Susanna,,HICKMAN,,,
WOR,Dudley,St Thomas,,21 Oct 1795,Prudence,Wife of,Benjamin,,,DANKS,,,
WOR,Dudley,St Thomas,,21 Oct 1795,John,Son of,Benjamin,Sarah,,WESTWOOD,,,
WOR,Dudley,St Thomas,,22 Oct 1795,Moses,Bachelor,,,,RICHARDS,,,
WOR,Dudley,St Thomas,,25 Oct 1795,John,,,,,DITHERIDGE,,,
WOR,Dudley,St Thomas,,25 Oct 1795,Joseph,Bachelor,,,,HOLLIES,,,
WOR,Dudley,St Thomas,,28 Oct 1795,Mary,Dau. of,John,Ann,,PHILLIPS,,,
WOR,Dudley,St Thomas,,1 Nov 1795,James,,,,,WILKINSON,,,
WOR,Dudley,St Thomas,,1 Nov 1795,William,,,,,PEARSON,,,
WOR,Dudley,St Thomas,,3 Nov 1795,Prudence,Wife of,Joseph,,,WOOLEY,,,
WOR,Dudley,St Thomas,,3 Nov 1795,James,,,,,WILSON,,,
WOR,Dudley,St Thomas,,4 Nov 1795,William,Son of,Jesse,Elizabeth,,FINCH,,,
WOR,Dudley,St Thomas,,6 Nov 1795,William,Son of,John,Sarah,,ASTON,,,
WOR,Dudley,St Thomas,,8 Nov 1795,Jane,,,,,OWEN,,,
WOR,Dudley,St Thomas,,13 Nov 1795,John,,,,,ORR,,,
WOR,Dudley,St Thomas,,21 Nov 1795,Joseph,,,,,MOORE,,,
WOR,Dudley,St Thomas,,22 Nov 1795,Daniel,,,,,GRANGER,,,
WOR,Dudley,St Thomas,,23 Nov 1795,James,,,,,BUNTON,,,
WOR,Dudley,St Thomas,,29 Nov 1795,John,Son of,Joseph,Isabel,,JEWKES,,,
WOR,Dudley,St Thomas,,30 Nov 1795,Thomas,,,,,COLEBOURNE,,,
WOR,Dudley,St Thomas,,1 Dec 1795,Benjamin,Son of,Benjamin,Mary,,SMART,,,
WOR,Dudley,St Thomas,,2 Dec 1795,Ann,Dau. of,Moses,Mary,,WOODALL,,,
WOR,Dudley,St Thomas,,6 Dec 1795,Sarah,Dau. of,Edward,Mary,,HENLEY,,,
WOR,Dudley,St Thomas,,7 Dec 1795,Sarah,Dau. of,Joseph,Sarah,,TIMMINS,,,
WOR,Dudley,St Thomas,,10 Dec 1795,Esther,Widow,,,,DIXON,,,
WOR,Dudley,St Thomas,,11 Dec 1795,Elizabeth,Widow,,,,TONEY,,,
WOR,Dudley,St Thomas,,13 Dec 1795,William,,,,,SMITH,,,
WOR,Dudley,St Thomas,,13 Dec 1795,George,Son of,Thomas,Jane,,LLOYD,,,
WOR,Dudley,St Thomas,,17 Dec 1795,John,,,,,PITT,,,
WOR,Dudley,St Thomas,,20 Dec 1795,Sarah,Wife of,Joseph,,,CLARKE,,,
WOR,Dudley,St Thomas,,20 Dec 1795,Edward,Son of,Edward,Lydia,,DAVIS,,,
WOR,Dudley,St Thomas,,23 Dec 1795,David,,,,,GRIFFITHS,,,
WOR,Dudley,St Thomas,,23 Dec 1795,Ann,Wife of,Edward,,,PETERS,,,
WOR,Dudley,St Thomas,,25 Dec 1795,Elizabeth,Dau. of,Joseph,Sarah,,CASH,,,
WOR,Dudley,St Thomas,,26 Dec 1795,Elizabeth,Dau. of,Daniel,Mary,,TIMMINS,,,
WOR,Dudley,St Thomas,,31 Dec 1795,Charles,,,,,WOOLLEY,,,
