+INFO,david@davejo.eclipse.co.uk,password,SEQUENCED,BAPTISMS,,3.01.14
#,CCC,Dave Newbury,Worcestershire,WORELDBA.CSV,06-Oct-05
#,CREDIT,,
#,04-Oct-2013,,
WOR,Eldersfield,St John the Baptist,,,22 Jan 1815,Elijah,M,William,Susannah,HALSEY,,,,
WOR,Eldersfield,St John the Baptist,,,23 Jan 1815,Harriet Eliza,F,John,Ann,KELL,,,,
WOR,Eldersfield,St John the Baptist,,,9 Feb 1815,Sarah,F,William,Ann,HARTLAND,,,,
WOR,Eldersfield,St John the Baptist,,,20 Feb 1815,Daniel,M,William,Mary,FLUCK,,,,
WOR,Eldersfield,St John the Baptist,,,5 Mar 1815,James,M,Thomas,Sarah,BARNES,,,,
WOR,Eldersfield,St John the Baptist,,,12 Mar 1815,James,M,Isaac,Elizabeth,WILLIAMS,,,,
WOR,Eldersfield,St John the Baptist,,,19 Mar 1815,Thomas,M,Thomas,Elizabeth,NEW,,,,
WOR,Eldersfield,St John the Baptist,,,14 May 1815,Sarah,F,John,Nancy,MORE,,,,
WOR,Eldersfield,St John the Baptist,,,28 May 1815,William,M,George,Hannah,COLWELL,,,,
WOR,Eldersfield,St John the Baptist,,,9 Jul 1815,James,M,Thomas,Sarah,NEWMAN,,,,
WOR,Eldersfield,St John the Baptist,,,9 Jul 1815,George,M,John,Elizabeth,HUGHES,,,,
WOR,Eldersfield,St John the Baptist,,,23 Jul 1815,Mary,F,Thomas,Susanna,LANE,,,,
WOR,Eldersfield,St John the Baptist,,,27 Sep 1815,Sarah,F,John,Sarah,JANES,,,,
WOR,Eldersfield,St John the Baptist,,,27 Sep 1815,Ann,F,George,Sarah,WILLIAMS,,,,
WOR,Eldersfield,St John the Baptist,,,26 Nov 1815,Thomas Halford,M,,Mary,BURFOOT,,,,
WOR,Eldersfield,St John the Baptist,,,17 Dec 1815,Elizabeth,F,William,Elizabeth,SMITH,,,,
WOR,Eldersfield,St John the Baptist,,,24 Dec 1815,Hannah,F,Benjamin,Ann,TRAVEL,,,,
WOR,Eldersfield,St John the Baptist,,,25 Dec 1815,Elizabeth,F,f William,Ann,HOBBS,,,,
WOR,Eldersfield,St John the Baptist,,,1 Jan 1816,John,M,John,Elizabeth,STALLARD,,,,
WOR,Eldersfield,St John the Baptist,,,4 Feb 1816,Henry,M,Henry,Mary,BUTT,,,,
WOR,Eldersfield,St John the Baptist,,,5 Feb 1816,Jane,F,John,Eleanor,RUSSELL,,,,
WOR,Eldersfield,St John the Baptist,,,13 Feb 1816,Joseph,M,Samuel,Mary,CLINTON,,,,
WOR,Eldersfield,St John the Baptist,,,25 Feb 1816,Henry Webb,M,Samuel,Prudence,HULL,,,,
WOR,Eldersfield,St John the Baptist,,,1 Mar 1816,John,M,James,Sarah,POOL,,,,
WOR,Eldersfield,St John the Baptist,,,10 Mar 1816,Eliza,F,Joseph,Sarah,WILLIAMS,,,,
WOR,Eldersfield,St John the Baptist,,,24 Mar 1816,Harriot,F,Thomas,Ann,EVANS,,,,
WOR,Eldersfield,St John the Baptist,,,24 Mar 1816,Ann,F,Francis,Mary,INGRAM,,,,
WOR,Eldersfield,St John the Baptist,,,28 Jul 1816,George,M,John,Sarah,HAMPTON,,,,
WOR,Eldersfield,St John the Baptist,,,28 Jul 1816,Mary,F,George,Mary,PHELPS,,,,
WOR,Eldersfield,St John the Baptist,,,4 Aug 1816,Emma,F,Thomas,Elizabeth,PERKINS,,,,
WOR,Eldersfield,St John the Baptist,,,5 Aug 1816,William Henry,M,John,Charlotte Elizabeth,IRELAND,,,,
WOR,Eldersfield,St John the Baptist,,,1 Sep 1816,Sarah,F,John,Ann,PRICE,,,,
WOR,Eldersfield,St John the Baptist,,,25 Sep 1816,Eleanor,F,Benjamin,Eleanor,SOUTH,,,,
WOR,Eldersfield,St John the Baptist,,,27 Oct 1816,William,M,Elias,Betty,HAWKER,,,,
WOR,Eldersfield,St John the Baptist,,,27 Oct 1816,Sarah,F,John,Hannah,NEW,,,,
WOR,Eldersfield,St John the Baptist,,,22 Dec 1816,Christopher,M,Samuel,Hannah,LANE,,,,
