+INFO,david@davejo.eclipse.co.uk,password,SEQUENCED,BURIALS,,3.01.14
#,CCC,Dave Newbury,WORCESTERSHIRE,WORHANBU.CSV,10-Aug-06
#,CREDIT,Dave Newbury,
#,04-Oct-2013,LDS CD,
WOR,Hanley Castle,St Mary,1,29 Oct 1885,Fanny,,,,,COLLINS,3,Hanley Castle,
WOR,Hanley Castle,St Mary,2,23 Nov 1885,George,,,,,TURNER,58,Hanley Castle,
WOR,Hanley Castle,St Mary,3,27 Nov 1885,Emily,,,,,ROBERTS,5,Hanley Castle,
WOR,Hanley Castle,St Mary,4,16 Dec 1885,Thomas,,,,,TUDGER,37,Hanley Castle,
WOR,Hanley Castle,St Mary,5,30 Jan 1886,Jemima Isabella Mary,,,,,LEECHMERE,,Hanley Castle,
WOR,Hanley Castle,St Mary,6,15 Feb 1886,Stephen Bedington,,,,,COLLINS,infant,Hanley Castle,
WOR,Hanley Castle,St Mary,7,19 Feb 1886,Florence Mary,,,,,ROBERTS,7m,Hanley Castle,
WOR,Hanley Castle,St Mary,8,02 Mar 1886,John,,,,,CROFT,75,Hanley Castle,
WOR,Hanley Castle,St Mary,9,08 Mar 1886,Jane,,,,,WILLIS,55,Hanley Castle,
WOR,Hanley Castle,St Mary,10,12 Mar 1886,George,,,,,TURNER,23,Hanley Castle,
WOR,Hanley Castle,St Mary,11,05 Apr 1886,Elizabeth,,,,,BAYLIS,85,Hanley Castle,
WOR,Hanley Castle,St Mary,12,06 May 1886,Charlotte,,,,,POPE,83,Leigh Sinton,
WOR,Hanley Castle,St Mary,13,07 May 1886,Walter,,,,,BOWERN,35,Hanley Castle,
WOR,Hanley Castle,St Mary,14,13 Sep 1886,Georgina Felicia,,,,,LECHMERE,80,Hanley Castle,
WOR,Hanley Castle,St Mary,15,17 Dec 1886,Hannah,,,,,BENDALL,74,Hanley Castle,
WOR,Hanley Castle,St Mary,16,07 Feb 1887,Jane,,,,,JONES,76,Hanley Castle,
WOR,Hanley Castle,St Mary,17,26 Jul 1887,Mary,,,,,IRON,38,Hanley Castle,
WOR,Hanley Castle,St Mary,18,12 Sep 1887,Ann,,,,,EWINS,64,Hanley Castle,
WOR,Hanley Castle,St Mary,19,31 Oct 1887,James,,,,,ROBERTS,6m,Hanley Castle,
WOR,Hanley Castle,St Mary,20,10 Nov 1887,William,,,,,EVERY,64,Hanley Castle,
WOR,Hanley Castle,St Mary,21,3 Dec 1887,Bessie,,,,,BENNETT,5,Hanley Castle,
WOR,Hanley Castle,St Mary,22,9 Dec 1887,Jeremiah,,,,,SUTTON,93,Hanley Castle,
WOR,Hanley Castle,St Mary,23,14 Dec 1887,Ernest William,,,,,VOICE,4,Hanley Castle,
WOR,Hanley Castle,St Mary,24,23 Jan 1888,Charles,,,,,SIMMONDS,13,Hanley Castle,
WOR,Hanley Castle,St Mary,25,15 May 1888,Elizabeth,,,,,PRICE,45,Hanley Castle,
WOR,Hanley Castle,St Mary,26,18 May 1888,Annie,,,,,ATTWOOD,18m,Hanley Castle,
WOR,Hanley Castle,St Mary,27,4 Jun 1888,John,,,,,BARBER,76,Hanley Castle,
WOR,Hanley Castle,St Mary,28,22 Jun 1888,Elizabeth,,,,,ATTWOOD,15m,Hanley Castle,
WOR,Hanley Castle,St Mary,29,1 Jul 1888,Elizabeth,,,,,ATTWOOD,74,The Boynes Upton on Severn,
WOR,Hanley Castle,St Mary,30,8 Sep 1888,Sydney,,,,,RODMAN,infant,Hanley Castle,
WOR,Hanley Castle,St Mary,31,24 Nov 1888,Sarah,,,,,CLAYDON,71,Hanley Castle,
WOR,Hanley Castle,St Mary,32,7 Dec 1888,Ellen,,,,,ROBERTS,35,Hanley Castle,
WOR,Hanley Castle,St Mary,33,4 Jan 1889,Richard,,,,,WHITE,78,Claines Worcester,
WOR,Hanley Castle,St Mary,34,14 Feb 1889,Elizabeth,,,,,JIMMINGS,25,Hanley Castle,
WOR,Hanley Castle,St Mary,35,14 Mar 1889,Charles,,,,,FULLER,61,Hanley Castle,
WOR,Hanley Castle,St Mary,36,21 Mar 1889,Emily,,,,,RUSSEL,5,Hanley Castle,
WOR,Hanley Castle,St Mary,37,28 Mar 1889,John,,,,,JACKSON,70,Hanley Castle,
WOR,Hanley Castle,St Mary,38,18 Jun 1889,Mary,,,,,PANTER,77,Hanley Castle,
WOR,Hanley Castle,St Mary,39,21 Aug 1889,Sophia,,,,,VOYCE,19,Hanley Castle,
WOR,Hanley Castle,St Mary,40,20 Jan 1890,Minnie Maria,,,,,SIMMONDS,7m,Hanley Castle,
WOR,Hanley Castle,St Mary,41,17 Feb 1890,Joseph,,,,,WEBB,65,Hanley Castle,
WOR,Hanley Castle,St Mary,42,27 May 1890,Annie,,,,,SUTTON,94,Hanley Castle,
WOR,Hanley Castle,St Mary,43,11 Aug 1890,Reginald John,,,,,BALLINGER,infant,Hanley Castle,
WOR,Hanley Castle,St Mary,44,29 Dec 1890,Eliza,,,,,HARRIS,73,Hanley Castle,
WOR,Hanley Castle,St Mary,45,29 Dec 1890,Lilly,,,,,LIPPITT,15,Hanley Castle,
WOR,Hanley Castle,St Mary,46,5 Jan 1891,William Frank,,,,,HUNT,7,Defford,
WOR,Hanley Castle,St Mary,47,14 Mar 1891,Catherine,,,,,WALKER,73,Workhouse Upton on Severn,
WOR,Hanley Castle,St Mary,48,2 May 1891,William,,,,,REYNOLDS,95,Hanley Castle,
