+INFO,david@davejo.eclipse.co.uk,password,SEQUENCED,BAPTISMS,,3.01.14
#,CCC,Dave Newbury,Worcestershire,WORHALBA3.CSV,22-Dec-2008
#,CREDIT,Dave Newbury,david@davejo.eclipse.co.uk
#,04-Oct-2013,,
WOR,Hallow,St Philip and St James,,,23 Apr 1749,John,M,John,Mary,PARKER,,,,
WOR,Hallow,St Philip and St James,,,4 May 1749,William,M,William,Joyce,CHAMBERS,,,,
WOR,Hallow,St Philip and St James,,,11 Jun 1749,Mary,F,Cornelius,Mary,GOFF,,,,
WOR,Hallow,St Philip and St James,,,12 Jun 1749,Mary,F,John,Sarah,SMITH,,,,
WOR,Hallow,St Philip and St James,,,14 Jun 1749,Mary,F,,Elizabeth,,JONES,,,Widow
WOR,Hallow,St Philip and St James,,,18 Jun 1749,Thomas,M,Thomas,Mary,TAYLOR,,,,
WOR,Hallow,St Philip and St James,,,25 Jun 1749,John,M,Moses,Elizabeth,CLIFTON,,,,
WOR,Hallow,St Philip and St James,,,14 Jul 1749,Henry,M,Henry,Katharine,GYLES,,,,
WOR,Hallow,St Philip and St James,,,17 Jul 1749,Mary,F,Thomas,Elizabeth,HUGHES,,,,
WOR,Hallow,St Philip and St James,,,30 Jul 1749,Ann,F,Thomas,Mary,DICKENS,,,,
WOR,Hallow,St Philip and St James,,,3 Sep 1749,William,M,Samuel,Elizabeth,GITTINS,,,,
WOR,Hallow,St Philip and St James,,,9 Sep 1749,Ann,F,William,Ann,POWEL,,,,
WOR,Hallow,St Philip and St James,,,Sep 1749,William,M,Samuel,Ann,WARING,,,,
WOR,Hallow,St Philip and St James,,,29 Oct 1749,Ann,F,Samuel,Ann,FREEMAN,,,,
WOR,Hallow,St Philip and St James,,,15 Nov 1749,Edward,M,John,Alice,BOSWEL,,,,
WOR,Hallow,St Philip and St James,,,20 Nov 1749,Edward,M,Thomas,Elinor,BAGGET,,,,
WOR,Hallow,St Philip and St James,,,24 Dec 1749,Thomas,M,William,Hannah,FAIRLY,,,,
WOR,Hallow,St Philip and St James,,,25 Dec 1749,William,M,,Elinor,,POWEL,,,
WOR,Hallow,St Philip and St James,,,7 Jan 1749/50,Fanny,F,John,Ann,GREEN,,,,
WOR,Hallow,St Philip and St James,,,7 Jan 1749/50,Mary,F,William,,BARKER,,,,
WOR,Hallow,St Philip and St James,,,11 Feb 1749/50,Thomas,M,,Elizabeth,,DUFTY,,,
WOR,Hallow,St Philip and St James,,,4 Mar 1749/50,William,M,,Elizabeth,,LAMB,,,
WOR,Hallow,St Philip and St James,,,6 Mar 1749/50,Joyce,F,Thomas,Mary,NEVIL,,,,
WOR,Hallow,St Philip and St James,,,20 Mar 1749/50,John,M,John,Ann,BERROW,,,,
WOR,Hallow,St Philip and St James,,,20 Mar 1749/50,Lucy,F,John,Ann,BERROW,,,,
WOR,Hallow,St Philip and St James,,,20 Apr 1750,Thomas,M,John,Elizabeth,COTTON,,,,
WOR,Hallow,St Philip and St James,,,15 Apr 1750,Job,M,John,Elizabeth,KNOTT,,,,
WOR,Hallow,St Philip and St James,,,22 Apr 1750,Mary,F,Edward,Elizabeth,STOCKALL,,,,
WOR,Hallow,St Philip and St James,,,23 Apr 1750,Elizabeth,F,Edward,Mary,COMBS,,,,
WOR,Hallow,St Philip and St James,,,8 Jul 1750,George,M,Thomas,Ann,CHURCH,,,,
WOR,Hallow,St Philip and St James,,,26 Aug 1750,Rachael,F,Richard,Mary,ROWLEY,,,,
WOR,Hallow,St Philip and St James,,,23 Aug 1750,Mary,F,William,Sarah,TURNER,,,,
WOR,Hallow,St Philip and St James,,,30 Aug 1750,Benjamin,M,George,Martha,STOKES,,,,
WOR,Hallow,St Philip and St James,,,11 Oct 1750,Sarah,F,Francis,Mary,LOTON,,,,
WOR,Hallow,St Philip and St James,,,24 Oct 1750,,M,Benjamin,Mary,HUGHES,,,,
WOR,Hallow,St Philip and St James,,,28 Oct 1750,John,M,Benjamin,Mary,EVERTON,,,,
WOR,Hallow,St Philip and St James,,,2 Dec 1750,William,M,William,Hesther,BARBER,,,,
WOR,Hallow,St Philip and St James,,,2 Jan 1750/51,Thomas,M,Thomas,Mary,ROWLEY,,,,
WOR,Hallow,St Philip and St James,,,19 Jan 1750/51,William,M,Francis,Margaret,BAXTER,,,,
WOR,Hallow,St Philip and St James,,,3 Feb 1750/51,Mary,F,John,Mary,WHITAKER,,,,
WOR,Hallow,St Philip and St James,,,17 Feb 1750/51,Eleanor,F,Cornelius,Mary,GOUGH,,,,
WOR,Hallow,St Philip and St James,,,18 Feb 1750/51,William,M,Richard,Joyce,NOXON,,,,
WOR,Hallow,St Philip and St James,,,24 Feb 1750/51,Thomas,M,Robert,Elizabeth,STONE,,,,
WOR,Hallow,St Philip and St James,,,24 Feb 1750/51,Thomas,M,,Mary,,EDWARDS,,,
WOR,Hallow,St Philip and St James,,,28 Feb 1750/51,Catherine,F,Henry,Catherine,GILES,,,,
WOR,Hallow,St Philip and St James,,,15 Mar 1750/51,Ann,F,John,Ann,LAPWORTH,,,,
WOR,Hallow,St Philip and St James,,,24 Mar 1750/51,Mary,F,Joseph,Mary,CLARKE,,,,
WOR,Hallow,St Philip and St James,,,24 Mar 1750/51,Susanna,F,Moses,Elizabeth,CLIFTON,,,,
WOR,Hallow,St Philip and St James,,,26 Mar 1751,Thomas,M,Thomas,Eleanor,BAGGETT,,,,
WOR,Hallow,St Philip and St James,,,27 Mar 1751,Thomas,M,Thomas,Mary,DAVIS,,,,
WOR,Hallow,St Philip and St James,,,11 Apr 1751,William,M,Robert,Alice,FEATHERSTONE,,,,
WOR,Hallow,St Philip and St James,,,30 Apr 1751,John,M,Edward,Elizabeth,TAYLOR,,,,
WOR,Hallow,St Philip and St James,,,9 Jun 1751,John,M,Thomas,Ann,BENNETT,,,,
WOR,Hallow,St Philip and St James,,,25 Jul 1751,Elizabeth,F,Lewin,Ann,BINGE,,,,
WOR,Hallow,St Philip and St James,,,25 Jul 1751,Thomas,M,Thomas,Elizabeth,HUGHES,,,,
WOR,Hallow,St Philip and St James,,,7 Aug 1751,Richard,M,Richard,Ann,FARMER,,,,
WOR,Hallow,St Philip and St James,,,11 Aug 1751,Sarah,F,Thomas,Mary,DICKEN,,,,
WOR,Hallow,St Philip and St James,,,19 Aug 1751,Harry,M,Abel,Betty,GOWER,,,,
WOR,Hallow,St Philip and St James,,,7 Sep 1751,Martha,F,John,Martha,THOMAS,,,,
WOR,Hallow,St Philip and St James,,,10 Sep 1751,John,M,William,Mary,YARRANTON,,,,
WOR,Hallow,St Philip and St James,,,5 Oct 1751,Elizabeth,F,John,,KNOTT,,,,
WOR,Hallow,St Philip and St James,,,4 Dec 1751,John,M,Joseph,Mary,PRICKETT,,,,
WOR,Hallow,St Philip and St James,,,5 Mar 1751/52,Samuel,M,Samuel,Elizabeth,GITTEN,,,,
WOR,Hallow,St Philip and St James,,,16 Mar 1751/52,Bartholemew Lutley,M,Richard,Penelope,SCLATER,,,,
WOR,Hallow,St Philip and St James,,,3 Apr 1752,Catherine,F,Bartholemew,Ann,NOTT,,,,
WOR,Hallow,St Philip and St James,,,3 Apr 1752,Thomas,M,Samuel,Ann,WEARING,,,,
WOR,Hallow,St Philip and St James,,,20 Apr 1752,Susanna,F,William,Elizabeth,BURROW,,,,
WOR,Hallow,St Philip and St James,,,14 Jun 1752,Thomas,M,John,Ann,BURROW,,,,
WOR,Hallow,St Philip and St James,,,12 Jul 1752,Thomas,M,Thomas,Ann,CHURCH,,,,
WOR,Hallow,St Philip and St James,,,5 Nov 1752,Betty,F,Benjamin,Mary,EVERTON,,,,
WOR,Hallow,St Philip and St James,,,23 Aug 1752,Ann,F,John,Mary,PARKER,,,,
WOR,Hallow,St Philip and St James,,,30 Dec 1752,Hannah,F,Cornelius,Mary,GOFF,,,,
WOR,Hallow,St Philip and St James,,,31 Dec 1752,Samuel,M,Evan,Belhiah,WILLIAMS,,,,
WOR,Hallow,St Philip and St James,,,14 Jan 1753,Richard,M,Robert,Elizabeth,STONE,,,,
WOR,Hallow,St Philip and St James,,,1 Feb 1753,James,M,Henry Faithing,Catherine,GYLES,,,,
WOR,Hallow,St Philip and St James,,,25 Feb 1753,John,M,Francis,Mary,LOETON,,,,
WOR,Hallow,St Philip and St James,,,4 Mar 1753,Henry,M,William,Sarah,TURNER,,,,
WOR,Hallow,St Philip and St James,,,25 Mar 1753,Edmund,M,Edmund,Sarah,STOCKALL,,,,
WOR,Hallow,St Philip and St James,,,22 Apr 1753,Betty,F,Samuel,Ann,FREEMAN,,,,
WOR,Hallow,St Philip and St James,,,23 Apr 1753,Edward,M,William,Ann,BARKER,,,,
WOR,Hallow,St Philip and St James,,,29 Apr 1753,Mary,F,Thomas,Mary,DAVIS,,,,
WOR,Hallow,St Philip and St James,,,13 May 1753,Elizabeth,F,Edward,Elizabeth,STOCKTON,,,,
WOR,Hallow,St Philip and St James,,,20 May 1753,John,M,James,Elizabeth,VAUGHAN,,,,
WOR,Hallow,St Philip and St James,,,27 May 1753,John,M,John,Ann,GREEN,,,,
WOR,Hallow,St Philip and St James,,,19 Jun 1753,Ann,F,Edward,Elizabeth,DAVIS,,,,
WOR,Hallow,St Philip and St James,,,5 Jul 1753,Sarah,F,William,Esther,BARBER,,,,
WOR,Hallow,St Philip and St James,,,15 Jul 1753,Edward,M,Richard,Elizabeth,PARSONS,,,,
WOR,Hallow,St Philip and St James,,,5 Aug 1753,Mary,F,Richard,Mary,ROWLEY,,,,
WOR,Hallow,St Philip and St James,,,12 Aug 1753,John,M,John,Hannah,KNOTT,,,,
WOR,Hallow,St Philip and St James,,,26 Aug 1753,John,M,John,Ann,LAPWORTH,,,,
WOR,Hallow,St Philip and St James,,,2 Sep 1753,Betty,F,Thomas,Mary,DICKEN,,,,
WOR,Hallow,St Philip and St James,,,11 Nov 1753,John,M,John,Mary,CHEESE,,,,
WOR,Hallow,St Philip and St James,,,5 Dec 1753,John,M,Richard,Mary,HUGHES,,,,
WOR,Hallow,St Philip and St James,,,9 Dec 1753,Thomas,M,John,Mary,WHITTAKER,,,,
WOR,Hallow,St Philip and St James,,,16 Dec 1753,Mary,F,,Eleanor,,STANTON,,,
WOR,Hallow,St Philip and St James,,,23 Dec 1753,John,M,Robert,Alice,FEATHERSTONE,,,,
WOR,Hallow,St Philip and St James,,,23 Dec 1753,Richard,M,John,Ann,HILL,,,,
WOR,Hallow,St Philip and St James,,,26 Dec 1753,Penelope,F,Richard,Penelope,DELATER,,,,
WOR,Hallow,St Philip and St James,,,26 Dec 1753,Mary,F,Samuel,Elizabeth,GITTENS,,,,
WOR,Hallow,St Philip and St James,,,3 Feb 1754,Frances,M,,Ann,,POWELL,,,
WOR,Hallow,St Philip and St James,,,27 Mar 1754,William,M,Lewin,Ann,BINGE,,,,
WOR,Hallow,St Philip and St James,,,10 Mar 1754,Moses,M,Moses,Elizabeth,CLIFTON,,,,
WOR,Hallow,St Philip and St James,,,10 Mar 1754,Mary,F,John,Mary,CORBETT,,,,
WOR,Hallow,St Philip and St James,,,11 Mar 1754,Joseph,M,,Mary,,OWEN,,,
WOR,Hallow,St Philip and St James,,,15 Apr 1754,William,M,William,Elizabeth,BURROW,,,,
WOR,Hallow,St Philip and St James,,,19 May 1754,Elizabeth,F,Cornelius,Mary,GOFF,,,,
WOR,Hallow,St Philip and St James,,,2 Jun 1754,Ralph,M,William,Mary,YARRANTON,,,,
WOR,Hallow,St Philip and St James,,,21 Jul 1754,Mary,F,Richard,Joyce,NOXON,,,,
WOR,Hallow,St Philip and St James,,,15 Aug 1754,Susanna,F,Henry,Catherine,GYLES,,,,
WOR,Hallow,St Philip and St James,,,29 Sep 1754,Elizabeth,F,Edward,Elizabeth,DAVIS,,,,
WOR,Hallow,St Philip and St James,,,1 Dec 1754,William,M,Benjamin,Mary,EVERTON,,,,
WOR,Hallow,St Philip and St James,,,1 Dec 1754,Thomas,M,Francis,Mary,LOETON,,,,
WOR,Hallow,St Philip and St James,,,1 Dec 1754,Sarah,F,John,Ann,HILL,,,,
WOR,Hallow,St Philip and St James,,,12 Jan 1755,Edward,M,Robert,Elizabeth,STONE,,,,
WOR,Hallow,St Philip and St James,,,12 Jan 1755,William,M,Samuel,Ann,FREEMAN,,,,
WOR,Hallow,St Philip and St James,,,15 Feb 1755,William,M,John,Ann,BERROW,,,,
WOR,Hallow,St Philip and St James,,,11 May 1755,William,M,John,Hannah,KNOTT,,,,
WOR,Hallow,St Philip and St James,,,11 May 1755,Joseph,M,William,Sarah,TURNER,,,,
WOR,Hallow,St Philip and St James,,,19 May 1755,Sarah,F,John,Ann,HILL,,,,
WOR,Hallow,St Philip and St James,,,25 May 1755,Betty,F,James,Betty,BECK,,,,
WOR,Hallow,St Philip and St James,,,8 Jun 1755,Joseph,M,Joseph,Mary,PRITCHETT,,,,
WOR,Hallow,St Philip and St James,,,8 Jun 1755,George,M,George,Penelope,YARNALL,,,,
WOR,Hallow,St Philip and St James,,,8 Jun 1755,Mary,F,Edward,Elizabeth,TAYLOR,,,,
WOR,Hallow,St Philip and St James,,,20 Jul 1755,John,M,Samuel,Ann,WARING,,,,
WOR,Hallow,St Philip and St James,,,27 Jul 1755,Edward,M,Thomas,Ann,GOFF,,,,
WOR,Hallow,St Philip and St James,,,7 Sep 1755,William,M,Thomas,Mary,DYCKEN,,,,
WOR,Hallow,St Philip and St James,,,28 Sep 1755,Elizabeth,F,Bartholemew,Ann,NOTT,,,,
WOR,Hallow,St Philip and St James,,,7 Dec 1755,Samuel,M,Richard,Susanna,MOORE,,,,
WOR,Hallow,St Philip and St James,,,4 Jan 1756,Rebeckah,F,George,Mary,CLARKE,,,,
WOR,Hallow,St Philip and St James,,,11 Jan 1756,Mary,F,William,Esther,BARBER,,,,
WOR,Hallow,St Philip and St James,,,18 Jan 1756,Anne,F,Lewin,Ann,BYNGE,,,,
WOR,Hallow,St Philip and St James,,,20 Jan 1756,Elizabeth,F,Robert,Elizabeth,HILL,,,,
WOR,Hallow,St Philip and St James,,,25 Jan 1756,Phillip,M,William,Mary,PRICE,,,,
WOR,Hallow,St Philip and St James,,,1 Feb 1756,Thomas,M,Joseph,Jane,CHAMBERS,,,,
WOR,Hallow,St Philip and St James,,,8 Feb 1756,Ann,F,Thomas,Mary,DAVIS,,,,
WOR,Hallow,St Philip and St James,,,28 Mar 1756,Thomas,M,,Martha,,STANTON,,,
WOR,Hallow,St Philip and St James,,,28 Mar 1756,Elizabeth,F,William,Ann,BARKER,,,,
WOR,Hallow,St Philip and St James,,,22 Apr 1756,Mary,F,Samuel,Mary,MORRISS,,,,
WOR,Hallow,St Philip and St James,,,22 Apr 1756,Mary,F,,Hannah,,BUMFORD,,,
WOR,Hallow,St Philip and St James,,,6 Jun 1756,Edward,M,John,Mary,CORBITT,,,,
WOR,Hallow,St Philip and St James,,,7 May 1756,Thomas,M,William,Elizabeth,BERROW,,,,
WOR,Hallow,St Philip and St James,,,4 Jul 1756,John,M,Cornelius,Mary,GOFF,,,,
WOR,Hallow,St Philip and St James,,,4 Jul 1756,Thomas,M,William,Elizabeth,WITHEY,,,,
WOR,Hallow,St Philip and St James,,,1 Aug 1756,Jane,F,Edward,Elizabeth,STOCKTON,,,,
WOR,Hallow,St Philip and St James,,,22 Aug 1756,Ann,F,William,Mary,YEATES,,,,
WOR,Hallow,St Philip and St James,,,31 Oct 1756,Henry,M,William,Sarah,TURNER,,,,
WOR,Hallow,St Philip and St James,,,8 Dec 1756,Arnill,M,Henry,Catherine,GYLES,,,,
WOR,Hallow,St Philip and St James,,,26 Dec 1756,William,M,Henry,Mary,BRUCKEN,,,,
WOR,Hallow,St Philip and St James,,,27 Feb 1757,Francis,M,James,Elizabeth,BECK,,,,
WOR,Hallow,St Philip and St James,,,27 Feb 1757,John,M,William,Ann,LEUCY,,,,
WOR,Hallow,St Philip and St James,,,6 Mar 1757,William,M,John,Mary,WHITTAKER,,,,
WOR,Hallow,St Philip and St James,,,13 Mar 1757,Mary,F,John,Hannah,KNOTT,,,,
WOR,Hallow,St Philip and St James,,,20 Mar 1757,Elizabeth,F,Samuel,Elizabeth,CHEESE,,,,
WOR,Hallow,St Philip and St James,,,20 Mar 1757,Ann,F,Edward,Eizabeth,DAVIS,,,,
WOR,Hallow,St Philip and St James,,,20 Mar 1757,Thomas,M,Benjamin,Mary,EVERTON,,,,
WOR,Hallow,St Philip and St James,,,5 Apr 1757,Mary,F,,Ann,,JONES,,,
WOR,Hallow,St Philip and St James,,,31 May 1757,Edward,M,John,Ann,BERROW,,,,
WOR,Hallow,St Philip and St James,,,7 Aug 1757,Ann,F,Edward,Mary,KNOTT,,,,
WOR,Hallow,St Philip and St James,,,18 Sep 1757,William,M,Thomas,Mary,ROWLEY,,,,
WOR,Hallow,St Philip and St James,,,25 Sep 1757,Elizabeth,F,William,Esther,BARBER,,,,
WOR,Hallow,St Philip and St James,,,2 Oct 1757,Elizabeth,F,John,Mary,PARKER,,,,
WOR,Hallow,St Philip and St James,,,16 Oct 1757,Joseph,M,Robert,Sarah,WILLIAMS,,,,
WOR,Hallow,St Philip and St James,,,30 Oct 1757,Thomas,M,Frances,Mary,LOTON,,,,
WOR,Hallow,St Philip and St James,,,4 Dec 1757,Sarah,F,John,Mary,JONES,,,,
WOR,Hallow,St Philip and St James,,,6 Dec 1757,William,M,Edward,Mary,OAKEY,,,,
WOR,Hallow,St Philip and St James,,,6 Feb 1758,Joseph,M,John,Elizabeth,WAKEMAN,,,,
WOR,Hallow,St Philip and St James,,,6 Feb 1758,Mary,F,John,Elizabeth,WAKEMAN,,,,
WOR,Hallow,St Philip and St James,,,12 Feb 1758,Sarah,F,John,Penelope,YARNELL,,,,
WOR,Hallow,St Philip and St James,,,26 Feb 1758,Thomas,M,Samuel,Mary,MORRICE,,,,
WOR,Hallow,St Philip and St James,,,12 Mar 1758,John,M,,Sarah,,SPRAGG,,,
WOR,Hallow,St Philip and St James,,,23 Apr 1758,Samuel,M,Thomas,Mary,DAVIS,,,,
WOR,Hallow,St Philip and St James,,,30 Apr 1758,Elizabeth,F,Richard,Elizabeth,PARSONS,,,,
WOR,Hallow,St Philip and St James,,,30 Apr 1758,Mary,F,Richard,Elizabeth,PARSONS,,,,
WOR,Hallow,St Philip and St James,,,14 May 1758,Mary,F,Henry,Mary,BRUCKEN,,,,
WOR,Hallow,St Philip and St James,,,21 May 1758,Cornelius,M,Cornelius,Mary,GOFF,,,,
WOR,Hallow,St Philip and St James,,,28 May 1758,John,M,John,Sarah,MORGAN,,,,
WOR,Hallow,St Philip and St James,,,29 Jul 1758,Hannah,F,Henry,Martha,HOLT,,,,
WOR,Hallow,St Philip and St James,,,20 Aug 1758,Thomas,M,Thomas,Rebecca,SPRAG,,,,
WOR,Hallow,St Philip and St James,,,26 Aug 1758,Richard,M,Samuel,Mary,CLARKE,,,,
WOR,Hallow,St Philip and St James,,,10 Sep 1758,John,M,John,Mary,RUMNEY,,,,
WOR,Hallow,St Philip and St James,,,10 Sep 1758,William,M,William,Elizabeth,WITHY,,,,
WOR,Hallow,St Philip and St James,,,21 Jan 1759,John,M,John,Mary,CORBETT,,,,
WOR,Hallow,St Philip and St James,,,21 Jan 1759,Isabel,F,Edward,Mary,BARKER,,,,
WOR,Hallow,St Philip and St James,,,18 Feb 1759,Susanna,F,John,Hanna,KNOTT,,,,
WOR,Hallow,St Philip and St James,,,25 Feb 1759,Ann,F,Benjamin,Mary,EVERTON,,,,
WOR,Hallow,St Philip and St James,,,25 Feb 1759,James,M,Richard,Susanna,THOMAS,,,,
WOR,Hallow,St Philip and St James,,,22 Apr 1759,Sarah,F,,ann,,MORRICE,,,
WOR,Hallow,St Philip and St James,,,4 Jun 1759,Edward,M,Edward,Elizabeth,DAVIS,,,,
WOR,Hallow,St Philip and St James,,,15 Jul 1759,Lucy,F,Robert,Elizabeth,STONE,,,,
WOR,Hallow,St Philip and St James,,,30 Sep 1759,William,M,William,Ann,BARKER,,,,
WOR,Hallow,St Philip and St James,,,7 Oct 1759,Mary,F,John,Ann,BERROW,,,,
WOR,Hallow,St Philip and St James,,,21 Oct 1759,Ann,F,,ann,,PARROTT,,,
WOR,Hallow,St Philip and St James,,,30 Nov 1759,Susanna,F,Edward,Mary,OKEY,,,,
WOR,Hallow,St Philip and St James,,,30 Nov 1759,John,M,Edward,Mary,KNOTT,,,,
WOR,Hallow,St Philip and St James,,,27 Jan 1760,Jane,F,Cornelius,Mary,GOFF,,,,
WOR,Hallow,St Philip and St James,,,27 Jan 1760,John,M,John,Mary,JONES,,,,
WOR,Hallow,St Philip and St James,,,16 Feb 1760,Jane,F,Griffin,Elizabeth,MORRISS,,,,
WOR,Hallow,St Philip and St James,,,11 May 1760,William,M,John,Elizabeth,COOMBS,,,,
WOR,Hallow,St Philip and St James,,,11 May 1760,William,M,John,Elizabeth,MUNN,,,,
WOR,Hallow,St Philip and St James,,,1 Jun 1760,Elizabeth,F,Thomas,Deborah,QUICK,,,,
WOR,Hallow,St Philip and St James,,,1 Jun 1760,Ann,F,James,Betty,BECK,,,,
WOR,Hallow,St Philip and St James,,,25 Jul 1760,William,M,John,Mary,RUMNEY,,,,
WOR,Hallow,St Philip and St James,,,3 Aug 1760,Mary,F,John,Sarah,MORGAN,,,,
WOR,Hallow,St Philip and St James,,,31 Aug 1760,Samuel,M,John,Mary,HILL,,,,
WOR,Hallow,St Philip and St James,,,19 Oct 1760,John,M,Richard,Elizabeth,PARSONS,,,,
WOR,Hallow,St Philip and St James,,,9 Nov 1760,Richard,M,,Ann,,BUMFORD,,,
WOR,Hallow,St Philip and St James,,,23 Nov 1760,Samuel,M,Samuel,Mary,MORRISS,,,,
WOR,Hallow,St Philip and St James,,,30 Nov 1760,Joseph,M,Joseph,Jane,CHAMBERS,,,,
WOR,Hallow,St Philip and St James,,,26 Dec 1760,William,M,Richard,Mary,BOURNE,,,,
WOR,Hallow,St Philip and St James,,,18 Jan 1761,Hannah,F,William,Elizabeth,WITHEY,,,,
WOR,Hallow,St Philip and St James,,,2 Feb 1761,John,M,Thomas,Mary,DAVISS,,,,
WOR,Hallow,St Philip and St James,,,5 Apr 1761,Thomas,M,Thomas,Mary,CLARKE,,,,
WOR,Hallow,St Philip and St James,,,23 Apr 1761,Ann,F,Richard,Susanna,BROOKE,,,,
WOR,Hallow,St Philip and St James,,,24 May 1761,Sarah,F,Thomas,Elizabeth,HUNLEY,,,,
WOR,Hallow,St Philip and St James,,,24 May 1761,Ann,F,Henry,Mary,BRUCKEN,,,,
WOR,Hallow,St Philip and St James,,,28 May 1761,Thomas,M,Cornelius,Mary,GOFF,,,,
WOR,Hallow,St Philip and St James,,,7 Jun 1761,Edward,M,John,Hannah,KNOTT,,,,
WOR,Hallow,St Philip and St James,,,21 Jun 1761,Sarah,F,Edward,ann,SPILSBURY,,,,
WOR,Hallow,St Philip and St James,,,28 Jun 1761,Thomas,M,Thomas,Deborah,QUICK,,,,
WOR,Hallow,St Philip and St James,,,6 Sep 1761,William,M,Edward,Mary,ASTON,,,,
WOR,Hallow,St Philip and St James,,,27 Sep 1761,John,M,Benjamin,Mary,EVERTON,,,,
WOR,Hallow,St Philip and St James,,,29 Nov 1761,Thomas,M,Robert,Ann,WILLIAMS,,,,
WOR,Hallow,St Philip and St James,,,29 Nov 1761,Susanna,F,Frances,Mary,LOTON,,,,
WOR,Hallow,St Philip and St James,,,26 Dec 1761,Thomas,M,Samuel,Elizabeth,CHEESE,,,,
WOR,Hallow,St Philip and St James,,,31 Jan 1762,Rebecca,F,James,Elizabeth,BECK,,,,
WOR,Hallow,St Philip and St James,,,29 Mar 1762,Hannah,F,,Ann,,POWEL,,,
WOR,Hallow,St Philip and St James,,,9 Apr 1762,Samuel,M,Richard,Joyce,NOXON,,,,
WOR,Hallow,St Philip and St James,,,18 Apr 1762,Mary,F,Edward,Mary,KNOTT,,,,
WOR,Hallow,St Philip and St James,,,18 Apr 1762,Elizabeth,F,John,Penelope,YARNALL,,,,
WOR,Hallow,St Philip and St James,,,2 May 1762,William,M,Griffin,Betty,MORRIS,,,,
WOR,Hallow,St Philip and St James,,,9 May 1762,Hannah,F,Richard,susanna,THOMAS,,,,
WOR,Hallow,St Philip and St James,,,13 Jun 1762,William,M,Robert,Elizabeth,STONE,,,,
WOR,Hallow,St Philip and St James,,,15 Jun 1762,Susanna,F,Richard,Elizabeth,PARSONS,,,,
WOR,Hallow,St Philip and St James,,,4 Jul 1762,Susanna,F,,Susanna,,THACKER,,,
WOR,Hallow,St Philip and St James,,,18 Jul 1762,James,M,Edward,Elizabeth,DAVISS,,,,
WOR,Hallow,St Philip and St James,,,22 Aug 1762,John,M,,Elizabeth,,COTTON,,,
WOR,Hallow,St Philip and St James,,,7 Nov 1762,Sarah,F,John,Sarah,MORGAN,,,,
WOR,Hallow,St Philip and St James,,,14 Nov 1762,Joseph,M,John,Hannah,THRUP,,,,
WOR,Hallow,St Philip and St James,,,5 Nov 1762,Margaret,F,John,Ann,CALLOWHILL,,,,
WOR,Hallow,St Philip and St James,,,5 Dec 1762,George,M,Thomas,Mary,ROWLEY,,,,
WOR,Hallow,St Philip and St James,,,25 Dec 1762,James,M,Richard,Ann,SHAKSHEAF,,,,
WOR,Hallow,St Philip and St James,,,25 Dec 1762,Joseph,M,John,Frances,SHERWOOD,,,,
WOR,Hallow,St Philip and St James,,,28 May 1758,John,M,John,Sarah,MORGAN,,,,
WOR,Hallow,St Philip and St James,,,29 Jul 1758,Hannah,F,Henry,Martha,HOLT,,,,
WOR,Hallow,St Philip and St James,,,20 Aug 1758,Thomas,M,Thomas,Rebecca,SPRAG,,,,
WOR,Hallow,St Philip and St James,,,26 Aug 1758,Richard,M,Samuel,Mary,CLARKE,,,,
WOR,Hallow,St Philip and St James,,,10 Sep 1758,John,M,John,Mary,RUMNEY,,,,
WOR,Hallow,St Philip and St James,,,10 Sep 1758,William,M,William,Elizabeth,WITHY,,,,
WOR,Hallow,St Philip and St James,,,21 Jan 1759,John,M,John,Mary,CORBETT,,,,
WOR,Hallow,St Philip and St James,,,21 Jan 1759,Isabel,F,Edward,Mary,BARKER,,,,
WOR,Hallow,St Philip and St James,,,18 Feb 1759,Susanna,F,John,Hanna,KNOTT,,,,
WOR,Hallow,St Philip and St James,,,25 Feb 1759,Ann,F,Benjamin,Mary,EVERTON,,,,
WOR,Hallow,St Philip and St James,,,25 Feb 1759,James,M,Richard,Susanna,THOMAS,,,,
WOR,Hallow,St Philip and St James,,,22 Apr 1759,Sarah,F,,Ann,,MORRICE,,,
WOR,Hallow,St Philip and St James,,,4 Jun 1759,Edward,M,Edward,Elizabeth,DAVISS,,,,
WOR,Hallow,St Philip and St James,,,15 Jul 1759,Lucy,F,Robert,Elizabeth,STONE,,,,
WOR,Hallow,St Philip and St James,,,30 Sep 1759,William,M,William,Ann,BARKER,,,,
WOR,Hallow,St Philip and St James,,,7 Oct 1759,Mary,F,John,Ann,BERROW,,,,
WOR,Hallow,St Philip and St James,,,21 Oct 1759,Ann,F,,Ann,,PARROTT,,,
WOR,Hallow,St Philip and St James,,,30 Nov 1759,Susanna,F,Edward,Mary,OKEY,,,,
WOR,Hallow,St Philip and St James,,,30 Nov 1759,John,M,Edward,Mary,KNOTT,,,,
WOR,Hallow,St Philip and St James,,,27 Jan 1760,Jane,F,Cornelius,Mary,GOFF,,,,
WOR,Hallow,St Philip and St James,,,27 Jan 1760,John,M,John,Mary,JONES,,,,
WOR,Hallow,St Philip and St James,,,16 Feb 1760,Jane,F,Griffin,Elizabeth,MORRISS,,,,
WOR,Hallow,St Philip and St James,,,11 May 1760,William,M,John,Elizabeth,COOMBS,,,,
WOR,Hallow,St Philip and St James,,,11 May 1760,William,M,John,Elizabeth,MUNN,,,,
WOR,Hallow,St Philip and St James,,,1 Jun 1760,Elizabeth,F,Thomas,Deborah,QUICK,,,,
WOR,Hallow,St Philip and St James,,,1 Jun 1760,Ann,F,James,Betty,BECK,,,,
WOR,Hallow,St Philip and St James,,,25 Jul 1760,William,M,John,Mary,RUMNEY,,,,
WOR,Hallow,St Philip and St James,,,3 Aug 1760,Mary,F,John,Sarah,MORGAN,,,,
WOR,Hallow,St Philip and St James,,,31 Aug 1760,Samuel,M,John,Mary,HILL,,,,
WOR,Hallow,St Philip and St James,,,19 Oct 1760,John,M,Richard,Elizabeth,PARSONS,,,,
WOR,Hallow,St Philip and St James,,,9 Nov 1760,Richard,M,,Ann,,BUMFORD,,,
WOR,Hallow,St Philip and St James,,,23 Nov 1760,Samuel,M,Samuel,Mary,MORRISS,,,,
WOR,Hallow,St Philip and St James,,,30 Nov 1760,Joseph,M,Joseph,Jane,CHAMBERS,,,,
WOR,Hallow,St Philip and St James,,,30 Jan 1763,Ann,F,John,Elizabeth,MUNN,,,,
WOR,Hallow,St Philip and St James,,,6 Feb 1763,Mary,F,Richard,Mary,BOURNE,,,,
WOR,Hallow,St Philip and St James,,,7 Feb 1763,Cornelius,M,Cornelius,Mary,GOFF,,,,
WOR,Hallow,St Philip and St James,,,4 Apr 1763,Thomas,M,Edward,May,BARKER,,,,
WOR,Hallow,St Philip and St James,,,24 Apr 1763,Edward,M,Thomas,Mary,DAVISS,,,,
WOR,Hallow,St Philip and St James,,,24 Apr 1763,Elizabeth,F,Samuel,Mary,MORRISS,,,,
WOR,Hallow,St Philip and St James,,,8 May 1763,Elizabeth,F,Thomas,Elizabeth,HUNLEY,,,,
WOR,Hallow,St Philip and St James,,,8 May 1763,Elizabeth,F,Henry,Mary,BRUCKEN,,,,
WOR,Hallow,St Philip and St James,,,12 Jun 1763,John,M,John,Mary,TUSTIN,,,,
WOR,Hallow,St Philip and St James,,,10 Jul 1763,James,M,Thomas,Deborah,QUICK,,,,
WOR,Hallow,St Philip and St James,,,17 Jul 1763,Elizabeth,F,William,Elizabeth,WYTHEY,,,,
WOR,Hallow,St Philip and St James,,,2 Oct 1763,Susanna,F,George,Mary,GRIFFITHS,,,,
WOR,Hallow,St Philip and St James,,,14 Oct 1763,Thomas,M,William,Mary,PILKINTON,,,,
WOR,Hallow,St Philip and St James,,,22 Nov 1763,Thomas,M,Thomas,Ann,PRICE,,,,
WOR,Hallow,St Philip and St James,,,29 Jan 1764,Thomas,M,Edward,Mary,OAKEY,,,,
WOR,Hallow,St Philip and St James,,,19 Feb 1764,Thomas,M,Edward,Elizabeth,COOMBS,,,,
WOR,Hallow,St Philip and St James,,,19 Feb 1764,Mary,F,John,Mary,POWELL,,,,
WOR,Hallow,St Philip and St James,,,19 Feb 1764,Mary,F,Robert,Ann,WILLIAMS,,,,
WOR,Hallow,St Philip and St James,,,25 Mar 1764,Samuel,M,Richard,Elizabeth,PARSONS,,,,
WOR,Hallow,St Philip and St James,,,23 Apr 1764,Mary,F,Samuel,Ann,LAURENCE,,,,
WOR,Hallow,St Philip and St James,,,23 Apr 1764,Thomas,M,Richard,Hannah,ASTON,,,,
WOR,Hallow,St Philip and St James,,,23 Apr 1764,Elizabeth,F,John,Mary,WHITAKER,,,,
WOR,Hallow,St Philip and St James,,,13 May 1764,Mary,F,John,Hannah,HUMPHREYS,,,,
WOR,Hallow,St Philip and St James,,,25 May 1764,Frances,M,,Sarah,,RUSSEL,,,
WOR,Hallow,St Philip and St James,,,25 May 1764,Thomas,M,William,Ann,BARKER,,,,
WOR,Hallow,St Philip and St James,,,17 Jun 1764,Samuel,M,John,Mary,CORBET,,,,
WOR,Hallow,St Philip and St James,,,24 Jun 1764,Richard,M,Richard,Bridget,PALMER,,,,
WOR,Hallow,St Philip and St James,,,1 Jul 1764,Mary,F,John,Mary,POWEL,,,,
WOR,Hallow,St Philip and St James,,,8 Jul 1764,Margaret,F,Antony,Margaret,MORTON,,,,
WOR,Hallow,St Philip and St James,,,1 Nov 1764,Elizabeth,F,Richard,Sarah,COOK,,,,
WOR,Hallow,St Philip and St James,,,2 Dec 1764,Charles,M,Benjamin,Mary,EVERTON,,,,
WOR,Hallow,St Philip and St James,,,26 Dec 1764,Edward,M,Edward,Mary,KNOTT,,,,
WOR,Hallow,St Philip and St James,,,26 Dec 1764,John,M,Thomas,Ann,PREECE,,,,
WOR,Hallow,St Philip and St James,,,7 Apr 1765,Thomas,M,John,Sarah,MORGAN,,,,
WOR,Hallow,St Philip and St James,,,19 May 1765,Ann,F,John,Martha,JONES,,,,
WOR,Hallow,St Philip and St James,,,7 Jul 1765,Thomas,M,John,Jane,LEYNARD,,,,
WOR,Hallow,St Philip and St James,,,7 Jul 1765,Mary,F,Thomas,Deborah,QUICK,,,,
WOR,Hallow,St Philip and St James,,,14 Jul 1765,Sarah,F,John,Ann,CALLOW,,,,
WOR,Hallow,St Philip and St James,,,21 Jul 1765,John,M,Richard,Hannah,YARNALL,,,,
WOR,Hallow,St Philip and St James,,,11 Aug 1765,Elizabeth,F,John,Mary,RUMNEY,,,,
WOR,Hallow,St Philip and St James,,,1 Sep 1765,Joseph,M,Henry,Mary,BRUCKEN,,,,
WOR,Hallow,St Philip and St James,,,13 Oct 1765,Mary,F,John,Mary,MUNN,,,,
WOR,Hallow,St Philip and St James,,,20 Oct 1765,Elizabeth,F,Joseph,Ann,SMITH,,,,
WOR,Hallow,St Philip and St James,,,27 Oct 1765,James,M,Thomas,Mary,DAVIS,,,,
WOR,Hallow,St Philip and St James,,,15 Dec 1765,Edward,M,Robert,Mary,GRIMMET,,,,
WOR,Hallow,St Philip and St James,,,22 Dec 1765,John,M,Griffin,Elizabeth,MORRISS,,,,
WOR,Hallow,St Philip and St James,,,5 Jan 1766,Edward,M,John,Mary,SMITH,,,,
WOR,Hallow,St Philip and St James,,,19 Jan 1766,Susanna,F,John,Jane,LEYNARD,,,,
WOR,Hallow,St Philip and St James,,,23 Feb 1766,Sarah,F,Samuel,Sarah,KNOTT,,,,
WOR,Hallow,St Philip and St James,,,2 Mar 1766,Joseph,M,Robert,Elizabeth,STONE,,,,
WOR,Hallow,St Philip and St James,,,16 Mar 1766,Mary,F,William,Mary,PILKINTON,,,,
WOR,Hallow,St Philip and St James,,,27 Apr 1766,William,M,John,Mary,TUSTIN,,,,
WOR,Hallow,St Philip and St James,,,1 Jun 1766,John,M,George,Mary,GRIFFITHS,,,,
WOR,Hallow,St Philip and St James,,,8 Jun 1766,Mary,F,John,Hannah,THRUPP,,,,
WOR,Hallow,St Philip and St James,,,8 Jun 1766,Elizabeth,F,John,Elizabeth,MUNN,,,,
WOR,Hallow,St Philip and St James,,,15 Jun 1766,Mary,F,John,Elizabeth,COOMBS,,,,
WOR,Hallow,St Philip and St James,,,22 Aug 1766,Sarah,F,Thomas,Deborah,QUICK,,,,
WOR,Hallow,St Philip and St James,,,29 Sep 1766,Elizabeth,F,Joseph,Ann,SMITH,,,,
WOR,Hallow,St Philip and St James,,,2 Nov 1766,Benjamin,M,Benjamin Snr,Mary,EVERTON,,,,
WOR,Hallow,St Philip and St James,,,6 Nov 1766,John,M,John,Eleanor,BOSWORTH,,,,
WOR,Hallow,St Philip and St James,,,18 Jan 1767,John,M,Thomas,Sarah,MORGAN,,,,
WOR,Hallow,St Philip and St James,,,8 Feb 1767,Job,M,Job,Sarah,TAYLOR,,,,
WOR,Hallow,St Philip and St James,,,29 Mar 1767,William,M,William,Mary,RANFORD,,,,
WOR,Hallow,St Philip and St James,,,22 Apr 1767,Joseph,M,Joseph,Ann,SMITH,,,,
WOR,Hallow,St Philip and St James,,,17 May 1767,Sarah,F,Richard,Mary,BOURNE,,,,
WOR,Hallow,St Philip and St James,,,28 Jun 1767,Sarah,F,Edward,Mary,KNOTT,,,,
WOR,Hallow,St Philip and St James,,,26 Jul 1767,Richard,M,John,Sarah,MORGAN,,,,
WOR,Hallow,St Philip and St James,,,26 Oct 1767,Joseph,M,Thomas,Deborah,QUICK,,,,
WOR,Hallow,St Philip and St James,,,13 Dec 1767,Elizabeth,F,William,Ann,MUNN,,,,
WOR,Hallow,St Philip and St James,,,7 Feb 1768,Thomas,M,Thomas,Elizabeth,HUNLEY,,,,
WOR,Hallow,St Philip and St James,,,24 Feb 1768,Thomas,M,Joseph,Elizabeth,HODGES,,,,
WOR,Hallow,St Philip and St James,,,28 Feb 1768,Francis,M,John,Mary,SMITH,,,,
WOR,Hallow,St Philip and St James,,,8 May 1768,William,M,William,Martha,BOSWELL,,,,
WOR,Hallow,St Philip and St James,,,26 Jun 1768,Samuel,M,Samuel,Sarah,KNOTT,,,,
WOR,Hallow,St Philip and St James,,,2 Jul 1768,Mary,F,John,Ann,EDWARDS,,,,
WOR,Hallow,St Philip and St James,,,7 Aug 1768,Joseph,M,John,Mary,TUSTIN,,,,
WOR,Hallow,St Philip and St James,,,17 Sep 1768,Sarah,F,Richard,Mary,NASH,,,,
WOR,Hallow,St Philip and St James,,,16 Oct 1768,John,M,John,Elizabeth,COOMBS,,,,
WOR,Hallow,St Philip and St James,,,20 Nov 1768,Sarah,F,Benjamin,Mary,EVERTON,,,,
WOR,Hallow,St Philip and St James,,,20 Nov 1768,George,M,George,Mary,GRIFFITHS,,,,
WOR,Hallow,St Philip and St James,,,22 Jan 1769,Mary,F,John,Mary,MORETON,,,,
WOR,Hallow,St Philip and St James,,,5 Feb 1769,Sarah,F,Thomas,Mary,BEARD,,,,
WOR,Hallow,St Philip and St James,,,19 Feb 1769,Thomas,M,Griffin,Elizabeth,MORRISS,,,,
WOR,Hallow,St Philip and St James,,,17 Mar 1769,William,M,Job,Sarah,TAYLOR,,,,
WOR,Hallow,St Philip and St James,,,16 Apr 1769,Ann,F,Richard,Elizabeth,BROOKS,,,,
WOR,Hallow,St Philip and St James,,,16 Apr 1769,Benjamin,M,Richard,Bridget,PALMER,,,,
WOR,Hallow,St Philip and St James,,,14 May 1769,Mary,F,William,Mary,RANFORD,,,,
WOR,Hallow,St Philip and St James,,,16 Jul 1769,William,M,Edward,Mary,OKEY,,,,
WOR,Hallow,St Philip and St James,,,13 Aug 1769,John,M,John,Ann,THRUP,,,,
WOR,Hallow,St Philip and St James,,,20 Aug 1769,William,M,John,Sarah,MORGAN,,,,
WOR,Hallow,St Philip and St James,,,26 Nov 1769,Joseph,M,William,Elizabeth,WHITHEY,,,,
WOR,Hallow,St Philip and St James,,,17 Dec 1769,Moses,M,Benjamin,Mary,EVERTON,,,,
WOR,Hallow,St Philip and St James,,,1 Jan 1770,Joice,F,William,Susanna,CHAMBERS,,,,
WOR,Hallow,St Philip and St James,,,18 Feb 1770,Mary,F,Thomas,Mary,ADDIS,,,,
WOR,Hallow,St Philip and St James,,,22 Feb 1770,Ann,F,Thomas,Debora,QUICK,,,,
WOR,Hallow,St Philip and St James,,,25 Feb 1770,Joseph,M,Joseph,Ann,BLISSETT,,,,
WOR,Hallow,St Philip and St James,,,25 Feb 1770,Ann,F,Joseph,Ann,BLISSETT,,,,
WOR,Hallow,St Philip and St James,,,11 Mar 1770,Elizabeth,F,Edward,Mary,KNOTT,,,,
WOR,Hallow,St Philip and St James,,,18 Mar 1770,Samuel,M,Richard,Mary,BOURNE,,,,
WOR,Hallow,St Philip and St James,,,19 Mar 1770,Sarah,F,Antony,Margaret,MORTON,,,,
WOR,Hallow,St Philip and St James,,,29 Apr 1770,James,M,Samuel,Mary,BAKER,,,,
WOR,Hallow,St Philip and St James,,,29 Apr 1770,Mary,F,William,Martha,BOSWORTH,,,,
WOR,Hallow,St Philip and St James,,,3 Jun 1770,Thomas,M,Thomas,Ann,WILLIAMS,,,,
WOR,Hallow,St Philip and St James,,,17 Jun 1770,Mary,F,John,Mary,SMITH,,,,
WOR,Hallow,St Philip and St James,,,5 Aug 1770,William,M,Samuel,Mary,KNOTT,,,,
WOR,Hallow,St Philip and St James,,,5 Aug 1770,Thomas,M,Henry,Sarah,HUNLEY,,,,
WOR,Hallow,St Philip and St James,,,6 Oct 1770,Mary,F,John,Mary,TUSTIN,,,,
WOR,Hallow,St Philip and St James,,,6 Oct 1770,Mary,F,Moses,Mary,EVERTON,,,,
WOR,Hallow,St Philip and St James,,,6 Oct 1770,Mary,F,John,Ann,SMITH,,,,
WOR,Hallow,St Philip and St James,,,4 Nov 1770,Mary,F,George,Mary,GRIFFITHS,,,,
WOR,Hallow,St Philip and St James,,,4 Nov 1770,Susanna,F,Richard,Mary,NASH,,,,
WOR,Hallow,St Philip and St James,,,17 Feb 1771,Bartholemew,M,,Mary,,RUMNEY,,,
WOR,Hallow,St Philip and St James,,,24 Feb 1771,William,M,Henry,Mary,BRUCKEN,,,,
WOR,Hallow,St Philip and St James,,,24 Feb 1771,Susanna,F,Richard,Mary,NASH,,,,
WOR,Hallow,St Philip and St James,,,17 Mar 1771,Elizabeth,F,Richard,Sarah,GARDINER,,,,
WOR,Hallow,St Philip and St James,,,24 Mar 1771,Thomas,M,John,Eleanor,BOSWORTH,,,,
WOR,Hallow,St Philip and St James,,,14 Apr 1771,Elizabeth,F,John,Mary,MORTON,,,,
WOR,Hallow,St Philip and St James,,,14 Apr 1771,Mary,F,John,Mary,CHURCHLAND,,,,
WOR,Hallow,St Philip and St James,,,5 May 1771,Sarah,F,William,Mary,HALL,,,,
WOR,Hallow,St Philip and St James,,,5 May 1771,Thomas,M,Thomas,Ann,PREECE,,,,
WOR,Hallow,St Philip and St James,,,21 Jul 1771,Thomas,M,Thomas,Mary,BEARD,,,,
WOR,Hallow,St Philip and St James,,,1 Sep 1771,Thomas,,,,POWELL,,,,base born
WOR,Hallow,St Philip and St James,,,18 Nov 1771,Thomas,M,Joseph,Ann,SMITH,,,,
WOR,Hallow,St Philip and St James,,,21 Nov 1771,Elizabeth,F,Thomas,Elizabeth,STOROR,,,,
WOR,Hallow,St Philip and St James,,,24 Nov 1771,Elizabeth,F,William,Elizabeth,LAURENCE,,,,
WOR,Hallow,St Philip and St James,,,24 Nov 1771,William,M,William,Mary,RANFORD,,,,
WOR,Hallow,St Philip and St James,,,29 Nov 1771,John,M,John,Susanna,HAY,,,,
WOR,Hallow,St Philip and St James,,,5 Jan 1772,Elizabeth,F,John,Elizabeth,COOMBS,,,,
WOR,Hallow,St Philip and St James,,,12 Jan 1772,Elizabeth,F,John,Elizabeth,MUNN,,,,
WOR,Hallow,St Philip and St James,,,3 Feb 1772,Elizabeth,F,William,Mary,MERRILL,,,,
WOR,Hallow,St Philip and St James,,,15 Mar 1772,Ann,F,Henry,Susanna,KNOTT,,,,
WOR,Hallow,St Philip and St James,,,22 Mar 1772,Mary,F,,Elizabeth,,COOMBS,,,
WOR,Hallow,St Philip and St James,,,10 May 1772,Sarah,F,John,Mary,CHAMBERS,,,,
WOR,Hallow,St Philip and St James,,,17 May 1772,James,M,William,Elizabeth,WITHEY,,,,
WOR,Hallow,St Philip and St James,,,7 Jun 1772,Susanna,F,William,Susanna,CHAMBERS,,,,
WOR,Hallow,St Philip and St James,,,7 Jun 1772,William,M,Thomas,Elizabeth,HUNLEY,,,,
WOR,Hallow,St Philip and St James,,,7 Jun 1772,Thomas,M,Thomas,Sarah,GOODHALL,,,,
WOR,Hallow,St Philip and St James,,,5 Jul 1772,Rebecca,F,Richard,Mary,NASH,,,,
WOR,Hallow,St Philip and St James,,,5 Jul 1772,Thomas,M,Thomas,Ann,LAWRENCE,,,,
WOR,Hallow,St Philip and St James,,,30 Jul 1772,Mary,F,Griffin,Elizabeth,MORRIS,,,,
WOR,Hallow,St Philip and St James,,,30 Jul 1772,Elizabeth,F,William,Elizabeth,GRIFFITHS,,,,
WOR,Hallow,St Philip and St James,,,8 Nov 1772,James,M,Joseph,Ann,BLISSET,,,,
WOR,Hallow,St Philip and St James,,,19 Nov 1772,Thomas,M,Thomas,Elizabeth,STOROR,,,,
WOR,Hallow,St Philip and St James,,,27 Dec 1772,Ann,F,Edward,Mary,KNOTT,,,,
WOR,Hallow,St Philip and St James,,,7 Feb 1773,William,M,Richard,Susanna,YARNALL,,,,
WOR,Hallow,St Philip and St James,,,14 Feb 1773,William,M,John,Mary,TUSTINS,,,,
WOR,Hallow,St Philip and St James,,,21 Mar 1773,Hannah,F,Benjamin,Mary,EVERTON,,,,
WOR,Hallow,St Philip and St James,,,28 Mar 1773,John,M,Henry,Mary,BRUCKEN,,,,
WOR,Hallow,St Philip and St James,,,4 Apr 1773,William,M,Anthony,Mary,MORETON,,,,
WOR,Hallow,St Philip and St James,,,18 Apr 1773,Ann,F,John,Ann,WHITAKER,,,,
WOR,Hallow,St Philip and St James,,,27 Apr 1773,Sarah,F,Thomas,Mary,BOSWARD,,,,
WOR,Hallow,St Philip and St James,,,16 May 1773,George,M,Samuel,Elizabeth,LOETON,,,,
WOR,Hallow,St Philip and St James,,,30 May 1773,Thomas,M,John,Mary,MORRIS,,,,
WOR,Hallow,St Philip and St James,,,13 Jun 1773,Jane,F,John,Mary,SMITH,,,,
WOR,Hallow,St Philip and St James,,,20 Jun 1773,Judith,F,John,Mary,MORETON,,,,
WOR,Hallow,St Philip and St James,,,11 Jul 1773,Sarah,F,,Sarah,,DEAL,,,
WOR,Hallow,St Philip and St James,,,11 Jul 1773,Sarah,F,Richard,Sarah,PARSONS,,,,
WOR,Hallow,St Philip and St James,,,11 Jul 1773,Benjamin,M,John,Mary,BOSSARD,,,,
WOR,Hallow,St Philip and St James,,,6 Oct 1773,Elizabeth,F,James,Sarah,CRESSWELL,,,,
WOR,Hallow,St Philip and St James,,,24 Oct 1773,Samuel,M,John,Elizabeth,HINTON,,,,
WOR,Hallow,St Philip and St James,,,24 Oct 1773,Benjamin,M,John,Mary,ADAMS,,,,
WOR,Hallow,St Philip and St James,,,31 Oct 1773,Thomas,M,,Sarah,,HUNLEY,,,
WOR,Hallow,St Philip and St James,,,2 Nov 1773,John Phillip,M,Joseph,Ann,SMITH,,,,
WOR,Hallow,St Philip and St James,,,21 Nov 1773,Mary,F,Phillip,Elizabeth,HALLUAN?,,,,
WOR,Hallow,St Philip and St James,,,30 Dec 1773,William,M,John,Margaret,BOX,,,,
WOR,Hallow,St Philip and St James,,,9 Jan 1774,John,M,John,Elizabeth,STOKES,,,,
WOR,Hallow,St Philip and St James,,,13 Mar 1774,Thomas,M,William,Mary,MERRIL,,,,
WOR,Hallow,St Philip and St James,,,27 Mar 1774,Thomas,M,William,Mary,RANFORD,,,,
WOR,Hallow,St Philip and St James,,,27 Mar 1774,William,M,William,Ann,MUNN,,,,
WOR,Hallow,St Philip and St James,,,8 Apr 1774,Sarah,F,Job,Sarah,TAYLOR,,,,
WOR,Hallow,St Philip and St James,,,15 May 1774,Susanna,F,William,Susanna,MUNN,,,,
WOR,Hallow,St Philip and St James,,,22 May 1774,Mary,F,John,Eleanor,BOSSORD,,,,
WOR,Hallow,St Philip and St James,,,24 May 1774,Mary,F,William,Sarah,SMITH,,,,
WOR,Hallow,St Philip and St James,,,24 May 1774,Mary,F,Samuel,Susanna,WEAVER,,,,
WOR,Hallow,St Philip and St James,,,24 May 1774,John,M,John,Mary,GREENWAY,,,,
WOR,Hallow,St Philip and St James,,,26 Jun 1774,Benjamin,M,George,Mary,GRIFFITHS,,,,
WOR,Hallow,St Philip and St James,,,26 Jun 1774,Sarah,F,William,Martha,BOSSORD,,,,
WOR,Hallow,St Philip and St James,,,7 Aug 1774,Elizabeth,F,John,Mary,LYES,,,,
WOR,Hallow,St Philip and St James,,,7 Aug 1774,William,M,William,Susanna,CHAMBERS,,,,
WOR,Hallow,St Philip and St James,,,6 Nov 1774,Elizabeth,F,John,Susanna,HAY,,,,
WOR,Hallow,St Philip and St James,,,6 Nov 1774,James,M,John,Mary,BROWN,,,,
WOR,Hallow,St Philip and St James,,,26 Feb 1775,Benjamin,M,Benjamin,Sarah,EVERTON,,,,
WOR,Hallow,St Philip and St James,,,26 Feb 1775,Ann,F,William,Ann,HALL,,,,
WOR,Hallow,St Philip and St James,,,26 Feb 1775,Ann,F,William,Sarah,YATES,,,,
WOR,Hallow,St Philip and St James,,,26 Feb 1775,Sarah,F,Griffin,Sarah,MORROS,,,,
WOR,Hallow,St Philip and St James,,,5 Mar 1775,Mary,F,John,Mary,MORETON,,,,
WOR,Hallow,St Philip and St James,,,26 Mar 1775,Sarah,F,Richard,Susanna,HILL,,,,
WOR,Hallow,St Philip and St James,,,26 Mar 1775,Susanna,F,Edward,Mary,KNOTT,,,,
WOR,Hallow,St Philip and St James,,,23 Apr 1775,Benjamin,M,,Susanna,,COOMBS,,,
WOR,Hallow,St Philip and St James,,,9 Jul 1775,William,M,Aaron,Ann Winniot,WINNIOT,,,,
WOR,Hallow,St Philip and St James,,,9 Jul 1775,Mary,F,Thomas,Elizabeth,HANDLEY,,,,
WOR,Hallow,St Philip and St James,,,9 Jul 1775,Sarah,F,,Mary,,POWELL,,,
WOR,Hallow,St Philip and St James,,,7 Nov 1775,Frances,F,Joseph,Ann,SMITH,,,,
WOR,Hallow,St Philip and St James,,,7 Nov 1775,Mary,F,William,Mary,THRUPP,,,,
WOR,Hallow,St Philip and St James,,,30 Nov 1775,Elizabeth,F,Benjamin,Mary,EVERTON,,,,was 31 Nov
WOR,Hallow,St Philip and St James,,,10 Dec 1775,John,M,,Mary,,SIFFIN,,,
WOR,Hallow,St Philip and St James,,,5 Jan 1776,Thomas,M,William,Ann,COWPER,,,,
WOR,Hallow,St Philip and St James,,,8 Jan 1776,Sarah,F,Henry,Ann,YATES,,,,
WOR,Hallow,St Philip and St James,,,14 Jan 1776,William,M,Samuel,Elizabeth,LOWTON,,,,
WOR,Hallow,St Philip and St James,,,26 Jan 1776,William,M,John,Susanna,HAY,,,,
WOR,Hallow,St Philip and St James,,,18 Feb 1776,Sibyl,F,Benjamin,Mary,EVERTON,,,,
WOR,Hallow,St Philip and St James,,,25 Feb 1776,John,M,Edward,Ann,ASTON,,,,
WOR,Hallow,St Philip and St James,,,17 Mar 1776,Mary,F,,Mary,,PRITCHETT,,,
WOR,Hallow,St Philip and St James,,,7 Apr 1776,Richard,M,Thomas,Elizabeth,YORK,,,,
WOR,Hallow,St Philip and St James,,,8 Apr 1776,William,M,Richard,Mary,YAPP,,,,
WOR,Hallow,St Philip and St James,,,12 May 1776,John,M,,Mary,,RUMNEY,,,
WOR,Hallow,St Philip and St James,,,19 May 1776,William,M,James,Mary,FOX,,,,
WOR,Hallow,St Philip and St James,,,26 May 1776,Sarah,F,Edward,Mary,TANSELL,,,,
WOR,Hallow,St Philip and St James,,,26 May 1776,Sarah,F,John,Mary,BLISSET,,,,
WOR,Hallow,St Philip and St James,,,2 Jun 1776,Susanna,F,Thomas,Deborah,QUICK,,,,
WOR,Hallow,St Philip and St James,,,2 Jun 1776,Joseph,M,John,Eleanor,BOSWELL,,,,
WOR,Hallow,St Philip and St James,,,28 Jul 1776,Richard,M,Richard,Margaret,HILL,,,,
WOR,Hallow,St Philip and St James,,,18 Aug 1776,Henry,M,William,Mary,RANFORD,,,,
WOR,Hallow,St Philip and St James,,,18 Aug 1776,William,M,William,Sarah,BOSSURD,,,,
WOR,Hallow,St Philip and St James,,,23 Sep 1776,James,M,James,Catharine,KNOTT,,,,
WOR,Hallow,St Philip and St James,,,27 Oct 1776,William,M,William,Susanna,MUNN,,,,
WOR,Hallow,St Philip and St James,,,3 Nov 1776,Robert,M,John,Mary,STONE,,,,
WOR,Hallow,St Philip and St James,,,24 Nov 1776,Charles,M,John,Mary,BOX,,,,
WOR,Hallow,St Philip and St James,,,24 Nov 1776,Benjamin,M,John,Elizabeth,STOKES,,,,
WOR,Hallow,St Philip and St James,,,10 Nov 1776,Mary,F,Job,Sarah,TAYLOR,,,,
WOR,Hallow,St Philip and St James,,,18 Jan 1777,Richard,M,Robert,Elizabeth,HARRISON,,,,
WOR,Hallow,St Philip and St James,,,26 Jan 1777,Elizabeth,F,Benjamin,Sarah,EVERTON,,,,
WOR,Hallow,St Philip and St James,,,26 Jan 1777,Ann,F,John,Mary,LEES,,,,
WOR,Hallow,St Philip and St James,,,23 Feb 1777,William,M,John,Ann,BROWN,,,,
WOR,Hallow,St Philip and St James,,,23 Mar 1777,Elizabeth,F,William,Mary,ROSS,,,,
WOR,Hallow,St Philip and St James,,,23 Mar 1777,John,M,John,Ann,KNOTT,,,,
WOR,Hallow,St Philip and St James,,,30 Mar 1777,William,M,Richard,Mary,PARSONS,,,,
WOR,Hallow,St Philip and St James,,,6 Apr 1777,Sarah,F,Griffin,Sarah,MORRIS,,,,
WOR,Hallow,St Philip and St James,,,13 Apr 1777,Job,M,James,Catharine,KNOTT,,,,
WOR,Hallow,St Philip and St James,,,20 Apr 1777,Ann,F,John,Martha,CALLOWHILL,,,,
WOR,Hallow,St Philip and St James,,,27 Apr 1777,Sarah,F,William,Ann,CHAMBERS,,,,
WOR,Hallow,St Philip and St James,,,3 May 1777,Joseph,M,Benjamin,Mary,EVERTON,,,,
WOR,Hallow,St Philip and St James,,,3 May 1777,Thomas,M,John,Elizabeth,COSBY,,,,
WOR,Hallow,St Philip and St James,,,3 May 1777,James,M,John,Martha,HANDLEY,,,,
WOR,Hallow,St Philip and St James,,,25 May 1777,Mary,F,John,Rachel,VICARIDGE,,,,
WOR,Hallow,St Philip and St James,,,29 Jun 1777,William,M,John,Mary,CHAMBERS,,,,
WOR,Hallow,St Philip and St James,,,29 Jun 1777,William,M,William,Ann,CORBETT,,,,
WOR,Hallow,St Philip and St James,,,16 Jul 1777,Sarah,F,,Sarah,,SPRAGE,,,
WOR,Hallow,St Philip and St James,,,27 Jul 1777,John,M,William,Ann,STINTON,,,,
WOR,Hallow,St Philip and St James,,,27 Jul 1777,Sarah,F,William,Margaret,SPRAGUE,,,,
WOR,Hallow,St Philip and St James,,,3 Aug 1777,John,M,John,Mary,MORETON,,,,
WOR,Hallow,St Philip and St James,,,30 Aug 1777,William,M,Richard,Mary,NASH,,,,
WOR,Hallow,St Philip and St James,,,21 Aug 1777,Mary,F,John,Mary,YAPP,,,,
WOR,Hallow,St Philip and St James,,,9 Nov 1777,William,M,Joseph,Mary,SMITH,,,,
WOR,Hallow,St Philip and St James,,,22 Feb 1778,Elizabeth,F,John,Sarah,GANDY,,,,
WOR,Hallow,St Philip and St James,,,5 Apr 1778,Sarah,F,Thomas,Elizabet,YORK,,,,
WOR,Hallow,St Philip and St James,,,24 May 1778,Mary,F,Thomas,Elizabeth,ADAMS,,,,
WOR,Hallow,St Philip and St James,,,16 Aug 1778,Elizabeth,F,Thomas,Ann,WAREING,,,,
WOR,Hallow,St Philip and St James,,,16 Aug 1778,Ann,F,John,Mary,BROWN,,,,
WOR,Hallow,St Philip and St James,,,16 Aug 1778,Sarah,F,Samuel,Sarah,KNOTT,,,,
WOR,Hallow,St Philip and St James,,,30 Aug 1778,James,M,George,Mary,GRIFFITHS,,,,
WOR,Hallow,St Philip and St James,,,13 Sep 1778,Elizabeth,F,John,Ann,WHITAKER,,,,
WOR,Hallow,St Philip and St James,,,20 Sep 1778,William,M,John,Ann,KNOTT,,,,
WOR,Hallow,St Philip and St James,,,20 Sep 1778,John,M,Samuel,Elizabeth,LOWTON,,,,
WOR,Hallow,St Philip and St James,,,20 Sep 1778,Ann,F,William,Jane,HILL,,,,
WOR,Hallow,St Philip and St James,,,6 Dec 1778,Elizabeth,F,Richard,Mary,NASH,,,,
WOR,Hallow,St Philip and St James,,,6 Dec 1778,William,M,William,Susanna,MUNN,,,,
WOR,Hallow,St Philip and St James,,,6 Dec 1778,Benjamin,M,Thomas,Sarah,EVERTON,,,,
WOR,Hallow,St Philip and St James,,,20 Dec 1778,John,M,John,Mary,MUNN,,,,
WOR,Hallow,St Philip and St James,,,27 Dec 1778,Thomas,M,William,Mary,ROSS,,,,
WOR,Hallow,St Philip and St James,,,28 Dec 1778,Sarah,F,John,Susanna,HAY,,,,
WOR,Hallow,St Philip and St James,,,28 Dec 1778,Sarah,F,William,Mary,RANFORD,,,,
WOR,Hallow,St Philip and St James,,,10 Jan 1779,Richard,M,James,Susanna,FOLKES,,,,
WOR,Hallow,St Philip and St James,,,31 Jan 1779,Thomas,M,,Elizabeth,,WITHEY,,,
WOR,Hallow,St Philip and St James,,,25 Feb 1779,Elizabeth,F,Thomas,Elizabeth,GWILLIAM,,,,
WOR,Hallow,St Philip and St James,,,21 Mar 1779,Susanna,F,Thomas,Eleanor,SMITHYMAN,,,,
WOR,Hallow,St Philip and St James,,,21 Mar 1779,Mary,F,Thomas,Elizabeth,YORK,,,,
WOR,Hallow,St Philip and St James,,,11 Apr 1779,Anthony,M,William,Ann,GRAPHENSPRAGE,,,,
WOR,Hallow,St Philip and St James,,,11 Apr 1779,Elizabeth,F,John,Margaret,BOX,,,,
WOR,Hallow,St Philip and St James,,,18 Apr 1779,John,M,John,Mary,YOUNG,,,,
WOR,Hallow,St Philip and St James,,,18 Apr 1779,Ann,F,Benjamin,Ann,EVERTON,,,,
WOR,Hallow,St Philip and St James,,,2 May 1779,William,M,John,Elizabeth,STOKES,,,,
WOR,Hallow,St Philip and St James,,,16 May 1779,John,M,John,Martha,CALLOWHILL,,,,
WOR,Hallow,St Philip and St James,,,16 May 1779,Mary,F,Thomas,Sarah,CHAMBERS,,,,
WOR,Hallow,St Philip and St James,,,30 May 1779,Sarah,F,Thomas,Sarah,BROOKES,,,,
WOR,Hallow,St Philip and St James,,,30 May 1779,Elizabeth,F,John,Catharine,VICARIDGE,,,,
WOR,Hallow,St Philip and St James,,,4 Jul 1779,John,M,John,Martha,HANDLEY,,,,
WOR,Hallow,St Philip and St James,,,11 Jul 1779,Joyse,F,John,Mary,SMITH,,,,
WOR,Hallow,St Philip and St James,,,11 Jul 1779,Sarah,F,John,Susanna,HUNT,,,,
WOR,Hallow,St Philip and St James,,,25 Jul 1779,Sarah,F,Richard,Ann,YAPP,,,,
WOR,Hallow,St Philip and St James,,,25 Jul 1779,Ralph,M,John,Elizabeth,LEES,,,,
WOR,Hallow,St Philip and St James,,,1 Aug 1779,Sarah,F,John,Ann,HUNT,,,,
WOR,Hallow,St Philip and St James,,,22 Aug 1779,Edward,M,Job,Ann,TAYLOR,,,,
WOR,Hallow,St Philip and St James,,,29 Aug 1779,Luke,M,James,Ann,DAVIES,,,,
WOR,Hallow,St Philip and St James,,,29 Aug 1779,Mary,F,,Mary,,POWELL,,,
WOR,Hallow,St Philip and St James,,,31 Oct 1779,Thomas,M,William,Elizabeth,CHAMBERS,,,,
WOR,Hallow,St Philip and St James,,,12 Dec 1779,William,M,John,Mary,MORETON,,,,
WOR,Hallow,St Philip and St James,,,26 Dec 1779,James,M,Elizabeth Robins,Elizabeth,,ROBINS,,,
WOR,Hallow,St Philip and St James,,,26 Dec 1779,Elizabeth,F,Joseph,Ann,WILLIAMS,,,,
