+INFO,david@davejo.eclipse.co.uk,password,SEQUENCED,MARRIAGES,,3.01.14
#,CCC,Dave Newbury,Worcestershire,WORHALMA1.CSV,30-Jan-2009
#,CREDIT,Dave Newbury,david@davejo.eclipse.co.uk
#,04-Oct-2013,,
WOR,Hallow,St Philip and St James,,21 Apr 1584,Walter,WODDALL,,,,,,Margaret,HUDSON,,,,,,,,,,,,,,,,
WOR,Hallow,St Philip and St James,,30 Jun 1584,Richarde,MERRIDEN,,,,,,Anne,HILL,,,,,,,,,,,,,,,,
WOR,Hallow,St Philip and St James,,21 Jul 1584,Willm,JONES,,,,,,Jane,YOWDELL,,,,,,,,,,,,,,,,
WOR,Hallow,St Philip and St James,,13 Sep 1584,Richard,WILLIAMS,,,,,,Margaret,BENTLETT,,,,,,,,,,,,,,,,
WOR,Hallow,St Philip and St James,,21 Sep 1584,Thomas,GARRETT,,,,,,Anes,,,,,,,,,,,,,,,,,
WOR,Hallow,St Philip and St James,,Oct 1584,John,BRONFIELD,,,,,,Ane,NOTT,,,,,,,,,,,,,,,,
WOR,Hallow,St Philip and St James,,23 Oct 1584,Thomas,COMBY,,,,,,Joane,SMYTHE,,,,,,,,,,,,,,,,
WOR,Hallow,St Philip and St James,,5 Oct 1584,Owen,MORRIS,,,,,,Margaret,HIGGYNS,,,,,,,,,,,,,,,,
WOR,Hallow,St Philip and St James,,6 Jun 1585,Edwarde,HALL,,,,,,Ane,TURNOR,,,,,,,,,,,,,,,,
WOR,Hallow,St Philip and St James,,6 Jun 1585,Thomas,SMYTHE,,,,,,Anes,ELSON,,,,,,,,,,,,,,,,
WOR,Hallow,St Philip and St James,,Jan 1585,Robarte,ANDROOS,,,,,,Marye,SYMES,,,,,,,,,,,,,,,,
WOR,Hallow,St Philip and St James,,11 Nov 1586,Roger,BIRDE,,,,,,Margarett,STRANGE,,,,,,,,,,,,,,,,
WOR,Hallow,St Philip and St James,,11 Nov 1586,William,BUNDIE,,,,,,Margarett,CROSWELL,,,,,,,,,,,,,,,,
WOR,Hallow,St Philip and St James,,11 Nov 1586,John,YEADY,,,,,,Martha,,,,,,,,,,,,,,,,,
WOR,Hallow,St Philip and St James,,25 Feb 1586,William,NOTT,,,,,,Margarett,TOVY,,,,,,,,,,,,,,,,
WOR,Hallow,St Philip and St James,,Sep 1587,William,PERKE,,,,,,Catheren,JACSON,,,,,,,,,,,,,,,,
WOR,Hallow,St Philip and St James,,21 Oct 1587,Sylvester,LAMBERTE,,,,,,Ffrancis,TURNOR,,,,,,,,,,,,,,,,
WOR,Hallow,St Philip and St James,,13 Jan 1587,Robarte,OCLEY,,,,,,Mary,HILLOW,,,,,,,,,,,,,,,,
WOR,Hallow,St Philip and St James,,13 Apr 1588,John,HEM,,,,,,Ane,DUNNOP,,,,,,,,,,,,,,,,
WOR,Hallow,St Philip and St James,,1588,John,HOPE,,,,,,Elizabeth,DALLEYE,,,,,,,,,,,,,,,,
WOR,Hallow,St Philip and St James,,Nov 1588,Roger,COMBIE,,,,,,Alyce,GYBBINS,,,,,,,,,,,,,,,,
WOR,Hallow,St Philip and St James,,25 Jan 1588,Thomas,HYDE,,,,,,Alyce,HUES,,,,,,,,,,,,,,,,
WOR,Hallow,St Philip and St James,,2 Mar 1588,Thomas,,,,,,,Margarett,MASON,,,,,,,,,,,,,,,,
WOR,Hallow,St Philip and St James,,12 Apr 1589,John,SMYTHE,,,,,,Margery,CHAPPELL,,,,,,,,,,,,,,,,ALS FFARM ?
WOR,Hallow,St Philip and St James,,11 Jul 1589,John,AP DAVIS,,,,,,Elizabeth,BIRDE,,,,,,,,,,,,,,,,
WOR,Hallow,St Philip and St James,,Sep 1589,Symen,HIGGINSON,,,,,,Anne,JEAVANS,,,,,,,,,,,,,,,,
WOR,Hallow,St Philip and St James,,5 Oct 1589,Guy,LAMBERTE,,,,,,Eliano,ALLEN,,,,,,,,,,,,,,,,
WOR,Hallow,St Philip and St James,,16 May 1590,Richard,ROBYNSON,,,,,,Elizabeth,AMYAS,,,,,,,,,,,,,,,,
WOR,Hallow,St Philip and St James,,21 Oct 1590,John,PRICE,,,,,,Elizabeth,NOTT,,,,,,,,,,,,,,,,
WOR,Hallow,St Philip and St James,,15 Nov 1590,Edmond,PALMER,,,,,,,GYLBERT,,,,,,,,,,,,,,,,
WOR,Hallow,St Philip and St James,,15 Nov 1590,John,MANNYNGES,,,,,,Elizabeth,BALLARD,,,,,,,,,,,,,,,,
WOR,Hallow,St Philip and St James,,25 Jan 1590,George,COPE,,,,,,Johane,ALLDERD,,,,,,,,,,,,,,,,
WOR,Hallow,St Philip and St James,,Apr 1591,Roger,MATHEWE,,,,,,Elizabeth,BOULT,,,,,,,,,,,,,,,,
WOR,Hallow,St Philip and St James,,26 Apr 1591,John,GRIFFIN,,,,,,Elizabeth,WARNER,,,,,,,,,,,,,,,,
WOR,Hallow,St Philip and St James,,2 May 1591,Thomas,WHIGHTEFOOTE,,,,,,Johane,JACKSONNE,,,,,,,,,,,,,,,,
WOR,Hallow,St Philip and St James,,1 Jul 1591,John,LYTHE,,,,,,Margarit,PARKE,,,,,,,,,,,,,,,,
WOR,Hallow,St Philip and St James,,25 Nov 1591,John,ANDROS,,,,,,Eliano,,,,,,,,,,,,,,,,,
WOR,Hallow,St Philip and St James,,16 Apr 1592,Hughe,LEWES,,,,,,Elizabeth,PARRY,,,,,,,,,,,,,,,,
WOR,Hallow,St Philip and St James,,20 Jun 1592,Richard,MARSHE,,,,,,Elizabeth,TURNOR,,,,,,,,,,,,,,,,
WOR,Hallow,St Philip and St James,,25 Aug 1592,Roger,HOLDER,,,,,,Margery,,,,,,,,,,,,,,,,,
WOR,Hallow,St Philip and St James,,10 Feb 1592,Henry,CLARK,,,,,,Johanne,RICHARD,,,,,,,,,,,,,,,,
WOR,Hallow,St Philip and St James,,26 Nov 1593,Robte,BRUER,,,,,,Elizabeth,STONE,,,,,,,,,,,,,,,,
WOR,Hallow,St Philip and St James,,25 Jan 1593,Harry,TURNOR,,,,,,Anne,YEDDY,,,,,,,,,,,,,,,,
WOR,Hallow,St Philip and St James,,May 1594,Thomas,BACHELER,,,,,,Alice,,,,,,,,,,,,,,,,,ALS BUNDE
WOR,Hallow,St Philip and St James,,Jun 1595,Thomas,BUNDY,,,,,,,,,,,,,,,,,,,,,,,
WOR,Hallow,St Philip and St James,,Nov 1595,George,TWYNINGE,,,,,,Johane,THRUPP,,,,,,,,,,,,,,,,
WOR,Hallow,St Philip and St James,,Nov 1595,Edward,LEEFORDE,,,,,,Marye,DEE,,,,,,,,,,,,,,,,
WOR,Hallow,St Philip and St James,,Apr 1596,Richard,HARRIES,,,,,,Johane,,,,,,,,,,,,,,,,,
WOR,Hallow,St Philip and St James,,16 Nov 1596,William,NOTT,,,,,,Margery,STANNTON,,,,,,,,,,,,,,,,
WOR,Hallow,St Philip and St James,,21 Jan 1596,Robarte,HUNT,,,,,,Margery,CRUMP,,,,,,,,,,,,,,,,
WOR,Hallow,St Philip and St James,,16 Oct 1597,Richard,DEACON,,,,,,Elizabeth,,,,,,,,,,,,,,,,,
WOR,Hallow,St Philip and St James,,16 Jan 1597,John,HORNER,,,,,,Lucy,WATKYNS,,,,,,,,,,,,,,,,
WOR,Hallow,St Philip and St James,,Apr 1598,Thomas,CANFORDE,,,,,,Katheryne,AULFORD,,,,,,,,,,,,,,,,
WOR,Hallow,St Philip and St James,,May 1598,Edward,ANDROS,,,,,,Joyce,STANNTON,,,,,,,,,,,,,,,,
WOR,Hallow,St Philip and St James,,20 Nov 1598,Roger,WALL,,,,,,Johnane,STANNTON,,,,,,,,,,,,,,,,
WOR,Hallow,St Philip and St James,,31 Jan 1599,Anthony,BARRETT,,,,,,Margery,STALLARDE,,,,,,,,,,,,,,,,
WOR,Hallow,St Philip and St James,,3 Jun 1600,Anthony,HUTTON,,,,,,Elizabeth,,,,,,,,,,,,,,,,,
WOR,Hallow,St Philip and St James,,30 * 1601,John,PRITCHETT,,,,,,Margery,NOTT,,,,,,,,,,,,,,,,
WOR,Hallow,St Philip and St James,,22 Nov 1601,Edwarde,PEARCE,,,,,,Margarett,,,,,,,,,,,,,,,,,
WOR,Hallow,St Philip and St James,,16 Jan 1601,Brian,DAVIS,,,,,,Allice,GYLLAM,,,,,,,,,,,,,,,,
WOR,Hallow,St Philip and St James,,31 May 1602,John,ELSE,,,,,,Ane,BESTE,,,,,,,,,,,,,,,,
WOR,Hallow,St Philip and St James,,15 Oct 1602,Edwarde,PARDO,,,,,,Allice,STANNTON,,,,,,,,,,,,,,,,
WOR,Hallow,St Philip and St James,,31 Jan 1602,John,HOPE,,,,,,Ane,NOTT,,,,,,,,,,,,,,,,
WOR,Hallow,St Philip and St James,,26 * 1604,Willium,BACHELER,,,,,,Marie,TURNER,,,,,,,,,,,,,,,,
WOR,Hallow,St Philip and St James,,22 Apr 1605,Edwarde,BARBOR,,,,,,Allice,HYDE,,,,,,,,,,,,,,,,ALS GRIFFYTHE
WOR,Hallow,St Philip and St James,,20 Oct 1605,Willium,EVERALL,,,,,,Marie,PULLEN,,,,,,,,,,,,,,,,
WOR,Hallow,St Philip and St James,,13 Nov 1605,Samuell,CHILDE,,,,,,Ffrancis,STANNTON,,,,,,,,,,,,,,,,
WOR,Hallow,St Philip and St James,,31 Aug 1606,Luke,HODGES,,,,,,Allice,ROYDE,,,,,,,,,,,,,,,,
WOR,Hallow,St Philip and St James,,22 May 1607,Roger,STOONE,,,,,,Ursula,TURNOR,,,,,,,,,,,,,,,,
WOR,Hallow,St Philip and St James,,25 Jun 1607,George,,,,,,,Margarett,MORRIS,,,,,,,,,,,,,,,,
WOR,Hallow,St Philip and St James,,3 Oct 1607,John,BODMON,,,,,,Elizabeth,,,,,,,,,,,,,,,,,
WOR,Hallow,St Philip and St James,,Jun 1607,Edward,WIG,,,,,,Alice,MORRIS,,,,,,,,,,,,,,,,
WOR,Hallow,St Philip and St James,,Mar 1608,William,TURNER,,,,,,Kathrin,STANTON,,,,,,,,,,,,,,,,
WOR,Hallow,St Philip and St James,,Jun 1608,John,BROWNE,,,,,,Ann,,,,,,,,,,,,,,,,,
WOR,Hallow,St Philip and St James,,Jul 1608,,MAESONE,,,,,,Kathren,STAULISHE,,,,,,,,,,,,,,,,
WOR,Hallow,St Philip and St James,,Sep 1608,Thomas,SAUNDERS,,,,,,Marie,RAWLINS,,,,,,,,,,,,,,,,
WOR,Hallow,St Philip and St James,,26 Aug 1609,Thomas,COLES,,,,,,Ursula,MORELY,,,,,,,,,,,,,,,,
WOR,Hallow,St Philip and St James,,15 Jun 1610,William,SMYTHE,,,,,,Alice,CLEVE,,,,,,,,,,,,,,,,
WOR,Hallow,St Philip and St James,,Sep 1610,Ffabian,FFARELEY,,,,,,Anne,SIMES,,,,,,,,,,,,,,,,
WOR,Hallow,St Philip and St James,,Nov 1610,William,DEE,,,,,,Eliz,MORRIS,,,,,,,,,,,,,,,,
WOR,Hallow,St Philip and St James,,21 Jan 1610,Henrie,BEASTE,,,,,,Ann,TURNER,,,,,,,,,,,,,,,,
WOR,Hallow,St Philip and St James,,Jun 1611,Richard,WATKINS,,,,,,Anne,HOLLIMAN,,,,,,,,,,,,,,,,
WOR,Hallow,St Philip and St James,,Jul 1611,John,BAYLIS,,,,,,Jone,ATHERIDGE,,,,,,,,,,,,,,,,
WOR,Hallow,St Philip and St James,,25 Sep 1611,John,JONNES,,,,,,Anne,TORNER,,,,,,,,,,,,,,,,
WOR,Hallow,St Philip and St James,,10 Sep 1612,Wy,YONGER,,,,,,Jane,WILLINGTON,,,,,,,,,,,,,,,,
WOR,Hallow,St Philip and St James,,Feb 1612,Humfry,HARISON,,,,,,Jone,BARETT,,,,,,,,,,,,,,,,
WOR,Hallow,St Philip and St James,,May 1613,Thomas,ACTON (MR),,,,,,Anne,MRS,,,,,,,,,,,,,,,,
WOR,Hallow,St Philip and St James,,21 Jan 1613,Willm,BUGBIE,,,,,,Dorothy,OAK,,,,,,,,,,,,,,,,
WOR,Hallow,St Philip and St James,,Jan 1613,Willm,COOKE,,,,,,Anne,MAYRICK,,,,,,,,,,,,,,,,
WOR,Hallow,St Philip and St James,,30 Jan 1613,Roger,BURNET,,,,,,Ellino,ANGELL,,,,,,,,,,,,,,,,
WOR,Hallow,St Philip and St James,,Sep 1614,Thomas,ALFORDE,,,,,,Elizabett,TURNER,,,,,,,,,,,,,,,,
WOR,Hallow,St Philip and St James,,1 Nov 1614,Richard,MABERLIIE,,,,,,Ann,,,,,,,,,,,,,,,,,
WOR,Hallow,St Philip and St James,,2 Jul 1615,James,HURNE,,,,,,Ann,,,,,,,,,,,,,,,,,
WOR,Hallow,St Philip and St James,,1 Oct 1615,Blank,BLANK,,,,,,Marye,MORE,,,,,,,,,,,,,,,,
WOR,Hallow,St Philip and St James,,21 Oct 1615,Thomus,AMPHLET,,,,,,Anabell,COBB,,,,,,,,,,,,,,,,
WOR,Hallow,St Philip and St James,,11 Feb 1615,Willyam,WEBER,,,,,,Alyce,MARTEN,,,,,,,,,,,,,,,,
WOR,Hallow,St Philip and St James,,Jun 1616,Edwurd,STONE,,,,,,Margaret,,,,,,,,,,,,,,,,,
WOR,Hallow,St Philip and St James,,20 Oct 1616,Richard,FFARMER (MR),,,,,,Mary,NURSE,,,,,,,,,,,,,,,,
WOR,Hallow,St Philip and St James,,6 Feb 1616,Henry,WYLLIAMS,,,,,,Ann,WYLLIAMS,,,,,,,,,,,,,,,,
WOR,Hallow,St Philip and St James,,Mar 1617,Ffrancis,BERKE,,,,,,Marye,BOULT,,,,,,,,,,,,,,,,
WOR,Hallow,St Philip and St James,,15 Jun 1617,John,ROWBERY,,,,,,Ann,,,,,,,,,,,,,,,,,
WOR,Hallow,St Philip and St James,,Jul 1617,Willyum,NOTT,,,,,,Elizabeth,LAMBART,,,,,,,,,,,,,,,,
WOR,Hallow,St Philip and St James,,Sep 1617,Walter,?,,,,,,Ann,PRICE,,,,,,,,,,,,,,,,
WOR,Hallow,St Philip and St James,,Nov 1617,Willyum,NOTT,,,,,,Marye,,,,,,,,,,,,,,,,,
WOR,Hallow,St Philip and St James,,5 Jan 1617,Richard,HAIR (MR),,,,,,Marye,,,,,,,,,,,,,,,,,
WOR,Hallow,St Philip and St James,,Jan 1617,Thomas,ALFORD,,,,,,Margaret,WOOD,,,,,,,,,,,,,,,,
WOR,Hallow,St Philip and St James,,Jan 1617,Rychard,SHERRIFF,,,,,,,WILLIS,,,,,,,,,,,,,,,,
WOR,Hallow,St Philip and St James,,1617,Henrie,BERKE,,,,,,Marie,HYLL,,,,,,,,,,,,,,,,
WOR,Hallow,St Philip and St James,,Apr 1618,Thomas,MORRES,,,,,,Margarett,KNOWLES,,,,,,,,,,,,,,,,
WOR,Hallow,St Philip and St James,,9 May 1618,Richard,WYLLIAMS,,,,,,Jane,BACHLER,,,,,,,,,,,,,,,,
WOR,Hallow,St Philip and St James,,1 Jun 1618,Edward,ANDROS,,,,,,Elizabeth,BLANK,,,,,,,,,,,,,,,,
WOR,Hallow,St Philip and St James,,1 Jun 1618,Willyum,HYNTON,,,,,,Elizabeth,,,,,,,,,,,,,,,,,
WOR,Hallow,St Philip and St James,,1 Jun 1618,Richard,TURNER,,,,,,Kathrine,WEBSTER,,,,,,,,,,,,,,,,
WOR,Hallow,St Philip and St James,,Jun 1618,John,DIPPER,,,,,,Jane,PRICE,,,,,,,,,,,,,,,,
WOR,Hallow,St Philip and St James,,Jun 1618,Thomas,DUGGIN,,,,,,Elizabeth,HEM,,,,,,,,,,,,,,,,
WOR,Hallow,St Philip and St James,,10 Sep 1618,Alexander,BEDDOSE,,,,,,Jone,,,,,,,,,,,,,,,,,
WOR,Hallow,St Philip and St James,,1 May 1619,John,GOODYERE,,,,,,Dorothy,COOKE,,,,,,,,,,,,,,,,
WOR,Hallow,St Philip and St James,,May 1619,Thomas,BROMFEILE,,,,,,Margery,,,,,,,,,,,,,,,,,
WOR,Hallow,St Philip and St James,,Jun 1619,Richard,,,,,,,Ann,ANDROS,,,,,,,,,,,,,,,,
WOR,Hallow,St Philip and St James,,25 Jun 1619,Thomas,RUSSELL,,,,,,Elizabeth,AMFLETT,,,,,,,,,,,,,,,,
WOR,Hallow,St Philip and St James,,15 Oct 1619,Edmond,WEAVER,,,,,,Elizabeth,RICHARDS,,,,,,,,,,,,,,,,
WOR,Hallow,St Philip and St James,,13 * 1620,John,,,,,,,Joan,,,,,,,,,,,,,,,,,
WOR,Hallow,St Philip and St James,,17 Jun 1620,Richard,EVAN,,,,,,Joan,BIRDE,,,,,,,,,,,,,,,,
WOR,Hallow,St Philip and St James,,13 Jan 1620,John,KEVELL,,,,,,Ann,KNOWLLES,,,,,,,,,,,,,,,,
WOR,Hallow,St Philip and St James,,Jan 1620,Rychard,KNOWLLES,,,,,,Cathren,BUTLER,,,,,,,,,,,,,,,,
WOR,Hallow,St Philip and St James,,4 Jun 1621,Ffrancis,HEMMINGE,,,,,,Cisely,SYMONDES,,,,,,,,,,,,,,,,
WOR,Hallow,St Philip and St James,,1621,John,NOTT,,,,,,Joyse,ELKES,,,,,,,,,,,,,,,,
WOR,Hallow,St Philip and St James,,Oct 1621,Walter,PARKER,,,,,,Elizab,,,,,,,,,,,,,,,,,
WOR,Hallow,St Philip and St James,,Feb 1621,John,KOWELL,,,,,,Allice,ANDROSE,,,,,,,,,,,,,,,,
WOR,Hallow,St Philip and St James,,3 Feb 1621,John,JONES,,,,,,Allice,PEIRCE,,,,,,,,,,,,,,,,
WOR,Hallow,St Philip and St James,,May 1623,Peter,SANKY,,,,,,Allice,AMFLET,,,,,,,,,,,,,,,,
WOR,Hallow,St Philip and St James,,2 Feb 1623,David,POWELL,,,,,,Anne,TAYLER,,,,,,,,,,,,,,,,
WOR,Hallow,St Philip and St James,,24 Aug 1624,Thomas,BYRDE,,,,,,Elizabeth,GRIFON,,,,,,,,,,,,,,,,
WOR,Hallow,St Philip and St James,,Oct 1624,Thomas,BICKERSON,,,,,,Katherine,?,,,,,,,,,,,,,,,,
WOR,Hallow,St Philip and St James,,Nov 1624,Edmund,PENSON,,,,,,Jane,PHILLIPS,,,,,,,,,,,,,,,,
WOR,Hallow,St Philip and St James,,27 Nov 1624,Thomas,GIFFORDE,,,,,,Marye,SANKE,,,,,,,,,,,,,,,,
WOR,Hallow,St Philip and St James,,7 Nov 1625,Henry,TURNOR,,,,,,Ffrancis,TURNER,,,,,,,,,,,,,,,,
WOR,Hallow,St Philip and St James,,29 Jun 1626,John,ADDESON,,,,,,Marye,MOORE,,,,,,,,,,,,,,,,
WOR,Hallow,St Philip and St James,,27 Sep 1626,William,DAVIES,,,,,,Margery,TUCHAM,,,,,,,,,,,,,,,,
WOR,Hallow,St Philip and St James,,15 Apr 1627,George,OLIVER,,,,,,Margaret,TURNOR,,,,,,,,,,,,,,,,
WOR,Hallow,St Philip and St James,,Aug 1627,Roger,HILL,,,,,,Anne,ALCROFT,,,,,,,,,,,,,,,,
WOR,Hallow,St Philip and St James,,7 Oct 1627,John,EVET,,,,,,Sara,DAVIS,,,,,,,,,,,,,,,,
WOR,Hallow,St Philip and St James,,24 Jun 1628,Thomas,PEADE,,,,,,Ales,PAINE,,,,,,,,,,,,,,,,ALS TUCKER
WOR,Hallow,St Philip and St James,,13 Jul 1628,Thomas,CLERKE,,,,,,Margaret,TYPTON,,,,,,,,,,,,,,,,
WOR,Hallow,St Philip and St James,,28 Jul 1628,William,ALSOPE,,,,,,Dorothy,MAESTEN,,,,,,,,,,,,,,,,
WOR,Hallow,St Philip and St James,,29 Sep 1628,George,PENSON,,,,,,Joane,NOT,,,,,,,,,,,,,,,,
WOR,Hallow,St Philip and St James,,May 1630,William,ANDROSE,,,,,,Joane,MAN,,,,,,,,,,,,,,,,
WOR,Hallow,St Philip and St James,,29 May 1630,William,TED,,,,,,Jane,POWELL,,,,,,,,,,,,,,,,
WOR,Hallow,St Philip and St James,,29 Jan 1630,Edmunde,SIMES,,,,,,Margery,SALWAY,,,,,,,,,,,,,,,,
WOR,Hallow,St Philip and St James,,20 Apr 1631,Thomas,STANTON,,,,,,Margaret,WESTON,,,,,,,,,,,,,,,,
WOR,Hallow,St Philip and St James,,14 May 1631,Nicholas,HIDE,,,,,,Joane,TINKER,,,,,,,,,,,,,,,,
WOR,Hallow,St Philip and St James,,1 Nov 1631,Edmund,YATES,,,,,,Margaret,OKEY,,,,,,,,,,,,,,,,
WOR,Hallow,St Philip and St James,,29 Jan 1631,Anthony,HORMAN,,,,,,Elizabeth,HOLLIMAN,,,,,,,,,,,,,,,,
WOR,Hallow,St Philip and St James,,10 Apr 1632,Thomas,KINGS,,,,,,Jone,MOORE,,,,,,,,,,,,,,,,
WOR,Hallow,St Philip and St James,,17 Apr 1632,John,GODSALL,,,,,,Mary,SAUNDERS,,,,,,,,,,,,,,,,
WOR,Hallow,St Philip and St James,,29 Apr 1632,Thomas,PAINTER,,,,,,Margery,CUBY,,,,,,,,,,,,,,,,
WOR,Hallow,St Philip and St James,,5 May 1632,George,PENSON,,,,,,Mary,THOMAS,,,,,,,,,,,,,,,,
WOR,Hallow,St Philip and St James,,7 Jul 1632,Richard,COLES,,,,,,Joise,JOHNSON,,,,,,,,,,,,,,,,
WOR,Hallow,St Philip and St James,,21 Jul 1632,Ffrancis,EVET,,,,,,Anne,COLLINS,,,,,,,,,,,,,,,,
WOR,Hallow,St Philip and St James,,1 Nov 1632,William,TURNOR,,,,,,Elizabeth,HAPENY,,,,,,,,,,,,,,,,
WOR,Hallow,St Philip and St James,,10 Nov 1632,John,WHEELER,,,,,,Elizabeth,HIDE,,,,,,,,,,,,,,,,
WOR,Hallow,St Philip and St James,,4 Mar 1632,Ffrancis,DAVYES,,,,,,Margaret,LEWES,,,,,,,,,,,,,,,,
WOR,Hallow,St Philip and St James,,20 May 1632,Thomas,HARRIS,,,,,,Sibbell,MORRIS,,,,,,,,,,,,,,,,
WOR,Hallow,St Philip and St James,,5 Nov 1633,Thomas,ELLS,,,,,,Thommasson,EVET,,,,,,,,,,,,,,,,
WOR,Hallow,St Philip and St James,,5 Jan 1635,Skudamoore,PIT,,,,,,Margaret,BEST,,,,,,,,,,,,,,,,
WOR,Hallow,St Philip and St James,,19 Jan 1635,Henry,NASH,,,,,,Joane,ELS,,,,,,,,,,,,,,,,
WOR,Hallow,St Philip and St James,,1 May 1635,Thomas,POOL,,,,,,Elizabeth,STANTON,,,,,,,,,,,,,,,,
WOR,Hallow,St Philip and St James,,4 May 1636,Richard,SMITHIN,,,,,,Grace,BAMFORD,,,,,,,,,,,,,,,,
WOR,Hallow,St Philip and St James,,21 Sep 1637,John,HOME,,,,,,Joane,COCKSEY,,,,,,,,,,,,,,,,
WOR,Hallow,St Philip and St James,,29 Jun 1637,Thomas,IDDITH,,,,,,Elizabeth,LEWES,,,,,,,,,,,,,,,,
WOR,Hallow,St Philip and St James,,3 Jan 1637,Edward,BOSLY,,,,,,Joane,NASH,,,,,,,,,,,,,,,,
WOR,Hallow,St Philip and St James,,30 Nov 1637,Benjamin,NOT,,,,,,Margery,HORSCOMBE,,,,,,,,,,,,,,,,
WOR,Hallow,St Philip and St James,,11 Apr 1638,Robert,CRUMPE,,,,,,Dority,BROWNE,,,,,,,,,,,,,,,,
WOR,Hallow,St Philip and St James,,21 Jul 1638,William,ELSE,,,,,,Anne,EVET,,,,,,,,,,,,,,,,
WOR,Hallow,St Philip and St James,,26 Jul 1638,John,SIMMONS,,,,,,Anne,TURNOR,,,,,,,,,,,,,,,,
WOR,Hallow,St Philip and St James,,13 Oct 1638,Richard,TURNOR,,,,,,Mary,BASTON,,,,,,,,,,,,,,,,
WOR,Hallow,St Philip and St James,,30 Nov 1638,Thomas,WEB,,,,,,Susanne,SAUNDERS,,,,,,,,,,,,,,,,
WOR,Hallow,St Philip and St James,,25 Feb 1638,William,IDDY,,,,,,Mary,WEB,,,,,,,,,,,,,,,,
WOR,Hallow,St Philip and St James,,10 Jun 1639,John,NOT,,,,,,Katerine,BOYSE,,,,,,,,,,,,,,,,
WOR,Hallow,St Philip and St James,,24 Jul 1639,Thomas,EVET,,,,,,Anne,TURNOR,,,,,,,,,,,,,,,,
WOR,Hallow,St Philip and St James,,20 Jan 1639,Robert,EGERTON,,,,,,Elizabeth,STANTON,,,,,,,,,,,,,,,,
WOR,Hallow,St Philip and St James,,1 Feb 1639,Edward,BOYD,,,,,,Elizabeth,NOT,,,,,,,,,,,,,,,,
WOR,Hallow,St Philip and St James,,10 Oct 1640,Thomas,RANFORDE,,,,,,Joane,AMFLETT,,,,,,,,,,,,,,,,
WOR,Hallow,St Philip and St James,,14 Jan 1640,Thomas,APPLEBEY,,,,,,Alice,SMITH,,,,,,,,,,,,,,,,
WOR,Hallow,St Philip and St James,,19 Jun 1641,William,TURNOR,,,,,,Elizabeth,MORRIS,,,,,,,,,,,,,,,,
WOR,Hallow,St Philip and St James,,14 Sep 1641,John,IDDITH,,,,,,Alice,LEWES,,,,,,,,,,,,,,,,
WOR,Hallow,St Philip and St James,,14 Feb 1642,Thomas,KINGS,,,,,,Alice,COOMES,,,,,,,,,,,,,,,,
WOR,Hallow,St Philip and St James,,Feb 1642,Reynolds,JONES,,,,,,Ffrancis,DONOLER,,,,,,,,,,,,,,,,
WOR,Hallow,St Philip and St James,,8 Aug 1643,Thomas,SYMAN,,,,,,Marye,TURNOR,,,,,,,,,,,,,,,,
WOR,Hallow,St Philip and St James,,4 Nov 1643,Henry,HOME,,,,,,Joan,BRUCE,,,,,,,,,,,,,,,,
WOR,Hallow,St Philip and St James,,28 Jul 1645,Richard,CHETLE (MR),,,,,,Anne,ACTON (MES),,,,,,,,,,,,,,,,
WOR,Hallow,St Philip and St James,,1 Sep 1645,Rowland,ARCHARDE (MR),,,,,,Elizabeth,*,,,,,,,,,,,,,,,,
WOR,Hallow,St Philip and St James,,2 Nov 1645,Thomas,HAWSE,,,,,,Elizabeth,BERK,,,,,,,,,,,,,,,,
WOR,Hallow,St Philip and St James,,11 Dec 1645,John,ROWBRIDGE,,,,,,Margaret,MORRISE,,,,,,,,,,,,,,,,
WOR,Hallow,St Philip and St James,,29 Dec 1645,Thomas,BYRD,,,,,,Margaret,TURNOR,,,,,,,,,,,,,,,,
WOR,Hallow,St Philip and St James,,22 Aug 1647,Arther,*,,,,,,Anne,DAVIES,,,,,,,,,,,,,,,,
WOR,Hallow,St Philip and St James,,Feb 1647,*,*,,,,,,Ffrancis,BERKE,,,,,,,,,,,,,,,,
