+INFO,david@davejo.eclipse.co.uk,password,SEQUENCED,BURIALS,,3.01.14
#,CCC,Dave Newbury,Worcestershire,WORHALBU2.CSV,1-Feb-2009
#,CREDIT,Dave Newbury,david@davejo.eclipse.co.uk
#,04-Oct-2013,,
WOR,Hallow,St Philip and St James,,04 Feb 1780,Samuel,,,,PITT,,,,
WOR,Hallow,St Philip and St James,,11 Mar 1780,Jane,,,,GOUGH,,,,
WOR,Hallow,St Philip and St James,,22 Mar 1780,Esther,,,,HARBOTT,,,,
WOR,Hallow,St Philip and St James,,6 Jun 1780,Margaret,,,,PREECE,,,,
WOR,Hallow,St Philip and St James,,16 Jul 1780,Thomas,,,,GOODALL,,,,
WOR,Hallow,St Philip and St James,,24 Sep 1780,William,,,,CHAMBERS,,,,
WOR,Hallow,St Philip and St James,,11 Oct 1780,Mary,,,,PENNAREL,,,,
WOR,Hallow,St Philip and St James,,16 Oct 1780,Elizabeth,,,,WILIAMS,,,,
WOR,Hallow,St Philip and St James,,22 Dec 1780,John,,,,STOKES,,,,
WOR,Hallow,St Philip and St James,,29 Dec 1780,William,,,,MUNN,,,,
WOR,Hallow,St Philip and St James,,18 Mar 1781,James,,,,CRESSWELL,,,,
WOR,Hallow,St Philip and St James,,18 Mar 1781,Sarah,,,,MORETON,,,,
WOR,Hallow,St Philip and St James,,22 Mar 1781,Mary,,,,FOLKES,,,,
WOR,Hallow,St Philip and St James,,23 Mar 1781,Sarah,,,,BROOKES,,,,
WOR,Hallow,St Philip and St James,,11 Apr 1781,John,,,,MORETON,,,,
WOR,Hallow,St Philip and St James,,3 May 1781,Mary,,,,DAVIS,,,,
WOR,Hallow,St Philip and St James,,3 Sep 1781,Ann,,,,ASTON,,,,
WOR,Hallow,St Philip and St James,,6 Oct 1781,Robert,,,,FEATHERSTONE,,,,
WOR,Hallow,St Philip and St James,,2 Dec 1781,Elizabeth,,,,STOKES,,,,
WOR,Hallow,St Philip and St James,,23 Dec 1781,Eleanor,,,,MORRIS,,,,
WOR,Hallow,St Philip and St James,,24 Dec 1781,Mary,,,,MORETON,,,,
WOR,Hallow,St Philip and St James,,6 Jan 1782,Francis,,,,PRICE,,,,
WOR,Hallow,St Philip and St James,,16 Jan 1782,Richard,,,,BROOKES,,,,
WOR,Hallow,St Philip and St James,,22 Jan 1782,Mary,,,,SPRAGUE,,,,
WOR,Hallow,St Philip and St James,,30 Jan 1782,Mary,,,,MOORE,,,,
WOR,Hallow,St Philip and St James,,7 Feb 1782,Elizabeth,,,,STALLARD,,,,
WOR,Hallow,St Philip and St James,,9 Mar 1782,John,,,,RICHARDS,,,,
WOR,Hallow,St Philip and St James,,15 Mar 1782,Elizabeth,,,,BARKER,,,,
WOR,Hallow,St Philip and St James,,29 May 1782,Richard,,,,WHITAKER,,,,
WOR,Hallow,St Philip and St James,,6 Jun 1782,Thomas,,,,WHITAKER,,,,
WOR,Hallow,St Philip and St James,,9 Jun 1782,Richard,,,,YARNOLD,,,,
WOR,Hallow,St Philip and St James,,11 Jun 1782,Edward,,,,GRIMMIT,,,,
WOR,Hallow,St Philip and St James,,26 Jun 1782,Sarah,,,,BROOKES,,,,
WOR,Hallow,St Philip and St James,,28 Jun 1782,James,,,,CRESSWELL,,,,
WOR,Hallow,St Philip and St James,,7 Jul 1782,John,,,,WARD,,,,
WOR,Hallow,St Philip and St James,,7 Jul 1782,Richard,,,,BOOZE,,,,
WOR,Hallow,St Philip and St James,,28 Jul 1782,John,,,,HUGHES,,,,
WOR,Hallow,St Philip and St James,,10 Sep 1782,Margaret,,,,TAYLOR,,,,
WOR,Hallow,St Philip and St James,,1 Oct 1782,Elizabeth,,,,BECK,,,,
WOR,Hallow,St Philip and St James,,13 Oct 1782,Thomas,,,,HOWLES,,,,
WOR,Hallow,St Philip and St James,,23 Jan 1783,John,,,,BALL,,,,
WOR,Hallow,St Philip and St James,,6 Feb 1783,Thomas,,,,MATHEWS,,,,
WOR,Hallow,St Philip and St James,,28 Feb 1783,Ann,,,,MATHEWS,,,,
WOR,Hallow,St Philip and St James,,5 Mar 1783,Fanny [Frances],,,,MUMFORD,,,,
WOR,Hallow,St Philip and St James,,14 Mar 1783,Mary,,,,GODDIN,,,,
WOR,Hallow,St Philip and St James,,27 Apr 1783,John,,,,MUMFORD,,,,
WOR,Hallow,St Philip and St James,,18 May 1783,Mary,,,,SMITH,,,,
WOR,Hallow,St Philip and St James,,15 Jun 1783,John,,,,TUSTINS,,,,
WOR,Hallow,St Philip and St James,,29 Jun 1783,Sarah,,,,MORGAN,,,,
WOR,Hallow,St Philip and St James,,12 Aug 1783,Ann,,,,GOUGH,,,,
WOR,Hallow,St Philip and St James,,28 Aug 1783,John,,,,PRESDEE [PREECE]?,,,,
WOR,Hallow,St Philip and St James,,22 Sep 1783,Elizabeth,,,,DAVIS,,,,
WOR,Hallow,St Philip and St James,,14 Oct 1783,Mary,,,,STEWARD,,,,
WOR,Hallow,St Philip and St James,,23 Oct 1783,Ann,,,,HARRIS,,,,
WOR,Hallow,St Philip and St James,,9 Nov 1783,Richard,,,,DAVIS,,,,
WOR,Hallow,St Philip and St James,,23 Nov 1783,William,,,,MORRIS,,,,
WOR,Hallow,St Philip and St James,,24 Nov 1783,Penelope,,,,YARNOLD,,,,
WOR,Hallow,St Philip and St James,,8 Dec 1783,Ann,,,,HILL,,,,
WOR,Hallow,St Philip and St James,,10 Dec 1783,Mary,,,,CRUMP,,,,
WOR,Hallow,St Philip and St James,,21 Dec 1783,Alice,,,,FETHERSTONE,,,,
WOR,Hallow,St Philip and St James,,25 Dec 1783,William,,,,MOORE,,,,
WOR,Hallow,St Philip and St James,,31 Dec 1783,Mary,,,,COLLEY,,,,
WOR,Hallow,St Philip and St James,,31 Dec 1783,Thomas,,,,HARBRIDGE,,,,
WOR,Hallow,St Philip and St James,,26 Nov 1783,Joseph,,,,THRUPP,,,,Put as an addition in PRS ?
WOR,Hallow,St Philip and St James,,4 Nov 1783,Elizabeth,,,,HAWKINS,,,,Put as an addition in PRS ?
WOR,Hallow,St Philip and St James,,11 Jan 1784,Ann,,,,MEALES,,,,
WOR,Hallow,St Philip and St James,,22 Feb 1784,Richard,,,,MASON [NOXON]?,,,,
WOR,Hallow,St Philip and St James,,28 Mar 1784,John,,,,PREECE,,,,
WOR,Hallow,St Philip and St James,,29 Mar 1784,Penelope,,,,EVERTON,,,,
WOR,Hallow,St Philip and St James,,2 Apr 1784,Mary,,,,PROSSER,,,,
WOR,Hallow,St Philip and St James,,06 Apr 1784,Samuel,,,,FREEMAN,,,,Pauper
WOR,Hallow,St Philip and St James,,11 Apr 1784,Ann,,,,DAVIS,,,,
WOR,Hallow,St Philip and St James,,16 Apr 1784,Mary,,,,BARKER,,,,Pauper
WOR,Hallow,St Philip and St James,,18 Apr 1784,John,,,,CORBET,,,,
WOR,Hallow,St Philip and St James,,23 Apr 1784,John,,,,WEAVER,,,,
WOR,Hallow,St Philip and St James,,16 May 1784,Elizabeth,,,,REA,,,,
WOR,Hallow,St Philip and St James,,3 Jun 1784,John,,,,YEATES,,,,
WOR,Hallow,St Philip and St James,,27 Jun 1784,Elizabeth,,,,RANN,,,,
WOR,Hallow,St Philip and St James,,13 Jul 1784,Ann,,,,GORDEN,,,,
WOR,Hallow,St Philip and St James,,25 Aug 1784,Mary,,,,KNOTT,,,,
WOR,Hallow,St Philip and St James,,21 Mar 1784,Elizabeth,,,,HAWKINS,,,,
WOR,Hallow,St Philip and St James,,26 Oct 1784,Mary,,,,REYNOLDS,,,,
WOR,Hallow,St Philip and St James,,31 Oct 1784,Ann,,,,EVANS,,,,
WOR,Hallow,St Philip and St James,,23 Nov 1784,Ralph,,,,BRADFORD,,,,
WOR,Hallow,St Philip and St James,,2 Dec 1784,Elizabeth,,,,TUCKER,,,,
WOR,Hallow,St Philip and St James,,5 Dec 1784,Jane,,,,CHAMBERS,,,,
WOR,Hallow,St Philip and St James,,12 Dec 1784,John,,,,WAREING,,,,
WOR,Hallow,St Philip and St James,,22 Dec 1784,Elizabeth,,,,BECK,,,,
WOR,Hallow,St Philip and St James,,29 Dec 1784,Susanna,,,,LYGON MRS,,,,
WOR,Hallow,St Philip and St James,,9 Jan 1785,Edward,,,,PRITCHET,,,,
WOR,Hallow,St Philip and St James,,23 Jan 1785,John,,,,GOLDER,,,,
WOR,Hallow,St Philip and St James,,27 Feb 1785,Samuel,,,,PRICE,,,,
WOR,Hallow,St Philip and St James,,13 Mar 1785,Ann,,,,BERROW,,,,
WOR,Hallow,St Philip and St James,,28 Apr 1785,Susannah,,,,KNOTT,,,,
WOR,Hallow,St Philip and St James,,4 May 1785,Richard,,,,STONE,,,,
WOR,Hallow,St Philip and St James,,14 May 1785,Ann,,,,GODWIN,,,,
WOR,Hallow,St Philip and St James,,27 May 1785,James,,,,HOWEL,,,,
WOR,Hallow,St Philip and St James,,7 Jun 1785,Mary,,,,HAYWARD,,,,
WOR,Hallow,St Philip and St James,,21 Aug 1785,?,,,,FAULKNALD,,,,
WOR,Hallow,St Philip and St James,,2 Sep 1785,John,,,,ROBERTS,,,,
WOR,Hallow,St Philip and St James,,4 Sep 1785,John,,,,COMBES,,,,
WOR,Hallow,St Philip and St James,,4 Sep 1785,Morrice,,,,DAVIS,,,,
WOR,Hallow,St Philip and St James,,28 Sep 1785,Lucy,,,,COLLINS,,,,
WOR,Hallow,St Philip and St James,,2 Oct 1785,John,,,,ROBERTS,,,,
WOR,Hallow,St Philip and St James,,5 Oct 1785,Mary,,,,JONES,,,,
WOR,Hallow,St Philip and St James,,23 Oct 1785,John,,,,HARDWIN,,,,
WOR,Hallow,St Philip and St James,,10 Nov 1785,Martha,,,,WORTON,,,,
WOR,Hallow,St Philip and St James,,27 Nov 1785,Richard,,,,NEVIL,,,,
WOR,Hallow,St Philip and St James,,25 Dec 1785,Edward,,,,GOUGH,,,,
WOR,Hallow,St Philip and St James,,1 Jan 1786,Mary,,,,HALL,,,,
WOR,Hallow,St Philip and St James,,28 Feb 1786,Robert,,,,WILLIAMS,,,,
WOR,Hallow,St Philip and St James,,10 Mar 1786,Mary,,,,BOX,,,,
WOR,Hallow,St Philip and St James,,12 May 1786,John,,,,LAPWORTH,,,,
WOR,Hallow,St Philip and St James,,31 May 1786,Mary,,,,PEET,,,,
WOR,Hallow,St Philip and St James,,11 Aug 1786,Sarah,,,,KNOTT,,,,
WOR,Hallow,St Philip and St James,,29 Aug 1786,John,,,,JONES,,,,
WOR,Hallow,St Philip and St James,,1 Sep 1786,John,,,,SMITE,,,,
WOR,Hallow,St Philip and St James,,13 Sep 1786,Mrs,,,,ROWLEY,,,,
WOR,Hallow,St Philip and St James,,17 Sep 1786,Samuel,,,,NOXON,,,,
WOR,Hallow,St Philip and St James,,2 Oct 1786,John,,,,HUNT,,,,
WOR,Hallow,St Philip and St James,,15 Oct 1786,Ann,,,,HUNT,,,,
WOR,Hallow,St Philip and St James,,17 Oct 1786,Mary,,,,BAKER,,,,
WOR,Hallow,St Philip and St James,,29 Oct 1786,Mary,,,,NEVILL,,,,
WOR,Hallow,St Philip and St James,,29 Oct 1786,Sarah,,,,PRICE,,,,
WOR,Hallow,St Philip and St James,,5 Nov 1786,Francis,,,,LANE,,,,
WOR,Hallow,St Philip and St James,,7 Nov 1786,William,,,,BARKER,,,,
WOR,Hallow,St Philip and St James,,12 Nov 1786,Benjamin,,,,DUTFIELD,,,,
WOR,Hallow,St Philip and St James,,16 Nov 1786,William,,,,LAPWORTH,,,,
WOR,Hallow,St Philip and St James,,19 Nov 1786,James,,,,DAVIS,,,,
WOR,Hallow,St Philip and St James,,21 Nov 1786,Mary,,,,LANE,,,,
WOR,Hallow,St Philip and St James,,3 Dec 1786,Joice,,,,WALKER,,,,
WOR,Hallow,St Philip and St James,,13 Dec 1786,Mary,,,,COMBES,,,,
WOR,Hallow,St Philip and St James,,17 Dec 1786,Ann,,,,FREEMAN,,,,
WOR,Hallow,St Philip and St James,,21 Dec 1786,Mary,,,,BAKER,,,,
WOR,Hallow,St Philip and St James,,30 Dec 1786,William,,,,BARBER,,,,
WOR,Hallow,St Philip and St James,,7 Jan 1787,Sarah,,,,WILLIAMS,,,,
WOR,Hallow,St Philip and St James,,7 Jan 1787,Edward,,,,TILT,,,,
WOR,Hallow,St Philip and St James,,24 Jan 1787,Samuel,,,,BAKER,,,,
WOR,Hallow,St Philip and St James,,28 Jan 1787,Mary,,,,ASTON,,,,
WOR,Hallow,St Philip and St James,,2 Feb 1787,Ann,,,,TIMOTHY,,,,
WOR,Hallow,St Philip and St James,,11 Feb 1787,Ann,,,,CALLOW,,,,
WOR,Hallow,St Philip and St James,,26 Feb 1787,Judith,,,,YEATES,,,,
WOR,Hallow,St Philip and St James,,26 Feb 1787,Richard,,,,KNOWLES,,,,
WOR,Hallow,St Philip and St James,,18 Mar 1787,Martha,,,,HOLT,,,,Pauper
WOR,Hallow,St Philip and St James,,1 Apr 1787,Ann,,,,BROOKES,,,,Pauper
WOR,Hallow,St Philip and St James,,3 May 1787,Elizabeth,,,,HOWARD,,,,Pauper
WOR,Hallow,St Philip and St James,,10 Jun 1787,Elizabeth,,,,STOCKTON,,,,
WOR,Hallow,St Philip and St James,,3 Aug 1787,Ann,,,,WILLIAMS,,,,Pauper
WOR,Hallow,St Philip and St James,,10 Aug 1787,Samuel,,,,LOTON,,,,
WOR,Hallow,St Philip and St James,,23 Aug 1787,John,,,,MASON,,,,
WOR,Hallow,St Philip and St James,,5 Sep 1787,Mary,,,,LOTON,,,,
WOR,Hallow,St Philip and St James,,6 Sep 1787,James,,,,ASHCROFT,,,,Pauper
WOR,Hallow,St Philip and St James,,7 Sep 1787,Samuel,,,,LOTON,,,,
WOR,Hallow,St Philip and St James,,16 Sep 1787,Anthony,,,,MORETON,,,,
WOR,Hallow,St Philip and St James,,25 Sep 1787,John,,,,HAY,,,,
WOR,Hallow,St Philip and St James,,27 Sep 1787,James,,,,REYNOLDS,,,,
WOR,Hallow,St Philip and St James,,11 Oct 1787,Elizabeth,,,,STORAM,,,,Pauper
WOR,Hallow,St Philip and St James,,17 Oct 1787,William,,,,ROSS,,,,Pauper
WOR,Hallow,St Philip and St James,,3 Nov 1787,Mary,,,,SMITH,,,,
WOR,Hallow,St Philip and St James,,28 Nov 1787,Sarah,,,,GRIFFITHS,,,,Pauper
WOR,Hallow,St Philip and St James,,7 Dec 1787,Samuel,,,,KNOTT,,,,
WOR,Hallow,St Philip and St James,,16 Jan 1788,Ann,,,,HURDMAN,,,,
WOR,Hallow,St Philip and St James,,22 Jan 1788,William,,,,HUGHES,,,,
WOR,Hallow,St Philip and St James,,10 Feb 1788,James,,,,FOWKES,,,,Pauper
WOR,Hallow,St Philip and St James,,10 Feb 1788,Richard,,,,HOLDER,,,,P
WOR,Hallow,St Philip and St James,,10 Feb 1788,Richard,,,,KNOTT,,,,
WOR,Hallow,St Philip and St James,,16 Mar 1788,Mary,,,,PARKER,,,,
WOR,Hallow,St Philip and St James,,21 Mar 1788,Sarah,,,,BARBER,,,,
WOR,Hallow,St Philip and St James,,24 Mar 1788,Mary,,,,MORGAN,,,,P
WOR,Hallow,St Philip and St James,,24 Apr 1788,Mary,,,,TURNER,,,,P
WOR,Hallow,St Philip and St James,,30 Apr 1788,Rachel,,,,LOWICK,,,,
WOR,Hallow,St Philip and St James,,30 May 1788,Maria,,,,LOWICK,,,,
WOR,Hallow,St Philip and St James,,29 Jul 1788,John,,,,BERROW,,,,
WOR,Hallow,St Philip and St James,,31 Jul 1788,Luke,,,,DAVIS,,,,
WOR,Hallow,St Philip and St James,,11 Sep 1788,Margaret,,,,MORETON,,,,
WOR,Hallow,St Philip and St James,,12 Dec 1788,Edward,,,,HERBERT,,,,
WOR,Hallow,St Philip and St James,,3 Jan 1789,Reginald,,,,LYGON ESQ,,,,
WOR,Hallow,St Philip and St James,,13 Jan 1789,Susanna,,,,BARBER,,,,
WOR,Hallow,St Philip and St James,,20 Feb 1789,Job,,,,WHEELER,,,,Pauper
WOR,Hallow,St Philip and St James,,9 Mar 1789,Ann,,,,WARD,,,,
WOR,Hallow,St Philip and St James,,12 Mar 1789,John,,,,BOZWARD,,,,P
WOR,Hallow,St Philip and St James,,2 Apr 1789,Sarah,,,,SMITH,,,,
WOR,Hallow,St Philip and St James,,14 Apr 1789,Mary,,,,COMBES,,,,
WOR,Hallow,St Philip and St James,,19 Apr 1789,Mary,,,,YARRINGTON,,,,P
WOR,Hallow,St Philip and St James,,8 May 1789,Sarah,,,,WINNALL,,,,P
WOR,Hallow,St Philip and St James,,6 Aug 1789,Elizabeth,,,,STORAM,,,,P
WOR,Hallow,St Philip and St James,,14 Aug 1789,Ann,,,,CRESSWELL,,,,
WOR,Hallow,St Philip and St James,,18 Aug 1789,William,,,,QUICK,,,,
WOR,Hallow,St Philip and St James,,23 Sep 1789,Samuel,,,,LLOYD,,,,
WOR,Hallow,St Philip and St James,,14 Jan 1790,William,,,,GREEN,,,,Pauper
WOR,Hallow,St Philip and St James,,14 Feb 1790,Charles,,,,HALL,,,,
WOR,Hallow,St Philip and St James,,8 Mar 1790,Elizabeth,,,,PHILLIPS,,,,
WOR,Hallow,St Philip and St James,,31 Mar 1790,Emma,,,,HATTON,,,,P
WOR,Hallow,St Philip and St James,,7 Apr 1790,Ann,,,,CALLOW,,,,
WOR,Hallow,St Philip and St James,,14 Apr 1790,Eloizabeth,,,,STONE,,,,P
WOR,Hallow,St Philip and St James,,13 May 1790,Ann,,,,PREECE,,,,
WOR,Hallow,St Philip and St James,,16 May 1790,Edward,,,,BROOKES,,,,
WOR,Hallow,St Philip and St James,,16 May 1790,Thomas,,,,WARING,,,,P
WOR,Hallow,St Philip and St James,,18 Jul 1790,John,,,,CORBET,,,,
WOR,Hallow,St Philip and St James,,25 Jul 1790,George,,,,GRIFFITHS,,,,
WOR,Hallow,St Philip and St James,,13 Aug 1790,Thomas,,,,PREECE,,,,
WOR,Hallow,St Philip and St James,,21 Oct 1790,John,,,,GREGORY,,,,
WOR,Hallow,St Philip and St James,,30 Nov 1790,Mary,,,,SEVERNE,,,,P
WOR,Hallow,St Philip and St James,,11 Dec 1790,Susanna,,,,BROOKES,,,,
WOR,Hallow,St Philip and St James,,12 Dec 1790,Mary,,,,DOWNES,,,,
WOR,Hallow,St Philip and St James,,29 Dec 1790,Joseph,,,,GEORGE,,,,
WOR,Hallow,St Philip and St James,,5 Jan 1791,John,,,,WILLIAMS,,,,
WOR,Hallow,St Philip and St James,,2 Feb 1791,Sarah,,,,SEVERNE,,,,Pauper
WOR,Hallow,St Philip and St James,,17 Feb 1791,Elizabeth,,,,ADAMS,,,,P
WOR,Hallow,St Philip and St James,,24 Mar 1791,John,,,,KNIGHT,,,,
WOR,Hallow,St Philip and St James,,12 Apr 1791,Mary Ann,,,,BRADLEY,,,,
WOR,Hallow,St Philip and St James,,29 Apr 1791,Elizabeth,,,,PARSONS,,,,P
WOR,Hallow,St Philip and St James,,1 May 1791,Joseph,,,,WILLIAMS,,,,P
WOR,Hallow,St Philip and St James,,24 May 1791,Thomas,,,,GREEN,,,,P
WOR,Hallow,St Philip and St James,,3 Jun 1791,Mary,,,,EDWARDS,,,,P
WOR,Hallow,St Philip and St James,,6 Jun 1791,Martha,,,,TINKER,,,,
WOR,Hallow,St Philip and St James,,15 Jun 1791,Ann,,,,JONES,,,,
WOR,Hallow,St Philip and St James,,26 Jun 1791,William,,,,BROOKES,,,,
WOR,Hallow,St Philip and St James,,19 Jul 1791,Mary,,,,WEAVER MORDINGTON,,,,(BARONESS)
WOR,Hallow,St Philip and St James,,13 Aug 1791,Sophia,,,,WINNALL,,,,
WOR,Hallow,St Philip and St James,,30 Aug 1791,Benjamin,,,,GEORGE,,,,
WOR,Hallow,St Philip and St James,,22 Sep 1791,Richard,,,,PALMER,,,,
WOR,Hallow,St Philip and St James,,23 Oct 1791,Ann,,,,POWELL,,,,
WOR,Hallow,St Philip and St James,,28 Oct 1791,John,,,,KNOTT,,,,
WOR,Hallow,St Philip and St James,,8 Nov 1791,Elizabeth,,,,GEE,,,,
WOR,Hallow,St Philip and St James,,13 Nov 1791,Maria,,,,FITZHEW,,,,
WOR,Hallow,St Philip and St James,,20 Nov 1791,Mary,,,,DAVIS,,,,
WOR,Hallow,St Philip and St James,,20 Nov 1791,Thomas,,,,BAKER,,,,
WOR,Hallow,St Philip and St James,,30 Dec 1791,Martha,,,,HALL,,,,
WOR,Hallow,St Philip and St James,,15 Jan 1792,Martha,,,,BOSWORTH,,,,
WOR,Hallow,St Philip and St James,,17 Jan 1792,Mary,,,,BODENHAM,,,,
WOR,Hallow,St Philip and St James,,19 Feb 1792,Elizabeth,,,,KNOTT,,,,
WOR,Hallow,St Philip and St James,,22 Mar 1792,Susannah,,,,FOWLKES,,,,
WOR,Hallow,St Philip and St James,,29 Apr 1792,Thomas,,,,STOKES,,,,
WOR,Hallow,St Philip and St James,,30 May 1792,Rebecca,,,,BIRD,,,,
WOR,Hallow,St Philip and St James,,6 Jul 1792,Thomas,,,,ROWLEY,,,,
WOR,Hallow,St Philip and St James,,26 Jul 1792,Thomas,,,,WHEELER,,,,
WOR,Hallow,St Philip and St James,,21 Aug 1792,John,,,,TAYLOR,,,,
WOR,Hallow,St Philip and St James,,16 Sep 1792,Matthew,,,,DUPPENDALE,,,,
WOR,Hallow,St Philip and St James,,16 Sep 1792,Matthew,,,,HOWARD,,,,
WOR,Hallow,St Philip and St James,,19 Sep 1792,Elizabeth and Sarah,,,,ALLEN,,,,
WOR,Hallow,St Philip and St James,,14 Oct 1792,William,,,,MUNN,,,,
WOR,Hallow,St Philip and St James,,18 Oct 1792,Thomas,,,,PRICE,,,,
WOR,Hallow,St Philip and St James,,29 Oct 1792,John,,,,POWELL,,,,
WOR,Hallow,St Philip and St James,,24 Jan 1793,Edward,,,,PROSSER,,,,
WOR,Hallow,St Philip and St James,,10 Mar 1793,Lucy,,,,HAY,,,,
WOR,Hallow,St Philip and St James,,12 Mar 1793,Thomas,,,,WARD,,,,
WOR,Hallow,St Philip and St James,,26 Apr 1793,Mary and Elizabeth,,,,PATRICK,,,,
WOR,Hallow,St Philip and St James,,3 May 1793,Joseph,,,,SEVERNE,,,,
WOR,Hallow,St Philip and St James,,9 May 1793,Deborah,,,,QUICK,,,,
WOR,Hallow,St Philip and St James,,11 Jun 1793,Edward,,,,GOUGH,,,,
WOR,Hallow,St Philip and St James,,12 Jul 1793,Ann,,,,QUICK,,,,
WOR,Hallow,St Philip and St James,,25 Jul 1793,Margaret,,,,SPRAGUE,,,,
WOR,Hallow,St Philip and St James,,15 Aug 1793,George,,,,MILLS,,,,
WOR,Hallow,St Philip and St James,,6 Sep 1793,Elizabeth,,,,TAYLOR,,,,
WOR,Hallow,St Philip and St James,,13 Oct 1793,Not given,,,,BROWN,,,,
WOR,Hallow,St Philip and St James,,13 Oct 1793,Susannah,,,,NOTT,,,,
WOR,Hallow,St Philip and St James,,17 Nov 1793,Bridget,,,,PALMER,,,,
WOR,Hallow,St Philip and St James,,17 Nov 1793,Ann,,,,GOUGH,,,,
WOR,Hallow,St Philip and St James,,21 Nov 1793,Lucy,,,,WARMAN,,,,
WOR,Hallow,St Philip and St James,,1 Dec 1793,Robert,,,,HURDMAN,,,,
WOR,Hallow,St Philip and St James,,4 Dec 1793,Joyce,,,,CHAMBERS,,,,
WOR,Hallow,St Philip and St James,,30 Dec 1793,Sarah,,,,MORGAN,,,,
WOR,Hallow,St Philip and St James,,21 Jan 1794,James,,,,GRIFFIN,,,,
WOR,Hallow,St Philip and St James,,15 Feb 1794,Edward,,,,PIES,,,,
WOR,Hallow,St Philip and St James,,21 Feb 1794,Elizabeth,,,,STOKES,,,,
WOR,Hallow,St Philip and St James,,4 Mar 1794,Thomas,,,,BAXTER,,,,
WOR,Hallow,St Philip and St James,,25 Mar 1794,Elizabeth,,,,PATRICK,,,,
WOR,Hallow,St Philip and St James,,25 Mar 1794,James,,,,VAUGHAN,,,,
WOR,Hallow,St Philip and St James,,28 Mar 1794,Charlottte,,,,CHAMBERS,,,,
WOR,Hallow,St Philip and St James,,30 Mar 1794,Sarah,,,,GREEN,,,,
WOR,Hallow,St Philip and St James,,1 May 1794,Samuel,,,,HURDMAN,,,,
WOR,Hallow,St Philip and St James,,6 May 1794,Susanna,,,,HAYNES,,,,
WOR,Hallow,St Philip and St James,,29 May 1794,Benjamin,,,,LANE,,,,
WOR,Hallow,St Philip and St James,,15 Jun 1794,Esther,,,,EVANS,,,,
WOR,Hallow,St Philip and St James,,16 Jul 1794,Ann,,,,GOUGH,,,,
WOR,Hallow,St Philip and St James,,20 Jul 1794,James,,,,STONE,,,,
WOR,Hallow,St Philip and St James,,9 Aug 1794,Thomas,,,,CALLOWHILL,,,,
WOR,Hallow,St Philip and St James,,18 Aug 1794,William,,,,WELSH,,,,
WOR,Hallow,St Philip and St James,,17 Aug 1794,Thomas,,,,WALKER,,,,
WOR,Hallow,St Philip and St James,,2 Nov 1794,Sarah,,,,BROOKING,,,,
WOR,Hallow,St Philip and St James,,30 Dec 1794,Elizabeth,,,,TIMOTHY,,,,
WOR,Hallow,St Philip and St James,,6 Feb 1795,Richard,,,,HARRISON,,,,gives Esq on BT's
WOR,Hallow,St Philip and St James,,6 Feb 1795,Susanna,,,,HURDMAN,,,,
WOR,Hallow,St Philip and St James,,13 Feb 1795,Mary,,,,HAND,,,,
WOR,Hallow,St Philip and St James,,5 Apr 1795,Elizabeth,,,,GREEN,,,,
WOR,Hallow,St Philip and St James,,31 May 1795,Edward,,,,PREECE,,,,
WOR,Hallow,St Philip and St James,,17 Sep 1795,Ann,,,,JONES,,,,
WOR,Hallow,St Philip and St James,,9 Oct 1795,Sarah,,,,TOLLY,,,,
WOR,Hallow,St Philip and St James,,9 Oct 1795,James,,,,WITHY,,,,
WOR,Hallow,St Philip and St James,,20 Oct 1795,William,,,,GRIFFIN,,,,
WOR,Hallow,St Philip and St James,,27 Oct 1795,Ann,,,,BARNSLEY,,,,
WOR,Hallow,St Philip and St James,,29 Oct 1795,John,,,,JONES,,,,
WOR,Hallow,St Philip and St James,,26 Nov 1795,Elizabeth,,,,HILL,,,,
WOR,Hallow,St Philip and St James,,10 Dec 1795,Frances,,,,PARSONS,,,,
WOR,Hallow,St Philip and St James,,20 Dec 1795,Mary,,,,ROWLEY,,,,
WOR,Hallow,St Philip and St James,,24 Dec 1795,John,,,,HAND,,,,
WOR,Hallow,St Philip and St James,,26 Jan 1796,John,,,,BROWN,,,,
WOR,Hallow,St Philip and St James,,28 Jan 1796,Mary Ann,,,,MILLS,,,,
WOR,Hallow,St Philip and St James,,26 Feb 1796,Mary,,,,WILLIAMS,,,,
WOR,Hallow,St Philip and St James,,10 Mar 1796,Richard,,,,JONES,,,,
WOR,Hallow,St Philip and St James,,11 May 1796,Thomas,,,,KNOTT,,,,
WOR,Hallow,St Philip and St James,,6 Jun 1796,George,,,,LAVENDER,,,,
WOR,Hallow,St Philip and St James,,7 Jun 1796,Mary,,,,LLOYD,,,,
WOR,Hallow,St Philip and St James,,14 Jun 1796,Mary,,,,ROBERTS,,,,
WOR,Hallow,St Philip and St James,,24 Jun 1796,Mathew,,,,DAVIS,,,,
WOR,Hallow,St Philip and St James,,4 Jul 1796,William,,,,WELLS,,,,
WOR,Hallow,St Philip and St James,,10 Aug 1796,Mary,,,,JONES,,,,
WOR,Hallow,St Philip and St James,,28 Aug 1796,Sarah,,,,NOTT,,,,
WOR,Hallow,St Philip and St James,,28 Nov 1796,Thomas,,,,FORD,,,,
WOR,Hallow,St Philip and St James,,30 Nov 1796,Sarah,,,,GREEN,,,,
WOR,Hallow,St Philip and St James,,5 Dec 1796,Edward,,,,CORBIT,,,,
WOR,Hallow,St Philip and St James,,8 Jan 1797,Thomas,,,,BOWEN,,,,
WOR,Hallow,St Philip and St James,,10 Feb 1797,Thomas,,,,LEWIS,,,,
WOR,Hallow,St Philip and St James,,5 Mar 1797,Mary,,,,JONES,,,,
WOR,Hallow,St Philip and St James,,2 Apr 1797,Anthony,,,,MORTON,,,,
WOR,Hallow,St Philip and St James,,17 Apr 1797,Susanah,,,,HUNT,,,,
WOR,Hallow,St Philip and St James,,27 Apr 1797,John,,,,SMITH,,,,
WOR,Hallow,St Philip and St James,,16 May 1797,Ann,,,,GRIFFIN,,,,
WOR,Hallow,St Philip and St James,,18 May 1797,Mary,,,,WITHY,,,,
WOR,Hallow,St Philip and St James,,19 May 1797,John,,,,TOLLY,,,,
WOR,Hallow,St Philip and St James,,21 Jul 1797,Catherine,,,,GRIFFITHS,,,,
WOR,Hallow,St Philip and St James,,9 Aug 1797,Susannah,,,,CHAMBERS,,,,
WOR,Hallow,St Philip and St James,,16 Aug 1797,John,,,,KNOTT,,,,
WOR,Hallow,St Philip and St James,,27 Sep 1797,Henry Norcott,,,,WARD,,,,
WOR,Hallow,St Philip and St James,,5 Nov 1797,,,,,,,,,Drowned person unknown name
WOR,Hallow,St Philip and St James,,2 Oct 1797,Elizabeth,,,,FORD,,,,
WOR,Hallow,St Philip and St James,,18 Dec 1797,Thomas,,,,NEVIL,,,,
WOR,Hallow,St Philip and St James,,23 Jan 1798,Mary,,,,SEVERN,,,,
WOR,Hallow,St Philip and St James,,26 Jan 1798,John Philip,,,,MARINDIN,,,,
WOR,Hallow,St Philip and St James,,18 Mar 1798,Thomas,,,,CRESSWELL,,,,
WOR,Hallow,St Philip and St James,,25 Mar 1798,John,,,,WALKER,,,,
WOR,Hallow,St Philip and St James,,25 Mar 1798,John,,,,CORBET,,,,
WOR,Hallow,St Philip and St James,,5 Apr 1798,Ann,,,,WINN,,,,
WOR,Hallow,St Philip and St James,,26 Apr 1798,William,,,,YARNOLD,,,,
WOR,Hallow,St Philip and St James,,10 May 1798,William,,,,CHAMBERS,,,,
WOR,Hallow,St Philip and St James,,15 May 1798,Elizabeth,,,,MIDDLETON,,,,
WOR,Hallow,St Philip and St James,,6 Jun 1798,Mary Maria,,,,LANE,,,,
WOR,Hallow,St Philip and St James,,29 Jun 1798,William,,,,LANE,,,,
WOR,Hallow,St Philip and St James,,19 Jul 1798,Sarah,,,,BECK,,,,
WOR,Hallow,St Philip and St James,,12 Oct 1798,Amelia,,,,EDMUNDS,,,,
WOR,Hallow,St Philip and St James,,27 Dec 1798,Sarah,,,,BEARD,,,,
WOR,Hallow,St Philip and St James,,13 Feb 1799,Mary,,,,YARONTON,,,,
WOR,Hallow,St Philip and St James,,3 Mar 1799,Robert,,,,GRIMIT,,,,
WOR,Hallow,St Philip and St James,,8 Mar 1799,Samuel,,,,WAREING,,,,
WOR,Hallow,St Philip and St James,,2 Apr 1799,John,,,,TUSTIN,,,,
WOR,Hallow,St Philip and St James,,10 Apr 1799,John,,,,WINN,,,,
WOR,Hallow,St Philip and St James,,26 Apr 1799,Isabela,,,,KNOTT,,,,
WOR,Hallow,St Philip and St James,,29 May 1799,Sarah,,,,MILNER,,,,
WOR,Hallow,St Philip and St James,,6 Jun 1799,Thomas,,,,ROBERTS,,,,twin to Mary
WOR,Hallow,St Philip and St James,,6 Jun 1799,Mary,,,,ROBERTS,,,,twin to Thomas
WOR,Hallow,St Philip and St James,,29 Jun 1799,John,,,,POSTANS,,,,
WOR,Hallow,St Philip and St James,,16 Jul 1799,James,,,,WILLIAMS,,,,
WOR,Hallow,St Philip and St James,,24 Oct 1799,Elizabeth,,,,EVERTON,,,,
WOR,Hallow,St Philip and St James,,5 Nov 1799,Mary,,,,LLOYD,,,,
WOR,Hallow,St Philip and St James,,15 Nov 1799,Elizabeth,,,,ALLEN,,,,
WOR,Hallow,St Philip and St James,,22 Dec 1799,William,,,,KNOTT,,,,
