+INFO,david@davejo.eclipse.co.uk,password,SEQUENCED,BURIALS,,3.01.14
#,CCC,Dave Newbury,Worcestershire,WORHALBU4.CSV,22-Dec-2008
#,CREDIT,Dave Newbury,david@davejo.eclipse.co.uk
#,04-Oct-2013,,
WOR,Hallow,St Philip and St James,,09 Feb 1800,John,,,,,KNOTT,,,
WOR,Hallow,St Philip and St James,,26 Feb 1800,Nancy,,,,,GOFF,,,
WOR,Hallow,St Philip and St James,,2 Mar 1800,Charles,,,,,WHEELER,,,
WOR,Hallow,St Philip and St James,,10 Mar 1800,Ann,,,,,GARDNER,,,
WOR,Hallow,St Philip and St James,,16 Mar 1800,J W,,,,,HOLLAND,,,
WOR,Hallow,St Philip and St James,,8 May 1800,Mary Ann,,,,,NASH,,,
WOR,Hallow,St Philip and St James,,14 May 1800,Joshua,,,,,BRIDGES,,,
WOR,Hallow,St Philip and St James,,25 May 1800,Sarah,,,,,WHEELER,,,
WOR,Hallow,St Philip and St James,,2 Jun 1800,James,,,,,PHILLIPS,,,
WOR,Hallow,St Philip and St James,,22 Jun 1800,Susannah,,,,,GEORGE,,,
WOR,Hallow,St Philip and St James,,5 Jul 1800,Edward,,,,,KNOTT,,,
WOR,Hallow,St Philip and St James,,29 Jul 1800,M,,,,,HOLMES,,,
WOR,Hallow,St Philip and St James,,2 Aug 1800,Robert,,,,,HURDMAN,,,
WOR,Hallow,St Philip and St James,,14 Sep 1800,William,,,,,HANDLEY,,,
WOR,Hallow,St Philip and St James,,2 Nov 1800,Ann,,,,,BLISSET,,,
WOR,Hallow,St Philip and St James,,10 Nov 1800,Elizabeth,,,,,GRIFFITHS,,,
WOR,Hallow,St Philip and St James,,28 Nov 1800,Ann,,,,,DAVIS,,,
WOR,Hallow,St Philip and St James,,10 Dec 1800,William,,,,,COMBS,,,
WOR,Hallow,St Philip and St James,,19 Dec 1800,Joseph,,,,,GATELY,,,
WOR,Hallow,St Philip and St James,,2 Jan 1801,John,,,,,MORGAN,,,
WOR,Hallow,St Philip and St James,,11 Jan 1801,Thomas,,,,,GOODALL,,,
WOR,Hallow,St Philip and St James,,14 Jan 1801,Mary,,,,,DAVIS,,,
WOR,Hallow,St Philip and St James,,12 Feb 1801,Thomas,,,,,YARNOLD,,,
WOR,Hallow,St Philip and St James,,4 Mar 1801,Mary,,,,,WOODYATT,,,
WOR,Hallow,St Philip and St James,,22 Mar 1801,William,,,,,BOSWELL,,,
WOR,Hallow,St Philip and St James,,22 Mar 1801,John,,,,,HILL,,,
WOR,Hallow,St Philip and St James,,19 Apr 1801,Mary,,,,,WINN,,,
WOR,Hallow,St Philip and St James,,22 Apr 1801,Elizabeth,,,,,STINTON,,,
WOR,Hallow,St Philip and St James,,6 May 1801,William,,,,,GRIFFITHS,,,
WOR,Hallow,St Philip and St James,,23 May 1801,Mary,,,,,BARNES,,,
WOR,Hallow,St Philip and St James,,8 Jun 1801,John,,,,,CALLOWHILL,,,
WOR,Hallow,St Philip and St James,,9 Jun 1801,William,,,,,FREEMAN,,,
WOR,Hallow,St Philip and St James,,24 Jun 1801,Hannah,,,,,KNOTT,,,
WOR,Hallow,St Philip and St James,,27 Sep 1801,John,,,,,BODENHAM,,,
WOR,Hallow,St Philip and St James,,4 Oct 1801,Sarah,,,,,BRIDGES,,,
WOR,Hallow,St Philip and St James,,31 Oct 1801,William,,,,,HALL,,,
WOR,Hallow,St Philip and St James,,10 Nov 1801,Mary,,,,,HOLLIMAN,,,
WOR,Hallow,St Philip and St James,,15 Nov 1801,Mary,,,,,HOWELL,,,
WOR,Hallow,St Philip and St James,,5 Jan 1802,Nancy,,,,,DEALE,,,
WOR,Hallow,St Philip and St James,,17 Jan 1802,Elizabeth,,,,,DAVIS,,,
WOR,Hallow,St Philip and St James,,20 Jan 1802,John,,,,,GREEN,,,
WOR,Hallow,St Philip and St James,,25 Jan 1802,Elizabeth,,,,,WITHEY,,,
WOR,Hallow,St Philip and St James,,28 Jan 1802,John,,,,,CHAMBERS,,,
WOR,Hallow,St Philip and St James,,28 Jan 1802,Sarah,,,,,DAVIS,,,
WOR,Hallow,St Philip and St James,,10 Feb 1802,Esther,,,,,SURMAN,,,
WOR,Hallow,St Philip and St James,,9 Mar 1802,Edward,,,,,OAKEY,,,
WOR,Hallow,St Philip and St James,,17 Mar 1802,Ann,,,,,BEARD,,,
WOR,Hallow,St Philip and St James,,31 Mar 1802,Sarah,,,,,BURROWS,,,
WOR,Hallow,St Philip and St James,,11 Apr 1802,Ann,,,,,MORRIS,,,
WOR,Hallow,St Philip and St James,,15 Apr 1802,Ann,,,,,BOND,,,
WOR,Hallow,St Philip and St James,,18 Apr 1802,Martha,,,,,PAINE,,,
WOR,Hallow,St Philip and St James,,27 Apr 1802,William,,,,,WINN,,,
WOR,Hallow,St Philip and St James,,24 May 1802,William,,,,,DAVIS,,,
WOR,Hallow,St Philip and St James,,16 Jun 1802,Richard,,,,,HILL,,,
WOR,Hallow,St Philip and St James,,5 Sep 1802,Joyce,,,,,SMITH,,,
WOR,Hallow,St Philip and St James,,19 Sep 1802,Thomas,,,,,JONES,,,
WOR,Hallow,St Philip and St James,,24 Sep 1802,Lucy,,,,,HAY,,,
WOR,Hallow,St Philip and St James,,26 Sep 1802,Thomas,,,,,JELF,,,
WOR,Hallow,St Philip and St James,,27 Sep 1802,John,,,,,DAVIS,,,
WOR,Hallow,St Philip and St James,,9 Oct 1802,William,,,,,MOISEY,,,
WOR,Hallow,St Philip and St James,,28 Nov 1802,John,,,,,THRUPP,,,
WOR,Hallow,St Philip and St James,,19 Dec 1802,Thomas,,,,,JONES,,,
WOR,Hallow,St Philip and St James,,28 Feb 1803,Mary,,,,,NASH,,,
WOR,Hallow,St Philip and St James,,5 Mar 1803,Esther,,,,,BARBER,,,
WOR,Hallow,St Philip and St James,,6 Mar 1803,Job,,,,,BIRCHLEY,,,
WOR,Hallow,St Philip and St James,,6 May 1803,Sarah,,,,,KNOTT,,,
WOR,Hallow,St Philip and St James,,10 May 1803,Elizabeth,,,,,COTTON,,,
WOR,Hallow,St Philip and St James,,11 May 1803,John,,,,,STONE,,,
WOR,Hallow,St Philip and St James,,8 Jun 1803,Elizabeth,,,,,HUNLEY,,,
WOR,Hallow,St Philip and St James,,19 Jun 1803,Elizabeth,,,,,WHEELER,,,
WOR,Hallow,St Philip and St James,,26 Jun 1803,George,,,,,CRUISE,,,
WOR,Hallow,St Philip and St James,,1 Aug 1803,John,,,,,BUTLER,,,
WOR,Hallow,St Philip and St James,,11 Aug 1803,Ann,,,,,BARNSLEY,,,
WOR,Hallow,St Philip and St James,,25 Sep 1803,William,,,,,REYNOLDS,,,
WOR,Hallow,St Philip and St James,,26 Sep 1803,William,,,,,MAYSEY,,,
WOR,Hallow,St Philip and St James,,30 Sep 1803,Mary,,,,,GREEN,,,
WOR,Hallow,St Philip and St James,,18 Oct 1803,Thomas,,,,,COUPLAND,,,
WOR,Hallow,St Philip and St James,,24 Nov 1803,Margaret,,,,,BOX,,,
WOR,Hallow,St Philip and St James,,15 dec 1803,Elizabeth,,,,,NASH,98,,
WOR,Hallow,St Philip and St James,,21 Dec 1803,Joseph,,,,,BLISSET,,,
WOR,Hallow,St Philip and St James,,8 Jan 1804,Sarah,,,,,BALL,93,,
WOR,Hallow,St Philip and St James,,8 Jan 1804,Sarah,,,,,SPENCER,,,
WOR,Hallow,St Philip and St James,,9 Jan 1804,John Phillip,,,,,SMITH,,,
WOR,Hallow,St Philip and St James,,18 Jan 1804,Jane,,,,,KNOTT,,,
WOR,Hallow,St Philip and St James,,30 Jan 1804,Elizabeth,,,,,BALDWYN,,,
WOR,Hallow,St Philip and St James,,31 Jan 1804,Edward,,,,,BEARCROFT,,,
WOR,Hallow,St Philip and St James,,6 Feb 1804,Sarah,,,,,LAPWORTH,,,
WOR,Hallow,St Philip and St James,,26 Feb 1804,Hannah,,,,,GRIFFITHS,,,
WOR,Hallow,St Philip and St James,,28 Feb 1804,Lot,,,,,CHAMBERS,,,
WOR,Hallow,St Philip and St James,,11 Mar 1804,Elizabeth,,,,,ITCHINGS,,,
WOR,Hallow,St Philip and St James,,13 Mar 1804,Mathew,,,,,GREEN,,,
WOR,Hallow,St Philip and St James,,10 Apr 1804,Mary,,,,,MORRIS,,,
WOR,Hallow,St Philip and St James,,26 Apr 1804,Ann,,,,,VAUGHAN,,,
WOR,Hallow,St Philip and St James,,27 May 1804,Elizabeth,,,,,KNOTT,,,
WOR,Hallow,St Philip and St James,,24 Jun 1804,Joseph,,,,,CAULDER,,,
WOR,Hallow,St Philip and St James,,10 Jun 1804,Sarah,,,,,CORNISH,,,
WOR,Hallow,St Philip and St James,,1 Jul 1804,Mary,,,,,PERKS,,,
WOR,Hallow,St Philip and St James,,2 Sep 1804,Ann,,,,,WITHEY,,,
WOR,Hallow,St Philip and St James,,16 Nov 1804,Joyce,,,,,NOXAM,,,
WOR,Hallow,St Philip and St James,,18 Nov 1804,John,,,,,WHEELER,,,
WOR,Hallow,St Philip and St James,,23 Dec 1804,James,,,,,MORGAN,,,
WOR,Hallow,St Philip and St James,,30 Dec 1804,Edward,,,,,ASTON,,,
WOR,Hallow,St Philip and St James,,30 Dec 1804,Elizabeth,,,,,DALE,,,
WOR,Hallow,St Philip and St James,,31 Jan 1805,James,,,,,GORDON,,,
WOR,Hallow,St Philip and St James,,12 Feb 1805,Elizabeth,,,,,WYNN,,,
WOR,Hallow,St Philip and St James,,21 Feb 1805,Sarah,,,,,BRIDGES,,,
WOR,Hallow,St Philip and St James,,13 Mar 1805,Ann,,,,,SMITH,,,
WOR,Hallow,St Philip and St James,,9 Mar 1805,John,,,,,BEARD,,,
WOR,Hallow,St Philip and St James,,22 Apr 1805,Mary,,,,,GOODHALL,,,
WOR,Hallow,St Philip and St James,,12 May 1805,John,,,,,POWELL,,,
WOR,Hallow,St Philip and St James,,6 Jun 1805,Thomas,,,,,BROOKES,,,
WOR,Hallow,St Philip and St James,,16 Jun 1805,Ann,,,,,CORBET,,,
WOR,Hallow,St Philip and St James,,21 Jun 1805,Ann,,,,,ROLLINS,,,
WOR,Hallow,St Philip and St James,,10 Jul 1805,George,,,,,DOUGHTY,,,
WOR,Hallow,St Philip and St James,,22 Jul 1805,Sarah,,,,,PITT,,,
WOR,Hallow,St Philip and St James,,11 Aug 1805,Elizabeth,,,,,BAYLIS,,,
WOR,Hallow,St Philip and St James,,16 Aug 1805,Mary,,,,,CLIFTON,,,
WOR,Hallow,St Philip and St James,,1 Sep 1805,Richard,,,,,WALKER,,,
WOR,Hallow,St Philip and St James,,26 Sep 1805,Esther,,,,,EDWARDS,,,
WOR,Hallow,St Philip and St James,,26 Sep 1805,Esther,,,,,MONKLAND,,,
WOR,Hallow,St Philip and St James,,14 Oct 1805,Edward,,,,,POTTER,,,
WOR,Hallow,St Philip and St James,,3 Nov 1805,Eleanor,,,,,GREEN,,,
WOR,Hallow,St Philip and St James,,26 Jan 1806,William,,,,,BIRD,,,
WOR,Hallow,St Philip and St James,,5 Feb 1806,Susanna,,,,,MUNN,,,
WOR,Hallow,St Philip and St James,,6 Feb 1806,Elizabeth,,,,,ADAMS,,,
WOR,Hallow,St Philip and St James,,23 Feb 1806,Mary,,,,,MUTLOW,,,
WOR,Hallow,St Philip and St James,,6 Apr 1806,Richard,,,,,FARMER,,,
WOR,Hallow,St Philip and St James,,22 Apr 1806,Thomas,,,,,GORDON,,,
WOR,Hallow,St Philip and St James,,14 May 1806,John William,,,,,HARRISON,,,Clerk
WOR,Hallow,St Philip and St James,,02 Jun 1806,Richard,,,,,NORTON,,,
WOR,Hallow,St Philip and St James,,13 Jul 1806,Mary,,,,,BEARD,,,
WOR,Hallow,St Philip and St James,,23 Jul 1806,John Philip,,,,,MARINDIN,,,
WOR,Hallow,St Philip and St James,,25 Jul 1806,Ann,,,,,FREEMAN,,,
WOR,Hallow,St Philip and St James,,31 Aug 1806,Ann,,,,,NASH,,,
WOR,Hallow,St Philip and St James,,12 Sep 1806,William,,,,,TAYLOR,,,
WOR,Hallow,St Philip and St James,,17 Sep 1806,Elizabeth,,,,,REYNOLDS,,,
WOR,Hallow,St Philip and St James,,27 Sep 1806,Ann,,,,,MAYSES,,,
WOR,Hallow,St Philip and St James,,12 Nov 1806,John,,,,,PASSEY,,,
WOR,Hallow,St Philip and St James,,17 Nov 1806,Walter,,,,,HOLLAND,,,
WOR,Hallow,St Philip and St James,,21 Nov 1806,Sarah,,,,,GRUBB,,,
WOR,Hallow,St Philip and St James,,25 Dec 1806,Mary,,,,,MORRIS,,,
WOR,Hallow,St Philip and St James,,20 Jan 1807,William,,,,,TAYLOR,,,
WOR,Hallow,St Philip and St James,,21 Jan 1807,Richard,,,,,BRADFORD,,,
WOR,Hallow,St Philip and St James,,28 Jan 1807,Edward,,,,,BRADFORD,,,
WOR,Hallow,St Philip and St James,,8 Feb 1807,Samuel,,,,,ROSS,,,
WOR,Hallow,St Philip and St James,,22 Mar 1807,Jane,,,,,GRIFFITHS,,,
WOR,Hallow,St Philip and St James,,27 Mar 1807,Elizabeth,,,,,COMBS,,,
WOR,Hallow,St Philip and St James,,7 Apr 1807,William,,,,,ROUSE,,,
WOR,Hallow,St Philip and St James,,28 Apr 1807,Elizabeth,,,,,THRUPP,,,
WOR,Hallow,St Philip and St James,,5 May 1807,John,,,,,PORTMAN,,,
WOR,Hallow,St Philip and St James,,17 May 1807,William,,,,,GOODIER,,,
WOR,Hallow,St Philip and St James,,21 May 1807,John,,,,,WALDRON,,,
WOR,Hallow,St Philip and St James,,22 May 1807,William,,,,,TAYLOR,,,
WOR,Hallow,St Philip and St James,,25 May 1807,Ann,,,,,SMITH,,,
WOR,Hallow,St Philip and St James,,3 Jun 1807,Thomas,,,,,BEARD,,,
WOR,Hallow,St Philip and St James,,12 Jun 1807,Robert,,,,,ROWLEY,,,
WOR,Hallow,St Philip and St James,,8 Jul 1807,Mary Ann,,,,,BRADFORD,,,
WOR,Hallow,St Philip and St James,,30 Jul 1807,Mary,,,,,HAWKER,,,
WOR,Hallow,St Philip and St James,,9 Aug 1807,Richard,,,,,NEVIL,,,
WOR,Hallow,St Philip and St James,,19 Aug 1807,Martha,,,,,HANLEY,,,
WOR,Hallow,St Philip and St James,,16 Oct 1807,John,,,,,CLIFTON,,,
WOR,Hallow,St Philip and St James,,29 Oct 1807,John,,,,,TAYLOR,,,
WOR,Hallow,St Philip and St James,,6 Nov 1807,William,,,,,CRESSWELL,,,
WOR,Hallow,St Philip and St James,,22 Nov 1807,William,,,,,BROOKHOLDING,,,
WOR,Hallow,St Philip and St James,,23 Nov 1807,Thomas,,,,,YARNOLD,,,
WOR,Hallow,St Philip and St James,,4 Dec 1807,Ann,,,,,JONES,,,
WOR,Hallow,St Philip and St James,,3 Mar 1808,Charles,,,,,WESTON,,,
WOR,Hallow,St Philip and St James,,18 Mar 1807,Richard,,,,,NEVIL,,,
WOR,Hallow,St Philip and St James,,30 Mar 1808,Hannah,,,,,HUGHES,,,
WOR,Hallow,St Philip and St James,,13 Apr 1808,Martha,,,,,DAVIS,,,
WOR,Hallow,St Philip and St James,,17 Apr 1808,Sarah,,,,,GOODIER,,,
WOR,Hallow,St Philip and St James,,26 Apr 1808,Richard,,,,,WALKER,,,
WOR,Hallow,St Philip and St James,,19 Jun 1808,William,,,,,WYNN,,,
WOR,Hallow,St Philip and St James,,7 Jul 1808,William,,,,,TAYLOR,,,
WOR,Hallow,St Philip and St James,,26 Jul 1808,Sarah,,,,,FOREMAN,,,
WOR,Hallow,St Philip and St James,,16 Aug 1808,John,,,,,BOX,,,
WOR,Hallow,St Philip and St James,,21 Aug 1808,William,,,,,YARNOLD,,,
WOR,Hallow,St Philip and St James,,28 Sep 1808,Sarah,,,,,MORGAN,,,
WOR,Hallow,St Philip and St James,,4 Oct 1808,Mary,,,,,BOWEN,,,
WOR,Hallow,St Philip and St James,,5 Oct 1808,Samuel,,,,,LLOYD,,,
WOR,Hallow,St Philip and St James,,11 Oct 1808,Benjamin,,,,,EVERTON,,,
WOR,Hallow,St Philip and St James,,19 Oct 1808,Mary,,,,,DOWNES,,,
WOR,Hallow,St Philip and St James,,30 Oct 1808,Sarah,,,,,HANLEY,,,
WOR,Hallow,St Philip and St James,,31 Oct 1808,Sarah,,,,,BURFORD,,,
WOR,Hallow,St Philip and St James,,27 Dec 1808,William,,,,,YARRANTON,,,
WOR,Hallow,St Philip and St James,,31 Jan 1809,William,,,,,WINDSOR,,,
WOR,Hallow,St Philip and St James,,6 Feb 1809,Richard,,,,,FOWKES,,,
WOR,Hallow,St Philip and St James,,12 Feb 1809,Sarah,,,,,PENNY,92,,
WOR,Hallow,St Philip and St James,,2 Apr 1809,Elizabeth,,,,,COMBS,80,,
WOR,Hallow,St Philip and St James,,7 Apr 1809,Sarah,,,,,MIDDLETON,,,
WOR,Hallow,St Philip and St James,,7 Apr 1809,Ann,,,,,SURMAN,,,
WOR,Hallow,St Philip and St James,,25 Jun 1809,Margaret,,,,,YATES,,,
WOR,Hallow,St Philip and St James,,29 Jun 1809,Thomas,,,,,HUNDLEY,,,
WOR,Hallow,St Philip and St James,,6 Jul 1809,Richard,,,,,KNOTT,,,
WOR,Hallow,St Philip and St James,,8 Jul 1809,Edward,,,,,BERRY,,,
WOR,Hallow,St Philip and St James,,25 Jul 1809,Mary,,,,,RYDE,,,
WOR,Hallow,St Philip and St James,,31 Jul 1809,Thomas,,,,,CHAMBERS,,,
WOR,Hallow,St Philip and St James,,14 Aug 1809,Frederic,,,,,PRICE,,,
WOR,Hallow,St Philip and St James,,25 Aug 1809,Elizabeth,,,,,EVERTON,,,
WOR,Hallow,St Philip and St James,,30 Aug 1809,William,,,,,TURNER,,,
WOR,Hallow,St Philip and St James,,1 Oct 1809,Elizabeth,,,,,NORMAN,,,
WOR,Hallow,St Philip and St James,,12 Oct 1809,Jane,,,,,CLIFTON,,,
WOR,Hallow,St Philip and St James,,20 Oct 1809,Mary,,,,,SMITH,,,
WOR,Hallow,St Philip and St James,,7 Nov 1809,Elizabeth,,,,,STOKES,,,
WOR,Hallow,St Philip and St James,,13 Nov 1809,William,,,,,WALKER,,,
WOR,Hallow,St Philip and St James,,13 Nov 1809,Isaac,,,,,ASPEY,,,
WOR,Hallow,St Philip and St James,,15 Nov 1809,Thomas,,,,,CHAMBERS,,,
WOR,Hallow,St Philip and St James,,20 Nov 1809,Elizabeth,,,,,LASON ?,,,
WOR,Hallow,St Philip and St James,,5 Dec 1809,James,,,,,TAYLOR,,,
WOR,Hallow,St Philip and St James,,7 Dec 1809,David,,,,,HUGHES,,,
WOR,Hallow,St Philip and St James,,20 Dec 1809,John,,,,,MORETON,,,
WOR,Hallow,St Philip and St James,,16 Jan 1810,Maria Elizabeth,,,,,WESTON,,,
WOR,Hallow,St Philip and St James,,25 Jan 1810,Richard,,,,,COOKE,99,,
WOR,Hallow,St Philip and St James,,7 Feb 1810,John,,,,,BOSWARD,,,
WOR,Hallow,St Philip and St James,,25 Feb 1810,Enock,,,,,LLOYD,,,
WOR,Hallow,St Philip and St James,,1 Mar 1801,Sarah,,,,,SPRAGGE,,,
WOR,Hallow,St Philip and St James,,15 Mar 1810,John,,,,,CREWSE,,,
WOR,Hallow,St Philip and St James,,23 Mar 1810,John,,,,,BENET,,,
WOR,Hallow,St Philip and St James,,27 Mar 1810,William,,,,,CALLOW,,,
WOR,Hallow,St Philip and St James,,5 Apr 1810,Elizabeth,,,,,LOTON,,,
WOR,Hallow,St Philip and St James,,4 May 1810,Thomas,,,,,LERIGOE,,,
WOR,Hallow,St Philip and St James,,23 May 1810,James,,,,,ROSS,,,
WOR,Hallow,St Philip and St James,,27 May 1810,Robert,,,,,ADAMS,,,
WOR,Hallow,St Philip and St James,,14 Jun 1810,Elizabeth,,,,,REYNOLDS,,,
WOR,Hallow,St Philip and St James,,22 Jun 1810,Joseph,,,,,SMITH,,,
WOR,Hallow,St Philip and St James,,24 Jun 1810,Betty,,,,,NORMAN,,,
WOR,Hallow,St Philip and St James,,4 Jul 1801,Elizabeth,,,,,YARNOLD,,,
WOR,Hallow,St Philip and St James,,13 Aug 1810,Richard,,,,,YEOMANS,,,
WOR,Hallow,St Philip and St James,,24 Aug 1810,Martha,,,,,SIFTON,,,
WOR,Hallow,St Philip and St James,,4 Sep 1810,Mary,,,,,GOODMAN,,,
WOR,Hallow,St Philip and St James,,20 Sep 1810,Esther,,,,,MUNN,,,
WOR,Hallow,St Philip and St James,,20 Sep 1810,William,,,,,MUNN,,,
WOR,Hallow,St Philip and St James,,26 Sep 1810,Robert,,,,,PITT,,,
WOR,Hallow,St Philip and St James,,7 Oct 1810,Sarah,,,,,NORMAN,,,
WOR,Hallow,St Philip and St James,,9 Oct 1810,John,,,,,ALLEN,,,
WOR,Hallow,St Philip and St James,,10 Oct 1810,John,,,,,WATKINS,,,
WOR,Hallow,St Philip and St James,,17 Oct 1810,John,,,,,LEES,,,
WOR,Hallow,St Philip and St James,,21 Oct 1810,Thomas,,,,,BLAYNEY,,,
WOR,Hallow,St Philip and St James,,22 Oct 1810,George,,,,,TURNER,,,
WOR,Hallow,St Philip and St James,,30 Oct 1810,Ann,,,,,COMBS,,,
WOR,Hallow,St Philip and St James,,8 Nov 1810,James,,,,,TAYLOR,,,
WOR,Hallow,St Philip and St James,,25 Nov 1810,Thomas,,,,,MORRIS,,,
WOR,Hallow,St Philip and St James,,4 Dec 1810,Joseph,,,,,JUDICK,,,
WOR,Hallow,St Philip and St James,,14 Dec 1810,Ann,,,,,SMITH,,,
WOR,Hallow,St Philip and St James,,24 Dec 1810,Joseph,,,,,CRUMP,,,
WOR,Hallow,St Philip and St James,,3 Jan 1811,Mary,,,,,PRICE,,,
WOR,Hallow,St Philip and St James,,24 Feb 1811,Elizabeth,,,,,CHEESE,,,
WOR,Hallow,St Philip and St James,,3 Mar 1811,William,,,,,EVERTON,,,
WOR,Hallow,St Philip and St James,,19 Mar 1811,Ann,,,,,SPRAGGE,,,
WOR,Hallow,St Philip and St James,,22 Mar 1811,Joseph,,,,,HARDMAN,,,
WOR,Hallow,St Philip and St James,,15 Apr 1811,Triphene,,,,,GILES,,,
WOR,Hallow,St Philip and St James,,23 Apr 1811,Thomas,,,,,PRIEST,,,
WOR,Hallow,St Philip and St James,,9 May 1811,William,,,,,TURLEY,,,
WOR,Hallow,St Philip and St James,,1 Jul 1811,Elizabeth,,,,,CHAMBERS,,,
WOR,Hallow,St Philip and St James,,7 Jul 1811,Arabella,,,,,LLOYD,,,
WOR,Hallow,St Philip and St James,,31 Aug 1811,John,,,,,GWILLAM,,,
WOR,Hallow,St Philip and St James,,1 Sep 1811,Sarah,,,,,BRYAN,,,
WOR,Hallow,St Philip and St James,,14 Sep 1811,Elizabeth,,,,,HAWKESFORD,,,
WOR,Hallow,St Philip and St James,,29 Sep 1811,Margaret,,,,,DIPPLE,,,
WOR,Hallow,St Philip and St James,,7 Oct 1811,Mary,,,,,STOCKTON,,,
WOR,Hallow,St Philip and St James,,6 Nov 1811,William,,,,,BOX,,,
WOR,Hallow,St Philip and St James,,6 Nov 1811,Sarah,,,,,FREEMAN,,,
WOR,Hallow,St Philip and St James,,27 Dec 1811,John,,,,,MORRIS,,,
WOR,Hallow,St Philip and St James,,7 Jan 1812,Sarah,,,,,MILLS,,,
WOR,Hallow,St Philip and St James,,12 Mar 1812,Thomas,,,,,MATHEWS,,,
WOR,Hallow,St Philip and St James,,13 Mar 1812,Thomas,,,,,TOLLEY,89,,
WOR,Hallow,St Philip and St James,,17 Mar 1812,William,,,,,HOLLINS,,,
WOR,Hallow,St Philip and St James,,12 Apr 1812,Eleanor,,,,,WALKER,,,
WOR,Hallow,St Philip and St James,,1 May 1812,Joseph,,,,,HUNLEY,,,
WOR,Hallow,St Philip and St James,,3 May 1812,Elizabeth,,,,,GRIFFITHS,,,
WOR,Hallow,St Philip and St James,,6 May 1812,Mary Ann,,,,,JONES,,,
WOR,Hallow,St Philip and St James,,24 Jun 1812,John,,,,,LLOYD,,,
WOR,Hallow,St Philip and St James,,24 Jun 1812,William,,,,,GILES,97,,
WOR,Hallow,St Philip and St James,,28 Jun 1812,Charlotte,,,,,PRITCHARD,,,
WOR,Hallow,St Philip and St James,,7 Jul 1812,Jane,,,,,ROSS,,,
WOR,Hallow,St Philip and St James,,9 Aug 1812,Elizabeth,,,,,ROWLEY,,,
WOR,Hallow,St Philip and St James,,30 Aug 1812,Rebekeh,,,,,FOWKES,,,
WOR,Hallow,St Philip and St James,,16 Sep 1812,Sarah,,,,,BAKER,,,
WOR,Hallow,St Philip and St James,,8 Oct 1812,William,,,,,BOURNE,,,
WOR,Hallow,St Philip and St James,,11 Oct 1812,George,,,,,BISHOP,,,
WOR,Hallow,St Philip and St James,,3 Nov 1812,Benjamin,,,,,COOPER,,,
WOR,Hallow,St Philip and St James,,13 Nov 1812,Maria,,,,,CALVIN,,,
WOR,Hallow,St Philip and St James,,18 Nov 1812,Susanne,,,,,TURNER,,,
