+INFO,david@davejo.eclipse.co.uk,password,SEQUENCED,MARRIAGES,,3.01.14
#,CCC,Dave Newbury,Worcestershire,WORHALMA3.CSV,14-Aug-05
#,CREDIT,,
#,04-Oct-2013,,
WOR,Hallow,St Philip and St James,,18 May 1780,Thomas,NEVILL,,,Widower,,,Mary,TURNER,,,widow,,,,,,,,,,,,,Lic
WOR,Hallow,St Philip and St James,,22 Jun 1780,John,TURNER,,,Bachelor,,,Sarah,WATTON,,Kings Norton,,,,,,,,,,,,,,Lic
WOR,Hallow,St Philip and St James,,4 Sep 1780,John,PRESDEE,,,Widower,,,Ann,LOCK,,,widow,,,,,,,,,,,,,Lic
WOR,Hallow,St Philip and St James,,29 Oct 1780,Richard,HAMPTON,,,,,,Susanna,MORRISS,,,,,,,,,,,,,,,,
WOR,Hallow,St Philip and St James,,10 Sep 1781,Thomas,HINTON,,,Bachelor,,,Elizabeth,BISHOP,,,spinster,,,,,,,,,,,,,
WOR,Hallow,St Philip and St James,,10 Oct 1781,William,BARBER,,,Bachelor,,,Ann,FRANCIS,,Dodderhill,spinster,,,,,,,,,,,,,Lic
WOR,Hallow,St Philip and St James,,12 Dec 1781,John,BEARD,,,,,,Mary,WARREN,,,,,,,,,,,,,,,,
WOR,Hallow,St Philip and St James,,24 Dec 1781,Thomas,TUDOR,,Alderlbury SLP,,,,Eliz,LECHMERE,,,spinster,,,,,,,,,,,,,
WOR,Hallow,St Philip and St James,,7 Jan 1782,George,BROUGHTON,,,,,,Mary,BAKER,,,,,,,,,,,,,,,,
WOR,Hallow,St Philip and St James,,12 Feb 1782,Richard,PITT,,Norton Soller SLP,Bachelor,,,Mary,ROWLEY,,,,,,,,,,,,,,,,Lic
WOR,Hallow,St Philip and St James,,11 Aug 1782,Samuel,YARNOLD,,,,,,Ann,EVANS,,,,,,,,,,,,,,,,
WOR,Hallow,St Philip and St James,,3 Oct 1782,John,BARBER,,,Bachelor,,,Susanna,BARBER,,Lulesley,,,,,,,,,,,,,,
WOR,Hallow,St Philip and St James,,2 Nov 1782,John,JONES,,,Bachelor,,,Mary,CARPENTER,,,spinster,,,,,,,,,,,,,
WOR,Hallow,St Philip and St James,,4 Nov 1782,William,UNDERHILL,,Stoulton,,,,Mary,BEARD,,,,,,,,,,,,,,,,
WOR,Hallow,St Philip and St James,,6 Feb 1783,William,GOODIER,,,Bachelor,,,Mary,BURFORD,,,,,,,,,,,,,,,,
WOR,Hallow,St Philip and St James,,4 Mar 1783,Thomas,PAWLLER,,,Bachelor,,,Esther,COOK,,,,,,,,,,,,,,,,
WOR,Hallow,St Philip and St James,,26 Jan 1784,William,TEARNE,,Claines,,,,Sarah,TEARNE,,,,,,,,,,,,,,,,Lic
WOR,Hallow,St Philip and St James,,25 Apr 1784,James,WILLIAMS,,,,,,Elizabeth,HARBURY,,,,,,,,,,,,,,,,
WOR,Hallow,St Philip and St James,,6 Jun 1784,John,HOWELL,,,,,,Mary,BLESSET,,,,,,,,,,,,,,,,
WOR,Hallow,St Philip and St James,,21 Sep 1784,William,SMITH,,,,,,Mary,WILLOWBY,,,,,,,,,,,,,,,,
WOR,Hallow,St Philip and St James,,30 Oct 1784,Thomas,CAVE,,,,,,Anne,TAYLOR,,,,,,,,,,,,,,,,
WOR,Hallow,St Philip and St James,,31 Mar 1785,William,HAYWARD,,,Bachelor,,,Mary,COOMBS,,,spinster,,,,,,,,,,,,,Lic
WOR,Hallow,St Philip and St James,,11 Apr 1785,Joseph,CALLOW,,,,,,Ann,EVANS,,,,,,,,,,,,,,,,
WOR,Hallow,St Philip and St James,,28 May 1785,Samuel,SHEERWOOD,,,,,,Elizabeth,HAINES,,,,,,,,,,,,,,,,
WOR,Hallow,St Philip and St James,,28 Jun 1785,John,DUFFIELD,,Cotheridge,,,,Elizabeth,YORK,,,widow,,,,,,,,,,,,,
WOR,Hallow,St Philip and St James,,11 Aug 1785,William,MUNN,,,,,,Anne,SMITH,,,,,,,,,,,,,,,,
WOR,Hallow,St Philip and St James,,14 Nov 1785,Francis,LAUGHER,,,,,,Martha,STINTON,,,,,,,,,,,,,,,,
WOR,Hallow,St Philip and St James,,7 Feb 1786,William,STOKES,,,Bachelor,,,Elizabeth,WELLS,,,,,,,,,,,,,,,,
WOR,Hallow,St Philip and St James,,26 Feb 1786,Joseph,LAMB,,,,,,Anne,CAUSHER,,,,,,,,,,,,,,,,
WOR,Hallow,St Philip and St James,,12 Aug 1786,Richard,EDMUNDS,,,,,,Elizabeth,BARKER,,,,,,,,,,,,,,,,
WOR,Hallow,St Philip and St James,,13 Aug 1786,Joseph,BUMFORD,,,,,,Margaret,BROUGHTON,,,,,,,,,,,,,,,,
WOR,Hallow,St Philip and St James,,22 Nov 1786,Thomas,JONES,,,Widower,,,Ann,HUNLEY,,,spinster,,,,,,,,,,,,,Lic
WOR,Hallow,St Philip and St James,,22 Jan 1787,William,PATRICK,,,,,,Elizabeth,CANNOP,,,,,,,,,,,,,,,,
WOR,Hallow,St Philip and St James,,19 Feb 1787,Peter,HICKMAN,,,,,,Ann,HEATH,,,,,,,,,,,,,,,,
WOR,Hallow,St Philip and St James,,6 May 1787,Thomas,POTTER,,,,,,Mary,STUDMAN,,,,,,,,,,,,,,,,
WOR,Hallow,St Philip and St James,,17 Jul 1787,William,SMITH,,,,,,Mary,PARSONS,,,,,,,,,,,,,,,,
WOR,Hallow,St Philip and St James,,29 Jan 1788,John,MASON,,,,,,Jane,STOCKTON,,,,,,,,,,,,,,,,
WOR,Hallow,St Philip and St James,,29 Jan 1788,John,HOWELL,,,Bachelor,,,Penelope,BARKER,,,spinster,,,,,,,,,,,,,
WOR,Hallow,St Philip and St James,,4 Feb 1788,Jacob,TURNER ESQ,,Kidderminster,Bachelor,,,Anne,FARLEY,,,spinster,,,,,,,,,,,,,Lic
WOR,Hallow,St Philip and St James,,20 Feb 1788,Jeremiah,SNEAD,,Kidderminster,Bachelor,,,Ann,JAUNCEY,,,spinster,,,,,,,,,,,,,Lic
WOR,Hallow,St Philip and St James,,19 May 1788,John,EVANS,,,,,,Mary,VERNAM,,,,,,,,,,,,,,,,
WOR,Hallow,St Philip and St James,,30 Sep 1788,William,WALKER,,,Bachelor,,,Ann,ROSS,,,spinster,,,,,,,,,,,,,
WOR,Hallow,St Philip and St James,,2 Oct 1788,Joseph,PULLEN,,Great Malvern,,,,Sarah,VOBE,,,,,,,,,,,,,,,,Lic
WOR,Hallow,St Philip and St James,,27 Oct 1788,John,GRIFFITHS,,,Bachelor,,,Ann,COOPER,,,spinster,,,,,,,,,,,,,
WOR,Hallow,St Philip and St James,,28 Oct 1788,John,GREEN,,,Bachelor,,,Ann,TAYLOR,,,spinster,,,,,,,,,,,,,
WOR,Hallow,St Philip and St James,,4 Dec 1788,William,YARRANTON,,,Widower,,,Mary,PARSONS,,,widow,,,,,,,,,,,,,
WOR,Hallow,St Philip and St James,,19 Dec 1788,John,HEATH,,Kidderminster,Bachelor,,,Mary,CAVE,,,,,,,,,,,,,,,,Lic
WOR,Hallow,St Philip and St James,,30 Dec 1788,John,BURROWSON,,Witburn,Bachelor,,,Mary,WOODWARD,,,,,,,,,,,,,,,,
WOR,Hallow,St Philip and St James,,28 Jan 1789,Robert,COMPTON,,,Bachelor,,,Elizabeth,HOWELLS,,,,,,,,,,,,,,,,
WOR,Hallow,St Philip and St James,,26 Mar 1789,Jeremiah,HOOPER,,,Bachelor,,,Ann,RUSSELL,,,spinster,,,,,,,,,,,,,Lic
WOR,Hallow,St Philip and St James,,9 Apr 1789,Joseph,POUTON,,,Bachelor,,,Mary,HODGKISS,,,spinster,,,,,,,,,,,,,
WOR,Hallow,St Philip and St James,,1 Jun 1789,William,GARDENER,,,Bachelor,,,Ann,EDWARDS,,,spinster,,,,,,,,,,,,,
WOR,Hallow,St Philip and St James,,16 Feb 1790,John,SURMAN,,,Bachelor,,,Elizabeth,GROVES,,Wichenford,spinster,,,,,,,,,,,,,Lic
WOR,Hallow,St Philip and St James,,18 May 1790,William,TAYLOR,,,Bachelor,,,Anne,SOLLAWAY,,,spinster,,,,,,,,,,,,,
WOR,Hallow,St Philip and St James,,11 Jul 1790,James,MAIRICK,,Cradley HEF,Bachelor,,,Mary,POWELL,,,spinster,,,,,,,,,,,,,
WOR,Hallow,St Philip and St James,,29 Sep 1790,William,FIELD,,,,,,Ann,MORTON,,,,,,,,,,,,,,,,Lic
WOR,Hallow,St Philip and St James,,1 Nov 1790,Edward,MASON,,,,,,Mary,HILL,,,,,,,,,,,,,,,,
WOR,Hallow,St Philip and St James,,19 May 1791,John,BURFORD,,,Bachelor,,,Mary,GOODE,,Ledbury HEF,spinster,,,,,,,,,,,,,Lic
WOR,Hallow,St Philip and St James,,13 Jul 1791,John,CROFT,,All Saints Worcester,Bachelor,,,Sarah,STOKES,,,spinster,,,,,,,,,,,,,Lic
WOR,Hallow,St Philip and St James,,3 Oct 1791,James,WATKINS,,,Bachelor,,,Martha,BAUGH,,,spinster,,,,,,,,,,,,,
WOR,Hallow,St Philip and St James,,9 Feb 1792,John,WALKER,,Grimley,Bachelor,,,Sarah,DAWKES,,,spinster,,,,,,,,,,,,,
WOR,Hallow,St Philip and St James,,19 Jul 1792,John,GARNETT,,St Nicholas Worcester,Bachelor,,,Elizabeth,SMITH,,,spinster,,,,,,,,,,,,,Lic
WOR,Hallow,St Philip and St James,,6 Aug 1792,Job,ALLEN,,Rock,Bachelor,,,Mary,LERIGO,,,spinster,,,,,,,,,,,,,Lic
WOR,Hallow,St Philip and St James,,2 Sep 1792,Joseph,HARTLAND,,,,,,Elizabeth,BULLOCK,,,,,,,,,,,,,,,,
WOR,Hallow,St Philip and St James,,11 Sep 1792,William,LISSIMAN,,Powick,,,,Jane,SMITH,,,,,,,,,,,,,,,,Lic
WOR,Hallow,St Philip and St James,,30 Sep 1792,John,MORRIS,,,,,,Mary,BARKER,,,,,,,,,,,,,,,,
WOR,Hallow,St Philip and St James,,8 Oct 1792,William,MIDDLETON,,,,,,Elizabeth,HUGHES,,,,,,,,,,,,,,,,
WOR,Hallow,St Philip and St James,,15 Oct 1792,Robert,ADAMS,,,,,,Elizabeth,MACKEL,,,,,,,,,,,,,,,,
WOR,Hallow,St Philip and St James,,14 Jan 1793,Samuel,NUTT,,Grimley,Widower,,,Susannah,BUTT,,,spinster,,,,,,,,,,,,,
WOR,Hallow,St Philip and St James,,18 Feb 1793,Thomas,POOLE,,,,,,Sarah,VEAL,,,,,,,,,,,,,,,,
WOR,Hallow,St Philip and St James,,14 Jun 1793,Joseph,FORTY,,Dudley,Bachelor,,,Elizabeth,HINTON,,,widow,,,,,,,,,,,,,Lic
WOR,Hallow,St Philip and St James,,7 Sep 1793,James,ALLPORT,,Birmingham WAR,Widower,,,Ann,JONES,,,spinster,,,,,,,,,,,,,Lic
WOR,Hallow,St Philip and St James,,3 Oct 1793,Joseph,BRADLEY READ,,St Nicholas Worcester,Bachelor,,,Mary,PORTER,,,spinster,,,,,,,,,,,,,Lic
WOR,Hallow,St Philip and St James,,15 Oct 1793,William,MOSS,,,,,,Hannah,JONES,,,,,,,,,,,,,,,,
WOR,Hallow,St Philip and St James,,9 Jan 1794,William,HOLLAND,,,,,,Mary,WEAVER,,,,,,,,,,,,,,,,
WOR,Hallow,St Philip and St James,,21 Feb 1794,John,GABB,,,,,,Elizabeth,MERRELL,,,,,,,,,,,,,,,,
WOR,Hallow,St Philip and St James,,24 Feb 1794,John,WHITE,,,,,,Mary,SMITH,,,,,,,,,,,,,,,,
WOR,Hallow,St Philip and St James,,21 Apr 1794,Edward,SMITH,,,,,,Mary,BROWN,,,,,,,,,,,,,,,,
WOR,Hallow,St Philip and St James,,12 May 1794,William,HUNLEY,,,,,,Elizabeth,MUNN,,,,,,,,,,,,,,,,
WOR,Hallow,St Philip and St James,,15 May 1794,Francis,WOODWARD,,,,,,Sarah,FARMER,,,,,,,,,,,,,,,,
WOR,Hallow,St Philip and St James,,10 Jun 1794,David,JORDAN,,Clent,,,,Mary,SURMAN,,,,,,,,,,,,,,,,Lic
WOR,Hallow,St Philip and St James,,20 Oct 1794,Thomas,CHAMBERS,,Grimley,Bachelor,,,Ann,HANDLEY,,,spinster,,,,,,,,,,,,,
WOR,Hallow,St Philip and St James,,4 Dec 1794,William,KNOTT,,,,,,Mary,BOURNE,,,,,,,,,,,,,,,,Lic
WOR,Hallow,St Philip and St James,,18 May 1795,John,WITHEY,,,,,,Ann,RAWLINS,,,,,,,,,,,,,,,,
WOR,Hallow,St Philip and St James,,2 Jun 1795,Edward,NOTT,,Bromyard HEF,Bachelor,,,Mary,CRANE,,,,,,,,,,,,,,,,Lic
WOR,Hallow,St Philip and St James,,10 Sep 1795,John,THOMAS,,,Bachelor,,,Ann,POWELL,,,spinster,,,,,,,,,,,,,Lic
WOR,Hallow,St Philip and St James,,19 Oct 1795,Edward,RYALL,,,,,,Mary,BROWN,,,,,,,,,,,,,,,,
WOR,Hallow,St Philip and St James,,29 Mar 1796,George,WILLIAMS,,,Bachelor,,,Elizabeth,DAVIS,,,spinster,,,,,,,,,,,,,
WOR,Hallow,St Philip and St James,,12 Sep 1796,James,HANDLEY,,,Bachelor,,,Ann,CALLOWHILL,,,spinster,,,,,,,,,,,,,
WOR,Hallow,St Philip and St James,,7 Nov 1796,John,EVERTON,,,,,,Ann,BEARD,,,,,,,,,,,,,,,,
WOR,Hallow,St Philip and St James,,31 Jan 1797,Thomas,HILL,,,,,,Hannah,BROWN,,,,,,,,,,,,,,,,
WOR,Hallow,St Philip and St James,,18 Apr 1797,Benjamin,CROFT,,,,,,Sarah,INETT,,,,,,,,,,,,,,,,
WOR,Hallow,St Philip and St James,,11 Jun 1797,John,GREEN,,,,,,Martha,MILLICHAMP,,,,,,,,,,,,,,,,Lic
WOR,Hallow,St Philip and St James,,3 Jul 1797,George,CREWS,,,Widower,,,Elizabeth,MATHEWS,,,widow,,,,,,,,,,,,,also CRISE
WOR,Hallow,St Philip and St James,,23 Sep 1797,John,VAUGHAN,,Knighton RAD,Widower,,,Margaret,LANGFORD,,,,,,,,,,,,,,,,Lic
WOR,Hallow,St Philip and St James,,15 Jan 1798,Richard,DAYHOUSE,,,,,,Ann,EDWARDS,,,,,,,,,,,,,,,,
WOR,Hallow,St Philip and St James,,26 Jan 1798,William,PANTING,,Defford,Widower,,,Sarah,WOODWARD,,,,,,,,,,,,,,,,Lic
WOR,Hallow,St Philip and St James,,7 Jun 1798,John,SMITH,,,Bachelor,,,Ann,YEATES,,,spinster,,,,,,,,,,,,,
WOR,Hallow,St Philip and St James,,8 Oct 1798,Richard,POWELL,,,,,,Ann,MERRELL,,,,,,,,,,,,,,,,
WOR,Hallow,St Philip and St James,,24 Oct 1798,Richard,DARK,,,Bachelor,,,Ann,EDWARDS,,,spinster,,,,,,,,,,,,,
WOR,Hallow,St Philip and St James,,25 Oct 1798,James,BENTLEY,,,Bachelor,,,Ann,EDMUNDS,,,spinster,,,,,,,,,,,,,
WOR,Hallow,St Philip and St James,,13 Apr 1799,Thomas,LAWRANCE,,,Bachelor,,,Esther,PORTER,,St Martin Worcester,spinster,,,,,,,,,,,,,Lic
WOR,Hallow,St Philip and St James,,2 Jun 1799,William,TAYLOR,,,Widower,,,Charlotte,GRIFFITHS,,,spinster,,,,,,,,,,,,,
WOR,Hallow,St Philip and St James,,3 Sep 1799,Samuel,HARRIS,,St Leonard Shoreditch,Widower,,,Mary,MERRELL,,,,,,,,,,,,,,,,Lic
WOR,Hallow,St Philip and St James,,16 Sep 1799,Edward,BALLARD,,Lindridge,Bachelor,,,Ann,BLAKEWELL,,,spinster,,,,,,,,,,,,,
WOR,Hallow,St Philip and St James,,30 Sep 1799,Anthony,SPRAGE,,,Bachelor,,,Susannah,LLYOD,,,spinster,,,,,,,,,,,,,
WOR,Hallow,St Philip and St James,,8 Oct 1799,William,BOURNE,,,Bachelor,,,Susannah,CALLOWHILL,,,spinster,,,,,,,,,,,,,
WOR,Hallow,St Philip and St James,,1 Jan 1800,Thomas,BOURNE,,Shrawley,widower,,,Mary,WEST,,,Spinster,,,,,,,,,,,,,Lic
WOR,Hallow,St Philip and St James,,24 Feb 1800,James,DAVIS,,,Bachelor,,,Elizabeth,HILL,,,Widow,,,,,,,,,,,,,
WOR,Hallow,St Philip and St James,,4 Mar 1800,Job,CARTER,,,Bachelor,,,Sarah,BLISFORD,,,Spinster,,,,,,,,,,,,,
WOR,Hallow,St Philip and St James,,7 Aug 1800,William,LAWRANCE,,,Bachelor,,,Ann,FOWKS,,,Spinster,,,,,,,,,,,,,
WOR,Hallow,St Philip and St James,,30 Sep 1800,Henry,EDWARDS,,,Bachelor,,,Elizabeth,JONES,,,Spinster,,,,,,,,,,,,,
WOR,Hallow,St Philip and St James,,2 Nov 1800,John,PARDOE,,,Bachelor,,,Mary,GRIFFITHS,,,Spinster,,,,,,,,,,,,,
WOR,Hallow,St Philip and St James,,15 May 1801,James,WILLIAMS,,,Bachelor,,,Anne,PORRIOR,,,Spinster,,,,,,,,,,,,,Lic
WOR,Hallow,St Philip and St James,,24 May 1801,Benjamin,EVANS,,St Clements Worcester,Bachelor,,,Martha,PITT,,,Spinster,,,,,,,,,,,,,Lic
WOR,Hallow,St Philip and St James,,10 Aug 1801,Thomas,POOLER,,,Bachelor,,,Sarah,WHEELER,,,Spinster,,,,,,,,,,,,,
WOR,Hallow,St Philip and St James,,24 Aug 1801,George,HODGES,,,Bachelor,,,Ann,HEYTCH,,,Spinster,,,,,,,,,,,,,
WOR,Hallow,St Philip and St James,,5 Oct 1801,William,MIDDLETON,,,Bachelor,,,Margaret,TOWNSEND,,,Widow,,,,,,,,,,,,,
WOR,Hallow,St Philip and St James,,28 Jan 1802,Francis,ELCOX,,,Bachelor,,,Mary,WORMINGTON,,,Spinster,,,,,,,,,,,,,
WOR,Hallow,St Philip and St James,,17 May 1802,Joseph,MIDDLETON,,,Bachelor,,,Hannah,GREEN,,,Spinster,,,,,,,,,,,,,
WOR,Hallow,St Philip and St James,,13 Jun 1802,John,TONKS,,,Bachelor,,,Ann,WITHY,,,Spinster,,,,,,,,,,,,,
WOR,Hallow,St Philip and St James,,1 Jan 1803,Thomas,WESTON,,,Bachelor,,,Elizabeth,CRESWELL,,,Spinster,,,,,,,,,,,,,Lic
WOR,Hallow,St Philip and St James,,24 May 1802,John,MEECHAM,,St Martins Birmingham,Bachelor,,,Susan,SMITH,,,Spinster,,,,,,,,,,,,,Lic
WOR,Hallow,St Philip and St James,,13 Aug 1802,William,MUNN,,Wichenford,Bachelor,,,Elizabeth,LEES,,,Spinster,,,,,,,,,,,,,Lic
WOR,Hallow,St Philip and St James,,28 Sep 1803,Francis,ELCOX,,,Widower,,,Elizabeth,MORGAN,,,Spinster,,,,,,,,,,,,,
WOR,Hallow,St Philip and St James,,25 Oct 1803,William,HINTON,,,Bachelor,,,Mary,HAYWARD,,,Spinster,,,,,,,,,,,,,
WOR,Hallow,St Philip and St James,,27 Dec 1803,Ralph,LEES,,,Bachelor,,,Mary,HOLLAND,,,Spinster,,,,,,,,,,,,,Lic
WOR,Hallow,St Philip and St James,,3 Jan 1804,Richard,LAWRANCE,,St Phillips Birmingham,Bachelor,,,Frances,SMITH,,,Spinster,,,,,,,,,,,,,Lic
WOR,Hallow,St Philip and St James,,16 Jan 1804,William,BEARD,,,Widower,,,Martha,CALLOWHILL,,,Widow,,,,,,,,,,,,,
WOR,Hallow,St Philip and St James,,22 Mar 1804,William,CHAMBERS,,,Bachelor,,,Elizabeth,CREWS,,,Widow,,,,,,,,,,,,,Lic
WOR,Hallow,St Philip and St James,,3 Apr 1804,George,TAYLOR,,,Bachelor,,,Mary,BRAZIER,,Grimley,Spinster,,,,,,,,,,,,,
WOR,Hallow,St Philip and St James,,3 Apr 1804,Thomas,BRIGHT,,,Bachelor,,,Sarah,JONES,,Grimley,Spinster,,,,,,,,,,,,,
WOR,Hallow,St Philip and St James,,22 Jul 1804,Thomas,DEEKIN,,,Bachelor,,,Susanne,ARCHER,,,Spinster,,,,,,,,,,,,,
WOR,Hallow,St Philip and St James,,5 Aug 1804,Joseph,SHERWOOD,,Wichenford,Bachelor,,,Mary,SMITH,,,Spinster,,,,,,,,,,,,,
WOR,Hallow,St Philip and St James,,6 Nov 1804,Richard,ROLLINS,,,Bachelor,,,Hannah,HAYWARD,,,Spinster,,,,,,,,,,,,,
WOR,Hallow,St Philip and St James,,22 Jan 1805,John,JONES,,,Bachelor,,,Ann,STEPHENS,,,Spinster,,,,,,,,,,,,,
WOR,Hallow,St Philip and St James,,21 Jan 1805,William,PARSONS,,,Bachelor,,,Ann,JOHNSONS,,,Spinster,,,,,,,,,,,,,
WOR,Hallow,St Philip and St James,,25 Feb 1805,Thomas,BROWN,,,Bachelor,,,Elizabeth,PERKINS,,,Spinster,,,,,,,,,,,,,
WOR,Hallow,St Philip and St James,,4 Apr 1805,John,FARLY,,,Bachelor,,,Elizabeth,MAYLET,,,Spinster,,,,,,,,,,,,,
WOR,Hallow,St Philip and St James,,29 Apr 1805,Thomas,BRIGHT,,,Bachelor,,,Mary,UNDERWOOD,,,Spinster,,,,,,,,,,,,,Lic
WOR,Hallow,St Philip and St James,,13 May 1805,William,GRUBB,,,Bachelor,,,Sarah,LOVERIDGE,,,Spinster,,,,,,,,,,,,,
WOR,Hallow,St Philip and St James,,23 Jun 1805,James,GRIFFITHS,,,Bachelor,,,Elizabeth,BROOKS,,,Spinster,,,,,,,,,,,,,
WOR,Hallow,St Philip and St James,,4 Nov 1805,John,TAYLOR,,,Bachelor,,,Ann,PERRY,,,Spinster,,,,,,,,,,,,,
WOR,Hallow,St Philip and St James,,13 Jan 1806,Thomas,EVANS,,Whichenford,Bachelor,,,Mary,PAINE,,,Spinster,,,,,,,,,,,,,Lic
WOR,Hallow,St Philip and St James,,13 Jan 1806,Joseph,ROSS,,,Bachelor,,,Mary,MALLARD,,,Spinster,,,,,,,,,,,,,
WOR,Hallow,St Philip and St James,,26 Feb 1806,Joseph,SLAUGHTER,,,Bachelor,,,Elizabeth,WALFORD,,,Spinster,,,,,,,,,,,,,
WOR,Hallow,St Philip and St James,,1 Apr 1806,Philip,PASSY,,,Bachelor,,,Mary,WRIGHT,,,Spinster,,,,,,,,,,,,,
WOR,Hallow,St Philip and St James,,12 Apr 1806,William,WALKER,,,Bachelor,,,Elizabeth,GRUBB,,,Spinster,,,,,,,,,,,,,Lic
WOR,Hallow,St Philip and St James,,24 Jul 1806,Joseph,DEE,,,Widower,,,Ann,HOBDEE,,,Spinster,,,,,,,,,,,,,
WOR,Hallow,St Philip and St James,,10 Aug 1806,Samuel,BOOTON,,,Bachelor,,,Sarah,YARNOLD,,,Spinster,,,,,,,,,,,,,
WOR,Hallow,St Philip and St James,,2 Sep 1806,George,BISHOP,,,Bachelor,,,Mary,BLIZZARD,,,Spinster,,,,,,,,,,,,,
WOR,Hallow,St Philip and St James,,14 Sep 1806,John,BROOKES,,,Bachelor,,,Elizabeth,ROWLEY,,,Spinster,,,,,,,,,,,,,
WOR,Hallow,St Philip and St James,,8 Dec 1806,John,DOWNES,,,Bachelor,,,Phebe,CORBET,,,Spinster,,,,,,,,,,,,,
WOR,Hallow,St Philip and St James,,2 Apr 1807,John,SOUTHALL,,Abberley,Bachelor,,,Sarah,BARBER,,,Spinster,,,,,,,,,,,,,Lic
WOR,Hallow,St Philip and St James,,7 Apr 1807,John,BULLOCK,,,Bachelor,,,Letitia,POWEL,,,Spinster,,,,,,,,,,,,,
WOR,Hallow,St Philip and St James,,7 Jun 1807,Richard,LILWALL,,,Widower,,,Esther,STONE,,,Spinster,,,,,,,,,,,,,
WOR,Hallow,St Philip and St James,,16 Jun 1807,William,CHILLINGWORTH,,,Bachelor,,,Frances,WILKINS,,,Spinster,,,,,,,,,,,,,
WOR,Hallow,St Philip and St James,,28 Jul 1807,Edward,EVANS,,,Bachelor,,,Sarah,FIELD,,,Spinster,,,,,,,,,,,,,
WOR,Hallow,St Philip and St James,,29 Jul 1807,John,RUDGE,,Powick,Bachelor,,,Elizabeth,BEACH,,,Spinster,,,,,,,,,,,,,Lic
WOR,Hallow,St Philip and St James,,27 Aug 1807,James,GRUBB,,,Widower,,,Mary,RENTON,,St John's Worcester,Spinster,,,,,,,,,,,,,Lic
WOR,Hallow,St Philip and St James,,2 Sep 1807,Isaac,PULLIN,,Claines,Bachelor,,,Susanne,SLATER,,,Spinster,,,,,,,,,,,,,Lic
WOR,Hallow,St Philip and St James,,5 Oct 1807,John,WALTERS,,,Bachelor,,,Mary,HOLLIDAY,,,Spinster,,,,,,,,,,,,,
WOR,Hallow,St Philip and St James,,22 Oct 1807,Thomas,MORRIS,,,Widower,,,Ann,BAYLIS,,,Spinster,,,,,,,,,,,,,
WOR,Hallow,St Philip and St James,,19 Nov 1807,William,WHITTY,,,Bachelor,,,Ann,WILLIAMS,,,Spinster,,,,,,,,,,,,,
WOR,Hallow,St Philip and St James,,26 Dec 1807,William,FOWKES,,,Bachelor,,,Sarah,BISHOP,,,Spinster,,,,,,,,,,,,,
WOR,Hallow,St Philip and St James,,2 Mar 1808,William,EVANS,,,Bachelor,,,Ann,GALE,,Grimley,Spinster,,,,,,,,,,,,,Lic
WOR,Hallow,St Philip and St James,,22 Mar 1808,Richard,SMITH,,,Bachelor,,,Susannah,CROOK,,,Spinster,,,,,,,,,,,,,
WOR,Hallow,St Philip and St James,,13 Apr 1808,William,ROSS,,,Bachelor,,,Mussey,JONES,,,Spinster,,,,,,,,,,,,,
WOR,Hallow,St Philip and St James,,5 May 1808,Joseph,SEVERN,,,Widower,,,Ann,TAYLOR,,,Spinster,,,,,,,,,,,,,
WOR,Hallow,St Philip and St James,,17 Jul 1808,Silvester,SILL,,,Bachelor,,,Prudence Marie,WILKINSON,,,Spinster,,,,,,,,,,,,,
WOR,Hallow,St Philip and St James,,18 Oct 1808,Samuel,BOWKETT,,,Bachelor,,,Sarah,KINGS,,,Spinster,,,,,,,,,,,,,
WOR,Hallow,St Philip and St James,,18 Oct 1808,John,BROWN,,,Bachelor,,,Ann,JONES,,,Spinster,,,,,,,,,,,,,
WOR,Hallow,St Philip and St James,,27 Dec 1808,John,JAMES,,,Bachelor,,,Mary,HODGES,,,Spinster,,,,,,,,,,,,,
WOR,Hallow,St Philip and St James,,20 Mar 1808,Thomas,DOUGHY,,,Bachelor,,,Marie,WEAVER,,,Spinster,,,,,,,,,,,,,
WOR,Hallow,St Philip and St James,,25 May 1809,John,ROUSE,,,Bachelor,,,Eleanor,MAYLETT,,,Spinster,,,,,,,,,,,,,
WOR,Hallow,St Philip and St James,,7 Jun 1809,Richard,GARNETT,,,Bachelor,,,Ann,PARSONS,,,Spinster,,,,,,,,,,,,,
WOR,Hallow,St Philip and St James,,7 Oct 1809,John,BENNETT,,Bromyard HEF,Widower,,,Hannah,LASKFORD,,,Spinster,,,,,,,,,,,,,Lic
WOR,Hallow,St Philip and St James,,17 Dec 1809,George,SMITH,,Slaughter GLS,Bachelor,,,Mary,RIMELL,,,Spinster,,,,,,,,,,,,,Lic
WOR,Hallow,St Philip and St James,,26 Dec 1809,Joseph,WALKER,,,Bachelor,,,Ann,JONES,,,Spinster,,,,,,,,,,,,,
WOR,Hallow,St Philip and St James,,15 Mar 1810,John,PERKINS,,Stoke Prior,Bachelor,,,Mary,HUNT,,,Spinster,,,,,,,,,,,,,Lic
WOR,Hallow,St Philip and St James,,24 Apr 1810,Richard,WOUGHTON,,,Bachelor,,,Ann,GRIFFITHS,,,Spinster,,,,,,,,,,,,,
WOR,Hallow,St Philip and St James,,29 Apr 1810,Thomas,EVANS,,,Bachelor,,,fanny,TOOBLEY,,,Spinster,,,,,,,,,,,,,
WOR,Hallow,St Philip and St James,,28 May 1810,Benjamin,CLAYTON,,,Bachelor,,,Hetty,COLE,,,Spinster,,,,,,,,,,,,,
WOR,Hallow,St Philip and St James,,3 Jun 1810,Charles,OSELAND,,,Bachelor,,,Elizabeth,DANCLIN,,,,,,,,,,,,,,,,
WOR,Hallow,St Philip and St James,,19 Jul 1810,James,HOLMES,,Claines,Bachelor,,,Mary,EVANS,,,Spinster,,,,,,,,,,,,,Lic
WOR,Hallow,St Philip and St James,,9 Oct 1810,Joseph,PRITCHARD,,,Widower,,,Ann,DAVIS,,,Spinster,,,,,,,,,,,,,
WOR,Hallow,St Philip and St James,,22 Oct 1810,Thomas,SPARKES,,,Bachelor,,,Susanne,MOLE,,Ombersley,Spinster,,,,,,,,,,,,,
WOR,Hallow,St Philip and St James,,18 Dec 1801,William,STOKES,,,Widower,,,Mary,POWELL,,,Spinster,,,,,,,,,,,,,
WOR,Hallow,St Philip and St James,,29 Jan 1811,Thomas,RYDER,,,Bachelor,,,Ann,DOBBS,,,Spinster,,,,,,,,,,,,,Lic
WOR,Hallow,St Philip and St James,,25 Feb 1811,James,LAMB,,Grimley,Bachelor,,,Sarah,PROSSER,,,Widow,,,,,,,,,,,,,
WOR,Hallow,St Philip and St James,,11 Mar 1811,George,PARDO,,,Bachelor,,,Maria,TAYLOR,,,Widow,,,,,,,,,,,,,
WOR,Hallow,St Philip and St James,,16 Apr 1811,William,EMS,,,Bachelor,,,Susanna,PATRICK,,,Spinster,,,,,,,,,,,,,
WOR,Hallow,St Philip and St James,,27 May 1811,William,MITTER,,,Bachelor,,,Elizabeth,BOUGHTON,,,Spinster,,,,,,,,,,,,,MUTTER?
WOR,Hallow,St Philip and St James,,6 Aug 1811,Henry,WEAGER,,,Bachelor,,,Susanna,DEAN,,,Spinster,,,,,,,,,,,,,WEAVER?
WOR,Hallow,St Philip and St James,,19 Aug 1811,John,-,,,Bachelor,,,Mary,RYDER,,,Widow,,,,,,,,,,,,,Lic
WOR,Hallow,St Philip and St James,,25 Sep 1811,William,BROWN,,,Bachelor,,,Ann,LOVERIDGE,,,Spinster,,,,,,,,,,,,,
WOR,Hallow,St Philip and St James,,7 Oct 1811,George,EDWARDS,,,Bachelor,,,Susanna,GRIMES,,,Spinster,,,,,,,,,,,,,
WOR,Hallow,St Philip and St James,,20 Oct 1811,John,MERRELL,,Huddington,Bachelor,,,Mary,RYDER,,,Spinster,,,,,,,,,,,,,Lic
WOR,Hallow,St Philip and St James,,30 Mar 1812,Samuel,HARRIS,,Kidderminster,Bachelor,,,Elizabeth,PAINE,,,Spinster,,,,,,,,,,,,,Lic
WOR,Hallow,St Philip and St James,,7 Apr 1812,Joseph,PARTRIDGE,,,Bachelor,,,Ann,WINKETT,,,Spinster,,,,,,,,,,,,,
WOR,Hallow,St Philip and St James,,4 May 1812,William,ALEXANDER,,,Bachelor,,,Elizabeth,GRIFFITHS,,,Spinster,,,,,,,,,,,,,
WOR,Hallow,St Philip and St James,,11 May 1812,James,HINNETT,,,Bachelor,,,Sarah,BARNES,,,,,,,,,,,,,,,,
WOR,Hallow,St Philip and St James,,29 Aug 1812,George,PHILPOTT,,,Bachelor,,,Joyce,ALLEN,,,Spinster,,,,,,,,,,,,,
WOR,Hallow,St Philip and St James,,20 Sep 1812,Joseph,YEATES,,,Bachelor,,,Mary,POUND,,,Spinster,,,,,,,,,,,,,
WOR,Hallow,St Philip and St James,,2 Nov 1812,William,WILLIAMS,,,Widower,,,Mary,SPRAGUE,,,Spinster,,,,,,,,,,,,,
