+INFO,David@davejo.eclipse.co.uk,password,SEQUENCED,BURIALS,,3.01.14
#,CCC,David Newbury,Worcestershire,WORPERBU2.CSV,18-Apr-00
#,CREDIT,,
#,04-Oct-2013,WRO,
WOR,Pershore,St Andrew,372,5 Jan 1852,Emma,,,,,ADAMS,28,Bridge St,
WOR,Pershore,St Andrew,373,19 Jan 1852,George,,,,,JONES,18,Binholme,
WOR,Pershore,St Andrew,374,2 Feb 1852,Frances,,,,,GANDERTON,72,High St,
WOR,Pershore,St Andrew,375,27 Feb 1852,Ann,,,,,WHITE___D,85,Bridge St,likely to be WHITEHEAD
WOR,Pershore,St Andrew,376,12 Mar 1852,John,,,,,BAKER,86,Broughton,
WOR,Pershore,St Andrew,377,13 Mar 1852,Elizabeth,,,,,RILEY,54,Workhouse,
WOR,Pershore,St Andrew,378,17 Mar 1852,Ann,,,,,BAKER,76,Broughton,
WOR,Pershore,St Andrew,379,20 Mar 1852,William,,,,,HATCH,84,Workhouse,
WOR,Pershore,St Andrew,380,13 Apr 1852,Frederick,,,,,BICK,47,High St,
WOR,Pershore,St Andrew,381,13 Apr 1852,Emma,,,,,JONES,5w,Head St,
WOR,Pershore,St Andrew,382,15 Apr 1852,John,,,,,HEMMING,73,Wick,
WOR,Pershore,St Andrew,383,21 Apr 1852,John,,,,,HENDERSON,56,Bridge St,
WOR,Pershore,St Andrew,384,5 May 1852,Henry,,,,,LAUGHEN,Infant,Bridge St,
WOR,Pershore,St Andrew,385,5 May 1852,Mary,,,,,SALISBURY,79,Broad St,
WOR,Pershore,St Andrew,386,13 May 1852,William,,,,,CULL,62,Broughton,
WOR,Pershore,St Andrew,387,10 Jul 1852,George,,,,,GANDERTON,43,Bridge St,
WOR,Pershore,St Andrew,388,10 Aug 1852,George,,,,,DOLPHIN,Infant,Newlands,
WOR,Pershore,St Andrew,389,10 Aug 1852,James,,,,,DOLPHIN,Infant,Newlands,
WOR,Pershore,St Andrew,390,13 Aug 1852,John,,,,,ADAMS,29,Bridge St,
WOR,Pershore,St Andrew,391,13 Aug 1852,John,,,,,MAUND,2m,Abbotswood,
WOR,Pershore,St Andrew,392,21 Aug 1852,Ann,,,,,OSBOURNE,6,Wick,
WOR,Pershore,St Andrew,393,20 Sep 1852,William,,,,,WELLAND,58,Wick,
WOR,Pershore,St Andrew,394,15 Oct 1852,William,,,,,ANDREWS,63,Hallow,
WOR,Pershore,St Andrew,395,15 Oct 1852,Sarah,,,,,WHEELER,75,High St,
WOR,Pershore,St Andrew,396,25 Oct 1852,Elizabeth,,,,,WICKS,71,Newlands,
WOR,Pershore,St Andrew,397,2 Dec 1852,John,,,,,PULLEY,Infant,Workhouse,
WOR,Pershore,St Andrew,398,7 Jan 1853,Elizabeth,,,,,CLAGTON,80,Broughton,
WOR,Pershore,St Andrew,399,23 Jan 1853,William,,,,,SANDERS,52,High St,
WOR,Pershore,St Andrew,400,30 Jan 1853,Hannah,,,,,CHECKETTS,58,High St,
WOR,Pershore,St Andrew,401,14 Feb 1853,Sarah,,,,,YOUNG,91,High St,
WOR,Pershore,St Andrew,402,18 Feb 1853,Letitia,,,,,LLOYD,70,Church St,
WOR,Pershore,St Andrew,403,18 Feb 1853,John,,,,,BRADSTOCK,56,Binholme,
WOR,Pershore,St Andrew,404,23 Feb 1853,Joseph,,,,,TIDMARSH,Infant,Wick,
WOR,Pershore,St Andrew,405,23 Mar 1853,Benjamin,,,,,PRATT,70,High St,
WOR,Pershore,St Andrew,406,2 May 1853,Abel William,,,,,RICKETTS,19,Bridge St,
WOR,Pershore,St Andrew,407,6 May 1853,Elizabeth,,,,,HEMMINGS,71,Wick,
WOR,Pershore,St Andrew,408,16 May 1853,Jane,,,,,AMPHLETT,4,Bachelors Entry,
WOR,Pershore,St Andrew,409,21 Jun 1853,Barbara,,,,,EDGINTON,17,Tidsley Wood,
WOR,Pershore,St Andrew,410,12 Jul 1853,Hannah,,,,,BURFORD,61,Workhouse,
WOR,Pershore,St Andrew,411,19 Jul 1853,Thomas,,,,,TUSTIN,75,Workhouse,
WOR,Pershore,St Andrew,412,4 Aug 1853,Edward,,,,,WRIDGWAY,Infant,High St,
WOR,Pershore,St Andrew,413,16 Aug 1853,Fanny,,,,,MOORE,Infant,High St,
WOR,Pershore,St Andrew,414,17 Aug 1853,Mary,,,,,COLLINS,76,Newland,
WOR,Pershore,St Andrew,415,30 Aug 1853,Mary,,,,,HEMMINGS,83,Newland,
WOR,Pershore,St Andrew,416,4 Oct 1853,Richard,,,,,COLLINS,53,Wick,
WOR,Pershore,St Andrew,417,4 Oct 1853,Alfred,,,,,YOUNG,3m,Wick,
WOR,Pershore,St Andrew,418,25 Oct 1853,Moses,,,,,JEYNES,15,Allesborough,
WOR,Pershore,St Andrew,419,5 Nov 1853,Henry,,,,,BAKER,72,Bridge St,
WOR,Pershore,St Andrew,420,21 Nov 1853,Giles,,,,,CHECKETTS,72,High St,
WOR,Pershore,St Andrew,421,16 Dec 1853,Joseph,,,,,WESTWOOD,82,Broughton,
WOR,Pershore,St Andrew,422,27 Dec 1853,Susan,,,,,MATTHEWS,79,Newlands,
WOR,Pershore,St Andrew,423,28 Dec 1853,Mary,,,,,BURCH,87,Newlands,
WOR,Pershore,St Andrew,424,8 Jan 1854,Mary,,,,,KINGS,65,Lych Lane,
WOR,Pershore,St Andrew,425,2 Mar 1854,Ellen,,,,,OSBOURNE,5m,Wick,
WOR,Pershore,St Andrew,426,24 Feb 1854,John Augustas,,,,,ALLEN,12,High St,
WOR,Pershore,St Andrew,427,11 Apr 1854,Sarah,,,,,HAYNES,2,Newlands,
WOR,Pershore,St Andrew,428,24 Apr 1854,Ann,,,,,GANDERTON,67,Bridge St,
WOR,Pershore,St Andrew,429,30 Apr 1854,Thomas,,,,,GOULD,7,Priest Lane,
WOR,Pershore,St Andrew,430,30 Apr 1854,Henry,,,,,JOHNSON,21,Binholme,
WOR,Pershore,St Andrew,431,15 May 1854,William,,,,,COLE,23,Broughton,
WOR,Pershore,St Andrew,432,16 May 1854,Sarah Ann,,,,,WRIGHT,4,Head St,
WOR,Pershore,St Andrew,433,28 May 1854,Sarah,,,,,COLE,48,Broughton,
WOR,Pershore,St Andrew,434,4 Jun 1854,Samuel,,,,,COLLINS,47,Newlands,
WOR,Pershore,St Andrew,435,5 Jun 1854,Maria,,,,,COLE,37,London Bank,
WOR,Pershore,St Andrew,436,5 Jun 1854,William,,,,,WOODWARD,66,Wingmoor,
WOR,Pershore,St Andrew,437,11 Jun 1854,William,,,,,STYLES,80,Pensham,
WOR,Pershore,St Andrew,438,10 Jul 1854,Joseph,,,,,TUSHINGHAM,54,Pensham,
WOR,Pershore,St Andrew,439,19 Jul 1854,Richard,,,,,HOPE,73,High St,
WOR,Pershore,St Andrew,440,17 Jul 1854,Rhoda,,,,,RAMMELL,11m,Binholme,
WOR,Pershore,St Andrew,441,21 Jul 1854,Ellen,,,,,MILLINGTON,24,High St,
WOR,Pershore,St Andrew,442,17 Aug 1854,Lucy,,,,,WHITFORD,14,High St,
WOR,Pershore,St Andrew,443,21 Aug 1854,Charles,,,,,MILLINGTON,Infant,Worcester,
WOR,Pershore,St Andrew,444,28 Sep 1854,Eliza,,,,,YOUNG,34,Wick,
WOR,Pershore,St Andrew,445,29 Sep 1854,William,,,,,NASH,78,Broad St,
WOR,Pershore,St Andrew,446,5 Oct 1854,Martha,,,,,CAMBELL,87,Vicarage,
WOR,Pershore,St Andrew,447,9 Oct 1854,Mary Ann,,,,,ANDREWS,9,Wick,
WOR,Pershore,St Andrew,448,22 Oct 1854,Sarah,,,,,JOHNSON,32,Binholme,
WOR,Pershore,St Andrew,449,23 Oct 1854,Ann,,,,,FORSTER,78,Little Lane,Cholera
WOR,Pershore,St Andrew,450,26 Oct 1854,-,,,,,FORSTER,8,Little Lane,Cholera
WOR,Pershore,St Andrew,451,1 Nov 1854,Samuel,,,,,STEPHENS,82,Bridge St,
WOR,Pershore,St Andrew,452,7 Nov 1854,Josiah,,,,,DOBSON,32,Church St,Cholera
WOR,Pershore,St Andrew,453,7 Nov 1854,Sarah,,,,,COOMBE,11,Newland,Cholera
WOR,Pershore,St Andrew,454,7 Nov 1854,Mary,,,,,HEYWOOD,72,Newland,Cholera
WOR,Pershore,St Andrew,455,7 Nov 1854,Edwin,,,,,DOBSON,2,Church St,Cholera
WOR,Pershore,St Andrew,456,8 Nov 1854,Sarah,,,,,COOMBE,35,Newlands,Cholera
WOR,Pershore,St Andrew,457,8 Nov 1854,James,,,,,HEMMING,?35,Newlands,Cholera
WOR,Pershore,St Andrew,458,9 Nov 1854,Ann,,,,,ROUSE,44,Meredith Row,Cholera
WOR,Pershore,St Andrew,459,9 Nov 1854,William,,,,,COOMBE,6,Newland,Cholera
WOR,Pershore,St Andrew,460,9 Nov 1854,Mary,,,,,STILES,11,Head St,Cholera
WOR,Pershore,St Andrew,461,11 Nov 1854,Elizabeth,,,,,HOWES,42?,Church St,Cholera
WOR,Pershore,St Andrew,462,11 Nov 1854,George,,,,,DOBSON,19,Meredith,Chorela
WOR,Pershore,St Andrew,463,12 Nov 1854,Margaret,,,,,TWIGG,6,Head St,Cholera
WOR,Pershore,St Andrew,464,12 Nov 1854,Sarah,,,,,WOODS,70,Head St,Cholera
WOR,Pershore,St Andrew,465,12 Nov 1854,Samuel,,,,,BLIZZARD,6,Lych Lane,Cholera
WOR,Pershore,St Andrew,466,13 Nov 1854,Mary,,,,,DOBSON,62,Meredith Row,Cholera
WOR,Pershore,St Andrew,467,13 Nov 1854,George,,,,,JEFFERIES,Infant,Newland,Cholera
WOR,Pershore,St Andrew,468,13 Nov 1854,Joseph,,,,,BLIZZARD,4,Lych Lane,Cholera
WOR,Pershore,St Andrew,469,14 Nov 1854,-,,,,,TWIGG,5,Newland,Cholera
WOR,Pershore,St Andrew,470,14 Nov 1854,Caroline,,,,,TWIGG,24?,Newland,Cholera
WOR,Pershore,St Andrew,471,15 Nov 1854,Ann,,,,,EDINGTON,53,Church St,
WOR,Pershore,St Andrew,472,17 Nov 1854,Hannah,,,,,IZOD,20,Meredith Row,Cholera
WOR,Pershore,St Andrew,473,17 Nov 1854,Samuel,,,,,GWILLIAM,43,High St,
WOR,Pershore,St Andrew,474,20 Nov 1854,Esther,,,,,IZOD,63,Meredith Row,Cholera
WOR,Pershore,St Andrew,475,26 Nov 1854,Elizabeth,,,,,HORTON,24,Head St,
WOR,Pershore,St Andrew,476,21 Jan 1855,James,,,,,REDDING,32,Broad St,
WOR,Pershore,St Andrew,477,28 Jan 1855,-,,,,,HAINES,54,Pensham,
WOR,Pershore,St Andrew,478,30 Jan 1855,James,,,,,FARLEY,83,Bridge St,
WOR,Pershore,St Andrew,479,9 Feb 1855,Samuel,,,,,DAVIES,32,Lych Lane,
WOR,Pershore,St Andrew,480,7 Feb 1855,Isaac,,,,,KINGS,74,Church St,
WOR,Pershore,St Andrew,481,14 Feb 1855,Eglantine,,,,,YOUNG,1,Workhouse,
WOR,Pershore,St Andrew,482,14 Feb 1855,Emma,,,,,SHOTTON,8m,Bridge St,
WOR,Pershore,St Andrew,483,14 Mar 1855,Mary,,,,,WRIDGWAY,64,Upton on Severn,
WOR,Pershore,St Andrew,484,15 Mar 1855,Martha,,,,,DOLPHIN,11m,Newlands,
WOR,Pershore,St Andrew,485,16 Mar 1855,Esther,,,,,HUNT,84,Newlands,
WOR,Pershore,St Andrew,486,5 Apr 1855,William Charles,,,,,PUGH,2,Wick,
WOR,Pershore,St Andrew,487,19 Apr 1855,Mark,,,,,DRIVER,53,Pensham,
WOR,Pershore,St Andrew,488,25 Apr 1855,Paul,,,,,WILLIAMS,55,,Pershore
WOR,Pershore,St Andrew,489,9 May 1855,Joseph Edward,,,,,WEST,Infant,London Bank,
WOR,Pershore,St Andrew,490,19 May 1855,George,,,,,LAURRETH,78,Pensham,
WOR,Pershore,St Andrew,491,30 May 1855,Timothy,,,,,BLIZZARD,5w,Three Springs,
WOR,Pershore,St Andrew,492,6 Jun 1855,Dorothy,,,,,WESTWOOD,72,Workhouse,
WOR,Pershore,St Andrew,493,12 Jun 1855,Sarah Ann,,,,,LOUGH,1w,Pensham,
WOR,Pershore,St Andrew,494,19 Jun 1855,John,,,,,JUCKTON?,74,High St,
WOR,Pershore,St Andrew,495,11 Jul 1855,Edwin,,,,,GANDERTON,36,High St,
WOR,Pershore,St Andrew,496,17 Jul 1855,Ann Pratt,,,,,RUSHER,3,High St,
WOR,Pershore,St Andrew,497,19 Jul 1855,John,,,,,BAKER,2m,Bridge St,
WOR,Pershore,St Andrew,498,25 Aug 1855,Hannah,,,,,HOOPER,79,Workhouse,
WOR,Pershore,St Andrew,499,26 Sep 1855,John,,,,,HORTON,15,Church St,
WOR,Pershore,St Andrew,500,25 Oct 1855,Mary,,,,,EVANS,77,Binholme,
WOR,Pershore,St Andrew,501,14 Nov 1855,Thomas,,,,,MILWARD,38,Broad St,
WOR,Pershore,St Andrew,502,17 Nov 1855,Eliza,,,,,EVERETT,32,Binholme,
WOR,Pershore,St Andrew,503,26 Nov 1855,Ann,,,,,LAURENCE,40,Workhouse,
WOR,Pershore,St Andrew,504,3 Dec 1855,Thomas,,,,,LLOYD,96,Worcester,
WOR,Pershore,St Andrew,505,15 Dec 1855,John,,,,,STEPHENS,63,Broughton,
WOR,Pershore,St Andrew,506,23 Dec 1855,George William,,,,,SQUIRES,Infant,High St,4th Sunday In Advent
WOR,Pershore,St Andrew,507,25 Dec 1855,James,,,,,TREEN,64,Crabb Common,
WOR,Pershore,St Andrew,508,26 Jan 1856,Elizabeth,,,,,CHICK,36,Bridge St,
WOR,Pershore,St Andrew,509,11 Feb 1856,Sarah,,,,,SAGUS,86,High St,
WOR,Pershore,St Andrew,510,13 Feb 1856,Mary,,,,,CULL,77,Broughton,
WOR,Pershore,St Andrew,511,14 Feb 1856,Mary Jane,,,,,BAKER,3,Meredith Row,
WOR,Pershore,St Andrew,512,4 Mar 1856,William,,,,,HARTWELL,14,Pensham,
WOR,Pershore,St Andrew,513,26 Mar 1856,Elizabeth,,,,,WOOLEY,69,Broad St,
WOR,Pershore,St Andrew,514,28 Apr 1856,Ellen,,,,,DOBSON,30,Stourport,
WOR,Pershore,St Andrew,515,8 May 1856,Elizabeth,,,,,DOLPHIN,76,Lych Lane,
WOR,Pershore,St Andrew,516,18 May 1856,Honeyborn,,,,,EVANS,80,Workhouse,
WOR,Pershore,St Andrew,517,28 Jun 1856,Louisa,,,,,WORKMAN,16,High St,
WOR,Pershore,St Andrew,518,2 Jul 1856,Elizabeth,,,,,ROBINS,52,Wick,
WOR,Pershore,St Andrew,519,4 Jul 1856,William,,,,,DUFTY,25,Binholme,
WOR,Pershore,St Andrew,520,13 Jul 1856,Charles,,,,,DANCE,17y9m,Wick,
WOR,Pershore,St Andrew,521,28 Jul 1856,John,,,,,SMITH,72,Marazion Cornwall,
WOR,Pershore,St Andrew,522,4 Aug 1856,Sarah,,,,,CLIFFORD,87,Head St,
WOR,Pershore,St Andrew,523,5 Nov 1856,Mary,,,,,DANTER,67,,Pensham
WOR,Pershore,St Andrew,524,9 Nov 1856,William Benjamin,,,,,HAINES,Infant,Meredith Row,
WOR,Pershore,St Andrew,525,10 Nov 1856,Sarah,,,,,RUSHER,6,High St,
WOR,Pershore,St Andrew,526,19 Nov 1856,John,,,,,ROBINS,51,Wick,
WOR,Pershore,St Andrew,527,28 Nov 1856,James,,,,,BLAKE,78,Newlands,
WOR,Pershore,St Andrew,528,24 Nov 1856,Nancy,,,,,RUSHER,1y3m,High St,
WOR,Pershore,St Andrew,529,3 Dec 1856,Harriet,,,,,RUSHER,3,High St,
WOR,Pershore,St Andrew,530,6 Dec 1856,Amelia,,,,,RUSHER,Infant,High St,
WOR,Pershore,St Andrew,531,7 Dec 1856,Jane,,,,,DANCE,10,Wick,
WOR,Pershore,St Andrew,532,10 Dec 1856,Mary Ann,,,,,DANIELS,2w,Broughton,
WOR,Pershore,St Andrew,533,2 Jan 1857,Joseph,,,,,COOK,2,High St,
WOR,Pershore,St Andrew,534,1 Feb 1857,Ann,,,,,BIGGS,67,Wick,
WOR,Pershore,St Andrew,535,4 Feb 1857,Elizabeth,,,,,AMHURST,89,Pershore,
WOR,Pershore,St Andrew,536,7 Mar 1857,James Talbot,,,,,GLASBROOK,74,High St,
WOR,Pershore,St Andrew,537,11 Mar 1857,Joseph,,,,,FARLEY,72,Bachelors Entry,
WOR,Pershore,St Andrew,538,15 Mar 1857,Eliza,,,,,CHECKETTS,37,Head St,
WOR,Pershore,St Andrew,539,18 Mar 1857,Susan,,,,,WORKMAN,30,Worcester,
WOR,Pershore,St Andrew,540,1 Apr 1857,-,,,,,HOOPER,Infant,Stocking,
WOR,Pershore,St Andrew,541,16 Apr 1857,Emma,,,,,BROWN,10m,Wick,
WOR,Pershore,St Andrew,542,28 Apr 1857,Charles,,,,,CARTER,3,Wick,
WOR,Pershore,St Andrew,543,10 May 1857,Charles,,,,,HAINES,3,Pensham,
WOR,Pershore,St Andrew,544,13 May 1857,Alfred,,,,,TAYLOR,2,Pensham,
WOR,Pershore,St Andrew,545,3 Jun 1857,John,,,,,BROMLEY,82,London Bank,
WOR,Pershore,St Andrew,546,10 Jun 1857,Thomas,,,,,GREENING,40,Binholme,
WOR,Pershore,St Andrew,547,15 Jun 1857,Benjamin,,,,,GANDERTON,72,Church Row,
WOR,Pershore,St Andrew,548,20 Jul 1857,William,,,,,JOHNSON,64,Church Row,killed in the White Horse Inn
WOR,Pershore,St Andrew,549,19 Aug 1857,Selina,,,,,STEPHENS,21,High St,
WOR,Pershore,St Andrew,550,20 Sep 1857,Emma,,,,,GILES,Infant,Newland,
WOR,Pershore,St Andrew,551,10 Nov 1857,Jane,,,,,HAINES,2,Pensham,
WOR,Pershore,St Andrew,552,27 Nov 1857,William,,,,,NASH,46,Broad St,
WOR,Pershore,St Andrew,553,1 Dec 1857,Henry Owen,,,,,FRANCIS,9m,Birlingham,
WOR,Pershore,St Andrew,554,18 Dec 1857,Harriet,,,,,ROBERTS,1,Meredith Row,
WOR,Pershore,St Andrew,555,28 Jan 1858,-,,,,,DAUKIN,5y6m,Broad St,
WOR,Pershore,St Andrew,556,7 Feb 1858,William,,,,,GOULD,60,Head st,
WOR,Pershore,St Andrew,557,10 Feb 1858,William,,,,,BARNES,51,High St,
WOR,Pershore,St Andrew,558,18 Feb 1858,Ann Ellen,,,,,MILWARD,Infant,High St,
WOR,Pershore,St Andrew,559,21 Mar 1858,William,,,,,EVANS,4m,Workhouse,
WOR,Pershore,St Andrew,560,25 Apr 1858,William,,,,,JOSEPH,22,Wick,
WOR,Pershore,St Andrew,561,23 Jun 1858,James,,,,,WINWOOD,7,Head St,
WOR,Pershore,St Andrew,562,2 Jul 1858,Harriet,,,,,WILLIS,11,Wick,
WOR,Pershore,St Andrew,563,31 Jul 1858,Mary Jane,,,,,HALL,2,Pershore,
WOR,Pershore,St Andrew,564,12 Sep 1858,Herbert,,,,,COOK,17,Newlands,
WOR,Pershore,St Andrew,565,16 Sep 1858,Thomas,,,,,TEAGUE,29,Meredith Row,
WOR,Pershore,St Andrew,566,29 Sep 1858,Thomas,,,,,HUMPHRIES,40,High St,
WOR,Pershore,St Andrew,567,3 Oct 1858,Elizabeth,,,,,HALL,1,Priest Lane,
WOR,Pershore,St Andrew,568,18 Oct 1858,Thomas,,,,,TALE,41,Workhouse,
WOR,Pershore,St Andrew,569,20 Oct 1858,Ann,,,,,WALLACE,86,Wick,
WOR,Pershore,St Andrew,570,30 Oct 1858,Lydia,,,,,SIMMONDS,62,High St,
WOR,Pershore,St Andrew,571,6 Dec 1858,Sarah,,,,,HAINES,32,Pensham,
WOR,Pershore,St Andrew,572,6 Dec 1858,Elizabeth,,,,,GOULD,Infant,Pensham,
WOR,Pershore,St Andrew,573,21 Dec 1858,Joseph,,,,,GOULD,Infant,Pensham,
WOR,Pershore,St Andrew,574,22 Jan 1859,Eliza,,,,,JEYNES,23,Pershore Fields,
WOR,Pershore,St Andrew,575,25 Jan 1859,Sarah,,,,,WORKMAN,85,Pershore,
WOR,Pershore,St Andrew,576,12 Feb 1859,Louisa,,,,,HUMPHRIES,1y6m,High St,
WOR,Pershore,St Andrew,577,19 Feb 1859,James,,,,,SMITH,32,Bridge St,
WOR,Pershore,St Andrew,578,23 Feb 1859,Henry,,,,,GEORGE,42,Pensham,
WOR,Pershore,St Andrew,579,27 Feb 1859,Louisa,,,,,MADDOCK,Infant,Bachelors Entry,
WOR,Pershore,St Andrew,580,28 Feb 1859,William,,,,,TEALE,3,Workhouse,
WOR,Pershore,St Andrew,581,20 Mar 1859,Mary Ann,,,,,JELF,Infant,Wadbro,
WOR,Pershore,St Andrew,582,21 Mar 1859,Jane,,,,,COLE,44,High St,
WOR,Pershore,St Andrew,583,21 Mar 1859,Naresa Lavinia,,,,,COLE,Infant,High St,
WOR,Pershore,St Andrew,584,22 Mar 1859,William,,,,,DANTER,28,Pensham,
WOR,Pershore,St Andrew,585,30 Mar 1859,Sarah Jane,,,,,NORTON,Infant,Meredith Row,
WOR,Pershore,St Andrew,586,9 Apr 1859,Ellen,,,,,BROWN,11m,Wick,
WOR,Pershore,St Andrew,587,7 Apr 1859,James,,,,,COOK,44,Newlands,
WOR,Pershore,St Andrew,588,14 Apr 1859,George Frederick,,,,,BAKER,Infant,Bridge St,
WOR,Pershore,St Andrew,589,3 May 1859,Jane,,,,,BLIZZARD,2,Three Springs,
WOR,Pershore,St Andrew,590,9 May 1859,Michael,,,,,WAGSTAFFE,71,Binholme,
WOR,Pershore,St Andrew,591,27 May 1859,Annie Maria,,,,,EVERETT,2,Broad St,
WOR,Pershore,St Andrew,592,2 Jun 1859,Thomas,,,,,LANE,83,High St,
WOR,Pershore,St Andrew,593,10 Jun 1859,William,,,,,JORDAN,36,Bull Entry,
WOR,Pershore,St Andrew,594,7 Jul 1859,Arthur,,,,,OBERT?,60,Ganderton Row,
WOR,Pershore,St Andrew,595,11 Aug 1859,Catherine,,,,,MILWARD,76,High St,
WOR,Pershore,St Andrew,596,19 Aug 1859,Penelope,,,,,HUMPHRIES,3,High St,
WOR,Pershore,St Andrew,597,19 Aug 1859,John,,,,,WADLEY,76,Broad St,
WOR,Pershore,St Andrew,598,20 Aug 1859,Elizabeth,,,,,VERENDER,26,Wick,
WOR,Pershore,St Andrew,599,11 Sep 1859,Mira,,,,,SHUTTER,Infant,Rickett Entry,
WOR,Pershore,St Andrew,600,20 Sep 1859,Sarah Ann,,,,,VERENDER,Infant,Wick,
WOR,Pershore,St Andrew,601,3 Nov 1859,Mark,,,,,DRIVER,3m,Binholme,
WOR,Pershore,St Andrew,602,19 Nov 1859,Henry,,,,,WRIGHT,2,Newlands,
WOR,Pershore,St Andrew,603,22 Nov 1859,Thomas,,,,,GILES,70,Binholme,
WOR,Pershore,St Andrew,604,11 Dec 1859,Ann,,,,,BLAKE,80,Newlands,
WOR,Pershore,St Andrew,605,24 Dec 1859,Eliza Jane,,,,,WORKMAN,2,Church St,
WOR,Pershore,St Andrew,606,26 Dec 1859,Jarius,,,,,SHIPIRD,62,Ganderton Row,this is most likely SHEPHERD
WOR,Pershore,St Andrew,607,28 Dec 1859,Robert,,,,,CHECKETTS,80,Church St,
WOR,Pershore,St Andrew,608,1 Jan 1860,Ann,,,,,DINGLEY,54,High St,
WOR,Pershore,St Andrew,609,17 Feb 1860,Sindonia,,,,,EDWARDS,Infant,Reddings Row,
WOR,Pershore,St Andrew,610,26 Feb 1860,John,,,,,FAIZEY,76,Wick,
WOR,Pershore,St Andrew,611,25 Mar 1860,George,,,,,HALL,17,Newlands,
WOR,Pershore,St Andrew,612,12 Apr 1860,Caroline,,,,,DANCE,1m,Wick,
WOR,Pershore,St Andrew,613,13 Apr 1860,William,,,,,FAULKNER,55,Benholme,
WOR,Pershore,St Andrew,614,22 Apr 1860,Thomas George,,,,,HALL,4,Wick,
WOR,Pershore,St Andrew,615,7 May 1860,Mary,,,,,RUSSELL,81,Bridge St,
WOR,Pershore,St Andrew,616,23 May 1860,John,,,,,STINTON,50,Plough Lane,
WOR,Pershore,St Andrew,617,3 Jun 1860,John,,,,,GOULD,72,Pensham,
WOR,Pershore,St Andrew,618,15 Jun 1860,Mary,,,,,NEW,Infant,High St,
WOR,Pershore,St Andrew,619,17 Jun 1860,George,,,,,DOLPHIN,40,Newlands,
WOR,Pershore,St Andrew,620,23 Jun 1860,Rebecca,,,,,SMITH,33,Bridge St,
WOR,Pershore,St Andrew,621,1 Jul 1860,Mary,,,,,BAYLIS,70,Parkes Field,
WOR,Pershore,St Andrew,622,13 Jul 1860,Grizell,,,,,FARLEY,81,Bachelors Entry,
WOR,Pershore,St Andrew,623,30 Aug 1860,Margaret,,,,,JACKSON,82,High St,
WOR,Pershore,St Andrew,624,6 Sep 1860,John,,,,,GOORE,70,Grimley,
WOR,Pershore,St Andrew,625,12 Sep 1860,Arabella,,,,,CARTER,3m,Wick,
WOR,Pershore,St Andrew,626,26 Sep 1860,Mary Ann,,,,,SHERWOOD,24,Wick,
WOR,Pershore,St Andrew,627,20 Nov 1860,John,,,,,HANDY,58,High St,
WOR,Pershore,St Andrew,628,25 Dec 1860,William,,,,,SMALL?,16m,Little Lane,Smeared with ink
WOR,Pershore,St Andrew,629,11 Jan 1861,Henry,,,,,PHIPPS,17,Pensham,
WOR,Pershore,St Andrew,630,4 Feb 1861,Henry,,,,,TAYLOR,12,Wick,
WOR,Pershore,St Andrew,631,22 Feb 1861,William,,,,,EVERETT,36,Broad St,
WOR,Pershore,St Andrew,632,15 Mar 1861,John,,,,,HALL,7m,Brick Lane,
WOR,Pershore,St Andrew,633,23 Jan 1861,Alice Mary,,,,,BAUGH,Infant,Cheltenham,
WOR,Pershore,St Andrew,634,3 Apr 1861,Elizabeth,,,,,D*****R,Infant,Pensham,probably DANTER
WOR,Pershore,St Andrew,635,7 Apr 1861,Elizabeth,,,,,EVERETT,Infant,Benholme,
WOR,Pershore,St Andrew,636,13 Apr 1861,Arabella,,,,,CARTER,10m,Wick,
WOR,Pershore,St Andrew,637,14 Apr 1861,William,,,,,DAVIS,71,Church St,
WOR,Pershore,St Andrew,638,15 Apr 1861,Ann,,,,,SHEPPERD,68,Bishop's Frome,
WOR,Pershore,St Andrew,639,29 Apr 1861,Thomas,,,,,HAYNES,72,Pensham,
WOR,Pershore,St Andrew,640,6 Jul 1861,Mary,,,,,BURCH,24,Pensham,
WOR,Pershore,St Andrew,641,23 Jul 1861,George,,,,,PENGRIFF,14,Head St,
WOR,Pershore,St Andrew,642,14 Aug 1861,Fanny,,,,,BAKER,,Head St,
WOR,Pershore,St Andrew,643,18 Sep 1861,Sarah,,,,,BIRCH,14,Bank,
WOR,Pershore,St Andrew,644,27 Sep 1861,John,,,,,EDWARDS,37,Church St,
WOR,Pershore,St Andrew,645,2 Oct 1861,James,,,,,BROOKS,10,Church St,
WOR,Pershore,St Andrew,646,4 Oct 1861,Joseph,,,,,MASON,20m,Newlands,
WOR,Pershore,St Andrew,647,4 Oct 1861,James,,,,,CLIFFORD,22,Crows Row,
WOR,Pershore,St Andrew,648,10 Nov 1861,John,,,,,NASH,18,Broad St,
WOR,Pershore,St Andrew,649,13 Nov 1861,James,,,,,CHAMPKEN,34,High St,
WOR,Pershore,St Andrew,650,1 Dec 1861,Eliza,,,,,CLIFFORD,49,Newlands,
WOR,Pershore,St Andrew,651,11 Dec 1861,Thomas,,,,,ROSE,75,High St,
WOR,Pershore,St Andrew,652,17 Dec 1861,William,,,,,GOODERE,60,Bachelor's Entry,Also known as EMES
WOR,Pershore,St Andrew,653,30 Dec 1861,Thomas,,,,,DOLPHIN,1,Crow Row,
WOR,Pershore,St Andrew,654,18 Jan 1862,William Richard,,,,,STEPHENS,6m,Bridge St,
WOR,Pershore,St Andrew,655,9 Feb 1862,John,,,,,HALL,76,Newlands,
WOR,Pershore,St Andrew,656,9 Feb 1862,Anne Maria,,,,,HUNT,Infant,Newlands,
WOR,Pershore,St Andrew,657,23 Feb 1862,Catharine,,,,,HARRISON,8,Wick,
WOR,Pershore,St Andrew,658,24 Apr 1862,William,,,,,RUSSELL,73,Little Lane,
WOR,Pershore,St Andrew,659,12 May 1862,Sarah,,,,,DOLPHIN,10,Crow Row,
WOR,Pershore,St Andrew,660,16 Jul 1862,Eliza,,,,,CHECKETTS,28,High St,
WOR,Pershore,St Andrew,661,20 Jul 1862,Margaret,,,,,PALPPY,29,High St,likely to be Palphry
WOR,Pershore,St Andrew,662,22 Jul 1862,Amelia,,,,,TAYLOR,1,Pensham,
WOR,Pershore,St Andrew,663,22 Jul 1862,Sarah,,,,,WAGSTAFF,78,High St,
WOR,Pershore,St Andrew,664,30 Jul 1862,Henry,,,,,STANTON,10m,Priest Lane,
WOR,Pershore,St Andrew,665,1 Aug 1862,Sarah,,,,,LUNN,50,High St,
WOR,Pershore,St Andrew,666,19 Aug 1862,Mary,,,,,ELLIS,21,Bridge St,
WOR,Pershore,St Andrew,667,29 Aug 1862,Eliza,,,,,TRAPP,11w,Pensham,
WOR,Pershore,St Andrew,668,3 Sep 1862,John,,,,,DOBSON,33,High St,
WOR,Pershore,St Andrew,669,15 Sep 1862,Joseph,,,,,CHECKETTS,70,Walcot,
WOR,Pershore,St Andrew,670,27 Oct 1862,Mary,,,,,HUT,66,Three Springs,
WOR,Pershore,St Andrew,671,1 Dec 1862,Henry,,,,,WADKY,44,Bridge St,
WOR,Pershore,St Andrew,672,5 Dec 1862,Maria,,,,,DAY,51,Eckington,
WOR,Pershore,St Andrew,673,18 Dec 1862,Alfred,,,,,SIMMONDS,16,High St,
WOR,Pershore,St Andrew,674,31 Dec 1862,Susannah,,,,,DUFTY,5w,Binholme,
