+INFO,David@davejo.eclipse.co.uk,password,SEQUENCED,MARRIAGES,,3.01.14
#,CCC,David Newbury,Worcestershire,WORPERMA.CSV,20-Sep-06
#,CREDIT,Peshore U3A group,
#,04-Oct-2013,,
WOR,Pershore,St Andrew,,15 Feb 1813,William,STRICKLAND,,,widower,,,Catherine,GALLAVIN,,,Widow,,,,,,,,,,,,,Banns
WOR,Pershore,St Andrew,,18 May 1813,Henry,JONES,,St Helen Worc,,,,Mary,DREW,,,Spinster,,,,,,,,,,,,,Lic
WOR,Pershore,St Andrew,,07 Aug 1813,Thomas,ALLARD,,Ripple Worc.,widower,,,Elizabeth,COOPER,,,Spinster,,,,,,,,,,,,,Lic
WOR,Pershore,St Andrew,,18 Oct 1813,Thomas,DAVIS,,,Bachelor,,,Hannah,ADAMS,,,Spinster,,,,,,,,,,,,,Banns
WOR,Pershore,St Andrew,,31 Dec 1813,John,TWINING,,,Bachelor,,,Hannah,BARRINGTON,,,Widow,,,,,,,,,,,,,Banns
WOR,Pershore,St Andrew,,22 Mar 1814,Benjamin,HUNDAY,,,widower,,,Jane,GOULD,,,Spinster,,,,,,,,,,,,,Banns
WOR,Pershore,St Andrew,,01 Jun 1814,John,GEORGE,,,Bachelor,,,Nancy,GEORGE,,,Spinster,,,,,,,,,,,,,Lic
WOR,Pershore,St Andrew,,27 Oct 1814,John,GOORE,,Church Lench,Bachelor,,,Hannah,GRAVES,,Pensham,Spinster,,,,,,,,,,,,,Lic
WOR,Pershore,St Andrew,,23 May 1815,Abraham,HATHAWAY YNG,,"All Sts, Evesh",,,,Ann,FALKNER,,,,,,,,,,,,,,,,Lic
WOR,Pershore,St Andrew,,05 Jun 1815,Joseph,CHECKETTS,,,Bachelor,,,Sarah,BARNETT,,,Spinster,,,,,,,,,,,,,Banns
WOR,Pershore,St Andrew,,28 Aug 1815,Richard,REA,,,widower,,,Susanna,COLLINS,,,Widow,,,,,,,,,,,,,Banns
WOR,Pershore,St Andrew,,10 Sep 1815,Benjamin,FARLEY,,,Bachelor,,,Mary,WAYNE,,,Widow,,,,,,,,,,,,,Lic
WOR,Pershore,St Andrew,,19 Oct 1815,Roger,BAINAM,,,Bachelor,,,Phoebe,NASH,,,Spinster,,,,,,,,,,,,,Banns
WOR,Pershore,St Andrew,,21 Nov 1815,Edward,SMITH,,,Bachelor,,,Mary,MAUND,,,Spinster,,,,,,,,,,,,,Banns
WOR,Pershore,St Andrew,,08 Jul 1816,John,WHEELER,,,Bachelor,,,Mary,BUNN,,,Spinster,,,,,,,,,,,,,Lic
WOR,Pershore,St Andrew,,08 Oct 1816,Samuel,CLARK,,,Bachelor,,,Mary,SAUNDERS,,,Spinster,,,,,,,,,,,,,Lic
WOR,Pershore,St Andrew,,21 Oct 1816,Edward,ROBERTS,,,Bachelor,,,Sarah,WESTON,,,,,,,,,,,,,,,,Banns
WOR,Pershore,St Andrew,,28 Oct 1816,William,TOMBLINS,,,Bachelor,,,Hanah,TANDY,,,Spinster,,,,,,,,,,,,,Banns
WOR,Pershore,St Andrew,,08 Nov 1816,John,ATTWOOD,,Stoulton Worc,Bachelor,,,Mary,HOLLANDS,,,Spinster,,,,,,,,,,,,,Lic
WOR,Pershore,St Andrew,,04 * 1817,Samuel,SMITH,,St Martins,Bachelor,,,Elizabeth,CLEE,,,Spinster,,,,,,,,,,,,,Lic;with consent of lawful father
WOR,Pershore,St Andrew,,26 May 1817,John,HUNT,,,Bachelor,,,Ann,GILES,,,Spinster,,,,,,,,,,,,,Lic
WOR,Pershore,St Andrew,,29 May 1817,Joseph,HOOPER,,StSwithins Wr,widower,,,Ann,MASON,,,Spinster,,,,,,,,,,,,,Lic
WOR,Pershore,St Andrew,,18 Sep 1817,William,STYLES,,,Bachelor,,,Mary,HILL,,,Spinster,,,,,,,,,,,,,Banns
WOR,Pershore,St Andrew,,21 Sep 1817,Thomas,HEMMING,,,Bachelor,,,Phebe,HOOPPER,,,Spinster,,,,,,,,,,,,,Banns
WOR,Pershore,St Andrew,,29 Dec 1817,Bartholomew,CHARLWOOD,,,Bachelor,,,Mary Ann,HALL,,,Spinster,,,,,,,,,,,,,Banns
WOR,Pershore,St Andrew,,05 Jan 1818,Joseph,WEBB,,Overbury Wr,Bachelor,,,Mary,BARNES,,,,,,,,,,,,,,,,Lic
WOR,Pershore,St Andrew,,30 Mar 1818,John,WORKMAN,,,Bachelor,,,Sarah,HICKS,,,Spinster,,,,,,,,,,,,,Lic
WOR,Pershore,St Andrew,,23 Sep 1818,Joseph,DIXON,,Broadway Wr,Bachelor,,,Eleanor,STEPHENS,,,Spinster,,,,,,,,,,,,,Lic;by consent of father John STEPHENS
WOR,Pershore,St Andrew,,11 Oct 1818,James,RIMELL,,,Bachelor,,,Ruth,HUDSON,,,Spinster,,,,,,,,,,,,,Banns
WOR,Pershore,St Andrew,,11 Jan 1819,John,NASH,,,Bachelor,,,Elizabeth,BAUGH,,,Spinster,,,,,,,,,,,,,Banns
WOR,Pershore,St Andrew,,15 Jan 1819,William,MOSS,,Eastnor Heref,Bachelor,,,Ann,MORGAN,,,Spinster,,,,,,,,,,,,,Lic
WOR,Pershore,St Andrew,,13 Feb 1820,William,STONE,,,Bachelor,,,Mary Ann,PEMBER,,Holy Cross,,,,,,,,,,,,,,Banns
WOR,Pershore,St Andrew,,08 Jun 1820,Richard,THORNE,,Banbury Oxon,widower,,,Ann Savage,RACISTER,,,,,,,,,,,,,,,,Lic
WOR,Pershore,St Andrew,,12 Jun 1820,John,OSBORN,,,Bachelor,,,Esther,CAWTHRON,,,Spinster,,,,,,,,,,,,,Banns
WOR,Pershore,St Andrew,,02 Aug 1820,William,HUNDEY,,,widower,,,Mary,HITCHINGS,,,Spinster,,,,,,,,,,,,,Banns
WOR,Pershore,St Andrew,,13 Feb 1821,Robert,TYLER,,,Bachelor,,,Ann,HARLEY,,,Spinster,,,,,,,,,,,,,Banns
WOR,Pershore,St Andrew,,22 Mar 1821,John,LAVIES,,St Mgts W'min,Bachelor,,,Mary,BEDFORD,,,Spinster,,,,,,,,,,,,,Lic
WOR,Pershore,St Andrew,,26 Jun 1821,Richard,HOLDER,,,Bachelor,,,Ann,COOPER,,,Spinster,,,,,,,,,,,,,Banns
WOR,Pershore,St Andrew,,13 Aug 1821,James,PLEADER,,,Bachelor,,,Ann,ALLARD,,,Spinster,,,,,,,,,,,,,Banns
WOR,Pershore,St Andrew,,25 Sep 1821,John,GOULD,,,Bachelor,,,Sarah,PULLY,,Elmley,,,,,,,,,,,,,,Banns
WOR,Pershore,St Andrew,,08 Oct 1821,Isaac,PRICE,,,Bachelor,,,Nancy,WRIGHT,,,Spinster,,,,,,,,,,,,,Banns
WOR,Pershore,St Andrew,,05 Nov 1821,John,BURTON,,,widower,,,Sarah,STANLEY,,,Spinster,,,,,,,,,,,,,Banns
WOR,Pershore,St Andrew,,22 Nov 1821,James,FULLIN,,,Bachelor,,,Mary,WILLIAMS,,,Spinster,,,,,,,,,,,,,Banns
WOR,Pershore,St Andrew,,07 Jan 1822,William,EDWARDS,,Wick,Bachelor,,,Hannah,BEDFORD,,,,,,,,,,,,,,,,Lic
WOR,Pershore,St Andrew,,30 Mar 1822,Joseph,FLOWERS,,"Whaddon, Gls",Bachelor,,,Ann,BUTLER,,,Spinster,,,,,,,,,,,,,Lic
WOR,Pershore,St Andrew,,02 Apr 1822,John,SPIERS,,,Bachelor,,,Sarah,RASTEL,,,Spinster,,,,,,,,,,,,,Banns
WOR,Pershore,St Andrew,,08 Apr 1822,Thomas,GOODALL,,,Bachelor,,,Elizabeth,ROBERTS,,,Spinster,,,,,,,,,,,,,Lic
WOR,Pershore,St Andrew,,22 Apr 1822,Richard,MARCHAL,,,Bachelor,,,Jane,BOZWARD?,,,Spinster,,,,,,,,,,,,,Banns
WOR,Pershore,St Andrew,,26 Dec 1822,Peter Joseph,RADERMACKER?,,St Ann Soho,widower,,,Betsey,BRPPMHALL,,,Spinster,,,,,,,,,,,,,Lic
WOR,Pershore,St Andrew,,09 Jan 1823,James William,HATHERELL,,Chelt'hm Gls,Bachelor,,,Anna,BAKER,,,Spinster,,,,,,,,,,,,,Lic;with consent of parents
WOR,Pershore,St Andrew,,15 May 1823,James,CORBETT,,,Bachelor,,,Sarah,SERMON,,,Spinster,,,,,,,,,,,,,Banns
WOR,Pershore,St Andrew,,23 Jun 1823,William,LOW,,Earls Croome,Bachelor,,,Elizabeth,DOVEY,,,Spinster,,,,,,,,,,,,,Banns
WOR,Pershore,St Andrew,,22 Jul 1823,Jeremiah,HERBERT,,Blockley,Bachelor,,,Mary,STEPHENS,,,Spinster,,,,,,,,,,,,,Lic
WOR,Pershore,St Andrew,,04 Aug 1823,William,WOODCOCK,,Preston Lancs,Bachelor,,,Selina Caroline,BEDFORD,,,Spinster,,,,,,,,,,,,,Lic
WOR,Pershore,St Andrew,,06 Aug 1823,John,JONES,,,Bachelor,,,Hannah,HEYNES,,,Spinster,,,,,,,,,,,,,Banns
WOR,Pershore,St Andrew,,22 Aug 1823,John,EDWARDS,,,Bachelor,,,Maria,CLIFFORD,,,Spinster,,,,,,,,,,,,,Banns
WOR,Pershore,St Andrew,,04 Sep 1823,James Bruce,WALKER,,St Mary Chelt,Bachelor,,,Elizabeth,BLIZZARD,,,Spinster,,,,,,,,,,,,,Lic
WOR,Pershore,St Andrew,,29 Sep 1823,Francis,HAWKES,,,Bachelor,,,Mary,TURNER,,,Spinster,,,,,,,,,,,,,Banns
WOR,Pershore,St Andrew,,15 Apr 1824,John,CLEE,,,widower,,,Mercy,BOUCHER,,,Spinster,,,,,,,,,,,,,Lic
WOR,Pershore,St Andrew,,29 Aug 1824,Richard,EDGINGTON,,,Bachelor,,,Betsy,ADKINS,,,Spinster,,,,,,,,,,,,,Banns
WOR,Pershore,St Andrew,,02 Sep 1824,Thomas,GRIZZELL,,Throckmorton,Bachelor,,,Maria,BECK,,,Spinster,,,,,,,,,,,,,Lic
WOR,Pershore,St Andrew,,20 Sep 1824,John,LOVERIDGE,,,Bachelor,,,Caroline,JENKINS,,,Spinster,,,,,,,,,,,,,Banns
WOR,Pershore,St Andrew,,15 Apr 1825,William,DAVIS,,,Bachelor,,,Mary Ann,DAY,,Upton/Severn,,,,,,,,,,,,,,Lic
WOR,Pershore,St Andrew,,14 Sep 1825,John,PHILLIPS,,,Bachelor,,,Mary,ANDREWS,,,Spinster,,,,,,,,,,,,,Banns
WOR,Pershore,St Andrew,,24 Oct 1825,Philip,POTTER,,Pirton,Bachelor,,,Mary,RICHARDS,,,Spinster,,,,,,,,,,,,,Banns
WOR,Pershore,St Andrew,,27 Oct 1825,Philip,KNOTT,,,Bachelor,,,Mary,BIRD,,,Spinster,,,,,,,,,,,,,Banns
WOR,Pershore,St Andrew,,17 Nov 1825,William,TROWTON,,,Bachelor,,,Mary Ann,BANTOM?,,,Spinster,,,,,,,,,,,,,Banns
WOR,Pershore,St Andrew,,30 Jan 1826,William,LAUGHER,,Broadway Wr,widower,,,Elizabeth,EDGINGTON,,,Spinster,,,,,,,,,,,,,Lic
WOR,Pershore,St Andrew,,16 Mar 1826,Uridge,WHIFFEN,,Ombersley Wr,Bachelor,,,Sarah,SMITH,,,Spinster,,,,,,,,,,,,,Lic
WOR,Pershore,St Andrew,,18 May 1826,James,BARTON,,,widower,,,Phoebe,DOVEY,,,Spinster,,,,,,,,,,,,,Banns
WOR,Pershore,St Andrew,,19 Jul 1826,William,WORKMAN,,,Bachelor,,,Sarah,WILD,,,Spinster,,,,,,,,,,,,,Lic
WOR,Pershore,St Andrew,,13 Sep 1826,Edward,NOTT,,Evesham Wr,Bachelor,,,Elizabeth,HARRIS,,,Spinster,,,,,,,,,,,,,Banns
WOR,Pershore,St Andrew,,12 Oct 1826,Charles,DANTER,,Offenham,Bachelor,,,Mary,QUARRELL,,Pensham,Spinster,,,,,,,,,,,,,Lic
WOR,Pershore,St Andrew,,26 Oct 1826,James,GODDARD,,,Bachelor,,,Sarah,MORGAN,,,Spinster,,,,,,,,,,,,,Banns
WOR,Pershore,St Andrew,,18 Nov 1826,Robert,STANFORD,,Wormington,Bachelor,,,Phoebe,GOULD,,,Spinster,,,,,,,,,,,,,Banns
WOR,Pershore,St Andrew,,28 Nov 1826,William,HARRISON,,Bricklehmpton,Bachelor,,,Sarah,SADLERS,,Hampton,Spinster,,,,,,,,,,,,,Banns
WOR,Pershore,St Andrew,,02 Dec 1826,Thomas Eden,BUSHILL,,Holy Cross,Bachelor,,,Elizabeth,GOODALL,,,Spinster,,,,,,,,,,,,,Banns
WOR,Pershore,St Andrew,,11 Jan 1827,Thomas Fox,NEWMAN,,"Frome, Som.",Bachelor,,,Susanna,BEDFORD?,,Pensham,Spinster,,,,,,,,,,,,,Lic
WOR,Pershore,St Andrew,,19 Jan 1827,James,PALFRY,,Holy Cross,Bachelor,,,Ann,COPSON,,,Spinster,,,,,,,,,,,,,Lic
WOR,Pershore,St Andrew,,22 Feb 1827,William,LANE,,Wh.Lady Astn,widower,,,Elizabeth,CORBETT,,Pinvin,Widow,,,,,,,,,,,,,Banns
WOR,Pershore,St Andrew,,26 Apr 1827,Thomas,PRICE,,,widower,,,Alice,BADGER,,,Widow,,,,,,,,,,,,,Banns
WOR,Pershore,St Andrew,,19 May 1827,John,HANDY?,,,Bachelor,,,Ann,BARNES,,,Spinster,,,,,,,,,,,,,Banns
WOR,Pershore,St Andrew,,11 Aug 1827,James,TAYLOR,,Pensham,Bachelor,,,Elizabeth,BENNETT,,Pensham,Spinster,,,,,,,,,,,,,Banns
WOR,Pershore,St Andrew,,10 Oct 1827,Francis,DAVIES ESQ,,,Bachelor,,,Amey,OLDAKER,,,Widow,,,,,,,,,,,,,Lic
WOR,Pershore,St Andrew,,09 Nov 1828,George,PRICE,,,Bachelor,,,Anna,BUTLER,,,Spinster,,,,,,,,,,,,,Banns
WOR,Pershore,St Andrew,,16 Nov 1828,George,HUBAND?,,,Bachelor,,,Elizabeth,HALLARD?,,,Spinster,,,,,,,,,,,,,Banns
WOR,Pershore,St Andrew,,16 Jun 1830,John,RICKETTS,,,Bachelor,,,Charlotte,COLE,,,Spinster,,,,,,,,,,,,,Lic
WOR,Pershore,St Andrew,,12 Sep 1830,Thomas,WARD,,,widower,,,Nancy,STONE,,,Widow,,,,,,,,,,,,,Lic
WOR,Pershore,St Andrew,,14 Oct 1830,John,HEMMING,,,Bachelor,,,Mary Ann,BICK,,,Spinster,,,,,,,,,,,,,Lic
WOR,Pershore,St Andrew,,17 Jan 1831,William,GITTENS,,,Bachelor,,,Frances,JAMES,,,Spinster,,,,,,,,,,,,,Banns
WOR,Pershore,St Andrew,,17 Jan 1831,Charles,HOUGHTON,,,Bachelor,,,Ann,JENKINS,,,Spinster,,,,,,,,,,,,,Banns
WOR,Pershore,St Andrew,,30 Apr 1831,James,BULLOCK,,Besford,Bachelor,,,Ann,GEORGE,,,Spinster,,,,,,,,,,,,,Lic
WOR,Pershore,St Andrew,,19 Jul 1831,Thomas,WARRINGTON,,StMary'bone,Bachelor,,,Jane,OLDAKER,,,Spinster,,,,,,,,,,,,,Lic
WOR,Pershore,St Andrew,,01 Aug 1831,Michael,LINAL/LYNAL,,,Bachelor,,,Ann,SALSBURY,,,Spinster,,,,,,,,,,,,,Banns
WOR,Pershore,St Andrew,,15 Aug 1832,John,NICHOLS,,,Bachelor,,,Mary Ann,SHEPPERD,,,Spinster,,,,,,,,,,,,,Banns
WOR,Pershore,St Andrew,,04 Oct 1832,George Richard,PORT,,"Portland, Dor",Bachelor,,,Ann,OLDAKER,,,Widow,,,,,,,,,,,,,Lic
WOR,Pershore,St Andrew,,04 Oct 1832,George Bengough,HUDSON,,Wick,Bachelor,,,Frances,OLDAKER,,,Spinster,,,,,,,,,,,,,Lic
WOR,Pershore,St Andrew,,10 Dec 1832,James,CLINTON,,,Bachelor,,,Maria,DONES,,,Spinster,,,,,,,,,,,,,Banns
WOR,Pershore,St Andrew,,30 Dec 1832,Abraham,BATTY,,Upton/Severn,Bachelor,,,Sarah,LONGFORD,,Pinvin,Spinster,,,,,,,,,,,,,Lic
WOR,Pershore,St Andrew,,28 Mar 1833,George,LEWIS,,Cropthorne,Bachelor,,,Esther,HEATH,,,Spinster,,,,,,,,,,,,,Banns
WOR,Pershore,St Andrew,,25 Jun 1833,Benjamin,BOMFORD,,Aitch Lench,,,,Mary,GROVE,,,,,,,,,,,,,,,,Lic
WOR,Pershore,St Andrew,,08 Jul 1833,William,NASH,,,Bachelor,,,Sophia,COOMBES,,,Spinster,,,,,,,,,,,,,Banns
WOR,Pershore,St Andrew,,17 Sep 1833,James,FARMER,,Worsfield Shrp,Bachelor,,,Mary,BURNE,,,Spinster,,,,,,,,,,,,,Lic
WOR,Pershore,St Andrew,,07 Dec 1833,William,COPSON,,L.Comberton,widower,,,Mary,MINCE,,,Widow,,,,,,,,,,,,,Banns
WOR,Pershore,St Andrew,,16 Dec 1833,James,GOSNELL,,,Bachelor,,,Jane,HILL,,,Spinster,,,,,,,,,,,,,Banns
WOR,Pershore,St Andrew,,20 Mar 1834,John,HODGETTS,,,Bachelor,,,Elizabeth,HALL,,,Spinster,,,,,,,,,,,,,Banns
WOR,Pershore,St Andrew,,31 Mar 1834,William,BAUGHEN,,"Whichford,War",,,,Ann,GOODALL,,,,,,,,,,,,,,,,Banns
WOR,Pershore,St Andrew,,21 Apr 1834,William,CLUER,,St Nich.Gls,,,,Mary,GRIFFITHS,,,,,,,,,,,,,,,,Banns
WOR,Pershore,St Andrew,,26 Jun 1834,Henry,COOMBE,,St Peter Beng,Bachelor,,,Ann,WENLOCK,,,Spinster,,,,,,,,,,,,,Banns
WOR,Pershore,St Andrew,,04 Nov 1834,William,LIES,,,Bachelor,,,Catherine,PARKER,,,Spinster,,,,,,,,,,,,,Banns
WOR,Pershore,St Andrew,,16 Nov 1834,James,FREEMAN,,,widower,,,Sarah,SPENCER,,,Widow,,,,,,,,,,,,,Banns
WOR,Pershore,St Andrew,,27 Nov 1834,Thomas,SHEPPARD,,,Bachelor,,,Mary,OSBORNE,,,Spinster,,,,,,,,,,,,,Banns
WOR,Pershore,St Andrew,,31 Mar 1835,Charles,TOVEY,,,Bachelor,,,Mary,EDWARDS,,,Spinster,,,,,,,,,,,,,Lic
WOR,Pershore,St Andrew,,18 Jul 1835,Augustus,HAAS,,Holy Cross,Bachelor,,,Sarah,WARD,,,Widow,,,,,,,,,,,,,Lic
WOR,Pershore,St Andrew,,19 Sep 1835,William,SQUIRE,,Charl.Kings,widower,,,Hannah,WINWOOD,,Bricklehamptn,Spinster,,,,,,,,,,,,,Banns
WOR,Pershore,St Andrew,,13 Oct 1835,Joseph,TUSHINGHAM,,,Bachelor,,,Harriet,MUSTY,,,,,,,,,,,,,,,,Banns
WOR,Pershore,St Andrew,,25 Jan 1836,John,MOORE,,,Bachelor,,,Ann,ALLARD,,,Spinster,,,,,,,,,,,,,Banns
WOR,Pershore,St Andrew,,5 May 1836,George,HEMMING,,Holy Cross,Bachelor,,,Jane,ALLCOCK,,,Spinster,,,,,,,,,,,,,Lic
WOR,Pershore,St Andrew,,02 Feb 1837,James,BARKER,,,Bachelor,,,Sarah,TURVEY,,,Spinster,,,,,,,,,,,,,Banns
WOR,Pershore,St Andrew,,06 Feb 1837,John,STEPHENS,,,Bachelor,,,Ann,WOODWARD,,,Spinster,,,,,,,,,,,,,Lic
WOR,Pershore,St Andrew,,26 Apr 1837,Thomas Smith,CHATTAWAY,,Throckmorton,,,,Mary,GEORGE,,Pensham,Spinster,,,,,,,,,,,,,Lic
