+INFO,David@davejo.eclipse.co.uk,password,SEQUENCED,BAPTISMS,,3.01.14
#,CCC,David Newbury,Worcestershire,WORPSHBA.CSV,20-Sep-06
#,CREDIT,Dave Newbury,
#,04-Oct-2013,,
WOR,Pershore,Holy Cross,,,03 Jan 1813,William,M,William,Ann,KINGS,,Head St,Labourer,
WOR,Pershore,Holy Cross,,,10 Jan 1813,Eliza,F,William,Sarah,DAVIS,,Church St,Bricklayer,
WOR,Pershore,Holy Cross,,,10 Jan 1813,Ann,F,William,Sarah,DAVIS,,Church St,Bricklayer,
WOR,Pershore,Holy Cross,,,10 Jan 1813,William,M,William,Mary,WRIGHT,,Head St,Labourer,
WOR,Pershore,Holy Cross,,,24 Jan 1813,Richard,M,William,Mary,CULL,,Broughton,Labourer,
WOR,Pershore,Holy Cross,,,07 Feb 1813,Jane,F,Rikchard,Jane,PLEYDON,,High St,Butcher,
WOR,Pershore,Holy Cross,,,07 Feb 1813,Sarah,F,William,Eliza,WOOD,,Church St,Life Guard Pensioner,
WOR,Pershore,Holy Cross,,,07 Feb 1813,William,M,William,Eliza,WOOD,,Church St,Life Guard Pensioner,
WOR,Pershore,Holy Cross,,,21 Feb 1813,David,M,William,Sarah,WORKMAN,,Church St,Butcher,
WOR,Pershore,Holy Cross,,,21 Feb 1813,Edward,M,Thomas,Elizabeth,LLOYD,,Tildsley Wood,Butcher,
WOR,Pershore,Holy Cross,,,07 Mar 1813,Mary,F,Edward,Honor,COLLINS,,Head St,Labourer,
WOR,Pershore,Holy Cross,,,24 Mar 1813,George,M,George,Sarah,SOUTH,,Broughton,Taylor,
WOR,Pershore,Holy Cross,,,24 Mar 1813,Harriet,F,George,Sarah,SOUTH,,Broughton,Taylor,
WOR,Pershore,Holy Cross,,,24 Mar 1813,Augusta,F,George,Sarah,SOUTH,,Broughton,Taylor,
WOR,Pershore,Holy Cross,,,10 Apr 1813,Andrew,M,Edward,Mary,DRAKE,,Broughton,Labourer,
WOR,Pershore,Holy Cross,,,10 Apr 1813,Samuel,M,Samuel,Mary,DONES,,Crabs Cross,Labourer,
WOR,Pershore,Holy Cross,,,10 Apr 1813,Ann,F,Richard,Mary,HUNDY,,Bachelors Row,Labourer,
WOR,Pershore,Holy Cross,,,10 Apr 1813,Mary,F,James,Elizabeth,HIRONS,,Head St,Labourer,
WOR,Pershore,Holy Cross,,,10 Apr 1813,William,M,John,Frances,YOUNG,,Crabs Cross,Labourer,
WOR,Pershore,Holy Cross,,,25 Apr 1813,William,M,Samuel,Jane,HOOPER,,Newland,Bricklayer,
WOR,Pershore,Holy Cross,,,25 Apr 1813,Ann,F,,Phebe,,CLEE,Church Row,Labourer,
WOR,Pershore,Holy Cross,,,25 Apr 1813,Joseph,M,John,Hannah,ALLARD,,Wadborough,Spinster Labourer,
WOR,Pershore,Holy Cross,,,16 May 1813,Thomas,M,Thomas,Phebe,PALPHREY,,Newland,Gardener,
WOR,Pershore,Holy Cross,,04 Jun 1813,06 Jun 1813,Mary,F,John Worrall,Ann,GROVE,,Broad St,Rector Strensham,
WOR,Pershore,Holy Cross,,,13 Jun 1813,Mary,F,John,Martha,TWIGG,,Church Row,Labourer,
WOR,Pershore,Holy Cross,,,10 Jul 1813,Timothy,M,Stephen,Alice,BLIZZARD,,Newland,Gardener,
WOR,Pershore,Holy Cross,,,10 Jul 1813,Eliza,F,Stephen,Alice,BLIZZARD,,Newland,Gardener,
WOR,Pershore,Holy Cross,,,15 Aug 1813,Sarah,F,John,Susanna,HUNDY,,Lovewell St,Carpenter,
WOR,Pershore,Holy Cross,,,15 Aug 1813,Elizabeth,F,John,Susanna,HUNDY,,Lovewell St,Carpenter,
WOR,Pershore,Holy Cross,,,17 Aug 1813,Frances,F,Francis,Elizabeth,CUBBERLY,,Okerhill,Maltster,
WOR,Pershore,Holy Cross,,,22 Aug 1813,James,M,John,Mary,GRINNELL,,Head St,Labourer,
WOR,Pershore,Holy Cross,,,23 Aug 1813,Ann,F,James,Rebecca,GIBBS,,Broughton,Labourer,
WOR,Pershore,Holy Cross,,,13 Sep 1813,John,M,Abel,Elizabeth,SMITH,,Broughton,Farmer,
WOR,Pershore,Holy Cross,,,13 Sep 1813,Josiah,M,Abel,Elizabeth,SMITH,,Broughton,Farmer,
WOR,Pershore,Holy Cross,,,22 Sep 1813,Elizabeth,F,Thomas,Mary,MOORE,,Church St,Soap Boiler,
WOR,Pershore,Holy Cross,,,26 Sep 1813,Charles,M,Samuel,Sarah,LLOYD,,Cheltenham,Soap Boiler,
WOR,Pershore,Holy Cross,,,29 Sep 1813,David,M,John,Sarah,RICHARDS,,Broughton,Farmer,
WOR,Pershore,Holy Cross,,,29 Sep 1813,Mary,F,John,Sarah,RICHARDS,,Broughton,Farmer,
WOR,Pershore,Holy Cross,,,17 Oct 1813,Jane,F,Edward,Susanna,PE_ARD,,Church St,Fruiterer,
WOR,Pershore,Holy Cross,,,17 Oct 1813,John,M,Joseph,Mary,COLLINS,,Lovewell St,Labourer,
WOR,Pershore,Holy Cross,,,17 Oct 1813,Thomas,M,Joseph,Mary,COLLINS,,Lovewell St,Labourer,
WOR,Pershore,Holy Cross,,,24 Oct 1813,Mary,F,Richard,Martha,FRANCESS,,Benholm,Wheelwright,
WOR,Pershore,Holy Cross,,,07 Nov 1813,Catherine,F,Thomas,Hannah,ROSE,,Lovewell St,Bricklayer,
WOR,Pershore,Holy Cross,,,07 Nov 1813,Hannah,F,Samuel,Ann,FINCH,,High St,Labourer,
WOR,Pershore,Holy Cross,,,10 Nov 1813,William,M,Joseph,Ann,MARTIN,,High St,Grocer and Chandler,
WOR,Pershore,Holy Cross,,,14 Nov 1813,Mary,F,William,Mary,NEWMAN,,Pensham,Labourer,
WOR,Pershore,Holy Cross,,,21 Nov 1813,Elizabeth,F,George,Sarah,SAVAGE,,Broughton,Labourer,
WOR,Pershore,Holy Cross,,,26 Nov 1813,Mary Ann,F,George,Sarah,SOUTH,,Broughton,Taylor,
WOR,Pershore,Holy Cross,,,26 Dec 1813,John,M,John,Elizabeth,CLAYTON,,Broughton,Labourer,
WOR,Pershore,Holy Cross,,,06 Jan 1814,Charlotte,F,James,Charlotte,BUNN,,Church St,Gardener,
WOR,Pershore,Holy Cross,,,10 Jan 1814,Thomas,M,Thomas,Elizabeth,OSBORNE,,Marborough Park,Farmer,
WOR,Pershore,Holy Cross,,09 Jan 1814,16 Jan 1814,Thomas,M,Thomas,Elizabeth,OSBOURN,,Wadborough,Farmer,
WOR,Pershore,Holy Cross,,,21 Jan 1814,Mary Ann,F,John,Elizabeth,HEMING,,High St,Taylor,
WOR,Pershore,Holy Cross,,,21 Jan 1814,Charles,M,Thomas,Elizabeth,PRICE,,High St,Labourer,
WOR,Pershore,Holy Cross,,,06 Feb 1814,Elizabeth,F,William,Mary,CULL,,Broughton,Labourer,
WOR,Pershore,Holy Cross,,,08 Feb 1814,Martin Thomas,M,Thomas,Mary,MILTON,,Bridge St,Barge Owner,
WOR,Pershore,Holy Cross,,,13 Feb 1814,Pouthney,M,Mary,Servant,HILL,,,Binholme,
WOR,Pershore,Holy Cross,,,13 Feb 1814,Jane,F,Edward,Hannah,HOOPER,,Binholme,Bricklayer,
WOR,Pershore,Holy Cross,,,15 Feb 1814,Jane,F,William,Jane,TAYLOR,,Lovewell,Wheelwright,
WOR,Pershore,Holy Cross,,,17 Apr 1814,Sarah,F,William,Susannah,CROCKETT,,Lovewell,Watch Spring Maker,
WOR,Pershore,Holy Cross,,,06 May 1814,Phebe,F,Edward,Elizabeth,WOLLOMS,,Cook Cross,Tinker,
WOR,Pershore,Holy Cross,,,08 May 1814,Phebe,F,Thomas,Elizabeth,FLETCHER,,Priest Lane,Blacksmith,
WOR,Pershore,Holy Cross,,,08 May 1814,Elizabeth,F,Thomas,Catherine,HUNDEY,,Newland,Labourer,
WOR,Pershore,Holy Cross,,,20 May 1814,Vina?,F,Robert,Ann,GURVEY,,Newland,Labourer,
WOR,Pershore,Holy Cross,,,22 May 1814,Mark,M,Thomas,Elizabeth,JONES,,Head St,Labourer,
WOR,Pershore,Holy Cross,,,29 May 1814,John,M,Batholemew,Esther,LIES,,Broughton,Shoemaker,
WOR,Pershore,Holy Cross,,,29 May 1814,William,M,Richard,Mary,HATWOOD,,Head St,Labourer,
WOR,Pershore,Holy Cross,,,29 May 1814,William,M,John,Sarah,VEAL,,Head St,Labourer,
WOR,Pershore,Holy Cross,,,26 Jun 1814,Elizabeth,F,John,Elizabeth,RUSSEL,,High St,Mercer,
WOR,Pershore,Holy Cross,,,26 Jun 1814,Maria,F,John,Lucy,CLARK,,Broughton,Labourer,
WOR,Pershore,Holy Cross,,,26 Jun 1814,William,M,William,Sarah,MARCHAL,,Newland,Labourer,
WOR,Pershore,Holy Cross,,,26 Jun 1814,John,M,John,Kezzia?,BIRLIGO,,Lovewell St,Glazier,
WOR,Pershore,Holy Cross,,,01 Jul 1814,Daniel,M,Thomas,Sarah,MILLS,,Broughton,Taylor,
WOR,Pershore,Holy Cross,,,01 Jul 1814,Sarah,F,William,Mary,LAUGHTON,,High St,Stonemason,
WOR,Pershore,Holy Cross,,,03 Jul 1814,Cecilla,F,Richard,Sarah,HENDRICK,,Cook's Cross,Butcher,
WOR,Pershore,Holy Cross,,,17 Jul 1814,William,M,John,Sarah,BOLTIN,,Ramson Common,Labourer,
WOR,Pershore,Holy Cross,,,31 Jul 1814,Thomas,M,Samuel,Mary,DAY,,Broughton,Labourer,
WOR,Pershore,Holy Cross,,,03 Aug 1814,Esther,F,John,Esther,PRICE,,Batchelor Row,Labourer,
WOR,Pershore,Holy Cross,,,18 Sep 1814,Jane,F,,Sarah,,SANDERS,Newland,Late Servant,
WOR,Pershore,Holy Cross,,,18 Sep 1814,Ann,F,Charles,Elizabeth,LLOYD,,Newland,Labourer,
WOR,Pershore,Holy Cross,,,25 Sep 1814,Samuel,M,William,Ann,COMB,,Newland,Carpenter,
WOR,Pershore,Holy Cross,,,25 Sep 1814,William,M,Joseph,Alice,BADGER,,Batchelor Row,Labourer,
WOR,Pershore,Holy Cross,,,25 Sep 1814,Mary,F,William,Sarah,WORKMAN,,Church St,Butcher,
WOR,Pershore,Holy Cross,,,25 Sep 1814,John,M,Edmund,Martha,TURBERVILLE,,Wick,Servant,
WOR,Pershore,Holy Cross,,,02 Oct 1814,George,M,John,Ann,HALL,,Mount Pleasant,Labourer,
WOR,Pershore,Holy Cross,,,04 Oct 1814,Mary,F,William,Ann,WILLIAMS,,Newland,Labourer,
WOR,Pershore,Holy Cross,,,16 Oct 1814,Ann,F,John,Frances,YOUNG,,Lovewell St,Labourer,
WOR,Pershore,Holy Cross,,,16 Oct 1814,Charles,M,John,Mary,PONTHER,,Broughton,Labourer,
WOR,Pershore,Holy Cross,,,24 Oct 1814,George,M,John,Hannah,GARDINER,,Church Row,Labourer,
WOR,Pershore,Holy Cross,,,31 Oct 1814,Emely,F,Richd,Mary,BUNN,,Church St,Shoemaker,
WOR,Pershore,Holy Cross,,,13 Nov 1814,Thomas,M,Jonas,Sarah,MASON,,Church Row,Joiner,
WOR,Pershore,Holy Cross,,,25 Nov 1814,Joseph,M,Thos,Ann,BENNETT,,Priest Lane,Labourer,
WOR,Pershore,Holy Cross,,,06 Dec 1814,Thomas,M,Thos,Charlotte,COLE,,Lovewell St,Blacksmith,
WOR,Pershore,Holy Cross,,,11 Dec 1814,Walter,M,Samuel,Susanna,LOVEL,,nr Pinvin,Chimneysweep Traveller,
WOR,Pershore,Holy Cross,,,28 Dec 1814,Sarah,F,John,Rebecca,CHAMPION,,Newland,Watch Spring Maker,
WOR,Pershore,Holy Cross,,,29 Dec 1814,Ward Charles,M,Charles,Maria,RIDGWAY,,Upton,Joiner,
WOR,Pershore,Holy Cross,,,08 Jan 1815,George,M,Thos,Susanna,COLLINS,,Newland,Gardener,
WOR,Pershore,Holy Cross,,,29 Jan 1815,Mary Ann,F,James,Ann,CROCKETT,,Batchelors Row,Joiner,
WOR,Pershore,Holy Cross,,,07 Feb 1815,William Lloyd,M,William,Mary Ann,SLADE,,High St,Hairdresser,
WOR,Pershore,Holy Cross,,,19 Feb 1815,Thomas,M,John,Ann,COCKBILL,,Pensham,Labourer,
WOR,Pershore,Holy Cross,,,19 Feb 1815,George,M,,Hannah,,HULITT,Workhouse,Pauper,
WOR,Pershore,Holy Cross,,,23 Feb 1815,Sophia,F,William,Sophia,WISHCO,,High St,Travelling Doctor,
WOR,Pershore,Holy Cross,,,23 Feb 1815,Jemima,F,William,Sophia,WISHCO,,High St,Travelling Doctor,
WOR,Pershore,Holy Cross,,,12 Mar 1815,Ann,F,Samuel,Elizabeth,TURVEY,,Priest Lane,Labourer,
WOR,Pershore,Holy Cross,,,02 Apr 1815,James,M,William,Ann,KINGS,,Head St,Watch Spring Maker,
WOR,Pershore,Holy Cross,,,02 Apr 1815,George,M,Edward,Susannah,PETTIFORD,,Church St,Eggler?,
WOR,Pershore,Holy Cross,,,02 Apr 1815,Edward,M,,Susannah,,FERRIS,Head St,Needlewoman,
WOR,Pershore,Holy Cross,,,02 Apr 1815,Martha,F,Richard,Elizabeth,COSNETT,,Church Row,Gardener,
WOR,Pershore,Holy Cross,,,02 Apr 1815,George,M,William,Mary,DUTFIELD,,Newland,Labourer,
WOR,Pershore,Holy Cross,,,09 Apr 1815,James,M,Thomas,Ann,BEARD,,Newland,Taylor,
WOR,Pershore,Holy Cross,,,09 Apr 1815,John,M,Benjn,Sarah,BAYLIS,,Broughton,Labourer,
WOR,Pershore,Holy Cross,,,09 Apr 1815,Hannah,F,Edward,Hannah,COLLINS,,Head St,Labourer,
WOR,Pershore,Holy Cross,,,30 Apr 1815,Joseph,M,Richard,Hannah,STINTON,,Stone Bow,Farmer,
WOR,Pershore,Holy Cross,,,30 Apr 1815,Ann,F,Richard,Hannah,STINTON,,Stone Bow,Farmer,
WOR,Pershore,Holy Cross,,,30 Apr 1815,Eleanor,F,Robert,Ann,CHECKETTS,,Church St,Labourer,
WOR,Pershore,Holy Cross,,,07 May 1815,Mary,F,William,Sarah,KILBY,,Lovewell St,Butcher,
WOR,Pershore,Holy Cross,,,14 May 1815,Ann,F,John,Frances,WRIGHT,,Newland,Gardener,
WOR,Pershore,Holy Cross,,,14 May 1815,Frances,F,John,Frances,WRIGHT,,Newland,Gardener,
WOR,Pershore,Holy Cross,,,14 May 1815,Martha,F,Thomas,Sarah,CROOK,,Church Row,Gardener,
WOR,Pershore,Holy Cross,,,14 May 1815,Charlotte,F,Thomas,Sarah,CROOK,,Church Row,Gardener,
WOR,Pershore,Holy Cross,,,26 May 1815,Eliza,F,Francis,Elizabeth,CUBERLY,,High St,Publican,
WOR,Pershore,Holy Cross,,,28 May 1815,Hannah,F,Samuel,Mary,LOCK,,Broughton,Labourer,
WOR,Pershore,Holy Cross,,,28 May 1815,Thomas,M,Henry,Ann,JENKINS,,Broughton,Labourer,
WOR,Pershore,Holy Cross,,,28 May 1815,Mary,F,James,Sarah,ROSE,,High St,Mason,
WOR,Pershore,Holy Cross,,,04 Jun 1815,Martha,F,John,Sarah,PITCHER,,Church St,Taylor,
WOR,Pershore,Holy Cross,,,04 Jun 1815,Mary,F,John,Sarah,PITCHER,,Church St,Taylor,
WOR,Pershore,Holy Cross,,,25 Jun 1815,Elizabeth,F,William,Mary,CLARK,,Priest Lane,Labourer,
WOR,Pershore,Holy Cross,,,02 Jul 1815,Mary Ann,F,Joseph,Abigail,YOUNG,,Newland,Labourer,
WOR,Pershore,Holy Cross,,,16 Jul 1815,George,M,Samuel,Jane,HOOPER,,Newland,Bricklayer,
WOR,Pershore,Holy Cross,,,16 Jul 1815,Eliza,F,Joseph,Elizabeth,PRICE,,Priest Lane,Labourer,
WOR,Pershore,Holy Cross,,07 Jul 1815,04 Aug 1815,Jane Maudsley,F,John Davenport,Margaret,BROMFIELD,,Broad St,Gent,
WOR,Pershore,Holy Cross,,,13 Aug 1815,William,M,William,Elizabeth,PLAYTOR,,Broughton,Labourer,
WOR,Pershore,Holy Cross,,,13 Aug 1815,Mary Ann,F,,Sarah,,CHECKETTS,High St,Servant,
WOR,Pershore,Holy Cross,,,20 Aug 1815,Esther,F,William,Elizabeth,FOWLS,,High St,Labourer,
WOR,Pershore,Holy Cross,,,20 Aug 1815,Benjamin,M,Benjamin,Elizabeth,JENKINS,,Broughton,Labourer,
WOR,Pershore,Holy Cross,,,01 Sep 1815,Charles Allcock,M,Francis,Amy,OLDAKER,,High St,Miller,privately baptised
WOR,Pershore,Holy Cross,,,03 Sep 1815,William,M,William,Ann,WALSH,,High St,Sadler,
WOR,Pershore,Holy Cross,,,08 Sep 1815,Sarah,F,Edmund,Mary,PURSER,,High St,Butcher,
WOR,Pershore,Holy Cross,,,10 Sep 1815,Elizabeth,F,Richard,Jane,PLAYDON,,High St,Butcher,
WOR,Pershore,Holy Cross,,,10 Sep 1815,Eliza,F,Thomas,Elizabeth,NASH,,Bricklehampton,Labourer,
WOR,Pershore,Holy Cross,,,10 Sep 1815,Kezia,F,John,Martha,TWIG,,Church Row,Labourer,
WOR,Pershore,Holy Cross,,,10 Sep 1815,Ann,F,James,Sarah,DOBSON,,Head St,Labourer,
WOR,Pershore,Holy Cross,,,17 Sep 1815,Charles,M,William,Hannah,MARCHAL,,Newland,Labourer,
WOR,Pershore,Holy Cross,,,15 Oct 1815,George,M,Thomas,Sarah,BAKER,,Church Row,Shoemaker,
WOR,Pershore,Holy Cross,,,15 Oct 1815,Elizabeth,F,Thomas,Sarah,BAKER,,Church Row,Shoemaker,
WOR,Pershore,Holy Cross,,,15 Oct 1815,Michael,M,William,Jane,RUSSELL,,High St,Labourer,
WOR,Pershore,Holy Cross,,,29 Oct 1815,Elizabeth,F,John,Elizabeth,PETFORD,,Newland,Sawyer,
WOR,Pershore,Holy Cross,,,05 Nov 1815,George,M,Thomas,Mary,COLE,,Newland,Gardener,
WOR,Pershore,Holy Cross,,,19 Nov 1815,William,M,William,Mary,ANDREWS,,Newland,Mason,
WOR,Pershore,Holy Cross,,,24 Dec 1815,William,M,John,Sarah,HATTON,,Head St,Mason,
WOR,Pershore,Holy Cross,,,24 Dec 1815,Joseph,M,John,Sarah,HATTON,,Head St,Mason,
WOR,Pershore,Holy Cross,,,29 Dec 1815,Charles,M,Thomas,Emma,WARD,,High St,Weaver,
WOR,Pershore,Holy Cross,,,29 Dec 1815,Ann,F,John,Allice,REDDING,,High St,Weaver,
WOR,Pershore,Holy Cross,,,31 Dec 1815,Susanna,F,William,Mary,CULL,,Broughton,Labourer,
WOR,Pershore,Holy Cross,,,01 Jan 1816,Samuel,M,Giles,Ann,FOSTER,,Newland,Shoemaker,
WOR,Pershore,Holy Cross,,,05 Jan 1816,Charlotte,F,Thomas,Charlotte,COLE,,High St,Blacksmith,
WOR,Pershore,Holy Cross,,,05 Jan 1816,Thos.,M,Thomas,Charlotte,COLE,,High St,Blacksmith,
WOR,Pershore,Holy Cross,,,07 Jan 1816,William,M,Thos,Ann,COLCOME,,Broad St,Wool Sorter,
WOR,Pershore,Holy Cross,,,07 Jan 1816,Emma,F,Thos,Ann,COLCOME,,Broad St,Wool Sorter,
WOR,Pershore,Holy Cross,,,10 Jan 1816,William,M,Thos,Catharine,WORKMAN DAY,,Hyde House,Farmer,
WOR,Pershore,Holy Cross,,,14 Jan 1816,John,M,John,Sarah,COMB,,Priest Lane,Bricklayer,
WOR,Pershore,Holy Cross,,,14 Jan 1816,Jane,F,John,Sarah,COMB,,Priest Lane,Bricklayer,
WOR,Pershore,Holy Cross,,,14 Jan 1816,William,M,John,Sarah,COMB,,Priest Lane,Bricklayer,
WOR,Pershore,Holy Cross,,,14 Jan 1816,Harriett,F,William,Eliza,WOOD,,Church St,Labourer,
WOR,Pershore,Holy Cross,,,15 Jan 1816,John,M,Richd,Mary,BUNN,,Church St,Parish Clerk,
WOR,Pershore,Holy Cross,,,28 Jan 1816,Sarah,F,Richd,Mary,HUNDAY,,Fisher's Row,Labourer,
WOR,Pershore,Holy Cross,,,18 Feb 1816,Amelia,F,Thos,Elizabeth,GLAZEBROOK,,High St,Saddler,
WOR,Pershore,Holy Cross,,,25 Feb 1816,James,M,George,Sarah,SAVAGE,,Broughton,Labourer,
WOR,Pershore,Holy Cross,,,03 Mar 1816,George,M,Wm,Sarah,WATERS,,High St,Labourer,
WOR,Pershore,Holy Cross,,,10 Mar 1816,Jacob,M,Joseph,Ann,,,Broughton,Labourer,
WOR,Pershore,Holy Cross,,,10 Mar 1816,Ann,F,James,Sarah,TURNER,,Newland,Labourer,
WOR,Pershore,Holy Cross,,,18 Mar 1816,Susanna,F,William,Mary,LAUGHTON,,Bridge St,Stonemason,
WOR,Pershore,Holy Cross,,,22 Mar 1816,Luke,M,John,Sarah,RICHARDS,,Broughton,Farmer,
WOR,Pershore,Holy Cross,,,24 Mar 1816,Thomas,M,William,Mary,WRIGHT,,Head St,Labourer,
WOR,Pershore,Holy Cross,,,07 Apr 1816,Giles,M,Giles,Ann,TURVEY,,High St,Labourer,
WOR,Pershore,Holy Cross,,,28 Apr 1816,Samuel,M,Samuel,Mary,DAY,,Broughton,Labourer,
WOR,Pershore,Holy Cross,,,28 Apr 1816,Robert,M,James,Elizabeth,KINGS,,Newland,Gardener,
WOR,Pershore,Holy Cross,,,28 Apr 1816,William,M,James,Elizabeth,KINGS,,Newland,Gardener,
WOR,Pershore,Holy Cross,,,09 May 1816,Elizabeth,F,Samuel,Elizabeth,FINCH,,High St,Labourer,
WOR,Pershore,Holy Cross,,,19 May 1816,Jane,F,Thomas,Elizabeth,PRICE,,Head St,Labourer,
WOR,Pershore,Holy Cross,,,02 Jun 1816,Ann,F,James,Ann,BOZZARD,,Newland,Labourer,
WOR,Pershore,Holy Cross,,,02 Jun 1816,James,M,James,Ann,BOZZARD,,Newland,Labourer,
WOR,Pershore,Holy Cross,,,02 Jun 1816,Sarah,F,John,Mary,GRU__ELL,,High St,Labourer,
WOR,Pershore,Holy Cross,,,09 Jun 1816,William,M,William,Sarah,NEED,,Priest Lane,Labourer,
WOR,Pershore,Holy Cross,,,16 Jun 1816,Sarah,F,Jonathan,Keziah,PURSER,,Romson Common,Labourer,
WOR,Pershore,Holy Cross,,,23 Jun 1816,Michael,M,Benjamin,Jane,HUNDAY,,Pensham,Wheelwright,
WOR,Pershore,Holy Cross,,,21 Jul 1816,Charles,M,John,Mary,WILLIAMS,,Newland,Stonemason,
WOR,Pershore,Holy Cross,,,28 Jul 1816,James,M,John,Margaret,JACKSON,,High St,Millwright,
WOR,Pershore,Holy Cross,,,04 Aug 1816,Ann,F,Samuel,Elizabeth,BLAKE,,Church St,Turner,
WOR,Pershore,Holy Cross,,,04 Aug 1816,David,M,Thos,Ann,BAKER,,Broughton,Carapenter,
WOR,Pershore,Holy Cross,,,01 Sep 1816,John,M,John,Sarah,HOODS,,Head St,Brickmaker,
WOR,Pershore,Holy Cross,,,22 Sep 1816,William,M,Thos,Mary,NEED,,Head St,Labourer,
WOR,Pershore,Holy Cross,,,06 Oct 1816,Joseph,M,Joseph,Sarah,WHITE,,Head St,Labourer,
WOR,Pershore,Holy Cross,,,06 Nov 1816,Margaret,F,John Davenport,Margaret,BROMFIELD,,Broad St,Gent,
WOR,Pershore,Holy Cross,,,10 Nov 1816,George Townsend,M,Thomas,Mary,HARRIS,,High St,Shoemaker,
WOR,Pershore,Holy Cross,,,16 Dec 1816,Harriet,F,John,Sarah,TURNER,,Newland,Labourer,
WOR,Pershore,Holy Cross,,,27 Dec 1816,Eleanor,F,James,Susannah,WESTON,,Church St,Spring Maker,
WOR,Pershore,Holy Cross,,,31 Dec 1816,Anne,F,John,Mary,MEREDITH,,High St,Butcher,
WOR,Pershore,Holy Cross,,,03 Jan 1817,George James,M,,Sarah,,SANDERS,Church St,Servant,
WOR,Pershore,Holy Cross,,,05 Jan 1817,Ann,F,William,Sarah,WORKMAN,,Church St,Butcher,
WOR,Pershore,Holy Cross,,,05 Jan 1817,Emma,F,Edward,Sarah,BULLOCK,,High St,Victualler,
WOR,Pershore,Holy Cross,,,05 Jan 1817,Edwin,M,Edward,Sarah,BULLOCK,,High St,Victualler,
WOR,Pershore,Holy Cross,,,10 Jan 1817,Jane,F,Bartholomew,Esther,LIES,,Broughton,Shoemaker,
WOR,Pershore,Holy Cross,,,12 Jan 1817,Sarah,F,Benjamin,Sarah,BAYLIS,,Church St,Labourer,
WOR,Pershore,Holy Cross,,,19 Jan 1817,Eliza,F,Edward,Mary,JONES,,Broughton,Labourer,
WOR,Pershore,Holy Cross,,,02 Feb 1817,Ann,F,Richard,Mary,FREEMAN,,Head St,Labourer,
WOR,Pershore,Holy Cross,,,02 Feb 1817,Ann,F,Joseph,Sarah,CHECKETTS,,Newland,Labourer,
WOR,Pershore,Holy Cross,,,09 Feb 1817,Martha,F,John,Elizabeth,KEMUS,,High St,Labourer,
WOR,Pershore,Holy Cross,,,09 Feb 1817,Mary,F,John,Elizabeth,KEMUS,,High St,Labourer,
WOR,Pershore,Holy Cross,,,02 Mar 1817,Sarah,F,William,Hannah,WOOLLOMS,,Priest Lane,Brazier,
WOR,Pershore,Holy Cross,,,02 Mar 1817,Frances,F,Benjamin,Frances,GANDERTON,,High St,Grocer,
WOR,Pershore,Holy Cross,,,06 Mar 1817,John,M,Hannah,Servant,OVERBURY,,,Wick,
WOR,Pershore,Holy Cross,,,06 Mar 1817,Mary,F,John,Maria,TAYLOR,,High St,Joiner,
WOR,Pershore,Holy Cross,,,06 Mar 1817,Jemima,F,John,Martha,TWIG,,Church Row,Labourer,
WOR,Pershore,Holy Cross,,,20 Apr 1817,Mark,M,Samuel,Mary,LOCK,,Broughton,Blacksmith,
WOR,Pershore,Holy Cross,,,20 Apr 1817,Thomas,M,Richard,Elizabeth,COSNET,,Newland,Gardener,
WOR,Pershore,Holy Cross,,,28 Apr 1817,Ann,F,Thomas,Lucy,CLEMENTS,,Newland,Labourer,
WOR,Pershore,Holy Cross,,,25 May 1817,Mary,F,James,Sarah,TURNER,,Newland,Labourer,
WOR,Pershore,Holy Cross,,,29 Jun 1817,Eliza,F,Stephen,Jane,BEARD,,Newland,Gardener,
WOR,Pershore,Holy Cross,,,29 Jun 1817,Samuel,M,Stephen,Jane,BEARD,,Newland,Gardener,
WOR,Pershore,Holy Cross,,,29 Jun 1817,Samuel,M,Edward,Mary,SMITH,,Broad St,Wool Sorter,
WOR,Pershore,Holy Cross,,,29 Jun 1817,Eliza,F,Thomas,Sarah,CRICK,,Church St,Gardener,
WOR,Pershore,Holy Cross,,,29 Jun 1817,Charles,M,Jonas,Ann,COLLINS,,High St,Bricklayer,
WOR,Pershore,Holy Cross,,,29 Jun 1817,Jane,F,William,Mary,LAUGHTON,,High St,Stonemason,
WOR,Pershore,Holy Cross,,,29 Jun 1817,Henry,M,Anthony,Jane,RENOLDS,,High St,Surgeon,
WOR,Pershore,Holy Cross,,,29 Jun 1817,Betsy Caroline,F,Simon,Sarah,FOSTER,,High St,Miller,
WOR,Pershore,Holy Cross,,,07 Jul 1817,Mary,F,Stephen,Ann,MARMAN,,Woodchester,Weaver,
WOR,Pershore,Holy Cross,,,11 Jul 1817,John,M,William,Mary,SLADE,,High St,,
WOR,Pershore,Holy Cross,,,03 Aug 1817,Jane,F,Thos,Katherine,BUNDY,,Newland,Labourer,
WOR,Pershore,Holy Cross,,,03 Aug 1817,William,M,,Mary,,COLE,Head St,Single woman,
WOR,Pershore,Holy Cross,,,10 Aug 1817,Thos.,M,Richard,Ann,FERRIS,,Priest Lane,Labourer,
WOR,Pershore,Holy Cross,,,10 Aug 1817,Thos.,M,Isaac,Ann,MILLINGTON,,Priest Lane,Soldier,
WOR,Pershore,Holy Cross,,,17 Aug 1817,Joseph,M,John,Mary,WILLIAMS,,Head St,Labourer,
WOR,Pershore,Holy Cross,,,24 Aug 1817,William,M,Richd,Ann,FERRIS,,Priest Lane,Labourer,
WOR,Pershore,Holy Cross,,,24 Aug 1817,Mary,F,John,Ketura?,BURLINGHAM,,High St,Glazier,
WOR,Pershore,Holy Cross,,,01 Sep 1817,Abigail,F,Joseph,Abigail,YOUNG,,Newland,Labourer,
WOR,Pershore,Holy Cross,,,07 Sep 1817,Maria,F,Thos.Workman,Katherin,DAY,,Hyde Farm,Farmer,
WOR,Pershore,Holy Cross,,,21 Sep 1817,Maria,F,William,Elizabeth,FOWLER,,High St,Labourer,
WOR,Pershore,Holy Cross,,,12 Oct 1817,Willis Thos.,M,John,May,PUNTER,,Broughton,Labourer,
WOR,Pershore,Holy Cross,,,12 Oct 1817,Richd.,M,Richd.,Jane,PLAYDON,,Priest Lane,Butcher,
WOR,Pershore,Holy Cross,,,12 Oct 1817,John,M,John,Rebecca,CHAMPION,,Church St,Watch Spring Maker,
WOR,Pershore,Holy Cross,,,26 Oct 1817,James,M,Roger,Phoebe,BAYNAM,,High St,Horse Keeper,
WOR,Pershore,Holy Cross,,,26 Oct 1817,Harriett,F,James,Sarah,ROSE,,High St,Bricklayer,
WOR,Pershore,Holy Cross,,,26 Oct 1817,Ann,F,Samuel,Elizabeth,SMITH,,Priest Lane,Pavier,
WOR,Pershore,Holy Cross,,,26 Oct 1817,Ann,F,Samuel,Jane,HOOPER,,Newland,Bricklayer,
WOR,Pershore,Holy Cross,,,19 Nov 1817,Catherine,F,Francis,Amy,OLDAKER,,High St,Miller,privately baptised
WOR,Pershore,Holy Cross,,,23 Nov 1817,George,M,Thos.,Ann,COLCOMB,,High St,Wool Sorter,
WOR,Pershore,Holy Cross,,,23 Nov 1817,Henry,M,Joseph,Elizabeth,PRICE,,Priest Lane,Labourer,
WOR,Pershore,Holy Cross,,,28 Dec 1817,Susanna,F,Giles,Ann,TURVEY,,High St,Farmer,
WOR,Pershore,Holy Cross,,,28 Dec 1817,James,M,Thos,Ann,DOLPHIN,,Church Row,Shoemaker,
WOR,Pershore,Holy Cross,,,02 Jan 1818,Sophia,F,Edmund,Sophia,CROCKETT,,High St,Joiner,
WOR,Pershore,Holy Cross,,,05 Jan 1818,George,M,George,Ann,HOOPER,,High St,Butcher,
WOR,Pershore,Holy Cross,,,09 Jan 1818,Helen,F,Peter,Sarah,FOSTER,,High St,Writer,
WOR,Pershore,Holy Cross,,,11 Jan 1818,John,M,William,Mary,DUTFIELD,,Newland,Labourer,
WOR,Pershore,Holy Cross,,,18 Jan 1818,Edwin,M,Henry,Sophia,EYLES,,High St,Hatter,
WOR,Pershore,Holy Cross,,,22 Feb 1818,Harriet,F,Francis,Elizabeth,ASHFORD,,London,Servant,
WOR,Pershore,Holy Cross,,,22 Feb 1818,Mary,F,Samuel,Sarah,TANDY,,Worcester Road,Labourer,
WOR,Pershore,Holy Cross,,,22 Feb 1818,Jane,F,Richard,Hannah,WORKMAN,,Head St,Labourer,
WOR,Pershore,Holy Cross,,,19 Mar 1818,John Davenport,M,John Davenport,Margaret,BROMFIELD,,Broad St,Gent,
WOR,Pershore,Holy Cross,,,22 Mar 1818,Eliza,F,Robert,Ann,TURVEY,,Newland,Sieve Maker,
WOR,Pershore,Holy Cross,,,22 Mar 1818,Martha,F,,Elizabeth,,KAICK,Priest Lane,Single woman,
WOR,Pershore,Holy Cross,,,19 Apr 1818,Betsey,F,Walter,Catherine,PASCHO,,Head St,Workhouse Keeper,
WOR,Pershore,Holy Cross,,,19 Apr 1818,James,M,Walter,Catherine,PASCHO,,Head St,Workhouse Keeper,
WOR,Pershore,Holy Cross,,,07 May 1818,Elizabeth,F,James,Elizabeth,BANNISTER,,High St,Innkeeper,
WOR,Pershore,Holy Cross,,,10 May 1818,Ann,F,John,Ann,ASHBOURNE,,Head St,Stonemason,
WOR,Pershore,Holy Cross,,,10 May 1818,Edward,M,Samuel,Elizabeth,TURVEY,,Priest Lane,Labourer,
WOR,Pershore,Holy Cross,,,10 May 1818,Charlotte,F,,Sarah,,TURVEY,Pinvin Road,Single woman,
WOR,Pershore,Holy Cross,,,10 May 1818,Mary,F,John,Alice,REDDING,,High St,Weaver,
WOR,Pershore,Holy Cross,,,15 May 1818,Elizabeth,F,John,Elizabeth,WADLEY,,Broad St,Shoemaker,
WOR,Pershore,Holy Cross,,,17 May 1818,Harriet,F,Thomas,Betty,JONES,,Head St,Labourer,
WOR,Pershore,Holy Cross,,,24 May 1818,George,M,Richd,Mary,HUNDAY,,Newland,Labourer,
WOR,Pershore,Holy Cross,,,24 May 1818,Robert,M,Benjamin,Sarah,GEARER,,Priest Lane,Labourer,
WOR,Pershore,Holy Cross,,,24 May 1818,Joseph,M,Joseph,Ann,EWINS,,Broughton,Labourer,
WOR,Pershore,Holy Cross,,,21 Jun 1818,Harriet,F,Samuel,Mary,CLARK,,New St,Joiner,
WOR,Pershore,Holy Cross,,,05 Jul 1818,George,M,John,Ann,GREEN,,Broughton,Pig Dealer,
WOR,Pershore,Holy Cross,,,12 Jul 1818,George,M,John,Harriet,LAIGHT,,High St,Butcher,
WOR,Pershore,Holy Cross,,,12 Jul 1818,Thos.Talbot,M,Thos,Elizabeth,GLAISBROOK,,High St,Saddler,
WOR,Pershore,Holy Cross,,,12 Jul 1818,Olive,F,George,Sarah,SAVAGE,,Broughton,Labourer,
WOR,Pershore,Holy Cross,,,12 Jul 1818,Maria,F,John,Mary,GRUNNELL,,Head St,Pedler,
WOR,Pershore,Holy Cross,,,12 Jul 1818,Ann,F,John,Ann,COCKBILL,,Pensham,Labourer,
WOR,Pershore,Holy Cross,,,12 Jul 1818,Samuel,M,Wm,Mary,ROBERTS,,Pinvin,Labourer,
WOR,Pershore,Holy Cross,,,12 Jul 1818,Elizabeth,F,Wm,Elizabeth,SUMMERTON,,Newland,Labourer,
WOR,Pershore,Holy Cross,,,19 Jul 1818,Henry,M,John,Hannah,HALL,,Newland,Labourer,
WOR,Pershore,Holy Cross,,,19 Jul 1818,Elizabeth,F,John,Hannah,HALL,,Newland,Labourer,
WOR,Pershore,Holy Cross,,,19 Jul 1818,George,M,Richd,Ann,STYLES,,Church St,Sawyer,
WOR,Pershore,Holy Cross,,,19 Jul 1818,Jane,F,Richd,Ann,STYLES,,Church St,Sawyer,
WOR,Pershore,Holy Cross,,,26 Jul 1818,Susanna,F,Theodore,Mary,ROBERTS,,High St,Cordwainer,
WOR,Pershore,Holy Cross,,,26 Jul 1818,Mary Ann,F,John,Jane,DUFFIN,,Church St,Cotler,
WOR,Pershore,Holy Cross,,,26 Jul 1818,Ann,F,Richd,Elizabeth,CLARK,,High St,Butcher,
WOR,Pershore,Holy Cross,,,09 Aug 1818,Samuel,M,Wm,Mary,CULL,,Broughton,Labourer,
WOR,Pershore,Holy Cross,,,16 Aug 1818,Samuel,M,Stephen,Jane,BLIZARD,,Newland,Gardener,
WOR,Pershore,Holy Cross,,,20 Aug 1818,George,M,Robert,Ann,CHECKETTS,,Church St,Gardener,
WOR,Pershore,Holy Cross,,,04 Oct 1818,John,M,George,Ann,STYLES,,Church St,Sawyer,
WOR,Pershore,Holy Cross,,,04 Oct 1818,Ann,F,Edward,Mary,FETHERSTONE,,High St,Traveller,
WOR,Pershore,Holy Cross,,,11 Oct 1818,Sarah,F,James,Elizabeth,IRONS,,Head St,Labourer,
WOR,Pershore,Holy Cross,,,18 Oct 1818,Ann,F,Edward,Honor,COLLINS,,Head St,Labourer,
WOR,Pershore,Holy Cross,,,18 Oct 1818,Charlotte,F,Edward,Honor,COLLINS,,Head St,Labourer,
WOR,Pershore,Holy Cross,,,18 Oct 1818,Eliza,F,John,Keziah,BURLIGO,,High St,Glazier,
WOR,Pershore,Holy Cross,,,18 Oct 1818,Thos,M,Edward,Elizabeth,BELL,,Head St,Labourer,
WOR,Pershore,Holy Cross,,,26 Oct 1818,Mary Ann,F,Wm,Mary,SMITH,,Dunklinnr.Kidderminst,Gardener,
WOR,Pershore,Holy Cross,,,15 Nov 1818,Mary Ann,F,Wm,Mary,BEARCROFT,,High St,Traveller,
WOR,Pershore,Holy Cross,,,15 Nov 1818,Elizabeth,F,Wm,Mary,BEARCROFT,,High St,Traveller,
WOR,Pershore,Holy Cross,,,13 Dec 1818,Eliza,F,Samuel,Elizabeth,BLAKE,,Church St,Chairmaker,
WOR,Pershore,Holy Cross,,,25 Dec 1818,Louisa,F,Richd,Mary,BUNN,,High St,Shoemaker & Clerk,
WOR,Pershore,Holy Cross,,,25 Dec 1818,Joseph William,M,John,Jane,HEMMING,,High St,Currier,
WOR,Pershore,Holy Cross,,,25 Dec 1818,James,M,James,Charlotte,BUNN,,Church St,Flax Dresser,
WOR,Pershore,Holy Cross,,,27 Dec 1818,Mary,F,Wm,Sarah,DAVIS,,Church St,Mason,
WOR,Pershore,Holy Cross,,,27 Dec 1818,Sarah,F,William,Sarah,WORKMAN,,Church St,Butcher,
WOR,Pershore,Holy Cross,,,27 Dec 1818,Francis,M,Wm,Mary,CLEE,,Church St,Sexton,
WOR,Pershore,Holy Cross,,,27 Dec 1818,Edward,M,Wm,Mary,CLEE,,Church St,Sexton,
WOR,Pershore,Holy Cross,,,27 Dec 1818,Eliza,F,James,Elizabeth,BANNISER,,High St,Innkeeper,
WOR,Pershore,Holy Cross,,,09 Jan 1819,Mary,F,George,Mary,NUTTING,,Abbots Wood,Farmer,
WOR,Pershore,Holy Cross,,,17 Jan 1819,William,M,John,Sarah,HOODS,,Head St,Brickmaker,
WOR,Pershore,Holy Cross,,,17 Jan 1819,Sarah,F,,Elizabeth,,EWINS,Priest Lane,Single woman,
WOR,Pershore,Holy Cross,,,17 Jan 1819,Henry,M,Isaac,Mary,KINGS,,Bachelors Entry,Labourer,
WOR,Pershore,Holy Cross,,,24 Jan 1819,Sarah,F,Richd,Elizabeth,DAVIS,,Priest Lane,Sieve Bottomer,
WOR,Pershore,Holy Cross,,,24 Jan 1819,Frances,F,Thos,Hannah,FERRIS,,Priest Lane,Labourer,
WOR,Pershore,Holy Cross,,,24 Jan 1819,Henry,M,,Elizabeth,,ROBINS,Priest Lane,Single woman,
WOR,Pershore,Holy Cross,,,31 Jan 1819,Jane,F,Wm,Phoebe,TWIG,,Newland,Labourer,
WOR,Pershore,Holy Cross,,,31 Jan 1819,Wm,M,Wm,Phoebe,TWIG,,Newland,Labourer,
WOR,Pershore,Holy Cross,,,31 Jan 1819,Ann,F,Thos,Elizabeth,PRICE,,Worcester Road,Labourer,
WOR,Pershore,Holy Cross,,,31 Jan 1819,Caroline,F,Thos,Lucy,CLEMENTS,,Newland,Butcher,
WOR,Pershore,Holy Cross,,24 Jul 1804,31 Jan 1819,Samuel,M,Wm,Ann,HULITT,,Newland,Labourer,
WOR,Pershore,Holy Cross,,09 May 1803,07 Feb 1819,John,M,John,Ann,MINOR,,Priest Lane,Sieve Bottomer,
WOR,Pershore,Holy Cross,,22 Jul 1805,07 Feb 1819,Jane,F,John,Ann,MINOR,,Priest Lane,Sieve Bottomer,
WOR,Pershore,Holy Cross,,,07 Feb 1819,Ruth,F,John,Frances,WRIGHT,,Newland,Gardener,
WOR,Pershore,Holy Cross,,,14 Feb 1819,Sarah,F,George,Mary,FLETCHER,,Bricklehampton,Labourer,
WOR,Pershore,Holy Cross,,,21 Feb 1819,Susan,F,Richd,Mary,DAY,,Broad St,Millwright,
WOR,Pershore,Holy Cross,,29 Sep 1815,28 Feb 1819,Eliza,F,James,Betty,COMB,,Broad St,Mason,
WOR,Pershore,Holy Cross,,,28 Feb 1819,Frederick,M,,Ann,BRUMFIELD,,Benholme,Single woman,
WOR,Pershore,Holy Cross,,,28 Feb 1819,Wm Foster,M,,Ann,,HALL,Single woman,Church Row,
WOR,Pershore,Holy Cross,,,01 Mar 1819,Wm,M,,Susanna,,HERMITAGE,Single woman,Priest Lane,
WOR,Pershore,Holy Cross,,,07 Mar 1819,Joseph,M,Wm,Mary,ANDREWS,,Newland,Mason,
WOR,Pershore,Holy Cross,,,07 Mar 1819,Mary,F,Wm,Mary,ANDREWS,,Newland,Mason,
WOR,Pershore,Holy Cross,,03 Jan 1814,21 Mar 1819,James,M,Wm,Ann,HEATH,,Church St,Joiner,
WOR,Pershore,Holy Cross,,28 Jul 1816,21 Mar 1819,Wm,M,Wm,Ann,HEATH,,Church St,Joiner,
WOR,Pershore,Holy Cross,,,21 Mar 1819,Gabriel Tengue,M,John,Maria,TAYLOR,,High St,Joiner,
WOR,Pershore,Holy Cross,,05 Dec 1816,21 Mar 1819,Mary,F,John,Frances,YOUNG,,High St,Labourer,
WOR,Pershore,Holy Cross,,,21 Mar 1819,Richd.,M,John,Frances,YOUNG,,High St,Labourer,
WOR,Pershore,Holy Cross,,,26 Mar 1819,Frederick,M,Jonas,Ann,COLLINS,,High St,Mason,
WOR,Pershore,Holy Cross,,12 Jul 1818,28 Mar 1819,George,M,George,Ceciley,COSNETT,,Head St,Gardener,
WOR,Pershore,Holy Cross,,06 Sep 1816,28 Mar 1819,Richd.,M,George,Celia,COSNETT,,Head St,Gardner,
WOR,Pershore,Holy Cross,,,11 Apr 1819,Phoebe,F,Wm,Mary,WRIGHT,,Head St,Labourer,
WOR,Pershore,Holy Cross,,,11 Apr 1819,George,M,Edward,Elizabeth,MULLAMS,,Priest Lane,Tinker,
WOR,Pershore,Holy Cross,,,27 Jun 1819,Mary Ann,F,Edward,Sarah,JONES,,Broughton,Labourer,
WOR,Pershore,Holy Cross,,,27 Jun 1819,Elizabeth,F,Thos Workman,Catherin,DAY,,Hide House,Farmer,
WOR,Pershore,Holy Cross,,,11 Jul 1819,Nathaniel,M,Thomas,Ann,RUSSELL,,Newland,Labourer,
WOR,Pershore,Holy Cross,,,18 Jul 1819,Susanna,F,Edward,Susanna,PETHARD,,Church St,Labourer,
WOR,Pershore,Holy Cross,,,18 Jul 1819,Harriett,F,Edward,Susanna,PETHARD,,Church St,Labourer,
WOR,Pershore,Holy Cross,,,25 Jul 1819,Wiliam Alfred,M,Simon,Sarah,FOSTER,,High St,Miller,
WOR,Pershore,Holy Cross,,,01 Aug 1819,Jonathen,M,Jonathen,Kesiah,PURSER,,Ramson Common,Labourer,
WOR,Pershore,Holy Cross,,27 Dec 1807,15 Aug 1819,Thos.,M,Honeybourne,Ann,EVANS,,High St,Butcher,
WOR,Pershore,Holy Cross,,25 Nov 1810,15 Aug 1819,William,M,Honeybourne,Ann,EVANS,,High St,Butcher,
WOR,Pershore,Holy Cross,,17 Jul 1813,15 Aug 1819,John,M,Honeybourne,Ann,EVANS,,High St,Butcher,
WOR,Pershore,Holy Cross,,24 Mar 1816,15 Aug 1819,Nancy,F,Honeybourne,Ann,EVANS,,High St,Butcher,
WOR,Pershore,Holy Cross,,,15 Aug 1819,Sarah,F,Honeybourne,Ann,EVANS,,High St,Butcher,
WOR,Pershore,Holy Cross,,,15 Aug 1819,Emely,F,Wm,Joice,BOZWARD,,Benholme,Brickmaker,
WOR,Pershore,Holy Cross,,,22 Aug 1819,John,M,Wm,Matilda,JELPH,,High St,Wool Sorter,
WOR,Pershore,Holy Cross,,,22 Aug 1819,Ann,F,John,Sarah,TURNER,,Newland,Labourer,
WOR,Pershore,Holy Cross,,11 Dec 1816,05 Sep 1819,Thos.,M,John,Esther,PRICE,,Fishers Row,Labourer,
WOR,Pershore,Holy Cross,,20 Jul 1812,05 Sep 1819,Mary,F,James,Elizabeth,FREEMAN,,Church Walk,Servant,
WOR,Pershore,Holy Cross,,11 Jul 1814,05 Sep 1819,James,M,James,Elizabeth,FREEMAN,,Church Walk,Servant,
WOR,Pershore,Holy Cross,,29 May 1817,05 Sep 1819,George,M,James,Elizabeth,FREEMAN,,Church Walk,Servant,
WOR,Pershore,Holy Cross,,,05 Sep 1819,Samuel,M,Wm,Ann,HEATH,,Church St,Joiner,
WOR,Pershore,Holy Cross,,26 Feb 1812,05 Sep 1819,William,M,John,Letitia,LLOYD,,Fishers Row,Stationer,
WOR,Pershore,Holy Cross,,15 Jun 1815,05 Sep 1819,Edward,M,John,Letitia,LLOYD,,Fishers Row,Stationer,
WOR,Pershore,Holy Cross,,,18 Sep 1819,Joseph,M,Thos,,WARD,,High St,Corn Factor,
WOR,Pershore,Holy Cross,,,19 Sep 1819,George,M,Thos,Ann,DOLPHIN,,Newland,Corn Wainer,
WOR,Pershore,Holy Cross,,,26 Sep 1819,Henry,M,Benjamen,Sarah,BAYLISS,,Church St,Labourer,
WOR,Pershore,Holy Cross,,,26 Sep 1819,Samuel,M,Giles,Elizabeth,WEST,,Church St,Stonemason,
WOR,Pershore,Holy Cross,,,30 Sep 1819,Chas,M,John Davenport,Margaret,BROOMFIELD,,Broad St,Gent,
WOR,Pershore,Holy Cross,,,03 Oct 1819,Wm,M,Joseph,Elizabeth,PRICE,,Priest Lane,Labourer,
WOR,Pershore,Holy Cross,,,03 Oct 1819,Absolom,M,John,Martha,TWIGG,,Church Row,Labourer,
WOR,Pershore,Holy Cross,,,03 Oct 1819,Thos.,M,Thos,Sarah,BADGER,,Broughton,Labourer,
WOR,Pershore,Holy Cross,,,03 Oct 1819,George,M,Thos,Sarah,BADGER,,Broughton,Labourer,
WOR,Pershore,Holy Cross,,,10 Oct 1819,Sarah,F,Richd,Sarah,HATWOOD,,Head St,Labourer,
WOR,Pershore,Holy Cross,,,10 Oct 1819,Ann,F,Wm,Sarah,MEED,,Priest Lane,Labourer,
WOR,Pershore,Holy Cross,,,17 Oct 1819,Mary Ann,F,Wm,Elizabeth,SQUIRES,,High St,Corn Wainer,
WOR,Pershore,Holy Cross,,,17 Oct 1819,Eleanor,F,Benjamen,Jane,MUNDY,,Pensham,Wheelwright,
WOR,Pershore,Holy Cross,,15 Sep 1816,17 Oct 1819,William,M,Thos,Susanna,COLLINS,,Newland,Gardiner,
WOR,Pershore,Holy Cross,,,17 Oct 1819,Sarah,F,Thos,Susanna,COLLINS,,Newland,Gardiner,
WOR,Pershore,Holy Cross,,,24 Oct 1819,Wm,M,George,Ann,HOOPER,,High St,Butcher,
WOR,Pershore,Holy Cross,,,24 Oct 1819,Susanna,F,Stephen,Jane,BEARD,,Newland,Gardiner,
WOR,Pershore,Holy Cross,,,31 Oct 1819,Charlotte,F,Mary,Single woman,KITE,,,High St,
WOR,Pershore,Holy Cross,,,14 Nov 1819,Mary,F,Solamon,Susanna,BURFORD,,Worcester Road,Labourer,
WOR,Pershore,Holy Cross,,,28 Nov 1819,Joseph,M,Wm,Ann,DAVIS,,Broughton,Labourer,
WOR,Pershore,Holy Cross,,,28 Nov 1819,George,M,Wm,Mary,NEWMAN,,Pensham,Labourer,
WOR,Pershore,Holy Cross,,,05 Dec 1819,Martha,F,Theodor,Mary,ROBERTS,,Newland,Shoemaker,
WOR,Pershore,Holy Cross,,,25 Dec 1819,Mary Ann,F,Luke,Ann,WOOLLEY,,Head St,Labourer,
WOR,Pershore,Holy Cross,,,26 Dec 1819,Phoebe,F,William,Hannah,WOLLOMS,,Head St,Tinker,
WOR,Pershore,Holy Cross,,,26 Dec 1819,Joseph,M,Wm,Betty,CLAYTON,,Broughton,Labourer,
WOR,Pershore,Holy Cross,,,26 Dec 1819,Sarah,F,James,Ann,WORKMAN,,Newland,Labourer,
WOR,Pershore,Holy Cross,,,26 Dec 1819,Ann,F,John,Esther,PRICE,,Fishers Row,Labourer,
WOR,Pershore,Holy Cross,,,02 Jan 1820,Ann,F,John,Ann,BLIZARD,,High St,Builder,
WOR,Pershore,Holy Cross,,,02 Jan 1820,John,M,George,Sarah,SMITH,,Broughton,Tailor,
WOR,Pershore,Holy Cross,,,04 Jan 1820,Samuel,M,Joseph,Ann,EWINS,,Broughton,Labourer,
WOR,Pershore,Holy Cross,,,16 Jan 1820,Thomas,M,Thomas,Harriett,CROOK,,Head St,Gardener,
WOR,Pershore,Holy Cross,,,16 Jan 1820,Joseph,M,Richard,Elizabeth,DAVIS,,Priest Lane,Sieve Bottomer,
WOR,Pershore,Holy Cross,,,16 Jan 1820,Mary,F,Richard,Elizabeth,DAVIS,,Priest Lane,Sieve Bottomer,
WOR,Pershore,Holy Cross,,,23 Jan 1820,Eliza,F,George,Sarah,TURNER,,Newland,Labourer,
WOR,Pershore,Holy Cross,,,23 Jan 1820,George Edmund,M,,Lucy,,TAYLOR,Pensham,Single woman,
WOR,Pershore,Holy Cross,,,23 Jan 1820,Ann,F,,Sarah,,CULL,Broughton,Single woman,
WOR,Pershore,Holy Cross,,,23 Jan 1820,George,M,,Elizabeth,,WILLIAMS,High St,Single woman,
WOR,Pershore,Holy Cross,,,30 Jan 1820,Jane,F,Samuel,Jane,HOOPER,,Newlands,Mason,
WOR,Pershore,Holy Cross,,,20 Feb 1820,Sarah,F,Thomas,Phoebe,HEMMING,,Church St,Labourer,
WOR,Pershore,Holy Cross,,,20 Feb 1820,Martha,F,Thomas,Phoebe,HEMMING,,Church St,Labourer,
WOR,Pershore,Holy Cross,,,20 Feb 1820,William,M,Joseph,Margaret,YOUNG,,Newland,Labourer,
WOR,Pershore,Holy Cross,,,27 Feb 1820,John,M,John,Jane,PRIEST,,Head St,Labourer,
WOR,Pershore,Holy Cross,,,05 Mar 1820,Elizabeth,F,William,Elizabeth,TAYLOR,,High St,Joiner,
WOR,Pershore,Holy Cross,,,12 Mar 1820,George,M,Isaac,Mary,KINGS,,Bachelors Entry,Labourer,
WOR,Pershore,Holy Cross,,,16 Mar 1820,James,M,John,Allice,REDDING,,High St,Weaver,
WOR,Pershore,Holy Cross,,,02 Apr 1820,Harriett,F,James,Ann,HARWOOD,,Church St,Shoemaker,
WOR,Pershore,Holy Cross,,,02 Apr 1820,Hannah,F,William,Mary,SURMAN,,Pinvin,Labourer,
WOR,Pershore,Holy Cross,,,02 Apr 1820,William,M,James,Ann,HURST,,Alcester,Chimney Sweep,
WOR,Pershore,Holy Cross,,,15 Apr 1820,Louisa,F,John,Sarah,DUFTY,,Priest Lane,Carrier,
WOR,Pershore,Holy Cross,,,16 Apr 1820,John,M,Samuel,Olive,PHIPPS,,Cracomb,Farmer,
WOR,Pershore,Holy Cross,,,23 Apr 1820,William,M,George,Sarah,SAVAGE,,Broughton,Labourer,
WOR,Pershore,Holy Cross,,,07 May 1820,Thomas,M,John,Mary,CHAMBERS,,Stafford,Supervisor,
WOR,Pershore,Holy Cross,,,07 May 1820,Sarah,F,Joseph,Alice,BADGER,,High St,Labourer,
WOR,Pershore,Holy Cross,,,07 May 1820,Benjamin,M,Joseph,Alice,BADGER,,High St,Labourer,
WOR,Pershore,Holy Cross,,,07 May 1820,Walter,M,Walter,Catherine,PASCHO,,Head St,Workhouse Keeper,
WOR,Pershore,Holy Cross,,,19 May 1820,Harriet,F,John,Elizabeth,HEMUS,,High St,Labourer,
WOR,Pershore,Holy Cross,,,27 May 1820,William,M,Joseph,Maria,COSNETT,,Newlands,Gardener,
WOR,Pershore,Holy Cross,,,28 May 1820,Henry,M,John,Elizabeth,WADLEY,,Broad St,Shoemaker,
WOR,Pershore,Holy Cross,,,01 Jun 1820,Joseph,M,Joseph,Mary,WOODWARD,,Chevington,Farmer,
WOR,Pershore,Holy Cross,,,11 Jun 1820,Barbara,F,Samuel,Mary,DAY,,Broughton,Labourer,
WOR,Pershore,Holy Cross,,,18 Jun 1820,George,M,Richard,Mary,TWIG,,High St,Labourer,
WOR,Pershore,Holy Cross,,,25 Jun 1820,Eliza,F,William,Phoebe,TWIG,,Newland,Labourer,
WOR,Pershore,Holy Cross,,,25 Jun 1820,William,M,Joseph,Sarah,WHITE,,Head St,Labourer,
WOR,Pershore,Holy Cross,,,25 Jun 1820,John,M,Edward,Mary,SMITH,,Broad St,Wool Sorter,
WOR,Pershore,Holy Cross,,,09 Jul 1820,Mary Ann,F,John,Frances,WRIGHT,,Newland,Gardener,
WOR,Pershore,Holy Cross,,,16 Jul 1820,Harriet,F,Bartholomew,Esther,LYES,,Broughton,Shoemaker,
WOR,Pershore,Holy Cross,,,23 Jul 1820,Charles,M,Benjamin,Sarah,GEARN,,Priest Lane,Labourer,
WOR,Pershore,Holy Cross,,,30 Jul 1820,Frederick,M,Isaac,Maria,PURSER,,Broughton,Farmer,
WOR,Pershore,Holy Cross,,,30 Jul 1820,Elizabeth,F,James,Ann,BOZWARD,,Newland,Labourer,
WOR,Pershore,Holy Cross,,,06 Aug 1820,Charles,M,William,Mary,NASH,,Fishers Row,Labourer,
WOR,Pershore,Holy Cross,,,06 Aug 1820,Eleanor,F,James,Sarah,ROSE,,High St,Mason,
WOR,Pershore,Holy Cross,,,06 Aug 1820,Edwin,M,Thomas,Ann,COLCOME,,High St,Wool Sorter,
WOR,Pershore,Holy Cross,,,20 Aug 1820,Thomas,M,Giles,Ann,CHECKETTS,,High St,Gardener,
WOR,Pershore,Holy Cross,,,27 Aug 1820,Ann,F,John,Jane,HEMMING,,High St,Carrier,
WOR,Pershore,Holy Cross,,,03 Sep 1820,Charlotte,F,,Sarah,,TURVEY,High St,Single woman,
WOR,Pershore,Holy Cross,,,10 Sep 1820,Jane,F,Thomas,Ann,TWIG,,Newland,Labourer,
WOR,Pershore,Holy Cross,,,17 Sep 1820,Edward,M,John,Mary,HOPKINS,,High St,Shoemaker,
WOR,Pershore,Holy Cross,,,17 Sep 1820,James,M,John,Mary,HOPKINS,,High St,Shoemaker,
WOR,Pershore,Holy Cross,,,22 Sep 1820,Caroline,F,Richard,Mary,BUNN,,High St,Parish Clerk,
WOR,Pershore,Holy Cross,,,01 Oct 1820,James,M,John,Rebecca,CHAMPION,,Church St,Watch Spring Maker,
WOR,Pershore,Holy Cross,,,01 Oct 1820,Thomas,M,John,Keziah,BURLINGHAM,,High St,Glazier,
WOR,Pershore,Holy Cross,,,08 Oct 1820,Elizabeth,F,,Sarah,,PRICE,Newland,Single woman,
WOR,Pershore,Holy Cross,,,30 Oct 1820,Elizabeth,F,William,Elizabeth,DOWLER,,High St,Labourer,
WOR,Pershore,Holy Cross,,,12 Nov 1820,Selina,F,William,Mary,CLEE,,Church St,Labourer,
WOR,Pershore,Holy Cross,,,12 Nov 1820,Ann,F,John,Sarah,TURNER,,Newland,Labourer,
WOR,Pershore,Holy Cross,,,19 Nov 1820,William,M,Edward,Honour,COLLINS,,Head St,Labourer,
WOR,Pershore,Holy Cross,,,26 Nov 1820,William,M,Joseph,Mary,CHECKETTS,,Newland,Labourer,
WOR,Pershore,Holy Cross,,,03 Dec 1820,William,M,William,Ann,EWINS,,Newland,Labourer,
WOR,Pershore,Holy Cross,,,10 Dec 1820,William,M,Richard,Hannah,WORKMAN,,Head St,Labourer,
WOR,Pershore,Holy Cross,,,17 Dec 1820,George,M,Thomas,Elizabeth,GLASBROOK,,High St,Saddler,
WOR,Pershore,Holy Cross,,,24 Dec 1820,George,M,Samuel,Sarah,TANDY,,Tidsley Wood,Labourer,
WOR,Pershore,Holy Cross,,,24 Dec 1820,Hannah,F,Edward,Elizabeth,BELL,,Priest Lane,Labourer,
WOR,Pershore,Holy Cross,,,31 Dec 1820,Helen,F,Edward,Mary,HOOPER,,High St,Shoemaker,
WOR,Pershore,Holy Cross,,,31 Dec 1820,James,M,James,Hannah,AMPHLETT,,Turnpike,Shoemaker,
WOR,Pershore,Holy Cross,,,31 Dec 1820,Mary,F,John,Letitia,LLOYD,,Fishers Row,Shoemaker,
WOR,Pershore,Holy Cross,,,02 Jan 1821,Jane,F,John,Mary,MEREDITH,,High St,Butcher,
WOR,Pershore,Holy Cross,,,22 Jan 1821,Henry,M,James,Sarah,MAYHON,,Church St,Joiner,
WOR,Pershore,Holy Cross,,,28 Jan 1821,Samuel,M,William,Sarah,DAVIS,,Church St,Bricklayer,
WOR,Pershore,Holy Cross,,,04 Feb 1821,Edwin,M,William,Mary,TANDY,,Newland,Labourer,
WOR,Pershore,Holy Cross,,,04 Feb 1821,Sarah,F,John,Mary,APERLEY,,High St,Labourer,
WOR,Pershore,Holy Cross,,,04 Feb 1821,Henry,M,Charles,Elizabeth,LLOYD,,Church Row,Labourer,
WOR,Pershore,Holy Cross,,,04 Feb 1821,Richard,M,Richard,Jane,HAYDON?,,Priest Lane,Butcher,
WOR,Pershore,Holy Cross,,,11 Feb 1821,Jane,F,Charles,Sarah,DRIVER,,Head St,Labourer,
WOR,Pershore,Holy Cross,,,18 Feb 1821,Charlotte,F,John,Elizabeth,DRIVER,,Pensham,Labourer,
WOR,Pershore,Holy Cross,,,11 Mar 1821,James,M,George,Celia,COSNETT,,Head St,Labourer,
WOR,Pershore,Holy Cross,,,11 Mar 1821,William,M,Richard,Hannah,HOLLAND,,High St,Blacksmith,
WOR,Pershore,Holy Cross,,,18 Mar 1821,Elizabeth,F,John,Ann,HITCHINGS,,Broughton,Labourer,
WOR,Pershore,Holy Cross,,,18 Mar 1821,Sarah,F,William,Mary,ANDREWS,,Newland,Bricklayer,
WOR,Pershore,Holy Cross,,,18 Mar 1821,Thomas,M,Thomas,Maria,NASH,,Pensham,Labourer,
WOR,Pershore,Holy Cross,,,25 Mar 1821,Samuel,M,Joseph,Ann,EWINS,,Broughton,Labourer,
WOR,Pershore,Holy Cross,,,25 Mar 1821,Ann,F,Joseph,Ann,EWINS,,Broughton,Labourer,
WOR,Pershore,Holy Cross,,,25 Mar 1821,Phoebe,F,Richard,Ann,FERRIS,,Priest Lane,Labourer,
WOR,Pershore,Holy Cross,,,25 Mar 1821,William,M,Robert,Elizabeth,CRISP,,High St,Shoemaker,
WOR,Pershore,Holy Cross,,,25 Mar 1821,Sarah,F,Thomas,Lucy,CLEMENTS,,Newland,Butcher,
WOR,Pershore,Holy Cross,,,01 Apr 1821,Charlotte,F,Richard,Ann,STYLES,,High St,Sawyer,
WOR,Pershore,Holy Cross,,,15 Apr 1821,Thomas,M,Thomas,Elizabeth,JONES,,Church St,Waterman,
WOR,Pershore,Holy Cross,,,15 Apr 1821,Eliza,F,Thomas,Elizabeth,JONES,,Church St,Waterman,
WOR,Pershore,Holy Cross,,,22 Apr 1821,Mary Ann,F,John,Mary,SHERWOOD,,Broughton,Labourer,
WOR,Pershore,Holy Cross,,,22 Apr 1821,Susanna?,F,William,Mary,SMITH,,Newland,Publican,
WOR,Pershore,Holy Cross,,,22 Apr 1821,Ann,F,,Ann,,PANTHER,Broughton,Single woman,
WOR,Pershore,Holy Cross,,,29 Apr 1821,Giles,M,Giles,Ann,TURVEY,,High St,Tanner,
WOR,Pershore,Holy Cross,,,06 May 1821,George,M,,Alice,,SANDERS,Church Row,Single woman,
WOR,Pershore,Holy Cross,,,06 May 1821,Joseph,M,John,Ann,HALL,,Newland,Labourer,
WOR,Pershore,Holy Cross,,,25 May 1821,Joseph,M,John Davenport,Margaret,BROMFIELD,,Bridge St,Gent,
WOR,Pershore,Holy Cross,,,03 Jun 1821,Elizabeth,F,William,Mary,WRIGHT,,Head St,Labourer,
WOR,Pershore,Holy Cross,,,10 Jun 1821,Ann,F,William,Mary,BURTON,,Pinvin,Wheelwright,
WOR,Pershore,Holy Cross,,,10 Jun 1821,Joseph,M,Joseph,Allice,BADGER,,High St,Labourer,
WOR,Pershore,Holy Cross,,,13 Jun 1821,William,M,William,Susanna,BUNN,,Church St,Victualler,
WOR,Pershore,Holy Cross,,,17 Jun 1821,George,M,James,Hannah,COX,,Broughton,Labourer,
WOR,Pershore,Holy Cross,,,22 Jun 1821,Mary Ann,F,John,Elizabeth,CROCKETT,,High St,Joiner,
WOR,Pershore,Holy Cross,,,29 Jun 1821,Henry,M,,Mary,,DAVIS,Priest Lane,Single woman,
WOR,Pershore,Holy Cross,,,29 Jun 1821,Jane,F,Benjamin,Sarah,BAYLIS,,Church St,Labourer,
WOR,Pershore,Holy Cross,,,08 Jul 1821,George,M,Jonas,Ann,COLLINS,,High St,Mason,
WOR,Pershore,Holy Cross,,,13 Jul 1821,Jane,F,Edward,Jane,OLDAKER,,Broad St,Attorney,
WOR,Pershore,Holy Cross,,,13 Jul 1821,Amelia,F,,Jane,,BLIZARD,Newland,Single woman,
WOR,Pershore,Holy Cross,,,15 Jul 1821,George,M,Richard,Mary,DAY,,Broad St,Millwright,
WOR,Pershore,Holy Cross,,,19 Jul 1821,Frederick,M,William,Salina,WATERS,,High St,Labourer,
WOR,Pershore,Holy Cross,,,26 Jul 1821,Emmanuel,M,Richard,Mary,HUNDAY,,Newland,Labourer,
WOR,Pershore,Holy Cross,,,28 Jul 1821,Henry,M,William,Eleanor,GIBBS,,Ramson Common,Labourer,
WOR,Pershore,Holy Cross,,,16 Sep 1821,Caroline,F,,Mary,,CROOK,Newland,Single woman,
WOR,Pershore,Holy Cross,,,16 Sep 1821,Helen,F,Thomas,Hannah,CROOK,,Head St,Gardener,
WOR,Pershore,Holy Cross,,,13 Oct 1821,William,M,William,Mary,DUTFIELD,,Newland,Labourer,
WOR,Pershore,Holy Cross,,,21 Oct 1821,Susanne,F,William,Sarah,WORKMAN,,Church St,Butcher,
WOR,Pershore,Holy Cross,,,28 Oct 1821,Eliza,F,Richard,Sarah,FREEMAN,,Newland,Labourer,
WOR,Pershore,Holy Cross,,,28 Oct 1821,William Henry,M,,Elizabeth,,KITE,Newland,Single woman,
WOR,Pershore,Holy Cross,,,09 Dec 1821,George,M,James,Ann,PLAYDEN,,Church St,Butcher,
WOR,Pershore,Holy Cross,,,23 Dec 1821,William,M,Theadore,Mary,ROBERTS,,Newland,Shoemaker,
WOR,Pershore,Holy Cross,,,23 Dec 1821,Mary,F,Stephen,Jane,BEARD,,Newland,Gardener,
WOR,Pershore,Holy Cross,,,30 Dec 1821,Martha,F,John,Maria,TAYLOR,,High St,Joiner,
WOR,Pershore,Holy Cross,,,30 Dec 1821,William,M,Joseph,Mary,COSNETT,,Priest Lane,Labourer,
WOR,Pershore,Holy Cross,,,30 Dec 1821,Thomas,M,Joseph,Mary,COSNETT,,Priest Lane,Labourer,
WOR,Pershore,Holy Cross,,,06 Jan 1822,Sarah,F,George,Ann,HOOPER,,High St,Butcher,
WOR,Pershore,Holy Cross,,,13 Jan 1822,Lucy,F,John,Sarah,DUFTY,,Priest Lane,Carrier,
WOR,Pershore,Holy Cross,,,13 Jan 1822,Joseph,M,John,Sarah,DUFTY,,Priest Lane,Carrier,
WOR,Pershore,Holy Cross,,,20 Jan 1822,Charles,M,Edward,Susanna,PETHARD,,Church St,Labourer,
WOR,Pershore,Holy Cross,,,30 Jan 1822,Phobe,F,Samuel,Jane,HOOPER,,Newlands,Mason,
WOR,Pershore,Holy Cross,,,30 Jan 1822,Mary,F,Jonathan,Kezia,PURSER,,Ramson Common,Labourer,
WOR,Pershore,Holy Cross,,,03 Feb 1822,Mary,F,Edward,Elizabeth,BELL,,Priest Lane,Labourer,
WOR,Pershore,Holy Cross,,,03 Feb 1822,Thos,M,William,Elizabeth,HUNDY,,Newland,Labourer,
WOR,Pershore,Holy Cross,,,03 Feb 1822,Alfred,M,William,Ann,DAVIS,,Broughton,Labourer,
WOR,Pershore,Holy Cross,,,10 Feb 1822,John,M,Samuel,Elizabeth,BLEAK,,Church St,Chairmaker,
WOR,Pershore,Holy Cross,,,10 Feb 1822,Ann,F,Jonah,Elizabeth,WORKMAN,,Head St,Labourer,
WOR,Pershore,Holy Cross,,,17 Feb 1822,Henry,M,John,Ann,WOOD,,Pinvin,Labourer,
WOR,Pershore,Holy Cross,,,24 Feb 1822,James,M,Benjamin,Sarah,HERNE,,Priest Lane,Labourer,
WOR,Pershore,Holy Cross,,,13 Mar 1822,James,M,,Elizabeth,,WILLIAMS,High St,Single woman,
WOR,Pershore,Holy Cross,,,24 Mar 1822,Jonah,M,William,Mary,DOBSON,,Head St,Labourer,
WOR,Pershore,Holy Cross,,,24 Mar 1822,Mary,F,William,Elizabeth,GOLDEN,,Newland,Labourer,
WOR,Pershore,Holy Cross,,,24 Mar 1822,Hannah,F,Richard,Mary,TWIG,,Head St,Labourer,
WOR,Pershore,Holy Cross,,,31 Mar 1822,Robert,M,Robert,Ann,TURVEY,,Newland,Sieve Maker,
WOR,Pershore,Holy Cross,,,31 Mar 1822,Robert,M,Edward,Sarah,JONES,,Broughton,Labourer,
WOR,Pershore,Holy Cross,,,07 Apr 1822,Phebe,F,George,Sarah,BLIZARD,,Worcester Road,Labourer,
WOR,Pershore,Holy Cross,,,14 Apr 1822,Jane,F,John,Harriet,LAIGHT,,High St,Butcher,
WOR,Pershore,Holy Cross,,,14 Apr 1822,Thomas,M,Thomas,Ann,DOLPHIN,,Newland,Shoemaker,
WOR,Pershore,Holy Cross,,,14 Apr 1822,Thomas,M,Edward,Hannah,HOOPER,,Benholm,Bricklayer,
WOR,Pershore,Holy Cross,,,21 Apr 1822,Mary,F,Joseph Griffiths,Jane,PIERCE,,Cheltenham,Painter,
WOR,Pershore,Holy Cross,,,28 Apr 1822,Catherine,F,Isaac,Mary,KINGS,,Bachelor's Row,Labourer,
WOR,Pershore,Holy Cross,,,28 Apr 1822,William,M,Roger,Phebe,BAINHAM,,New St,Postboy,
WOR,Pershore,Holy Cross,,,28 Apr 1822,Ann,F,John,Ann,CHECKETTS,,Church St,Labourer,
WOR,Pershore,Holy Cross,,,01 May 1822,John,M,James,Charlotte,BUNN,,Church St,Flaxdresser,
WOR,Pershore,Holy Cross,,,05 May 1822,George,M,John,Mary,SHERWOOD,,Broughton,Labourer,
WOR,Pershore,Holy Cross,,,05 May 1822,Richard,M,Richard,Martha,GARBITT,,High St,Servant,
WOR,Pershore,Holy Cross,,,12 May 1822,Henry,M,William,Mary,WEST,,Bachelor's Row,Horse Keeper,
WOR,Pershore,Holy Cross,,,12 May 1822,Ann Jemima,F,Thomas,Susanna,COLLINS,,Newland,Gardener,
WOR,Pershore,Holy Cross,,,19 May 1822,William,M,William,Elizabeth,TAYLOR,,Bridge St,Joiner,
WOR,Pershore,Holy Cross,,,25 May 1822,Eleanor,F,John,Elizabeth,HARLEY,,Broad St,Joiner,
WOR,Pershore,Holy Cross,,,02 Jun 1822,George,M,William,Phebe,KINGS,,Head St,Labourer,
WOR,Pershore,Holy Cross,,,09 Jun 1822,William,M,William,Jane,CLEE,,Worcester,Shoemaker,
WOR,Pershore,Holy Cross,,,09 Jun 1822,Eliza Ann,F,,Phebe Ann,,GRIFFITHS,Wadborough,Single woman,
WOR,Pershore,Holy Cross,,,16 Jun 1822,Jane,F,Robert,Elizabeth,CRISP,,High St,Shoemaker,
WOR,Pershore,Holy Cross,,,16 Jun 1822,Thomas,M,,Hannah,,HAWKER,Head St,Single woman,
WOR,Pershore,Holy Cross,,,29 Jun 1822,John,M,John,Mary,MARCHAL,,Priest Lane,Labourer,
WOR,Pershore,Holy Cross,,,29 Jun 1822,Benjamin,M,Benjamin,Mary,PRATT,,High St,Apothecary,
WOR,Pershore,Holy Cross,,,29 Jun 1822,Mary,F,James,Elizabeth,BANNISTER,,High St,Inn Keeper,
WOR,Pershore,Holy Cross,,,07 Jul 1822,Elizabeth,F,James,Sarah,ROSE,,High St,Mason,
WOR,Pershore,Holy Cross,,,07 Jul 1822,Elizabeth,F,William,Mary,STONE,,High St,Pot Maker,
WOR,Pershore,Holy Cross,,,14 Jul 1822,Thomas,M,John,Sarah,TURNER,,Newland,Labourer,
WOR,Pershore,Holy Cross,,,14 Jul 1822,Keziah,M,Richd,Jane,PLAYDON,,Priest Lane,Butcher,
WOR,Pershore,Holy Cross,,,27 Jul 1822,John Baylis,M,Joseph,Mary,WOODWARD,,Chivington,Farmer,
WOR,Pershore,Holy Cross,,,11 Aug 1822,Sarah,F,Joseph,Mary,CHECKETTS,,Newland,Labourer,
WOR,Pershore,Holy Cross,,,12 Aug 1822,Edward Henry,M,John James,Mary Ann,PACE,,High St,Printer,
WOR,Pershore,Holy Cross,,,25 Aug 1822,Maria,F,Joseph,Lucy,WAIN,,Priest Lane,Labourer,
WOR,Pershore,Holy Cross,,,25 Aug 1822,William,M,George,Ann,BURROWS,,Broughton,Labourer,
WOR,Pershore,Holy Cross,,,08 Sep 1822,William,M,James,Susanna,WESTON,,High St,Publican,
WOR,Pershore,Holy Cross,,,08 Sep 1822,Benjamin,M,Stephen,Jane,BEARD,,Newland,Gardener,
WOR,Pershore,Holy Cross,,,15 Sep 1822,George,M,Charles,Elizabeth,PITCHER,,Church St,Tailor,
WOR,Pershore,Holy Cross,,,15 Sep 1822,Frances,F,William,Sarah,MOORE,,High St,Labourer,
WOR,Pershore,Holy Cross,,,06 Oct 1822,James,M,William,Ann,EWINS,,Newland,Labourer,
WOR,Pershore,Holy Cross,,,13 Oct 1822,Lucy,F,John,Sarah,MUMFORD,,Priest Lane,Labourer,
WOR,Pershore,Holy Cross,,,27 Oct 1822,Ann,F,John,Ann,HITCHINGS,,Broughton,Labourer,
WOR,Pershore,Holy Cross,,,03 Nov 1822,John,M,William,Hannah,WOOLLAMS,,Head St,Tinker,
WOR,Pershore,Holy Cross,,,03 Nov 1822,Jane,F,Thomas,Jane,WOOLLAMS,,High St,Tinker,
WOR,Pershore,Holy Cross,,,03 Nov 1822,Mary,F,George,Sarah,TURNER,,Newland,Labourer,
WOR,Pershore,Holy Cross,,,17 Nov 1822,Eleanor,F,George,Hannah,CHECKETTS,,High St,Labourer,
WOR,Pershore,Holy Cross,,,24 Nov 1822,George,M,John,Sarah,GOLD,,Pensham,Labourer,
WOR,Pershore,Holy Cross,,,27 Dec 1822,Henry,M,John,Jane,PRIEST,,Head St,Labourer,
WOR,Pershore,Holy Cross,,,29 Dec 1822,Helen,F,Henry,Sophia,MELEN,,High St,Grocer,
WOR,Pershore,Holy Cross,,,29 Dec 1822,Robert,M,Henry,Sophia,MELEN,,High St,Grocer,
WOR,Pershore,Holy Cross,,,05 Jan 1823,Sarah,F,Thomas,Hannah,ROSE,,High St,Bricklayer,
WOR,Pershore,Holy Cross,,,05 Jan 1823,Thomas,M,Edward,Honour,COLLINS,,Head St,Labourer,
WOR,Pershore,Holy Cross,,,05 Jan 1823,Ann,F,George,Celia,COSNETT,,Head St,Labourer,
WOR,Pershore,Holy Cross,,,10 Jan 1823,Edmund Wells,M,Edmund Wells,Jane,OLDAKER,,Broad St,Attornery at Law,
WOR,Pershore,Holy Cross,,,12 Jan 1823,Ann,F,James,Ann,WORKMAN,,Newland,Labourer,
WOR,Pershore,Holy Cross,,,12 Jan 1823,George,M,John,Mary,MARSHALL,,Priest Lane,Labourer,
WOR,Pershore,Holy Cross,,,13 Jan 1823,Charlotte,F,John,Frances,WRIGHT,,Newland,Gardener,
WOR,Pershore,Holy Cross,,,19 Jan 1823,Mary Ann,F,Joseph,Alice,HUNDY,,Priest Lane,Carpenter,
WOR,Pershore,Holy Cross,,,02 Feb 1823,George,M,,Jane,,PALFRY,High St,Single woman,
WOR,Pershore,Holy Cross,,,09 Feb 1823,Mary,F,,Jane,,JOHNSON,Newland,Single woman,
WOR,Pershore,Holy Cross,,,09 Feb 1823,Helen,F,Richard,Ann,STYLES,,New St,Sawyer,
WOR,Pershore,Holy Cross,,,18 Feb 1823,Sarah,F,William,Margaret,HOPKINS,,High St,Stocking weaver,
WOR,Pershore,Holy Cross,,,09 Mar 1823,John,M,William,Mary,ANDREWS,,Priest Lane,Bricklayer,
WOR,Pershore,Holy Cross,,,09 Mar 1823,William,M,William,Elizabeth,SQUIRES,,Church St,Shoemaker,
WOR,Pershore,Holy Cross,,,09 Mar 1823,John,M,Samuel,Hannah,WEEKS,,Pinvin,Labourer,
WOR,Pershore,Holy Cross,,,20 Apr 1823,Thomas,M,John,Mary,GRIFFITHS,,High St,Blacksmith,
WOR,Pershore,Holy Cross,,,24 Apr 1823,Robert,M,Robert,Ann,COOPER,,Head St,Labourer,
WOR,Pershore,Holy Cross,,,27 Apr 1823,James,M,William,Ann,WALTON,,Newland,Labourer,
WOR,Pershore,Holy Cross,,,15 May 1823,Helen,F,William,Sarah,WORKMAN,,Church St,Butcher,
WOR,Pershore,Holy Cross,,,19 May 1823,Ann,F,James,Emma,SMITH,,St,Labourer,
WOR,Pershore,Holy Cross,,,07 Jun 1823,Ann,F,Ann,Single woman,HALFORD,,,Broughton,
WOR,Pershore,Holy Cross,,,08 Jun 1823,James,M,James,Susanna,COX,,Abbotswood,Labourer,
WOR,Pershore,Holy Cross,,,22 Jun 1823,John,M,Thomas,Elizabeth,JONES,,Newland,Waterman,
WOR,Pershore,Holy Cross,,,06 Jul 1823,Mary,F,John,Rebecca,CHAMPION,,Church St,Spring maker,
WOR,Pershore,Holy Cross,,,13 Jul 1823,James,M,John,Maria,TAYLOR,,High St,Schoolmaster,
WOR,Pershore,Holy Cross,,,13 Jul 1823,Edward,M,John,Marie,NASH,,Pensham,Labourer,
WOR,Pershore,Holy Cross,,,13 Jul 1823,Ann,F,William,Susanna,HOWSE,,Pensham,Labourer,
WOR,Pershore,Holy Cross,,,24 Jul 1823,Sarah,F,John,Elizabeth,ASHFIELD,,Head St,Labourer,
WOR,Pershore,Holy Cross,,,27 Jul 1823,Rachel,F,William,Elizabeth,FOWLS,,High St,Labourer,
WOR,Pershore,Holy Cross,,,10 Aug 1823,Sarah,F,Thomas,Ann,DOLPHIN,,Newland,Shoemaker,
WOR,Pershore,Holy Cross,,,16 Aug 1823,Elizabeth,F,Thomas,Lucy,CLEMENTS,,Newland,Butcher,
WOR,Pershore,Holy Cross,,,17 Aug 1823,Emma,F,Giles,Elizabeth,WEST,,Church St,Mason,
WOR,Pershore,Holy Cross,,,17 Aug 1823,Sophia,F,William,Sarah,HILL,,Batchelors Entry,Waterman,
WOR,Pershore,Holy Cross,,,17 Aug 1823,Ann,F,John,Sarah,MILES,,Norton nr Kempsey,Labourer,
WOR,Pershore,Holy Cross,,,31 Aug 1823,William,M,William,Selina,WATERS,,Newland,Labourer,
WOR,Pershore,Holy Cross,,,31 Aug 1823,Joseph,M,John,Ann,HAYNES,,Newland,Gardener,
WOR,Pershore,Holy Cross,,,31 Aug 1823,Ann,F,Samuel,Eleanor,ANDREWS,,Newland,Gardener,
WOR,Pershore,Holy Cross,,,07 Sep 1823,Mary Ann,F,Robert,Mary,YOUNG,,High St,Horse Keeper,
WOR,Pershore,Holy Cross,,,12 Oct 1823,Charles,M,Joseph,Esther,COMB,,Binholme,Mason,
WOR,Pershore,Holy Cross,,,12 Oct 1823,James,M,Joseph,Esther,COMB,,Binholme,Mason,
WOR,Pershore,Holy Cross,,,26 Oct 1823,Mary,F,George,Sarah,SAVAGE,,Broughton,Labourer,
WOR,Pershore,Holy Cross,,,26 Oct 1823,Mary,F,John,Ann,HALL,,Newland,Labourer,
WOR,Pershore,Holy Cross,,,02 Nov 1823,Mary,F,Solomon,Ann,ANNISSA,,High St,Labourer,
WOR,Pershore,Holy Cross,,,09 Nov 1823,Martha,F,Samuel,Sarah,TANDY,,Newland,Labourer,
WOR,Pershore,Holy Cross,,,12 Nov 1823,Ann,F,Richard,Mary,HATWOOD,,Head St,Labourer,
WOR,Pershore,Holy Cross,,,16 Nov 1823,Bentley,M,Benjamin,Sarah,BAYLIS,,Church St,Labourer,
WOR,Pershore,Holy Cross,,,16 Nov 1823,Zeziah,F,William,Eleanor,FERRIS,,Head St,Glazier,
WOR,Pershore,Holy Cross,,,21 Nov 1823,Martha,F,Edward,Mary,HOOPER,,High St,Shoemaker,
WOR,Pershore,Holy Cross,,,22 Nov 1823,Davaid,M,George,Ann,HOOPER,,High St,Butcher,
WOR,Pershore,Holy Cross,,,23 Nov 1823,Eliza,F,John,Allice,REDDING,,High St,Weaver,
WOR,Pershore,Holy Cross,,,30 Nov 1823,Susanna,F,John,Ann,CHECKETTS,,Benholme,Servant,
WOR,Pershore,Holy Cross,,,07 Dec 1823,Jane,F,William,Mary,NEWMAN,,Pensham,Labourer,
WOR,Pershore,Holy Cross,,,07 Dec 1823,James,M,William,Eleanor,GIBBS,,Ramson Common,Labourer,
WOR,Pershore,Holy Cross,,,14 Dec 1823,William Henry,M,William,Ann,GREEN,,High St,Glover,
WOR,Pershore,Holy Cross,,,24 Dec 1823,Martha Ann,F,William,Susanna,BUNN,,Church St,Inn Keeper,
WOR,Pershore,Holy Cross,,,28 Dec 1823,John Woodhouse,M,James,Elizabeth,CRISP,,High St,Woolsorter,
WOR,Pershore,Holy Cross,,,28 Dec 1823,John,M,Henry,Ann,HEMMING,,Kings Head Passg,Horse Keeper,
WOR,Pershore,Holy Cross,,,07 Jan 1824,Juliana Greaves,F,,Jane,,TURBERVILLE,Newland,Single woman,
WOR,Pershore,Holy Cross,,,11 Jan 1824,Harriet,F,John,Elizabeth,WADLY,,Broad St,Shoemaker,
WOR,Pershore,Holy Cross,,,18 Jan 1824,John,M,William,Mary,SMITH,,Newland,Inn Keeper,
WOR,Pershore,Holy Cross,,,18 Jan 1824,William,M,George,Ann,HARTLAND,,Pensham,Labourer,
WOR,Pershore,Holy Cross,,,23 Jan 1824,Mary Ann,F,Edmund Wells,Jane,OLDAKER,,Broad St,Attornery at Law,
WOR,Pershore,Holy Cross,,,25 Jan 1824,Sarah,F,John,Sarah,BIRCH,,High St,Labourer,
WOR,Pershore,Holy Cross,,,25 Jan 1824,Charles,M,Thomas,Lydia,SIMMONS,,High St,Patten Maker,
WOR,Pershore,Holy Cross,,,25 Jan 1824,William,M,Thomas,Lydia,SIMMONS,,High St,Patten Maker,
WOR,Pershore,Holy Cross,,,27 Jan 1824,Charles Edward,M,Charles,Allice,HUDSON,,High St,Attorney,
WOR,Pershore,Holy Cross,,,30 Jan 1824,Jane,F,William,Mary,KERBY,,High St,Inn Keeper,
WOR,Pershore,Holy Cross,,,30 Jan 1824,Robert,M,Samuel,Eleanor,ANDREWS,,Newland,Gardener,
WOR,Pershore,Holy Cross,,,03 Feb 1824,James,M,Josiah,Elizabeth,WORKMAN,,Newland,Labourer,
WOR,Pershore,Holy Cross,,,08 Feb 1824,William,M,Joseph,Ann,ENNIS,,Broughton,Labourer,
WOR,Pershore,Holy Cross,,,15 Feb 1824,Ann,F,John,Sarah,HOODS,,Head St,Labourer,
WOR,Pershore,Holy Cross,,,15 Feb 1824,James,M,Joseph,Elizabeth,KALIC,,Broughton,Labourer,
WOR,Pershore,Holy Cross,,,22 Feb 1824,Ann,F,William,Elizabeth,GOULD,,Broughton,Labourer,
WOR,Pershore,Holy Cross,,,22 Feb 1824,Phoebe,F,William,Phoebe,TWIG,,Newland,Labourer,
WOR,Pershore,Holy Cross,,,22 Feb 1824,Sarah,F,William,Phoebe,KINGS,,Pinvin,Labourer,
WOR,Pershore,Holy Cross,,,14 Mar 1824,William,M,Samuel,Jane,HOOPER,,Newland,Mason,
WOR,Pershore,Holy Cross,,,14 Mar 1824,Susanna,F,Richard,Ann,FERRIS,,Priest Lane,Coal Dealer,
WOR,Pershore,Holy Cross,,,14 Mar 1824,John,M,William,Mary,STOP,,Broughton,Mason,
WOR,Pershore,Holy Cross,,,25 Mar 1824,Eleanor,F,Jonathan,Kezia,PURSER,,Ramson Common,Labourer,
WOR,Pershore,Holy Cross,,,28 Mar 1824,Maria,F,John,Mary,SHERWOOD,,Broughton,Labourer,
WOR,Pershore,Holy Cross,,,04 Apr 1824,Thomas,M,Thomas,Susanna,COLLINS,,Newland,Gardener,
WOR,Pershore,Holy Cross,,,18 Apr 1824,Elizabeth,F,William,Ann,DAVIS,,Wick,Labourer,
WOR,Pershore,Holy Cross,,,18 Apr 1824,Eliza,F,Job,Ann,JENKINS,,Newland,Blacksmith,
WOR,Pershore,Holy Cross,,,30 Apr 1824,Martha,F,Giles,Ann,TURVEY,,High St,Labourer,
WOR,Pershore,Holy Cross,,,09 May 1824,Levi,M,John,Martha,TWIG,,Head St,Labourer,
WOR,Pershore,Holy Cross,,,23 May 1824,Ann,F,William,Jane,RUSSELL,,Church St,Labourer,
WOR,Pershore,Holy Cross,,,06 Jun 1824,Elizabeth,F,William,Mary,CLEE,,Church St,Sexton,
WOR,Pershore,Holy Cross,,,06 Jun 1824,William,M,James,Ann,PLAYDON,,Church St,Butcher,
WOR,Pershore,Holy Cross,,,08 Jun 1824,Harriett,F,John,Elizabeth,HEMUS,,High St,Labourer,
WOR,Pershore,Holy Cross,,,09 Jun 1824,Elizabeth,F,John,Sarah,ROBERTS,,Broughton,Gardener,
WOR,Pershore,Holy Cross,,,13 Jun 1824,Eliza,F,John,Mary,MARCHALL,,Church St,Labourer,
WOR,Pershore,Holy Cross,,,27 Jun 1824,Mary Ann,F,Theodore,Mary,ROBERTS,,Newland,Shoemaker,
WOR,Pershore,Holy Cross,,,27 Jun 1824,Benjamin,M,Stephen,Jane,BEARD,,Newland,Gardener,
WOR,Pershore,Holy Cross,,,27 Jun 1824,Frederick,M,Joseph,Jane,NEWELL,,Broad St,Tailor,
WOR,Pershore,Holy Cross,,,18 Jul 1824,James,M,John,Frances,YOUNG,,Newland,Labourer,
WOR,Pershore,Holy Cross,,,18 Jul 1824,Sarah,F,George,Ann,BURROW,,Broughton,Miller,
WOR,Pershore,Holy Cross,,,25 Jul 1824,Matthew,M,Elisha,Mary,POWELL,,Priest Lane,Labourer,
WOR,Pershore,Holy Cross,,,29 Jul 1824,Thomas,M,Joseph,Mary,CHECKETTS,,Newland,Labourer,
WOR,Pershore,Holy Cross,,,08 Aug 1824,Caroline,F,John,Sarah,HUNDY,,Newland,Pot Maker,
WOR,Pershore,Holy Cross,,,11 Aug 1824,Henry,M,Joseph,Ann,STONE,,High St,Labourer,
WOR,Pershore,Holy Cross,,,15 Aug 1824,Sarah,F,John,Sarah,HATTON,,Head St,Labourer,
WOR,Pershore,Holy Cross,,,22 Aug 1824,Mary Ann,F,Joseph,Ann,TALLIS,,Cheltenham,Joiner,
WOR,Pershore,Holy Cross,,,06 Sep 1824,John,M,John,Mary,DANCE,,Newland,Chimney Sweeper,
WOR,Pershore,Holy Cross,,,19 Sep 1824,Rhoda,F,,Hannah,,BENNETT,Bachelor's Entry,Single woman,
WOR,Pershore,Holy Cross,,,19 Sep 1824,Eliza,F,William,Ann,HOLLAND,,Broughton,Labourer,
WOR,Pershore,Holy Cross,,,19 Sep 1824,Sabin,M,William,Nancy,SOUTH,,Church St,Tailor,
WOR,Pershore,Holy Cross,,,03 Oct 1824,Thomas,M,Edward,Elizabeth,WOOLAMS,,Priest Lane,Tinker,
WOR,Pershore,Holy Cross,,,10 Oct 1824,Charles,M,George,Sarah,TURNER,,Newland,Labourer,
WOR,Pershore,Holy Cross,,,17 Oct 1824,John,M,John,Ann,HITCHINGS,,Broughton,Labourer,
WOR,Pershore,Holy Cross,,,25 Oct 1824,Louisa Ann,F,James,Elizabeth,PRIECE,,High St,Baker,
WOR,Pershore,Holy Cross,,,25 Oct 1824,Joseph,M,William,Ann,ANDREWS,,Head St,Labourer,
WOR,Pershore,Holy Cross,,,25 Oct 1824,Thomas,M,William,Ann,EWINS,,Newland,Labourer,
WOR,Pershore,Holy Cross,,,21 Nov 1824,Mary Ann,F,George,Sarah,BLIZARD,,Head St,Labourer,
WOR,Pershore,Holy Cross,,,28 Nov 1824,James,M,James,Ann,WORKMAN,,Newland,Labourer,
WOR,Pershore,Holy Cross,,,28 Nov 1824,Thomas,M,William,Hannah,COWLEY,,Mount Pleasant,Bailiff,
WOR,Pershore,Holy Cross,,,28 Nov 1824,John,M,William,Frances,STYLES,,Church St,Labourer,
WOR,Pershore,Holy Cross,,,05 Dec 1824,Charles,M,,Mary,,BROOKING,Broughton,Single woman,
WOR,Pershore,Holy Cross,,,19 Dec 1824,Mary,F,Giles,Hannah,CHECKETTS,,High St,Labourer,
WOR,Pershore,Holy Cross,,,26 Dec 1824,William,M,Samuel,Sarah,CROOK,,Newland,Labourer,
WOR,Pershore,Holy Cross,,,02 Jan 1825,Nancy,F,Josiah,Eliza,TAYLOR,,High St,Butcher,
WOR,Pershore,Holy Cross,,,16 Jan 1825,John,M,William,Elizabeth,SQUIRES,,Church St,Shoemaker,
WOR,Pershore,Holy Cross,,,16 Jan 1825,Francis,M,Joseph,Ann,EWINS,,Broughton,Labourer,
WOR,Pershore,Holy Cross,,,16 Jan 1825,John,M,John,Elizabeth,LAMB,,Pensham,Labourer,
WOR,Pershore,Holy Cross,,,21 Jan 1825,William,M,John,Mary Ann,HALLON,,High St,Shoemaker,
WOR,Pershore,Holy Cross,,,02 Feb 1825,Sarah,F,Edward,Mary,WOOLAMS,,Newland,Tinker,
WOR,Pershore,Holy Cross,,,06 Feb 1825,Susanna,F,Joseph,Maria,COSNETT,,Priest Lane,Labourer,
WOR,Pershore,Holy Cross,,,13 Feb 1825,Mary,F,George,Felicia,COSNETT,,Newland,Labourer,
WOR,Pershore,Holy Cross,,,13 Feb 1825,John,M,Thos,Ann,DAULPHIN,,Newland,Shoemaker,
WOR,Pershore,Holy Cross,,,27 Feb 1825,Jane Matilda,F,John,Elizabeth,FALKNER,,Comberton,Labourer,
WOR,Pershore,Holy Cross,,,13 Mar 1825,John,M,George,Sarah,WOODS,,Newland,Labourer,
WOR,Pershore,Holy Cross,,,13 Mar 1825,Rebecca,F,Robert,Ann,GILES,,High St,Mason,
WOR,Pershore,Holy Cross,,,13 Mar 1825,William,M,John,Susannah,HUNDY,,Priest Lane,Carpenter,
WOR,Pershore,Holy Cross,,,20 Mar 1825,James,M,William,Mary,HATCH,,High St,Butcher,
WOR,Pershore,Holy Cross,,,03 Apr 1825,Henry,M,Thos,Jane,WOOLLAMS,,High St,Tinker,
WOR,Pershore,Holy Cross,,,03 Apr 1825,Thomas,M,William,Hannah,WOOLLAMS,,Head St,Tinker,
WOR,Pershore,Holy Cross,,,10 Apr 1825,Patience,F,William,Mary,ANDREWS,,Priest Lane,Mason,
WOR,Pershore,Holy Cross,,,10 Apr 1825,Emma,F,William,Mary,TANDY,,Newland,Labourer,
WOR,Pershore,Holy Cross,,,10 Apr 1825,Ann,F,William,Mary,TANDY,,Newland,Labourer,
WOR,Pershore,Holy Cross,,,21 Apr 1825,David,M,Henry,Sophia,MELEN,,High St,Grocer,
WOR,Pershore,Holy Cross,,,30 Apr 1825,Caroline Elizabeth,F,Edmund Wells,Jane,OLDAKER,,Broad St,Attorney,
WOR,Pershore,Holy Cross,,,01 May 1825,Helen,F,,Mary,,HUGHES,Broughton,Single woman,
WOR,Pershore,Holy Cross,,,02 May 1825,Maria Margery,F,John,Maria,TAYLOR,,High St,Peace Officer,
WOR,Pershore,Holy Cross,,,22 May 1825,Helen,F,William,Sarah,WORKMAN,,Church St,Butcher,
WOR,Pershore,Holy Cross,,,22 May 1825,Joseph,M,Benjamin,Mary,WORKMAN,,Priest Lane,Labourer,
WOR,Pershore,Holy Cross,,,22 May 1825,Mary,F,James,Elizabeth,MYLES,,Head St,Labourer,
WOR,Pershore,Holy Cross,,,23 May 1825,Helen,F,John,Rebecca,CHAMPION,,Church St,Watch Spring Maker,
WOR,Pershore,Holy Cross,,,23 May 1825,Mary Ann,F,Joseph,Maria,COSNETT,,Priest Lane,Labourer,
WOR,Pershore,Holy Cross,,,24 May 1825,Robert,M,Thomas,Ann,HAYNES,,High St,Plumber,
WOR,Pershore,Holy Cross,,,15 Jun 1825,Josiah Henry,M,Wm,Mary,KERBEY,,High St,Inn Keeper,
WOR,Pershore,Holy Cross,,,24 Jun 1825,Mary,F,Robert,Ann,TURVEY,,Newland,Shoemaker,
WOR,Pershore,Holy Cross,,,26 Jun 1825,Elizabeth,F,John,Ann,GREEN,,Broughton,Pig Dealer,
WOR,Pershore,Holy Cross,,,26 Jun 1825,George,M,George,Mary,WILKINS,,Newland,Carpenter,
WOR,Pershore,Holy Cross,,,26 Jun 1825,Richard,M,George,Mary,WILKINS,,Newland,Carpenter,
WOR,Pershore,Holy Cross,,,26 Jun 1825,Charlotte,F,Thomas,Lydia,SIMMONS,,Church St,Sawyer,
WOR,Pershore,Holy Cross,,,26 Jun 1825,John,M,Edward,Maria,LAMB,,Defford,Labourer,
WOR,Pershore,Holy Cross,,,03 Jul 1825,Mary Ann,F,John,Sarah,TURNER,,Newland,Labourer,
WOR,Pershore,Holy Cross,,,03 Jul 1825,William,M,Jonas,Ann,COLLINS,,High St,Mason,
WOR,Pershore,Holy Cross,,,03 Jul 1825,James,M,Jonas,Ann,COLLINS,,High St,Mason,
WOR,Pershore,Holy Cross,,,10 Jul 1825,John,M,Thomas,Hannah,HAYNES,,Pensham,Labourer,
WOR,Pershore,Holy Cross,,,10 Jul 1825,William,M,Thomas,Hannah,HAYNES,,Pensham,Labourer,
WOR,Pershore,Holy Cross,,,27 Jul 1825,Rhoda,F,Richard,Elizabeth,EDGINTON,,Benholm Fields,Labourer,
WOR,Pershore,Holy Cross,,,31 Jul 1825,Susanna,F,Joseph,Elizabeth,ATKINS,,Benholm Fields,Labourer,
WOR,Pershore,Holy Cross,,,31 Jul 1825,George,M,Thomas,Elizabeth,EVANS,,Broughton,Labourer,
WOR,Pershore,Holy Cross,,,15 Aug 1825,William,M,Thomas,Anne,TWIGG,,Head St,Labourer,
WOR,Pershore,Holy Cross,,,19 Aug 1825,John,M,Robert,Mary,YOUNG,,High St,Horse Keeper,
WOR,Pershore,Holy Cross,,,21 Aug 1825,James,M,Edward,Honor,COLLINS,,Newland,Labourer,
WOR,Pershore,Holy Cross,,,28 Aug 1825,James,M,John,Mary,GRIFFITHS,,High St,Blacksmith,
WOR,Pershore,Holy Cross,,,28 Aug 1825,Maria,F,Joseph,Margaret,WEAVER,,Bachelor's Entry,Horse Keeper,
WOR,Pershore,Holy Cross,,,04 Sep 1825,George,M,William,Mary,DOBSON,,Newland,Labourer,
WOR,Pershore,Holy Cross,,,05 Sep 1825,Mary,F,William,Mary,HALL,,Newland,Pig Dealer,
WOR,Pershore,Holy Cross,,,11 Sep 1825,Jane,F,John,Elizabeth,WADLEY,,Broad St,Shoemaker,
WOR,Pershore,Holy Cross,,,05 Oct 1825,George Tom,M,William,Susannah,BUNN,,Church St,Publican,
WOR,Pershore,Holy Cross,,,07 Oct 1825,William,M,James,Sophia,BROMFIELD,,Priest Lane,Labourer,
WOR,Pershore,Holy Cross,,,07 Oct 1825,George,M,William,Selina,WATERS,,Newland,Labourer,
WOR,Pershore,Holy Cross,,,10 Oct 1825,George,M,Simon Peter,Sarah,FOSTER,,High St,Writer,
WOR,Pershore,Holy Cross,,,11 Oct 1825,Sarah Anne,F,James,Margaret,COSNETT,,High St,Gardner,
WOR,Pershore,Holy Cross,,,30 Oct 1825,John Tom,M,Solomon,Jane,ANNIS,,High St,Labourer,
WOR,Pershore,Holy Cross,,,01 Nov 1825,Mary,F,Joseph,Mary,WOODWARD,,Chevington,Farmer,
WOR,Pershore,Holy Cross,,,12 Nov 1825,John,M,William,Sarah,CROOK,,Head St,Gardner,
WOR,Pershore,Holy Cross,,,04 Dec 1825,Charlotte,F,Joseph,Mary,CHECKETTS,,Newland,Labourer,
WOR,Pershore,Holy Cross,,,18 Dec 1825,Edward,M,Edward,Ann,WHEELER,,Persh.Fields,Turnpike Gatekeeper,
WOR,Pershore,Holy Cross,,,25 Dec 1825,Charlotte,F,,Jane,,FREEMAN,Head St,Single woman,
WOR,Pershore,Holy Cross,,,25 Dec 1825,Charles,M,Joseph,Mary,TURVEY,,High St,Labourer,
WOR,Pershore,Holy Cross,,,30 Dec 1825,Barbara,F,Benjamin,Mary,PRATT,,High St,Surgeon,
WOR,Pershore,Holy Cross,,,30 Dec 1825,Catherine Baugh,F,John,Elizabeth,NASH,,High St,Hairdresser,
WOR,Pershore,Holy Cross,,,30 Dec 1825,Ann,F,George,Sarah,SOUTH,,Broughton,Tailor,
WOR,Pershore,Holy Cross,,,30 Dec 1825,Thomas,M,Richard,Jane,PLAYDON,,High St,Butcher,
