+INFO,cjandsmillard@aol.com,password,SEQUENCED,MARRIAGES,,3.01.14
#,CCC,Chris Millard,Worcestershire,WORWARMA.CSV,11-Jul-07
#,CREDIT,Chris Millard,
#,04-Oct-2013,,
WOR,Warndon,St Nicholas,,28 Feb 1813,James,PALMER,,Warndon,,,,Phebe,PENN,,Warndon,,,,,,,,,,Francis,BEST,Mary,WEST,By Banns
WOR,Warndon,St Nicholas,,30 May 1813,John,GILKS,,Warndon,Bachelor,,,Hannah,JONES,,Warndon,Spinster,,,,,,,,,Oswell,BLETCHER,Mary,HAINS,By Banns
WOR,Warndon,St Nicholas,,09 Aug 1813,Thomas,HARDIN,,Warndon,Bachelor,,,Ann,WATMORE,,Warndon,Spinster,,,,,,,,,William,HARDIN,Juliet,JONES,
WOR,Warndon,St Nicholas,,12 Sep 1813,John,HINTON,,Warndon,Widower,,,Elizabeth,REA,,Claines,Spinster,,,,,,,,,William,HAIN,Mary,HAIN,
WOR,Warndon,St Nicholas,,30 Jan 1814,Edward,TANSILL,,Warndon,Bachelor,,,Mary,CEALL,,Warndon,Spinster,,,,,,,,,James,TANSILL,Sarah,TANSILL,By Banns
WOR,Warndon,St Nicholas,,29 Mar 1814,William,HARDIN,,Warndon,Bachelor,,,Heneray Etta,HUNT,,Warndon,Spinster,,,,,,,,,Joseph,PHILIPS,Ann,HUNT,By Banns
WOR,Warndon,St Nicholas,,07 Apr 1814,Charles,TEARNE,,Warndon,Bachelor,,,Martha,NORTON,,Warndon,Spinster,,,,,,,,,John,JAMES,Ann,BISHOP,By Banns
WOR,Warndon,St Nicholas,,01 Sep 1814,John,SKINNER,,Chapelry Of Norton,Bachelor,,,Ann,TURVEY,,Warndon,Spinster,,,,,,,,,Richd.,NI*****,Winifred,TURVEY,By Licence
WOR,Warndon,St Nicholas,,19 Jun 1815,Thomas,PRICE,,Warndon,Bachelor,,,Mary,TAYLOR,,Warndon,Spinster,,,,,,,,,John,SNEAD,Pheby,TAYLOR,By Banns
WOR,Warndon,St Nicholas,,25 Jun 1815,Thomas,HIBBARD,,Warndon,Bachelor,,,Ann,COTTRELL,,Warndon,Widow,,,,,,,,,William,HUDSON,Mary,HUDSON,By Banns
WOR,Warndon,St Nicholas,,21 Nov 1815,John,FOWLER,,Warndon,Bachelor,,,Sarah,INGRAM,,Warndon,Spinster,,,,,,,,,James,BOURN,Mary,BYLAND,By Banns
WOR,Warndon,St Nicholas,,05 Dec 1815,John,CLARKE,,Warndon,Bachelor,,,Sarah,HALE,,Warndon,Spinster,,,,,,,,,Edward,TANSELL,Mary,TANSELL,By Banns
WOR,Warndon,St Nicholas,,21 Sep 1817,Samuel,BENIAMS,,Warndon,Bachelor,,,Mary,BURFORD,,Warndon,Spinster,,,,,,,,,John,BURFORD,Maria,BURFORD,By Banns
WOR,Warndon,St Nicholas,,27 Oct 1817,Joseph,TYLER,,Warndon,Bachelor,,,Ann,DRINKWATER,,Warndon,Spinster,,,,,,,,,?,LOWE,Charlotte,SMITH,'both Lodgers'. By Banns
WOR,Warndon,St Nicholas,,23 Nov 1817,William,DAY,,Warndon,Widower,,,Sarah,THOMAS,,Warndon,Spinster,,,,,,,,,John,SERMAN,Mary,SERMAN,By Banns
WOR,Warndon,St Nicholas,,16 Feb 1818,Edwin,MANISON,,Warndon,Bachelor,,,Lucy,TYLER,,Warndon,Spinster,,,,,,,,,William Warner,MANISON,Elisabeth,JENKINS,'Both Lodgers In The Parish'. By Banns
WOR,Warndon,St Nicholas,,07 Jun 1818,William Warner,MANISON,,Warndon,Bachelor,,,Elizabeth,JENKINS,,Warndon,Spinster,,,,,,,,,Joseph,JENKINS,Lucy,MANISON,'Both Lodgers'. By Banns
WOR,Warndon,St Nicholas,,22 Nov 1818,Thomas,DAVIES,,Clains,Bachelor,,,Ann,WHEELER,,Warndon,Spinster,,,,,,,,,Hannah,WILLIS,Francis,BEST,By Banns.
WOR,Warndon,St Nicholas,,26 Oct 1819,Thomas,WOODARD,,Warndon,Widower,,,Mary,KINGS,,Warndon,Spinster,,,,,,,,,Edward,BROOKE,Nancy,BROOK*,
WOR,Warndon,St Nicholas,,25 Dec 1819,William,ATKINS,,Warndon,Bachelor,,,Elizth.,GARNER,,Warndon,Spinster,,,,,,,,,John,GARNER,Mary,GARNER,By Banns
WOR,Warndon,St Nicholas,,22 May 1820,Thomas,HARPER,,Warndon,Widower,,,Ann,MILLS,,Warndon,Widow,,,,,,,,,Margaret,*NDRELL,Francis,BEST,'Lodgers'. By Banns. Francis Best 'The Parish Clerk'
WOR,Warndon,St Nicholas,,04 Jun 1821,John,HAUGHTY,,Warndon,Bachelor,,,Ann,SURMAN,,Warndon,Spinster,,,,,,,,,William,COOMBS,Elizabeth,SURMAN,By Banns.
WOR,Warndon,St Nicholas,,20 May 1823,Samuel,JEFF,,Warndon,Bachelor,,,Elizabeth,TANSELL,,Warndon,Spinster,,,,,,,,,James,TANSILL,Sarah,JEFF,By Banns.
WOR,Warndon,St Nicholas,,10 Jun 1823,Edward,TANSILL,,Warndon,Widower,,,Elizabeth,BEST,,Warndon,Spinster,,,,,,,,,Joseph,BEST,Mary Ann,BEST,By Banns.
WOR,Warndon,St Nicholas,,22 Jun 1823,Thomas,DESSON?,,Warndon,Bachelor,,,Ann,STANTON,,Warndon,Spinster,,,,,,,,,William,BULL,Sarah,BULL,By Banns.
WOR,Warndon,St Nicholas,,20 Jun 1825,Joseph,BEST,,Warndon,Bachelor,,,Ann,HUDSON,,Warndon,Spinster,,,,,,,,,Francis,BEST,Edward,TANSELL,By Banns.
WOR,Warndon,St Nicholas,,18 Sep 1825,William,WELLS,,St Martin Worcester,Bachelor,,,Phebe,TAYLOR,,Warndon,Spinster,,,,,,,,,William,NASH,Hannah,TAYLOR,By Banns.
WOR,Warndon,St Nicholas,,23 Oct 1825,William,NASH,,Claines,Bachelor,,,Hannah,TAYLOR,,Warndon,Spinster,,,,,,,,,Edwin,BROOKES,Elizabeth,TAYLOR,By Banns
WOR,Warndon,St Nicholas,,10 Jul 1826,John,COLLINS,,Warndon,Bachelor,,,Eleanor,SANDERS,,Warndon,Spinster,,,,,,,,,William,WILLS,Mary,PRICE,By Banns
WOR,Warndon,St Nicholas,,24 Dec 1826,Thomas,WHEELER,,Warndon,Bachelor,,,Mary,ROBERTS,,Warndon,Spinster,,,,,,,,,John,ROBERTS,Hannah,PREECE,By Banns
WOR,Warndon,St Nicholas,,03 May 1827,John,BURFORD,,Warndon,Bachelor,,,Hessia?,PIRKES?,,Warndon,Spinster,,,,,,,,,Francis,BEST,William,MARTING,By Banns
WOR,Warndon,St Nicholas,,03 May 1827,William,MARTING,,Warndon,Bachelor,,,Sarah,HAUGHTEY,,Warndon,Spinster,,,,,,,,,Francis,BEST,John,BURFORD,By Banns.
WOR,Warndon,St Nicholas,,03 May 1827,Thomas,BENNETT,,Warndon,Bachelor,,,Mary,GARDENER,,Warndon,Spinster,,,,,,,,,Francis,BEST,William,MARTING,By Banns
WOR,Warndon,St Nicholas,,16 Jul 1827,Abraham,HARTSHORNE,,Warndon,Bachelor,,,Mary,WILSON,,Warndon,Spinster,,,,,,,,,Edward,HAILES,Frances,HAILES,By Banns
WOR,Warndon,St Nicholas,,23 Sep 1827,Edward,MONDERS,,Warndon,Bachelor,,,Esther,HARDIN,,Warndon,Spinster,,,,,,,,,James,HARDIN,Maria,HARDIN,By Banns
WOR,Warndon,St Nicholas,,30 Dec 1827,Thomas,WYCHESLEY,,Warndon,,,,Anne,SIFTON,,Warndon,,,,,,,,,,John,SIFTON,Sarah,SIFTON,By Banns
WOR,Warndon,St Nicholas,,11 Feb 1828,William,LAWRENCE,,Warndon,Bachelor,,,Elizabeth,STONE,,Warndon,Spinster,,,,,,,,,Benjamin,TEAGUE,Mary,THOMAS,By Banns
WOR,Warndon,St Nicholas,,25 May 1828,William,PAGE,,Warndon,Bachelor,,,Sarah,RODEN,,Warndon,Spinster,,,,,,,,,John,RICHLIUSS?,Matilda,RICHLIUSS?,By Banns
WOR,Warndon,St Nicholas,,07 Aug 1828,Thomas,HODGES,,Warndon,Bachelor,,,Sophia,BRADLEY,,St Martin Worcester,,,,,,,,,,Charles,COATES,Anne,YEOMAN,By Banns
WOR,Warndon,St Nicholas,,10 Aug 1828,Joseph,HALL,,Warndon,Bachelor,,,Susan,HEATLEY,,,Spinster,,,,,,,,,Thomas,TOWNSEND,Sarah,BEST,By Banns
WOR,Warndon,St Nicholas,,05 Oct 1828,Samuel,TURNER,,Warndon,Bachelor,,,Mary,TEDSTILL,,Warndon,Spinster,,,,,,,,,Henry,YOUNG,Francis,BEST,By Banns
WOR,Warndon,St Nicholas,,07 Oct 1828,William,CHECKETTS,,Warndon,Widower,,,Phebe,HEAL,,Warndon,Spinster,,,,,,,,,Caleb,HANKINS,Elizabeth,BOWKETT,By Banns
WOR,Warndon,St Nicholas,,13 Oct 1828,William,PULLEY,,Warndon,Bachelor,,,Susanna,LANGLEY,,Warndon,Spinster,,,,,,,,,Jospeh,GI*LELOU*E,Sarah,PULLEY,By Banns
WOR,Warndon,St Nicholas,,17 Oct 1828,James,HODGSON,,Warndon,Bachelor,,,Maria,JOHNSON,,Warndon,Spinster,,,,,,,,,Francis,BEST,,,By Banns
WOR,Warndon,St Nicholas,,18 Oct 1828,William,ATKINS,,Warndon,Widower,,,Frances,HEMS,,Warndon,Spinster,,,,,,,,,William,BRIDGES,Ann,HICKS,By Banns
WOR,Warndon,St Nicholas,,03 Feb 1829,Christopher James,HARDING,,Warndon,Bachelor,,,Sarah,TANSILL,,Warndon,Spinster,,,,,,,,,James,TANSILL,Mary,TANSILL,By Banns
WOR,Warndon,St Nicholas,,20 Apr 1829,Thomas,GOLLINGS,,Warndon,Bachelor,,,Maria,BROOKS,,Warndon,spinster,,,,,,,,,Sarah,JONES,Francis,BEST,By Banns
WOR,Warndon,St Nicholas,,21 Apr 1829,Thomas,WHITING,,Warndon,Bachelor,,,Eleanor,EVANS,,Warndon,Spinster,,,,,,,,,Henry,STEAD,Francis,BEST,By Banns
WOR,Warndon,St Nicholas,,07 Jun 1829,William,FOWLER,,Warndon,Bachelor,,,Mary,INGRAM,,Warndon,Spinster,,,,,,,,,John,FOWLER,Elizabeth,INGRAM,By Banns
WOR,Warndon,St Nicholas,,19 Jul 1829,James,JONES,,Warndon,Bachelor,,,Maria,WHEELER,,Warndon,Spinster,,,,,,,,,John,WHEELER,Elizabeth,WHEELER,By Banns
WOR,Warndon,St Nicholas,,31 Aug 1829,Thomas,SANDERS,,Warndon,Widower,,,Mary,GRIFFITHS,,Warndon,Spinster,,,,,,,,,D. *. B.,LEE,Elizabeth,GRIFFITHS,By Banns
WOR,Warndon,St Nicholas,,22 Oct 1829,John,TAYLOR,,Warndon,Bachelor,,,Maria,MANDERS,,Warndon,Spinster,,,,,,,,,Samuel,MANDERS,Francis,BEST,By Banns
WOR,Warndon,St Nicholas,,22 Oct 1829,John Martin,SKARRATT?,,Warndon,Widower,,,Caroline,PEMBERTON,,Warndon,Spinster,,,,,,,,,Robert,FELTIN,Elizabeth,SKARRATT?,By Banns
WOR,Warndon,St Nicholas,,10 Nov 1829,Frederick,MIDDLETON,,Warndon,Bachelor,,,Sarah,TEDS***,,Warndon,Spinster,,,,,,,,,Sarah,BEST,Francis,BEST,Very Faint Image. By Banns
WOR,Warndon,St Nicholas,,31 Dec 1829,William,BARRETT,,Warndon,Bachelor,,,Elizabeth,HAND,,Warndon,Spinster,,,,,,,,,Anne,*I*LESON,James,HAND,By Banns. Faint Image
WOR,Warndon,St Nicholas,,29 Aug 1830,William,DONE,,Warndon,Bachelor,,,Pricilla,RA*BONE,,Warndon,Spinster,,,,,,,,,Henry,W*HSTON,Francis,BEST,By Banns
WOR,Warndon,St Nicholas,,29 Aug 1830,Moses,DYE*,,Warndon,Bachelor,,,Jane,DONE,,Warndon,Spinster,,,,,,,,,Henry,W*HSTON,Francis,BEST,By Banns
WOR,Warndon,St Nicholas,,05 Sep 1830,George,LEWIS,,Warndon,Bachelor,,,Maria,COLE,,Warndon,Widow,,,,,,,,,John,ALLEN,Mary,ALLEN,By Banns
WOR,Warndon,St Nicholas,,04 Oct 1830,Thomas,STONALL,,Warndon,Bachelor,,,Elizabeth,TANCILL,,Warndon,Widow,,,,,,,,,Sarah,BEST,Francis,BEST,By Banns
WOR,Warndon,St Nicholas,,31 Oct 1830,William,PERKINS,,Warndon,Bachelor,,,Ann,JONES,,Warndon,Spinster,,,,,,,,,Henry,W*HSTON,John,BENNETT,By Banns
WOR,Warndon,St Nicholas,,07 Nov 1830,William,SPEARS,,Warndon,Bachelor,,,Ann,PERRY,,Warndon,Spinster,,,,,,,,,John,MILLIACHAP,Eliza,MILLIACHAP,By Banns
WOR,Warndon,St Nicholas,,30 Dec 1830,Samuel,HARDING,,Warndon,Bachelor,,,Mary,STANTON,,Warndon,Spinster,,,,,,,,,Joseph,STANTON,Eliz.,WOOD,By Banns
WOR,Warndon,St Nicholas,,27 Feb 1831,James,JONES,,Warndon,Bachelor,,,Marry,MORRIS,,Warndon,Spinster,,,,,,,,,Francis,BEST,William,GIBBS,By Banns
WOR,Warndon,St Nicholas,,27 Feb 1831,Thomas,PALMER,,Warndon,Bachelor,,,Anne,PEARCE,,Warndon,Spinster,,,,,,,,,James,BEACH,Francis,BEST,By Banns
WOR,Warndon,St Nicholas,,11 Apr 1831,Thomas,FROST,,Warndon,Bachelor,,,Elizabeth,JONES,,Warndon,Spinster,,,,,,,,,John,TAYLOR,Matilda,RICKHUSS,By Banns
WOR,Warndon,St Nicholas,,09 May 1831,George,POLLARD,,Warndon,Bachelor,,,Martha,HALL,,Warndon,Spinster,,,,,,,,,William,PAYNE,Charlotte,HALL,By Banns
WOR,Warndon,St Nicholas,,22 May 1831,William,BANISTER,,Warndon,Bachelor,,,Sarah,EVANS,,Warndon,Spinster,,,,,,,,,John,MARRIMAN,Hannah,WYNIATT,By Banns
WOR,Warndon,St Nicholas,,05 Jun 1831,Richard,WILLIAMS,,Warndon,,,,Matilda,WHITTINGTON,,Warndon,,,,,,,,,,John,KINGETT,Francis,BEST,By Banns
WOR,Warndon,St Nicholas,,05 Jun 1831,John,KINGETT,,Warndon,Bachelor,,,Elizabeth Tolly,IVENS,,Warndon,Spinster,,,,,,,,,Richard,WILLIAMS,Matilda,WITTINGTON,By Banns
WOR,Warndon,St Nicholas,,26 Jul 1831,Joseph,GRIFFITHS,,Warndon,Bachelor,,,Martha,ALFORTH,,Warndon,Spinster,,,,,,,,,Matthew,ALFORTH,Mary,GRIFFITHS,By Banns
WOR,Warndon,St Nicholas,,02 Aug 1831,Giles,HUDSON,,Warndon,Bachelor,,,Ann,CARTER,,Warndon,Spinster,,,,,,,,,William,HUDSON,,,By Banns
WOR,Warndon,St Nicholas,,22 Aug 1831,William,LEDIARD,,Warndon,Bachelor,,,Sarah,TUNKIS,,Warndon,Bachelor,,,,,,,,,William,POWELL,Mary,POWELL,By Banns
WOR,Warndon,St Nicholas,,03 Oct 1831,JohnMILLS,MILLS,,Warndon,Bachelor,,,Susannah,WINWOOD,,Warndon,Spinster,,,,,,,,,Francis,BEST,Sarah,BEST,By Banns
WOR,Warndon,St Nicholas,,24 Oct 1831,John,WHITE,,Warndon,Bachelor,,,Mary,PRESDEE,,Warndon,Spinster,,,,,,,,,Francis,BEST,,,By Banns
WOR,Warndon,St Nicholas,,24 Oct 1831,Joseph,WHITE,,Warndon,Bachelor,,,Hannah,BROOKS,,Warndon,Spinster,,,,,,,,,Francis,BEST,,,By Banns
WOR,Warndon,St Nicholas,,07 Nov 1831,William,STRINGER,,Warndon,Bachelor,,,Sarah,BEST,,Warndon,Spinster,,,,,,,,,Francis Jnr.,BEST,Elisa,SIFTON,By Banns
WOR,Warndon,St Nicholas,,16 Nov 1831,Thomas,ROBERTS,,Warndon,Bachelor,,,Harriet,WATKINS,,Warndon,Widow,,,,,,,,,Sarah,SURMO*N,Francis,BEST,By Banns
WOR,Warndon,St Nicholas,,21 Nov 1831,John,PALMER,,Warndon,Widower,,,Sarah,LEWIS,,Warndon,Spinster,,,,,,,,,William,STRINGER,Sarah,STRINGER,By Banns
WOR,Warndon,St Nicholas,,21 Nov 1831,William,HAY,,Warndon,Widower,,,Jane,WHEELER,,Warndon,Spinster,,,,,,,,,Edmund,TOVEY,Mary,HAY,By Banns
WOR,Warndon,St Nicholas,,21 Nov 1831,Edmund,TOVEY,,Warndon,Bachelor,,,Mary,HAY,,Warndon,Spinster,,,,,,,,,William,HAY,Jane,WHEELER,By Banns
WOR,Warndon,St Nicholas,,29 Dec 1831,William,GARDNER,,Warndon,Bachelor,,,Eliza,PEMBERS,,Warndon,Spinster,,,,,,,,,James,WILMORE,Marey,WILMORE,By Banns
WOR,Warndon,St Nicholas,,29 Jan 1832,Thomas,DANCE,,Warndon,Widower,,,Sarah,STANTON,,Warndon,Spinster,,,,,,,,,Thomas,?,Francis,BEST,By Banns
WOR,Warndon,St Nicholas,,21 Feb 1832,John,TREVIS,,Claines Worcester,,,,Ellen,HAILES,,Warndon,,,,,,,,,,John,GILES,George,PARKER,Unclear Image. By Licence
WOR,Warndon,St Nicholas,,21 Feb 1832,John,GILES,,**en Salop,,,,Mary,HAILES,,Warndon,,,,,,,,,,George,PARKER,Edw.,HAILES,By Licence
WOR,Warndon,St Nicholas,,18 Mar 1832,James,HARWOOD,,Warndon,,,,Anne,POOL,,Warndon,,,,,,,,,,F,POOL,Elizabeth,LONG,By Banns
WOR,Warndon,St Nicholas,,24 Apr 1832,John,WOODWARD,,Warndon,Bachelor,,,Mary Anne,HILL,,Warndon,Spinster,,,,,,,,,Elizabeth,WOODWARD,Francis,BEST,By Banns
WOR,Warndon,St Nicholas,,14 May 1832,Charles,SMITH,,Warndon,,,,Ann,EVERTON,,Warndon,,,,,,,,,,Susan,EVERTON,Robert,TRIMMER,By Banns
WOR,Warndon,St Nicholas,,27 May 1832,Edward,PRICE,,Warndon,Bachelor,,,Sarah,TURNER,,Warndon,Spinster,,,,,,,,,Samuel,HODGES,Mary,TURNER,By Banns
WOR,Warndon,St Nicholas,,22 Jul 1832,Joseph,COLWELL,,Warndon,Bachelor,,,Mary,STEPHENS,,Warndon,Spinster,,,,,,,,,John,SWINLAN,Sarah,SURMAN,By Banns
WOR,Warndon,St Nicholas,,12 Aug 1832,William,PERRY,,Warndon,,,,Hannah,LANGFORD,,Warndon,,,,,,,,,,Ann,LANGFORD,Charles,HARDWICK,By Banns
WOR,Warndon,St Nicholas,,12 Aug 1832,James,JONES,,Warndon,,,,Elizabeth,WHEELER,,Warndon,,,,,,,,,,James,JONES,Maria,JONES,By Banns
WOR,Warndon,St Nicholas,,15 Aug 1832,Joseph,DUNNE,,Warndon,Bachelor,,,Susannah,PEMBERTON,,Warndon,Spinster,,,,,,,,,William,PEMBERTON,Mary Ann,FIELD,By Banns. Other Witnesses - Jospeh Pemberton And Franc*s Rea
WOR,Warndon,St Nicholas,,26 Aug 1832,Joseph,EVANS,,Warndon,Bachelor,,,Sarah,GREEN,,Warndon,Spinster,,,,,,,,,Francis,BEST,Ann,LANGSTON,By Banns
WOR,Warndon,St Nicholas,,07 Sep 1832,George,JONES,,Warndon,,,,Catharine,TOMKINS,,Warndon,,,,,,,,,,Thomas,KNIGHT,Charlotte,GROUT,By Banns
WOR,Warndon,St Nicholas,,09 Sep 1832,Thomas,HARDWICK,,Warndon,Bachelor,,,Elizabeth,HUGHES,,Warndon,Spinster,,,,,,,,,William,GATFIELD,Helen,EDWARDS,By Banns
WOR,Warndon,St Nicholas,,12 Nov 1832,George,TAYLOR,,Warndon,Bachelor,,,Mary,MORE,,Warndon,Spinster,,,,,,,,,Edward,FROST,Mary,MAYBELL,By Banns
WOR,Warndon,St Nicholas,,26 Nov 1832,William,POPE,,Warndon,Bachelor,,,Louisa,MILES,,Warndon,Spinster,,,,,,,,,Henry,NORMAN,Elizabeth,WILLIAMS,By Banns
WOR,Warndon,St Nicholas,,10 Dec 1832,Joseph,INGLES,,Warndon,Bachelor,,,Harriet,NOTT,,Warndon,Spinster,,,,,,,,,Henry,NOTT,Sarah,NOTT,By Banns
WOR,Warndon,St Nicholas,,19 Dec 1832,William,FROST,,Warndon,Bachelor,,,Maria,PRICE,,Warndon,Spinster,,,,,,,,,John,HALES,Mary,HALES,By Banns
WOR,Warndon,St Nicholas,,11 Feb 1833,Henry William,THOMAS,,Warndon,,,,Frances,FOULKES,,Warndon,,,,,,,,,,Benjamin,BLAKE,Mary Ann,THOMAS,By Banns
WOR,Warndon,St Nicholas,,19 Feb 1833,Henry,WARMONS,,Warndon,Bachelor,,,Betsey,WILLIAMS,,Warndon,Spinster,,,,,,,,,William,POPE,Louisa,POPE,By Banns
WOR,Warndon,St Nicholas,,08 Apr 1833,John,FARE,,Warndon,Bachelor,,,Mary Ann,HILL,,Warndon,Spinster,,,,,,,,,Francis,BEST,Mary,FEA*T,By Banns
WOR,Warndon,St Nicholas,,10 Jun 1833,John,TAYLOR,,Warndon,,,,Matilda,RICKHUSS,,Warndon,,,,,,,,,,Thomas,FROST,Mary,WATSON,By Banns
WOR,Warndon,St Nicholas,,15 Sep 1833,Robert,BACK,,Warndon,Bachelor,,,Ellen,WHITE,,Warndon,Spinster,,,,,,,,,John,SMITH,Mary Anne,SMITH,By Banns
WOR,Warndon,St Nicholas,,18 Nov 1833,Joseph,SMALL,,Warndon,Bachelor,,,Ann,BINNIAN,,Warndon,Spinster,,,,,,,,,Francois,BEST,Mary,BINNIAN,By Banns
WOR,Warndon,St Nicholas,,16 Dec 1833,William,GLOVER,,Warndon,Bachelor,,,Harriatt,EVANS,,Warndon,Spinster,,,,,,,,,Francis,BEST,Ann,CLEMENTS,By Banns. Francis Best 'Parish Clerk'
WOR,Warndon,St Nicholas,,20 Apr 1834,Francis,BEST,,Warndon,Bachelor,,,Eliza,SIFTON,,Warndon,Spinster,,,,,,,,,Robert,*IECLES,Caroline,SIFTON,By Banns. Other Witness - Francis Best
WOR,Warndon,St Nicholas,,02 Jun 1834,Robert,GARDENER,,Warndon,Bachelor,,,Harriett,HUDSON,,Warndon,Spinster,,,,,,,,,William,MANSELL,Frances,PRICE,By Banns
WOR,Warndon,St Nicholas,,16 Oct 1834,John,HARDEN,,Warndon,Bachelor,,,Mary Ann,RICKETTS,,Warndon,Spinster,,,,,,,,,Thos.,HARDEN,Anne,HARDEN,By Banns
WOR,Warndon,St Nicholas,,28 Oct 1834,John,OLIVER,,Warndon,Bachelor,,,Elizabeth,NEWTON,,Warndon,Spinster,,,,,,,,,Joseph,HUNT,Hannah,REA,By Banns
WOR,Warndon,St Nicholas,,29 Nov 1834,John,SPENCER,,Warndon,Bachelor,,,Phoebe,COOK,,,Spinster,,,,,,,,,Francis,BEST,Anne,BEST,By Banns. Francis Best - Parish Clerk
WOR,Warndon,St Nicholas,,27 May 1835,George David,BAKER,,Warndon,Bachelor,,,Mary Ann,ASTON,,Warndon,Spinster,,,,,,,,,Matthew,WILLIAMS,Joice,JONES,By Banns
WOR,Warndon,St Nicholas,,15 Feb 1835,William,HUDSON,,Warndon,Bachelor,,,Frances,PRICE,,Warndon,Spinster,,,,,,,,,Robert,GARDNER,Harriet,GARDNER,By Banns
WOR,Warndon,St Nicholas,,25 Apr 1836,Joseph,BERRY,,Warndon,Widower,,,Anne,BOULTON,,Warndon,Widow,,,,,,,,,Thomas,TOWNSEND,Harriett,TOWNSEND,By Banns
WOR,Warndon,St Nicholas,,25 Apr 1836,George,THORN,,Blockhouse Field Worcester,,,,Eliza,JAMES,,Blockhouse Field Worcester,,,,,,,,,,James,CLARKE,Catharine,CLARKE,By Banns
WOR,Warndon,St Nicholas,,26 Apr 1836,Paul,GRUBHAM,,Warndon,Bachelor,,,Johanna,DAVIS,,Warndon,Spinster,,,,,,,,,Francis,DAVIS,Jane,DAVIS,By Banns
WOR,Warndon,St Nicholas,,16 May 1836,John,MATTHEWS,,Warndon,Bachelor,,,Mary Anne,BROWNING,,Warndon,Spinster,,,,,,,,,James,PAYNE,Elizabeth,MATTHEWS,By Banns
WOR,Warndon,St Nicholas,,27 Jun 1836,George,ALLEN,,Blockhouse Fields Worcester,,,,Charlotte,BASTON,,Blockhouse Fields Worcester,,,,,,,,,,Thomas,GARDNER,Eli*sol,BEST,By Banns
WOR,Warndon,St Nicholas,,02 Oct 1836,Joseph,HUDSON,,Warndon,Widower,,,Diana,THOMAS,,Warndon,Spinster,,,,,,,,,Thomas,HUNT,Eliza,STANTON,By Banns
WOR,Warndon,St Nicholas,,11 Oct 1836,William,BREWER,,Warndon,Bachelor,,,Eliza,FISHER,,Warndon,Spinster,,,,,,,,,Thomas,DANCE,Eliza,STANTON,By Banns
WOR,Warndon,St Nicholas,,18 Oct 1836,William,VA*YHAM,,Warndon,Bachelor,,,Susannah,MEREDITH,,Warndon,Spinster,,,,,,,,,Francis,BEST,Elisa,BEST,By Banns
WOR,Warndon,St Nicholas,,11 Dec 1836,William Hudson,FARRAR,,Blockhouse Worc.,Bachelor,,,Elizabeth,KNIGHT,,Blockhouse Worc.,Spinster,,,,,,,,,Elizabett,THORNTON,John,MARSHALL,By Banns
