+INFO,bevdigger@hotmail.com,password,SEQUENCED,BURIALS,,3.01.14
#,CCC,,Worcestershire,WORWHIBU.CSV,28-Jun-2005
#,CREDIT,LDS CD on loan,
#,04-Oct-2013,,
WOR,Whittington,St Philip and St James,1,19 Jan 1813,Elizabeth,,,,,NEDDING,39,Nenwhich,
WOR,Whittington,St Philip and St James,2,1 Apr 1813,Ann,,,,,SMITH,52,Northwick,
WOR,Whittington,St Philip and St James,3,9 Apr 1813,William,,,,,GORING,65,St Martins Worcester,
WOR,Whittington,St Philip and St James,4,16 Jun 1813,William,,,,,PRICE,6 m,Whittington,
WOR,Whittington,St Philip and St James,5,14 May 1814,Thomas,,,,,HIDE,9y 9m,Whittington,
WOR,Whittington,St Philip and St James,6,12 Jun 1814,John,,,,,SAVAGE,39,,
WOR,Whittington,St Philip and St James,7,8 Aug 1814,Thomas,,,,,HAMPTON,61,Whittington,
WOR,Whittington,St Philip and St James,8,7 Sep 1814,Mary,,,,,OSBORNE,52,Claines,
WOR,Whittington,St Philip and St James,9,13 Sep 1814,Annette,,,,,PULLESTON,23,Whittington,
WOR,Whittington,St Philip and St James,10,3 Jan 1815,Catherine,,,,,WOOD,60,Whittington,
WOR,Whittington,St Philip and St James,11,02 Jul 1815,James,,,,,LITTLE,29,St Martins Worcester,
WOR,Whittington,St Philip and St James,12,13 Jul 1815,Sir Benjamin,,,,,BOUGHTON,39,Ombersley,
WOR,Whittington,St Philip and St James,13,31 Aug 1815,William,,,,,ADAMS,3 w,Whittington,
WOR,Whittington,St Philip and St James,14,1 Oct 1815,Henry,,,,,WORTHINGTON,11w,Sidbury Worcester,
WOR,Whittington,St Philip and St James,15,18 Oct 1815,Elizabeth,,,,,BRACE,50,Worcester Infirmary,Matron of Infirmary
WOR,Whittington,St Philip and St James,16,24 Dec 1815,William,,,,,CHECKETTS,69,Whittington,
WOR,Whittington,St Philip and St James,17,17 Apr 1816,Mary,,,,,WOOD,68,Whittington,
WOR,Whittington,St Philip and St James,18,5 Jul 1816,Letitia,,,,,NOTT,17,Whittington,
WOR,Whittington,St Philip and St James,19,10 Oct 1816,Susannah,,,,,CLARK,44,This Parish,Twines Head in this parish
WOR,Whittington,St Philip and St James,20,3 Nov 1817,Patience,,,,,WORTHINGTON,40,Sidbury Worccester,
WOR,Whittington,St Philip and St James,21,8 Jul 1817,Ann,,,,,WEST,69,Edgarshall? Worcester,
WOR,Whittington,St Philip and St James,22,26 Apr 1818,William,,,,,BEVAN,54,Sidbury Worcester,
WOR,Whittington,St Philip and St James,23,16 Aug 1818,Robert,,,,,SMITH,1 m,Whittington,
WOR,Whittington,St Philip and St James,24,10 Sep 1818,Ann,,,,,WHEELER,10,Whittington,
WOR,Whittington,St Philip and St James,25,15 Sep 1818,William,,,,,CORBETT,38,Sidbury Worcester,
WOR,Whittington,St Philip and St James,26,4 Nov 1818,Abraham,,,,,GOODWIN,77,Whittington,
WOR,Whittington,St Philip and St James,27,7 Jan 1819,John,,,,,WOOD,4,Whittington,
WOR,Whittington,St Philip and St James,28,21 Jan 1819,John,,,,,PACKWOOD,infant,All Saints Worcester,
WOR,Whittington,St Philip and St James,29,13 Mar 1819,Ann,,,,,BEST,60,Barbourne,
WOR,Whittington,St Philip and St James,30,16 Oct 1819,Robert,,,,,TALBOT,infant,Swineshead Worcester,
WOR,Whittington,St Philip and St James,31,12 Nov 1819,William,,,,,FARMER,14,Parish of Norton,
WOR,Whittington,St Philip and St James,32,3 Jan 1820,Jonathan,,,,,LITTLE,82,St Martins Woresters,
WOR,Whittington,St Philip and St James,33,23 Jan 1820,Elizabeth,,,,,PULLEY,infant,Whittington,
WOR,Whittington,St Philip and St James,34,17 Feb 1820,Elizabeth,,,,,SILVERTEE,43,Whittington,Mrs
WOR,Whittington,St Philip and St James,35,22 Feb 1820,Ann,,,,,JOHNSON,77,Whittington,
WOR,Whittington,St Philip and St James,36,18 May 1820,Elizabeth,,,,,DIPPER,35,St Nicholas Worcester,
WOR,Whittington,St Philip and St James,37,10 Jun 1820,Elizabeth,,,,,KNIGHT,18,Whittington,
WOR,Whittington,St Philip and St James,38,4 Jul 1820,Elizabeth,,,,,PULLEY,35,Whittington,
WOR,Whittington,St Philip and St James,39,9 Aug 1820,William,,,,,BOWEN,63,St Peters Worcester,
WOR,Whittington,St Philip and St James,40,26 Aug 1820,William,,,,,LAWRENCE,24,Whittington,
WOR,Whittington,St Philip and St James,41,5 Jan 1821,Edward,,,,,WILLIAMS,20,Whittington,
WOR,Whittington,St Philip and St James,42,27 Apr 1821,William,,,,,PRICE,50,Sidbury St Peters,
WOR,Whittington,St Philip and St James,43,10 Jul 1821,Francis,,,,,BADHAM,84,London rd St peters,
WOR,Whittington,St Philip and St James,44,9 Sep 1821,Elizabeth,,,,,RYLAND,19,Whittington,
WOR,Whittington,St Philip and St James,45,28 Oct 1821,James,,,,,ROLS?,18m,Whittington,
WOR,Whittington,St Philip and St James,46,25 Nov 1820,William,,,,,HANDY,37,Whittington,
WOR,Whittington,St Philip and St James,47,13 Jan 1822,Henry,,,,,DANISLL?,5,Whittington,
WOR,Whittington,St Philip and St James,48,4 Mar 1822,John H,,,,,PACKWOOD,27,All Saints Worcester,
WOR,Whittington,St Philip and St James,49,14 Mar 1822,Elizabeth,,,,,PRICE,3y 10 m,St Peters Worcester,
WOR,Whittington,St Philip and St James,50,19 Aug 1822,Joseph,,,,,WILLIAMS,41,St Peters Worcester,
WOR,Whittington,St Philip and St James,51,30 Aug 1822,John,,,,,GRIFFITH,24,Whittington,
WOR,Whittington,St Philip and St James,52,24 Sep 1822,Richard,,,,,HUMMING,76,Whittington,
WOR,Whittington,St Philip and St James,53,20 Mar 1823,John,,,,,HIDE,70,Whittington,
WOR,Whittington,St Philip and St James,54,11 Apr 1823,George,,,,,HANDY,3y 9m,Whittington,
WOR,Whittington,St Philip and St James,55,14 May 1823,Elizabeth,,,,,HUDSON,62,Whittington,
WOR,Whittington,St Philip and St James,56,18 May 1823,James,,,,,HARRIS,55,Whittington,
WOR,Whittington,St Philip and St James,57,24 Oct 1823,Mary,,,,,WILLIAMS,64,Whittington,
WOR,Whittington,St Philip and St James,58,26 Oct 1823,James,,,,,DANIELL,54,Whittington,
WOR,Whittington,St Philip and St James,59,5 Nov 1823,George,,,,,DAVIS,72,St Peters Worcester,
WOR,Whittington,St Philip and St James,60,12 Nov 1823,Betty,,,,,NELLWATER,65,St Peters Worcester,
WOR,Whittington,St Philip and St James,61,10 Jun 1824,Thomas,,,,,ROGERS,,Whittington,
WOR,Whittington,St Philip and St James,62,25 Aug 1824,Thomas Brookholden,,,,,JONES,59,St Peters Worcester,
WOR,Whittington,St Philip and St James,63,10 Oct 1824,Elizabeth,,,,,WHEELER,76,St Peters Worcester,
WOR,Whittington,St Philip and St James,64,12 Nov 1824,John,,,,,WHEERLER,22,St Peters Worcester,
WOR,Whittington,St Philip and St James,65,2 Jan 1825,Ann,,,,,OSBORNE,6m,Whittington,
WOR,Whittington,St Philip and St James,66,8 Mar 1825,Jane,,,,,SPALDING,90,London rd St Peters,
WOR,Whittington,St Philip and St James,67,19 Jun 1825,John,,,,,HANDY,9,St Peters Worcs,drowned in U Severn
WOR,Whittington,St Philip and St James,68,8 Nov 1825,Susanna,,,,,FLOYD,60,Whittington,
WOR,Whittington,St Philip and St James,69,18 Nov 1825,Thomas,,,,,SYLVESTER,17,Whittington,
WOR,Whittington,St Philip and St James,70,21 Nov 1825,William,,,,,LAWRENCE,53,Windmill Hill Stoulton,
WOR,Whittington,St Philip and St James,71,15 Dec 1825,Mark,,,,,WHEELER,20,London Rd,
WOR,Whittington,St Philip and St James,72,18 Dec 1825,Susanna,,,,,HOWELL,20,St Martins,
WOR,Whittington,St Philip and St James,73,18 Mar 1826,John Halliday,,,,,MARTIN,45,St Martins,
WOR,Whittington,St Philip and St James,74,17 Aug 1826,John,,,,,HUNLEY,64,Whittington,
WOR,Whittington,St Philip and St James,75,13 Sep 1826,George,,,,,WEEDHOUSE,17 d,Swenchard,
WOR,Whittington,St Philip and St James,76,3 Oct 1826,Thomas,,,,,DEAKIN,78,Whittington,
WOR,Whittington,St Philip and St James,77,13 Feb 1827,Mary,,,,,BURFORD,88,London Rd,
WOR,Whittington,St Philip and St James,78,16 Mar 1827,Elizabeth,,,,,LAWRENCE,14d,Whittington,
WOR,Whittington,St Philip and St James,79,22 Mar 1827,William,,,,,FLOYD,65,Whittington,
WOR,Whittington,St Philip and St James,80,13 Apr 1827,Mary,,,,,PRICE,10m,Sidbury,
WOR,Whittington,St Philip and St James,81,14 Sep 1827,Henry,,,,,FLEMMING,16,Whittington,
WOR,Whittington,St Philip and St James,82,29 Oct 1827,Elizabeth,,,,,BAYLIS,91,London Rd,
WOR,Whittington,St Philip and St James,83,17 Dec 1827,Thomas,,,,,CHECKETTS,61,Swenchard,
WOR,Whittington,St Philip and St James,84,12 Apr 1828,John,,,,,ROBERTS,4 m,Whittington,
WOR,Whittington,St Philip and St James,85,20 May 1828,Elizabeth,,,,,BADHAM,88,London Rd,
WOR,Whittington,St Philip and St James,86,20 May 1828,George,,,,,WINDOWS,11 m,Whittington,
WOR,Whittington,St Philip and St James,87,8 Aug 1828,Mrs Ann,,,,,HARRIS,88,Crook Carrow,
WOR,Whittington,St Philip and St James,88,10 Sep 1828,M???,,,,,PULLEY,45,Whittington,
WOR,Whittington,St Philip and St James,,22 Aug 1828,Mary,,,,,PULLEY,45,Day,Addition on bottom of page
WOR,Whittington,St Philip and St James,89,4 Sep 1828,Mary,,,,,EATON,28,Whittington,
WOR,Whittington,St Philip and St James,90,10 Oct 1828,Ann,,,,,FLOAD,70,Whittington,
WOR,Whittington,St Philip and St James,91,14 Oct 1828,Sam,,,,,HAMPTON,45,Whittington,
WOR,Whittington,St Philip and St James,92,14 Oct 1828,John,,,,,BRADLEY,56,Whittington,From Norton
WOR,Whittington,St Philip and St James,93,19 Dec 1828,Sarah,,,,,FLEET,28,Swenchard,
WOR,Whittington,St Philip and St James,94,21 Dec 1828,Sarah,,,,,SLATER,6m,Whittington,
WOR,Whittington,St Philip and St James,95,5 Feb 1829,Elizabeth,,,,,WATSON,82,Whittington,Widow
WOR,Whittington,St Philip and St James,96,11 Feb 1829,,,,,,BARNMORE,14,Worcester,
WOR,Whittington,St Philip and St James,97,20 Feb 1829,Mary,,,,,PRICE,70,London Rd,
WOR,Whittington,St Philip and St James,98,12 Apr 1829,Mary,,,,,WHEELER,60,Whittington,
WOR,Whittington,St Philip and St James,99,13 May 1829,John,,,,,GOODWIN,4m,Whittington,
WOR,Whittington,St Philip and St James,100,16 Aug 1829,Eliza,,,,,EATON,3y,Whittington,
WOR,Whittington,St Philip and St James,101,25 Oct 1829,William,,,,,OSBORNE,7 w,Whittington,
WOR,Whittington,St Philip and St James,102,30 Nov 1829,John,,,,,WHEELER,67,Whittington,
WOR,Whittington,St Philip and St James,103,26 Dec 1829,William,,,,,WOOD,3m,Whittington,
WOR,Whittington,St Philip and St James,104,14 Jan 1830,Winifred Lydia,,,,,COUCHER,Infant,Batenhall,Daughter of Mr Bateman
WOR,Whittington,St Philip and St James,105,Mar 1830,William,,,,,PACKWOOD,28,Fernall Heath Claines,
WOR,Whittington,St Philip and St James,106,9 Mar 1830,Mary,,,,,PRICE,13,Sidbury,
WOR,Whittington,St Philip and St James,107,31 Mar 1830,George,,,,,COTRELL,Infant,Whittington,
WOR,Whittington,St Philip and St James,108,9 Apr 1830,Eliza,,,,,MILLACHIP,5 m,Whittington,
WOR,Whittington,St Philip and St James,109,14 May 1830,Marriane,,,,,PARKER,26,All Saints Worcester,
WOR,Whittington,St Philip and St James,110,26 Jul 1830,Thomas,,,,,MILLWATER,73,Sidbury Worcester,
WOR,Whittington,St Philip and St James,111,28 Nov 1830,Harriet Mary,,,,,OSBORNE,3 m,Whittington,
WOR,Whittington,St Philip and St James,112,2 Jun 1831,Thomas,,,,,ROGERS,6,Swenchard,
WOR,Whittington,St Philip and St James,113,14 Aug 1831,Mary,,,,,WHITE,79,Whittington,
WOR,Whittington,St Philip and St James,114,4 Oct 1831,Henry,,,,,BATEMAN,78,St Peters Worcester,
WOR,Whittington,St Philip and St James,115,8 Oct 1831,Daniel,,,,,HARRIS,20,Parish of Leigh,
WOR,Whittington,St Philip and St James,116,25 Nov 1831,Hannah,,,,,CORBETT,84,St Michaels,
WOR,Whittington,St Philip and St James,117,11 Dec 1831,Mary Anne,,,,,AMPHLETT,16,Whittington,
WOR,Whittington,St Philip and St James,118,26 Dec 1831,Sarah Hannah,,,,,LYCETT,3 w,St Peters Worcester,
WOR,Whittington,St Philip and St James,119,24 Jan 1832,George,,,,,HOLLAWAY,4 m,St Helens Worcester,
WOR,Whittington,St Philip and St James,120,28 Jan 1832,William,,,,,TROTH,75,Spetchley,
WOR,Whittington,St Philip and St James,121,28 Jan 1832,Mary,,,,,BATEMAN,20,Batenall St Peters,
WOR,Whittington,St Philip and St James,122,18 Mar 1832,Sarah,,,,,JONES,66,St Helens Worcester,
WOR,Whittington,St Philip and St James,123,22 Mar 1832,Mary,,,,,CLARKE,13,Whittington,
WOR,Whittington,St Philip and St James,124,5 Jun 1832,Alfred,,,,,MILLACHIP,18 m,Blockhouse Worcester,Extra Parochial
WOR,Whittington,St Philip and St James,125,5 Jun 1832,Margaret,,,,,HAMPTON,83,Whittington,
WOR,Whittington,St Philip and St James,126,20 Jan 1833,John,,,,,INSULL,42,Whittington,
WOR,Whittington,St Philip and St James,127,3 Feb 1833,Martha,,,,,PARKER,59,Newport St All Saints,
WOR,Whittington,St Philip and St James,128,27 Feb 1833,Sarah,,,,,CHECKETTS,78,Swinsherd,
WOR,Whittington,St Philip and St James,129,24 Mar 1833,Pricilla,,,,,FLEET,5,St Peters Worcester,Red Hill in the London Rd
WOR,Whittington,St Philip and St James,130,12 May 1833,Mary,,,,,BROMLEY,33,St Nicholas Worcs,Nicholas St
WOR,Whittington,St Philip and St James,131,23 May 1833,William,,,,,WATERS,2 w,Whittington,
WOR,Whittington,St Philip and St James,132,26 May 1833,Thomas,,,,,WILLIAMS,81,Whittington,
WOR,Whittington,St Philip and St James,133,14 Jul 1833,John,,,,,FARMER,58,Norton Juxta Kempsey,
WOR,Whittington,St Philip and St James,134,30 Aug 1833,Emma,,,,,OSBORNE,33,Whittington,
WOR,Whittington,St Philip and St James,135,25 Oct 1833,William Hanson,,,,,MARSHALL,16 m,Whittington,
WOR,Whittington,St Philip and St James,136,27 Nov 1833,William,,,,,JONES,56,Whittington,
WOR,Whittington,St Philip and St James,137,6 Dec 1833,William,,,,,HARDING,82,Swinesherd,
WOR,Whittington,St Philip and St James,138,25 Apr 1834,Emma,,,,,HUNT,75,Worcester,Mrs Barrs China factory
WOR,Whittington,St Philip and St James,139,27 Apr 1834,Maria,,,,,RICHARDS,25,Whittington,
WOR,Whittington,St Philip and St James,140,27 Apr 1834,Charlotte,,,,,HIDE,50,St Martins Park Place,
WOR,Whittington,St Philip and St James,141,4 May 1834,Henry,,,,,BARMORE,10,St Martins Cripple Gate,
WOR,Whittington,St Philip and St James,142,5 May 1834,Mary,,,,,BRINTON,55,Whittington,
WOR,Whittington,St Philip and St James,143,1 Jun 1834,James,,,,,RICHARDS,21,Whittington,
WOR,Whittington,St Philip and St James,144,26 Jun 1834,John,,,,,CLARKE,48,Swineshead Worcester,
WOR,Whittington,St Philip and St James,145,12 Aug 1834,John,,,,,HAMPTON,81,Whittington,
WOR,Whittington,St Philip and St James,146,13 Aug 1834,Emma,,,,,THOMAS,3w,Whittington,
WOR,Whittington,St Philip and St James,147,5 Oct 1834,Joyce,,,,,RILEY,67,Norton Juxta Kempsey,
WOR,Whittington,St Philip and St James,148,23 Dec 1834,John,,,,,STINTON,65,Swinesherd Lake Whittington,
WOR,Whittington,St Philip and St James,149,6 Feb 1835,Susannah,,,,,HILL,57,St Martins Corn Hill House,
WOR,Whittington,St Philip and St James,150,4 Mar 1835,Thomas,,,,,POWEL,14 m,Whittington,
WOR,Whittington,St Philip and St James,151,30 Mar 1835,Eliza,,,,,WATSON,61,Kempsey,
WOR,Whittington,St Philip and St James,152,6 May 1835,James,,,,,DANIEL,26,Swinesherd Worcester,
WOR,Whittington,St Philip and St James,153,22 Jul 1835,Eliza,,,,,GREENAWAY,17,Swinesherd Worcester,
WOR,Whittington,St Philip and St James,154,8 Nov 1835,Thomas,,,,,LAWRENCE,6 w,St Peters Worcester,
WOR,Whittington,St Philip and St James,155,15 Nov 1835,John,,,,,MILLACHIP,2y 6m,Spetchley,
WOR,Whittington,St Philip and St James,156,9 Oct 1835,Thomas,,,,,CHECKETTS,40,Swinesherd Worcester,
WOR,Whittington,St Philip and St James,157,26 Jan 1836,Henry,,,,,PAINTER,1 m,Whittington,
WOR,Whittington,St Philip and St James,158,29 Apr 1836,Eliza,,,,,WOODS,11 m,Whittington,
WOR,Whittington,St Philip and St James,159,10 Aug 1836,Charlotte,,,,,PULLEY,29,Swinchard,
WOR,Whittington,St Philip and St James,160,5 Jan 1837,Sarah,,,,,STRATFORD,76,St Nicholas Worcester,
WOR,Whittington,St Philip and St James,161,25 Apr 1837,Betty,,,,,HOLDEN,57,Dorset Cott Larkhill Nr Worcs,Wife of William Rose Holden MA Clerk
WOR,Whittington,St Philip and St James,162,14 Apr 1837,William,,,,,REDDING,62,Henwick Nr Worcester,
WOR,Whittington,St Philip and St James,163,18 Jun 1837,John,,,,,HILL,72,St Peter the Great Worcester,
WOR,Whittington,St Philip and St James,164,16 Jul 1837,Mary Anne,,,,,HIGGS,4 m,Whittington,
WOR,Whittington,St Philip and St James,165,20 Jul 1837,Mary,,,,,HINDLEY,75,Bath Rd Worcester,
WOR,Whittington,St Philip and St James,166,3 Oct 1837,Sarah,,,,,BROOKES,2 w,Charles St Worcester Blockhouse,
WOR,Whittington,St Philip and St James,167,8 Feb 1838,John,,,,,SOMERTON,33,Swinesherd Worcester,
WOR,Whittington,St Philip and St James,168,14 Feb 1838,Hester,,,,,BROOKES,60,Park Plc London Rd Worcs,
WOR,Whittington,St Philip and St James,169,16 Feb 1838,Mary,,,,,PULLEN,18 m,Whittington,
WOR,Whittington,St Philip and St James,170,16 Feb 1838,Elizabeth,,,,,CLUTTERBUCK,20,Whittington,
WOR,Whittington,St Philip and St James,171,11 Mar 1838,Mary Anne,,,,,MORRIFS?,11 m,Whittington,
WOR,Whittington,St Philip and St James,172,3 Jun 1838,Alfred,,,,,MILLACHIP,10m,Sidbury Worcester,
WOR,Whittington,St Philip and St James,173,6 Jun 1838,Ellen,,,,,JESSOP?,5 y,Bath Row Worcester,
WOR,Whittington,St Philip and St James,174,17 Jun 1838,Sarah,,,,,DAY,92,Whittington,
WOR,Whittington,St Philip and St James,175,3 Jul 1838,Fanny,,,,,LLOYD,3 m,Whittington,
WOR,Whittington,St Philip and St James,176,18 Jul 1838,Isobella Maria,,,,,WINDERS?,20,Red Hill St Peters Worcester,
WOR,Whittington,St Philip and St James,177,9 Aug 1838,Dinah,,,,,WOOD,41,Whittington,
WOR,Whittington,St Philip and St James,178,17 Aug 1838,Susannah,,,,,CLIFTON,88,London Rd Worcester,
WOR,Whittington,St Philip and St James,179,26 Aug 1838,Hannah,,,,,GRIFFITHS,66,Whittington,
WOR,Whittington,St Philip and St James,180,26 Sep 1838,William,,,,,JERRETT,7m,Whittington,
WOR,Whittington,St Philip and St James,181,24 Oct 1838,Elizabeth,,,,,SALBURY,70,Whittington,
WOR,Whittington,St Philip and St James,182,2 Dec 1838,William,,,,,GRIFFITHS,73,Whittington,
WOR,Whittington,St Philip and St James,183,23 Dec 1838,Margaret,,,,,AMPHLETT,74,Whittington,
WOR,Whittington,St Philip and St James,184,14 Mar 1839,Joseph,,,,,SHAW,55,Red Hill St Peters Worcester,
WOR,Whittington,St Philip and St James,185,28 May 1839,Frances,,,,,MATHEWS,15 m,Whittington,
WOR,Whittington,St Philip and St James,186,23 Jun 1839,James,,,,,SHARP,12 y,Whittington,
WOR,Whittington,St Philip and St James,187,Sep 1839,Harriot,,,,,WINDOWS,28,Red Hill St Peters Worcester,
WOR,Whittington,St Philip and St James,188,6 Sep 1839,Thomas,,,,,WHITE,68,Whittington,
WOR,Whittington,St Philip and St James,189,3 Oct 1839,Mary,,,,,PACKWOOD,19,Worcester Infirmary,
WOR,Whittington,St Philip and St James,190,10 Nov 1839,Joseph,,,,,BROMAGE,63,St Martins Worcester,
WOR,Whittington,St Philip and St James,191,10 Dec 1839,Elizabeth,,,,,GEORGE,72,St Martins Parish,
WOR,Whittington,St Philip and St James,192,31 Dec 1839,Anne,,,,,CHANDLER,29,St Martins Parish Worcester,
WOR,Whittington,St Philip and St James,193,22 Feb 1840,Frances Hale,,,,,JERRETT?,4 m,Whittington,
WOR,Whittington,St Philip and St James,194,2 Jul 1840,William,,,,,BISHOP,8,Whittington,
WOR,Whittington,St Philip and St James,195,15 Aug 1840,Jonathan,,,,,OATES,73,London rd St Peters,
WOR,Whittington,St Philip and St James,196,21 Sep 1840,Mary,,,,,CHECKETTS,36,Whittington,
WOR,Whittington,St Philip and St James,197,4 Oct 1840,Edward,,,,,HIGGINS,Infant,Whittington,
WOR,Whittington,St Philip and St James,198,31 Jan 1841,John,,,,,BUCKLE,81,Whittington,
WOR,Whittington,St Philip and St James,199,21 Feb 1841,Jane,,,,,TAYLOR,Infant,Whittington,
WOR,Whittington,St Philip and St James,200,10 Mar 1841,Susannah,,,,,FARMER,68,Whittington,
WOR,Whittington,St Philip and St James,201,2 May 1841,Maria,,,,,WALL,4 m,Locke St Worcester,
WOR,Whittington,St Philip and St James,202,31 May 1841,Sarah,,,,,SHAW,73,Red Hill St Peters Worcester,
WOR,Whittington,St Philip and St James,203,22 Jul 1841,Frances,,,,,JERRETT?,6 m,Whittington,
WOR,Whittington,St Philip and St James,204,2 Aug 1841,John,,,,,OSBORNE,45,Whittington,
WOR,Whittington,St Philip and St James,205,1 Oct 1841,Mary,,,,,LYCETT,60,London rd St Peters,
WOR,Whittington,St Philip and St James,206,22 Oct 1841,Elizabeth,,,,,LLOYD,67,Catherines Plc St Martins,
WOR,Whittington,St Philip and St James,207,12 Jan 1842,Hyla,,,,,HOLDEN,3d,St oswalds chapelry hse tithing of whitestones claines,Twin sons of William Holden clerk adjustant chaplain of st oswalds Hospital
WOR,Whittington,St Philip and St James,208,12 Jan 1842,Reuban Thomas,,,,,HOLDEN,4 d,St oswalds chapelry hse tithing of whitestones claines,
WOR,Whittington,St Philip and St James,209,16 Jan 1842,Thomas,,,,,BROMAGE,68,Whittington,
WOR,Whittington,St Philip and St James,210,16 Jan 1842,Selina,,,,,BISHOP,18,Whittington,
WOR,Whittington,St Philip and St James,211,21 Apr 1842,Caroline Ann,,,,,SIDEBOTTOM,7y 11m,Bank St Martins Worcester,Daughter of Charles John Sidebottom and Mary Abigail his wife
WOR,Whittington,St Philip and St James,212,15 Jul 1842,Mary Elizabeth,,,,,PAGE?,9 m,Whittington,
WOR,Whittington,St Philip and St James,213,23 Sep 1842,Charlotte,,,,,CLERKE,44,Swenchard,
WOR,Whittington,St Philip and St James,214,18 Oct 1842,James,,,,,COOPER,25,Whittington,
WOR,Whittington,St Philip and St James,215,19 Jan 1843,Elizabeth,,,,,CLIFTON,60,St Peters Worcester,
WOR,Whittington,St Philip and St James,216,6 Mar 1843,Emma,,,,,SMEARED,15 m,St Peters Worcester,
WOR,Whittington,St Philip and St James,217,9 Mar 1843,Maria,,,,,FLEET,3,St Peters Worcester,
WOR,Whittington,St Philip and St James,218,21 Jun 1843,Phoebe,,,,,PARKER,65,All Saints Worcester,
WOR,Whittington,St Philip and St James,219,20 Jul 1843,William,,,,,FLEET,36,Worcester,
WOR,Whittington,St Philip and St James,220,1 Oct 1843,Elizabeth,,,,,PURDEE?,6 w,Swenchard,
WOR,Whittington,St Philip and St James,221,8 Oct 1843,William,,,,,FINN?,34,Wilds Lane St Peters,
WOR,Whittington,St Philip and St James,222,8 Oct 1843,Thomas,,,,,WILKINS,3y 7 m,Whittington,
WOR,Whittington,St Philip and St James,223,30 Nov 1843,Mary,,,,,RYLAND,80,Swenchard,
WOR,Whittington,St Philip and St James,224,15 Dec 1843,Martha,,,,,SMITH,59,Red Hill St Peters Worcester,
WOR,Whittington,St Philip and St James,225,7 Apr 1844,Robert,,,,,HOLLAWAY,63,Whittington,
WOR,Whittington,St Philip and St James,226,27 May 1844,Cornelius,,,,,LEE,19,Whittington,
WOR,Whittington,St Philip and St James,227,16 Jun 1844,William,,,,,MARSHALL,6w,Swenchard,
WOR,Whittington,St Philip and St James,228,20 Jun 1844,Sally,,,,,CHECKETTS,3m,Whittington,
WOR,Whittington,St Philip and St James,229,26 Sep 1844,Thomas Frances,,,,,BRADLEY,6,St Martins Parish Worcester,
WOR,Whittington,St Philip and St James,230,12 Feb 1845,Sarah,,,,,POTTER,84,Whittington,
WOR,Whittington,St Philip and St James,231,13 Feb 1845,Samuel,,,,,POWELL,33,Whittington,
WOR,Whittington,St Philip and St James,232,24 Feb 1845,William,,,,,HOLDEN,32,St oswalds chapelry hse tithing of whitestones claines,clerk adjustant chaplain of st oswalds Hospital
WOR,Whittington,St Philip and St James,233,27 Feb 1845,Anne,,,,,STINTON,78,Swinesherd,
WOR,Whittington,St Philip and St James,234,6 Jun 1845,James,,,,,OSBORNE,42,Swinesherd,
WOR,Whittington,St Philip and St James,235,13 Jun 1845,James,,,,,COTRILL,48,Whittington,
WOR,Whittington,St Philip and St James,236,31 Jul 1845,Margaret,,,,,GOODWIN,89,Whittington,
WOR,Whittington,St Philip and St James,237,26 Aug 1845,Mary,,,,,BUCKLE,84,Whittington,
WOR,Whittington,St Philip and St James,238,17 Oct 1845,Rich ard B,,,,,JONES,39,Catherines Plc St Martins,
WOR,Whittington,St Philip and St James,239,26 Oct 1845,Thomas,,,,,COTTERILL,17,Whittington,
WOR,Whittington,St Philip and St James,240,2 Dec 1845,Mary,,,,,WALKER,86,Alfrick,
WOR,Whittington,St Philip and St James,241,3 Jan 1846,Eliza H,,,,,HOLDEN,8m,Paradise Row Tything Worcester,
WOR,Whittington,St Philip and St James,242,9 Mar 1846,Benjamin,,,,,BUNN,49,St Peters Worcester,
WOR,Whittington,St Philip and St James,243,12 Apr 1846,John,,,,,LONG,55,Whittington,
WOR,Whittington,St Philip and St James,244,7 May 1846,John,,,,,CHAMBERS,75,London Rd St Peters,
WOR,Whittington,St Philip and St James,245,22 May 1846,Lydia,,,,,BATEMAN,2y 5m,All Saints Worcester,
WOR,Whittington,St Philip and St James,246,30 Jun 1846,Andrew,,,,,LOWE,40,London Rd,
WOR,Whittington,St Philip and St James,247,18 Jun 1846,Frances,,,,,BENBOW,70,St Martins Worcester,
WOR,Whittington,St Philip and St James,248,2 Aug 1846,Ellen,,,,,PARNHAM,3m,Swinesherd,
WOR,Whittington,St Philip and St James,249,31 Aug 1846,Joseph,,,,,WADLEY,50,Whittington,
WOR,Whittington,St Philip and St James,250,7 Sep 1846,Anne,,,,,HARRIS,77,Worcester,
WOR,Whittington,St Philip and St James,251,22 Sep 1846,John,,,,,GREENWAY,25,Swinesherd,
WOR,Whittington,St Philip and St James,252,29 Sep 1846,Susan M,,,,,ROBERTS,24,Norton,
WOR,Whittington,St Philip and St James,253,23 Oct 1846,Mary Anne,,,,,BIRD,4half,Bath Rd St Peters,
WOR,Whittington,St Philip and St James,254,19 Nov 1846,Charles,,,,,BIRD,63,Bath Rd St Peters,
WOR,Whittington,St Philip and St James,255,1 Dec 1846,Phoebe,,,,,CHECKETTS,42,Whittington,
WOR,Whittington,St Philip and St James,256,18 Apr 1847,Thomas,,,,,BARMORE,57,St Martins,
WOR,Whittington,St Philip and St James,257,12 Oct 1847,Thomas A,,,,,ELTON,3w,Sidbury Worcester,
WOR,Whittington,St Philip and St James,258,21 Oct 1847,George,,,,,STINTON,1y5m,Claines,
WOR,Whittington,St Philip and St James,259,27 Oct 1847,Elizabeth,,,,,FLEET,85,Swinesherd,
WOR,Whittington,St Philip and St James,260,20 Nov 1847,Ann,,,,,SOUTHAM,96,London Rd St Peters,
WOR,Whittington,St Philip and St James,261,11 Mar 1848,Jane,,,,,GEORGE,63,Prospect Plc St peters,
WOR,Whittington,St Philip and St James,262,16 Mar 1848,Anne,,,,,PORTER,49,London Rd St Peters,
WOR,Whittington,St Philip and St James,263,24 May 1848,Martha,,,,,BROMAGE,76,Whittington,
WOR,Whittington,St Philip and St James,264,1 Aug 1848,Thomas,,,,,PARKER,43,All Saints Worcester,
WOR,Whittington,St Philip and St James,265,5 Oct 1848,Maria,,,,,BIRD,54,Whittington,
WOR,Whittington,St Philip and St James,266,4 Dec 1848,Jane,,,,,HARRIS,43,London Rd St Peters,
WOR,Whittington,St Philip and St James,267,11 Dec 1848,Elizabeth,,,,,SPARKES,74,Shrubbery Cot Claines,
WOR,Whittington,St Philip and St James,268,4 Jan 1849,Richard,,,,,NASH,63,Whittington,
WOR,Whittington,St Philip and St James,269,12 Mar 1849,Eliza M,,,,,HOLDEN,30,Dark Worcester,
WOR,Whittington,St Philip and St James,270,6 May 1849,Susannah,,,,,BROWN,58,Claines,
WOR,Whittington,St Philip and St James,271,13 Jun 1849,George,,,,,ALLIES,66,The Hill St Peters,
WOR,Whittington,St Philip and St James,272,19 Jun 1849,Anne,,,,,FRANKLIN,49,Rose Hill St Martins,
WOR,Whittington,St Philip and St James,273,25 Jun 1849,Harriet,,,,,BATEMAN,59,Red Hill St Peters Worcester,
WOR,Whittington,St Philip and St James,274,18 Jul 1849,Anne,,,,,BANISH?,68,St Martins,
WOR,Whittington,St Philip and St James,275,14 Aug 1849,James,,,,,ALLARD,3,Swinesherd,
WOR,Whittington,St Philip and St James,276,28 Aug 1849,Jane,,,,,JONES,35,Catherines Villa St Martins,
WOR,Whittington,St Philip and St James,277,21 Oct 1849,Elizabeth,,,,,WATERS,5m,Swinesherd,
WOR,Whittington,St Philip and St James,278,1 Nov 1849,Mary Anne,,,,,WILKINS,7w,Whittington,
WOR,Whittington,St Philip and St James,279,27 Dec 1849,Joseph,,,,,WILKINS,37,Whittington,
WOR,Whittington,St Philip and St James,280,7 Jan 1850,Thomas,,,,,LITTLE,78,St Swithins,
WOR,Whittington,St Philip and St James,281,22 Jan 1850,Jane,,,,,MARSHALL,9,Swinesherd,
WOR,Whittington,St Philip and St James,282,5 Jun 1850,John H,,,,,GEORGE,70,St Peters Worcester,
WOR,Whittington,St Philip and St James,283,9 Jul 1850,Sarah,,,,,SKINNER,87,St Peters Worcester,
WOR,Whittington,St Philip and St James,284,16 Jul 1850,Penelope,,,,,HARRIS,80,The Cottage St Peters,
WOR,Whittington,St Philip and St James,285,11 Sep 1850,Frederick,,,,,POLE,3w,Whittington,
WOR,Whittington,St Philip and St James,286,17 Sep 1850,Thomas,,,,,CLARKE,57,Swinesherd,
WOR,Whittington,St Philip and St James,287,27 Sep 1850,Thomas,,,,,HILL,79,St Johns Bedarwine,
WOR,Whittington,St Philip and St James,288,8 Oct 1850,Sarah,,,,,CORBETT,69,Whittington,
WOR,Whittington,St Philip and St James,289,17 Dec 1850,John,,,,,MOORE,65,Whittington,
WOR,Whittington,St Philip and St James,290,30 Dec 1850,Ellen,,,,,?,2,Whittington,
WOR,Whittington,St Philip and St James,291,8 Jan 1851,Elizabeth,,,,,TWINS,28,Whittington,
WOR,Whittington,St Philip and St James,292,20 Jan 1851,Elizabeth,,,,,LEE,55,Kings Norton Bham,
WOR,Whittington,St Philip and St James,293,11 Feb 1851,Mary,,,,,ALLEN,75,Whittington,
WOR,Whittington,St Philip and St James,294,18 Feb 1851,Lydia,,,,,BATEMAN,90,Red Hill St Peters Worcs,
WOR,Whittington,St Philip and St James,295,24 Feb 1851,Richard,,,,,GOODMAN,85,Swinesherd,
WOR,Whittington,St Philip and St James,296,13 Apr 1851,John,,,,,WATERS,6m,Swinesherd,
WOR,Whittington,St Philip and St James,297,21 May 1851,Elizabeth,,,,,DRINKWATER,29,Swinesherd Star Public House,
WOR,Whittington,St Philip and St James,298,28 May 1851,Emma,,,,,THOMAS,14,Whittington,Died in the infimary Worcester
WOR,Whittington,St Philip and St James,299,12 Dec 1851,Ann,,,,,MOORE,82,London Rd,
WOR,Whittington,St Philip and St James,300,25 Feb 1852,Agnes M,,,,,MORGAN,5m,London Rd St Peters,
WOR,Whittington,St Philip and St James,301,24 Mar 1852,Catherine,,,,,CALVIN,76,Little Angel St Worcester,
WOR,Whittington,St Philip and St James,302,5 Apr 1852,Ellen,,,,,LEIGHTON,54,Sparrow Fields St Martins,
WOR,Whittington,St Philip and St James,303,2 May 1852,James,,,,,ALLEN,72,Whittington,
WOR,Whittington,St Philip and St James,304,15 Jun 1852,Mary J,,,,,CLUTTERBUCK,3m,Whittington,
WOR,Whittington,St Philip and St James,305,7 Jul 1852,Thomas,,,,,H?HAW,21,Swinesherd,
WOR,Whittington,St Philip and St James,306,29 Sep 1852,Susan,,,,,KNIGHT,29,Whittington,
WOR,Whittington,St Philip and St James,307,30 Dec 1852,William,,,,,BAYLIS,73,Whittington,
WOR,Whittington,St Philip and St James,308,25 Mar 1853,Thomas,,,,,CORINTON,75,Whittington,
WOR,Whittington,St Philip and St James,309,10 Jun 1853,William,,,,,SAILSBERY,88,Whittington,
WOR,Whittington,St Philip and St James,310,31 Jul 1853,Fanny,,,,,MEADOWS,14m,Whittington,
WOR,Whittington,St Philip and St James,311,29 Aug 1853,Charlotte,,,,,MORRIS,91,London Rd,
WOR,Whittington,St Philip and St James,312,20 Sep 1853,Henry G,,,,,HARBORN,5,Swinesherd,
WOR,Whittington,St Philip and St James,313,3 Nov 1853,James V,,,,,COLLETT,16,Bath Rd St Peters,
WOR,Whittington,St Philip and St James,314,18 Dec 1853,Maria,,,,,WATERS,11,Whittington,
WOR,Whittington,St Philip and St James,315,8 Jan 1854,Mary,,,,,MOORE,84,Whittington,
WOR,Whittington,St Philip and St James,316,14 Feb 1854,Charles,,,,,S?,34,Whittington,
WOR,Whittington,St Philip and St James,317,19 Feb 1854,Duiah,,,,,PARSONS,5,Whittington,
WOR,Whittington,St Philip and St James,318,27 Feb 1854,James,,,,,SHEPPARD,66,Worcester,
WOR,Whittington,St Philip and St James,319,5 Mar 1854,Thomas,,,,,CLARKE,90,New Town Worcester,
WOR,Whittington,St Philip and St James,320,17 Apr 1854,Margaret,,,,,MADDENS,70,London Rd,
WOR,Whittington,St Philip and St James,321,21 Apr 1854,William R,,,,,HOLDEN,78,Lark Hill,M A Clerk
WOR,Whittington,St Philip and St James,322,1 Jun 1854,Elizabeth,,,,,JONES,91,Greenhill Worcester,
WOR,Whittington,St Philip and St James,323,21 Jun 1854,William,,,,,PEMBER,67,Whittington,
WOR,Whittington,St Philip and St James,324,20 Jul 1854,Leticia J,,,,,SANDERS,6,Greenhill Worcester,
WOR,Whittington,St Philip and St James,325,1 Aug 1854,Mary,,,,,DANIEL,10,Swinesherd,
WOR,Whittington,St Philip and St James,326,25 Sep 1854,George,,,,,BIRD,10,Bath Rd St Peters,
WOR,Whittington,St Philip and St James,327,28 Sep 1854,Ophelia,,,,,GROVE,44,Lark Hill,
WOR,Whittington,St Philip and St James,328,3 Oct 1854,Charlotte,,,,,FREEMAN,48,Henwick St Clements,
WOR,Whittington,St Philip and St James,329,12 Oct 1854,Mary,,,,,ROBBINS,59,Swinesherd,
WOR,Whittington,St Philip and St James,330,28 Oct 1854,William,,,,,PARKER,86,St Martins,
WOR,Whittington,St Philip and St James,331,24 Dec 1854,Ann,,,,,CHECKETTS,11m,Whittington,
WOR,Whittington,St Philip and St James,332,26 Feb 1855,Marianne,,,,,JONES,63,St Michaels,
WOR,Whittington,St Philip and St James,333,11 Mar 1855,George,,,,,WATERS,4m,Swinesherd,
WOR,Whittington,St Philip and St James,334,8 Apr 1855,John,,,,,WOOD,26,Whittington,
WOR,Whittington,St Philip and St James,335,21 May 1855,Harriet,,,,,STINTON,47,Swinesherd,
WOR,Whittington,St Philip and St James,336,4 May 1855,Sarah,,,,,HANDY,70,London Rd,
WOR,Whittington,St Philip and St James,337,23 Aug 1855,Sophia,,,,,GUISE,21,Whittington,
WOR,Whittington,St Philip and St James,338,18 Sep 1855,William,,,,,DAVID,66,London Rd,
WOR,Whittington,St Philip and St James,339,27 Sep 1855,Roger,,,,,MOORE,86,London Rd,
WOR,Whittington,St Philip and St James,340,30 Sep 1855,George,,,,,OSBORNE,8m,Norton,
WOR,Whittington,St Philip and St James,341,10 Jan 1856,Sarah,,,,,BETTS,28,Swinesherd,
WOR,Whittington,St Philip and St James,342,5 Feb 1856,Elizabeth,,,,,CHANCE,18,Swinesherd,
WOR,Whittington,St Philip and St James,343,20 Mar 1856,Eliza,,,,,SMITH,25,Whittington,
WOR,Whittington,St Philip and St James,344,28 Apr 1856,Charles,,,,,BEDFORD,56,Claines,
WOR,Whittington,St Philip and St James,,28 Oct 1856,Letitia,,,,,HA*TE,68,Greenhill Worcester,No Number addition
WOR,Whittington,St Philip and St James,345,23 Jun 1856,James,,,,,PEARCE,44,Whittington,
WOR,Whittington,St Philip and St James,346,5 Aug 1856,Sarah,,,,,LOWE,44,Park St Worcester,
WOR,Whittington,St Philip and St James,347,27 Nov 1856,Walter,,,,,HALLOWAY,9,Whittington,
WOR,Whittington,St Philip and St James,348,19 Feb 1857,Anne,,,,,CHANCE,1,Swinesherd,
WOR,Whittington,St Philip and St James,349,24 Feb 1857,W L W,,,,,HARBOURNE,8m,Swinesherd,
WOR,Whittington,St Philip and St James,350,22 Mar 1857,Jane,,,,,MEADOWS,4m,Whittington,
WOR,Whittington,St Philip and St James,351,1 Dec 1857,Sarah,,,,,BECK,65,Whittington,
WOR,Whittington,St Philip and St James,352,26 Dec 1857,Rear Admiral,,,,,POWELL,72,Henson Villas,
WOR,Whittington,St Philip and St James,353,23 Jan 1858,Mary,,,,,HIGGS,18,Lark Hill,
WOR,Whittington,St Philip and St James,354,7 Mar 1858,Joseph,,,,,CHANCE,57,Swinesherd,
WOR,Whittington,St Philip and St James,355,5 Jul 1858,Frederick,,,,,CLIFTON,45,Whittington,
WOR,Whittington,St Philip and St James,356,9 Jul 1858,Henry,,,,,LINTON,7,Swinesherd,
WOR,Whittington,St Philip and St James,357,15 Sep 1858,Edward,,,,,GREENWAY,67,Swinesherd,
WOR,Whittington,St Philip and St James,358,4 Oct 1858,William,,,,,CORBETT,75,Whittington,
WOR,Whittington,St Philip and St James,359,9 Jan 1859,Sarah,,,,,WATERS,35,Whittington,
WOR,Whittington,St Philip and St James,360,12 Jan 1859,Sarah,,,,,GOODMAN,75,Whittington,
WOR,Whittington,St Philip and St James,361,14 Jan 1859,John,,,,,FLEET,91,Swinesherd,
WOR,Whittington,St Philip and St James,362,20 Jan 1859,Charles,,,,,CHAMBERLAIN,65,Wylds Lane Worcester,
WOR,Whittington,St Philip and St James,363,24 Jan 1859,Thomas,,,,,STINTON,78,Swinesherd,
WOR,Whittington,St Philip and St James,364,17 Feb 1859,Ann,,,,,BEVAN,59,Park Plc Worcester,
WOR,Whittington,St Philip and St James,365,9 Mar 1859,Helen A,,,,,SHEPPARD,35,Knightwick,
WOR,Whittington,St Philip and St James,366,11 Mar 1859,James,,,,,RICKETTS,86,Bath Place Worcester,
WOR,Whittington,St Philip and St James,367,23 Sep 1859,George P,,,,,HILL,48,Sand Gate Bank,
WOR,Whittington,St Philip and St James,368,20 Oct 1859,Elizabeth,,,,,GROVES,58,Whittington,
WOR,Whittington,St Philip and St James,369,18 Nov 1859,Hannah,,,,,PEARCE,39,Whittington,
WOR,Whittington,St Philip and St James,370,29 Feb 1860,Elizabeth,,,,,RICHARDS,80,Whittington,
WOR,Whittington,St Philip and St James,371,3 Mar 1860,Anne,,,,,PARSONS,60,Whittington,
WOR,Whittington,St Philip and St James,372,31 Mar 1860,Benjamin,,,,,PARSONS,74,Whittington,
WOR,Whittington,St Philip and St James,373,27 Apr 1860,Thomas,,,,,CORBETT,52,Whittington,
WOR,Whittington,St Philip and St James,374,29 Apr 1860,James,,,,,GUISE,,Whittington,
WOR,Whittington,St Philip and St James,375,5 May 1860,John R,,,,,HOLDEN,50,Lark Hill,
WOR,Whittington,St Philip and St James,376,6 May 1860,Mary Anne,,,,,BECK,36,London Rd,
WOR,Whittington,St Philip and St James,377,8 May 1860,Philip F,,,,,LAYATT,82,Malvern Link,
WOR,Whittington,St Philip and St James,378,19 Jul 1860,William,,,,,CHECKETTS,60,Pershore Union,
WOR,Whittington,St Philip and St James,379,4 Sep 1860,William,,,,,HOLLAWAY,23,Whittington,
WOR,Whittington,St Philip and St James,380,21 Feb 1861,Robert,,,,,ALLIES,59,The Hill House Bath Rd,
WOR,Whittington,St Philip and St James,381,21 Feb 1861,John,,,,,COMPTON,70,Whittington,
WOR,Whittington,St Philip and St James,382,26 Apr 1861,Arthur,,,,,DANIEL,7,Swinesherd,
WOR,Whittington,St Philip and St James,383,4 May 1861,Frances H,,,,,JAMES,10m,Swinesherd,
WOR,Whittington,St Philip and St James,384,2 Jul 1861,Mary L,,,,,BIDFORD,52,B???gham Worcester,
WOR,Whittington,St Philip and St James,385,18 Aug 1861,Ann,,,,,CORBETT,47,Whittington,
WOR,Whittington,St Philip and St James,386,17 Nov 1861,Ann,,,,,GRIFFITHS,50,Whittington,
WOR,Whittington,St Philip and St James,387,1 May 1862,Arthur,,,,,OSBORNE,2w,Swinesherd,
WOR,Whittington,St Philip and St James,388,25 Jun 1862,Elizabeth,,,,,BRINTON,81,Whittington,
WOR,Whittington,St Philip and St James,389,20 Jul 1862,James J,,,,,HAMMOND,5m,Whittington,
WOR,Whittington,St Philip and St James,390,3 Dec 1862,Samuel,,,,,HOLLAWAY,55,Whittington,
WOR,Whittington,St Philip and St James,391,4 Dec 1862,John,,,,,ALLEN,36,Swinesherd,
WOR,Whittington,St Philip and St James,392,2 Jan 1863,John,,,,,SMITH,62,Whittington,
WOR,Whittington,St Philip and St James,393,22 Feb 1863,Susannah,,,,,HOLEN?,74,Swinesherd,
WOR,Whittington,St Philip and St James,394,15 Mar 1863,George,,,,,HARTLAND,74,Swinesherd,
WOR,Whittington,St Philip and St James,395,22 Mar 1863,Ann,,,,,OLDHAM,4half,Swinesherd,
WOR,Whittington,St Philip and St James,396,28 Jun 1863,Ann M,,,,,OLDAM,4yr 3m,Swinesherd,
WOR,Whittington,St Philip and St James,397,2 Jul 1863,Eliza,,,,,OLDHAM,13m,Swinesherd,
WOR,Whittington,St Philip and St James,398,6 Jul 1863,Henry,,,,,BIRT,72,Whittington,
WOR,Whittington,St Philip and St James,399,7 Jul 1863,Robert S,,,,,PAGE,34,Swinesherd,
WOR,Whittington,St Philip and St James,400,6 Jul 1863,George,,,,,BIRT,28,Whittington,
WOR,Whittington,St Philip and St James,401,15 Sep 1863,John,,,,,WALKER,69,Whittington,
WOR,Whittington,St Philip and St James,402,23 Oct 1863,Edward,,,,,SMITH,66,Whittington,
WOR,Whittington,St Philip and St James,403,26 Oct 1863,Anne M,,,,,PERKINS,14,College Yard Worcester,
WOR,Whittington,St Philip and St James,404,27 Dec 1863,James,,,,,JAY?,5m,Whittington,
WOR,Whittington,St Philip and St James,405,27 Feb 1864,Henry,,,,,CORBETT,9,Pershore Worcester,
WOR,Whittington,St Philip and St James,406,8 Mar 1864,John,,,,,WHITE,80,Whittington,
WOR,Whittington,St Philip and St James,407,18 May 1864,James W,,,,,WALTERS,4,Swinesherd,
WOR,Whittington,St Philip and St James,408,27 May 1864,Willy,,,,,OLDAM,5w,Swinesherd,
WOR,Whittington,St Philip and St James,409,6 Jul 1864,John,,,,,SHERWOOD,45,Whittington,
WOR,Whittington,St Philip and St James,410,10 Aug 1864,Randall,,,,,FLEET,65,Whittington,
WOR,Whittington,St Philip and St James,41112,Aug 1864,William,,,,,OTLEY,73,London Rd,
WOR,Whittington,St Philip and St James,412,9 Dec 1864,Edwin,,,,,ALLEN,10d,Swinesherd,
WOR,Whittington,St Philip and St James,413,25 Mar 1865,Emma,,,,,ALLEN,36,from Pershore union,
WOR,Whittington,St Philip and St James,414,14 Apr 1865,Eliza,,,,,FOWLER,33,Swinesherd,
WOR,Whittington,St Philip and St James,415,19 Jul 1865,Frederick,,,,,FOWLER,3m,Swinesherd,
WOR,Whittington,St Philip and St James,416,11 Jan 1866,Anne,,,,,BUFFOU,58,Whittington,
WOR,Whittington,St Philip and St James,417,22 Feb 1866,John,,,,,ADAMS,66,Red Hill St Peters Worcester,
WOR,Whittington,St Philip and St James,418,16 Apr 1866,Ann,,,,,DANIEL,17,Swinesherd,
WOR,Whittington,St Philip and St James,419,13 Jun 1866,John,,,,,OLDHAM,5m,Swinesherd,
WOR,Whittington,St Philip and St James,420,29 Aug 1866,Elizabeth,,,,,WALKER,69,Se??? Worcester,
WOR,Whittington,St Philip and St James,421,30 Oct 1866,Hannah,,,,,WHITE,81,Whittington,
WOR,Whittington,St Philip and St James,422,29 Nov 1866,William,,,,,POLLARD,21,Red Hill St Peters Worcester,
WOR,Whittington,St Philip and St James,423,4 Dec 1866,Elizabeth,,,,,LINTON,45,Swinesherd,
WOR,Whittington,St Philip and St James,424,26 Feb 1867,William G,,,,,BROWN,5w,Red Hill St Peters Worcester,
WOR,Whittington,St Philip and St James,425,7 Aug 1867,Catherine,,,,,HILLMORE,40,Swinesherd,
WOR,Whittington,St Philip and St James,426,21 Aug 1867,Charles,,,,,RODMAN,55,Red Hill St Peters Worcester,
WOR,Whittington,St Philip and St James,427,21 Aug 1867,Caroline,,,,,KIMBER,18,Whittington,
WOR,Whittington,St Philip and St James,428,13 Oct 1867,Thomas,,,,,JAY,10w,Whittington,
WOR,Whittington,St Philip and St James,429,3 Dec 1867,Joseph,,,,,GRIFFITHS,60,Whittington,
WOR,Whittington,St Philip and St James,430,25 Mar 1868,Charlotte,,,,,DANIELS,44,Swinesherd,
WOR,Whittington,St Philip and St James,431,23 Jul 1868,Maria,,,,,SHEPPARD,75,Knightwick Rectory,
WOR,Whittington,St Philip and St James,432,2 Aug 1868,Sarah,,,,,SHARP,72,Whittington,
WOR,Whittington,St Philip and St James,433,31 Aug 1868,Alfred,,,,,MEADOWS,6w,Whittington,
WOR,Whittington,St Philip and St James,434,22 Sep 1868,Hannah,,,,,FARLEY,73,Whittington,
WOR,Whittington,St Philip and St James,435,30 Oct 1868,Phoebe,,,,,HYDE,70,Red Hill St Peters Worcester,
WOR,Whittington,St Philip and St James,436,2 Feb 1869,Charles,,,,,ROSS,74,Whittington,
WOR,Whittington,St Philip and St James,437,9 Mar 1869,John,,,,,MARSHALL,82,Whittington,
WOR,Whittington,St Philip and St James,438,2 Jun 1869,Elizabeth,,,,,COLLINS,9,Red Hill St Peters Worcester,
WOR,Whittington,St Philip and St James,439,1 Jul 1869,Elizabeth,,,,,COMPTON,78,Whittington,
WOR,Whittington,St Philip and St James,440,6 Aug 1869,William,,,,,HAYNES,4w,Swinesherd,
WOR,Whittington,St Philip and St James,441,2 Sep 1869,Edwin,,,,,POLLARD,22,Red Hill St Peters Worcester,
WOR,Whittington,St Philip and St James,442,4 Mar 1870,Sarah,,,,,HORNIBLOW?,69,Whittington,
WOR,Whittington,St Philip and St James,443,21 Sep 1870,Henry,,,,,BIRT,39,Whittington,
WOR,Whittington,St Philip and St James,444,26 Sep 1870,Anne P,,,,,GREEN,35,London Rd,
WOR,Whittington,St Philip and St James,445,2 Nov 1870,George,,,,,CLUTTERBUCK,10,Red Hill St Peters Worcester,
WOR,Whittington,St Philip and St James,446,13 Nov 1870,John,,,,,INSULL,44,Whittington,
WOR,Whittington,St Philip and St James,447,17 Nov 1870,William,,,,,WOOD,79,Swinesherd,
WOR,Whittington,St Philip and St James,448,18 Nov 1870,John,,,,,BOWCUT,77,Whittington,
WOR,Whittington,St Philip and St James,449,21 Nov 1870,John H,,,,,CLIFTON,71,Whittington,
WOR,Whittington,St Philip and St James,450,17 Dec 1870,Charles,,,,,CLUTTERBUCK,2,Whittington,
WOR,Whittington,St Philip and St James,451,11 May 1871,Emma,,,,,STANLEY,5,Red Hill St Peters Worcester,
WOR,Whittington,St Philip and St James,452,24 Jul 1871,Susan A,,,,,WILKINS,10,New Inn,
WOR,Whittington,St Philip and St James,453,20 Aug 1871,Elizabeth,,,,,SMITH,78,Red Hill St Peters Worcester,
WOR,Whittington,St Philip and St James,454,22 Aug 1871,Sarah,,,,,DAVIS,60,Red Hill St Peters Worcester,
WOR,Whittington,St Philip and St James,455,20 Sep 1871,Edward,,,,,BRACE,69,Heron Villa,
WOR,Whittington,St Philip and St James,456,30 Oct 1871,Elizabeth,,,,,STINTON,66,Red Hill St Peters Worcester,
WOR,Whittington,St Philip and St James,457,29 Nov 1871,Elizabeth,,,,,GUISE,74,Whittington,
WOR,Whittington,St Philip and St James,458,24 Dec 1871,James,,,,,GROVES,69,Friars St Worcester,
WOR,Whittington,St Philip and St James,459,7 Jan 1872,James,,,,,CHAMBELAIN,57,Whittington,
WOR,Whittington,St Philip and St James,460,19 Mar 1872,Elizabeth,,,,,DAVIS,76,London Rd,
WOR,Whittington,St Philip and St James,461,23 Oct 1872,Ann,,,,,HUNT,22,Red Hill St Peters Worcester,
WOR,Whittington,St Philip and St James,462,1 Nov 1872,Sarah,,,,,PULLEY,91,Swinesherd,
WOR,Whittington,St Philip and St James,463,10 Nov 1872,Samuel K,,,,,HODGKINS,10w,Claines,
WOR,Whittington,St Philip and St James,464,17 Nov 1872,Harriet,,,,,LANGLEY,45,Whittington,
WOR,Whittington,St Philip and St James,465,6 Dec 1872,William,,,,,WARD,65,Swinesherd,
WOR,Whittington,St Philip and St James,466,12 Feb 1873,Joseph,,,,,RYLAND,67,Swinesherd,
WOR,Whittington,St Philip and St James,467,9 Mar 1873,William,,,,,BELLARD,59,Whittington,
WOR,Whittington,St Philip and St James,468,16 Apr 1873,Abraham E,,,,,PERKINS,65,College Yard Worcester,
WOR,Whittington,St Philip and St James,469,15 Jun 1873,John,,,,,WOOD,3d,Batenhall St Peters,
WOR,Whittington,St Philip and St James,470,11 Jul 1873,John,,,,,GROVER,70,Lach Hill,
WOR,Whittington,St Philip and St James,471,2 Feb 1874,James H,,,,,COLB?TH,67,London rd,
WOR,Whittington,St Philip and St James,472,9 Feb 1874,James,,,,,SHARP,73,Whittington,
WOR,Whittington,St Philip and St James,473,7 Mar 1874,Francis,,,,,HAYNES,70,Swinesherd,
WOR,Whittington,St Philip and St James,474,12 Apr 1874,Francis W,,,,,TURNEY,5,Whittington,
WOR,Whittington,St Philip and St James,475,30 Apr 1874,Elizabeth,,,,,ROP,82,Whittington,
WOR,Whittington,St Philip and St James,476,30 Apr 1874,James,,,,,CWINUCK?,47,Whittington,
WOR,Whittington,St Philip and St James,477,25 Jun 1874,James,,,,,WEBB,55,Whittington,
WOR,Whittington,St Philip and St James,478,2 Aug 1874,Sarah,,,,,CLARK,81,Swinesherd,
WOR,Whittington,St Philip and St James,479,4 Aug 1874,Hyla,,,,,HOLDEN,58,Red Hill St Peters Worceters,
WOR,Whittington,St Philip and St James,480,16 Aug 1874,William G,,,,,GIBBS,3m14d,Whittington,
WOR,Whittington,St Philip and St James,481,9 Oct 1874,John H,,,,,BIRD,28,Mosley Hallow,
WOR,Whittington,St Philip and St James,482,1 Nov 1874,John,,,,,FLEET,73,Swinesherd,
WOR,Whittington,St Philip and St James,483,26 Jan 1875,William,,,,,MC KEAN,71,Swinesherd,
WOR,Whittington,St Philip and St James,484,11 Apr 1875,Susan,,,,,CLARKE,7,New Town Worcester,
WOR,Whittington,St Philip and St James,485,6 Aug 1875,Susan,,,,,CLARKE,40,Swinesherd,
WOR,Whittington,St Philip and St James,486,8 Sep 1875,William,,,,,HIGGS,67,Lark Hill,
WOR,Whittington,St Philip and St James,487,26 Nov 1875,Mary Anne,,,,,MARSHALL,64,Swinesherd,
WOR,Whittington,St Philip and St James,488,26 Dec 1875,Annie L,,,,,DANIELS,1,Red Hill St Peters Worcester,
WOR,Whittington,St Philip and St James,489,2 Mar 1876,Catherine,,,,,BUNN,85,Honeybourne,
WOR,Whittington,St Philip and St James,490,9 Mar 1876,Elizabeth,,,,,HEARTLAND,92,Swinesherd,
WOR,Whittington,St Philip and St James,491,17 Apr 1876,Maria,,,,,CHAMBERLAIN,56,Whittington,
WOR,Whittington,St Philip and St James,492,2 May 1876,Maria,,,,,SMITH,85,Whittington,
WOR,Whittington,St Philip and St James,493,6 May 1876,Letitia,,,,,COLLETT,71,London Rd,
WOR,Whittington,St Philip and St James,494,1 Nov 1876,Enoch M,,,,,SMITH,17,Swinesherd,
WOR,Whittington,St Philip and St James,495,7 Nov 1876,Ralph,,,,,LOADER,5,Swinesherd,
WOR,Whittington,St Philip and St James,496,3 Apr 1877,Elizabeth,,,,,HIGGS,73,Lark Hill,
WOR,Whittington,St Philip and St James,497,9 Apr 1877,John P,,,,,COTTERILL,68,Whittington,
WOR,Whittington,St Philip and St James,498,26 Apr 1877,James,,,,,MEADOWS,64,Swinshead,
WOR,Whittington,St Philip and St James,499,6 Sep 1877,Ann,,,,,HOLLAWAY,94,Whittington,
WOR,Whittington,St Philip and St James,500,28 Sep 1877,Sarah,,,,,MC KEAN,65,The ? Worcester,
WOR,Whittington,St Philip and St James,501,28 Nov 1877,Eliza,,,,,STINTON,64,Red Hill St Peters Worcester,
WOR,Whittington,St Philip and St James,502,29 Nov 1877,Winifred E,,,,,ALDINGTON,7m,Swinesherd,
WOR,Whittington,St Philip and St James,503,2 Jun 1878,Thomas,,,,,PHILIPS,38,Whittington,
WOR,Whittington,St Philip and St James,504,2 Jun 1878,William,,,,,WOOD,16,Whittington,
WOR,Whittington,St Philip and St James,505,11 Jan 1879,Edith E,,,,,WITHERS,25,Handsworth Birmingham,
WOR,Whittington,St Philip and St James,506,29 Jan 1879,Hannah,,,,,SANDERS,72,Swinesherd,
WOR,Whittington,St Philip and St James,507,21 Feb 1879,Helen M,,,,,BUICKNELL,70,Bath Rd St Peters,
WOR,Whittington,St Philip and St James,508,2 Mar 1879,Robert J,,,,,BUDGE,10m,Whittington,
WOR,Whittington,St Philip and St James,509,24 Mar 1879,Susan,,,,,MC KEAN,30,Powick Asylum,
WOR,Whittington,St Philip and St James,510,22 Apr 1879,William F,,,,,PACKWOOD,14d,Spetchley Rd Whittington,
WOR,Whittington,St Philip and St James,511,9 May 1879,Henry,,,,,CHAPLIN,68,Whittington,
WOR,Whittington,St Philip and St James,512,21 Jun 1879,Sarah A,,,,,BEST,66,Swinesherd,
WOR,Whittington,St Philip and St James,513,8 Jul 1879,Esther,,,,,CHAPLIN,65,Whittington,
WOR,Whittington,St Philip and St James,514,10 Jul 1879,Mary Anne,,,,,CHANCE,68,Whittington,
WOR,Whittington,St Philip and St James,515,20 Jul 1879,Evyln,,,,,BELLARS,4w,Swinesherd,
WOR,Whittington,St Philip and St James,516,7 Nov 1879,Robert,,,,,WOODWARD,52,Swinesherd,
WOR,Whittington,St Philip and St James,517,25 Nov 1879,George,,,,,HOLLAWAY,29,Whittington,
WOR,Whittington,St Philip and St James,518,8 Apr 1880,Charles R,,,,,WILKINS,15m,Whittington,
WOR,Whittington,St Philip and St James,519,13 May 1880,Ellen,,,,,BIRT,43,Whittington,
WOR,Whittington,St Philip and St James,520,1 Sep 1880,Alice,,,,,BATEMAN,73,Whittington,
WOR,Whittington,St Philip and St James,521,29 Oct 1880,James,,,,,WATERS,80,Whittington,
WOR,Whittington,St Philip and St James,522,2 Dec 1880,Ann,,,,,ALDINGTON,19,Spetchley,
WOR,Whittington,St Philip and St James,523,4 Apr 1881,Mary,,,,,RODMAN,68,Red Hill St Peters Worcester,
WOR,Whittington,St Philip and St James,524,20 May 1881,Priscilla,,,,,PAGE,65,Wylds Lane,
WOR,Whittington,St Philip and St James,525,8 Jun 1881,John H,,,,,RAYSER,5m,Swinesherd,
WOR,Whittington,St Philip and St James,526,29 Jun 1881,Helen,,,,,BOSN,1m,Whittington,
WOR,Whittington,St Philip and St James,527,2 Sep 1881,Barbara B,,,,,TELFER,7w,Whittington,
WOR,Whittington,St Philip and St James,528,22 Nov 1881,Sarah,,,,,MEADOWS,35,Swinesherd,
WOR,Whittington,St Philip and St James,529,19 Jan 1882,Sarah,,,,,WEBB,58,Whittington,
WOR,Whittington,St Philip and St James,530,25 Jun 1882,Sarah,,,,,OTLEY,87,London Rd,
WOR,Whittington,St Philip and St James,532,9 Jul 1882,Mary J,,,,,LEVINTON?,4,Swinesherd,
WOR,Whittington,St Philip and St James,532,26 Sep 1882,Male child,,,,,BOWLEY,11h,Whittington,son of Edward Bowley
WOR,Whittington,St Philip and St James,533,2 Oct 1882,Samuel,,,,,GAUI?CON,75,Whittington,
WOR,Whittington,St Philip and St James,534,18 Oct 1882,Elizabeth,,,,,BONEUT,91,Whittington,
WOR,Whittington,St Philip and St James,535,14 Dec 1882,Thomas,,,,,BUFTON,72,Whittington,
WOR,Whittington,St Philip and St James,536,14 Feb 1883,Female,,,,,,2d,Swinesherd,fifth child daughter of Frederick Luchai
WOR,Whittington,St Philip and St James,537,2 May 1883,Thomas,,,,,HUNT,64,Red Hill St Peters Worcester,
WOR,Whittington,St Philip and St James,538,4 Jul 1883,Elizabeth,,,,,SANDERS,87,Whittington,
WOR,Whittington,St Philip and St James,539,18 Jul 1883,Thomas,,,,,HUNT,33,Red Hill St Peters Worcester,
WOR,Whittington,St Philip and St James,540,27 Aug 1883,Male,,,,,BOWLEY,37h,Whittington,son of Edward Bowley
WOR,Whittington,St Philip and St James,541,21 Sep 1883,William,,,,,ROBBINS,87,Swinesherd,
WOR,Whittington,St Philip and St James,542,23 Mar 1884,Sarah,,,,,PACKWOOD,63,Whittington,
WOR,Whittington,St Philip and St James,543,12 Aug 1884,Ernest E,,,,,PERKINS,8,Whittington,
WOR,Whittington,St Philip and St James,544,7 Sep 1884,Emma,,,,,SMITH,11m,Swinesherd,
WOR,Whittington,St Philip and St James,545,23 Sep 1884,John,,,,,SPENCER,71,Whittington,
WOR,Whittington,St Philip and St James,546,10 Nov 1884,Ann R,,,,,KELLY,46,Whittington,
WOR,Whittington,St Philip and St James,547,15 Jan 1885,Maria,,,,,WATERS,80,St Johns,
WOR,Whittington,St Philip and St James,548,10 Jun 1885,Walter,,,,,CURUMEN?,40,Whittington,
WOR,Whittington,St Philip and St James,549,15 Oct 1885,Christopher L,,,,,WILLIAMS,16m,Whittington,
WOR,Whittington,St Philip and St James,550,24 Dec 1885,William J,,,,,PRESTON,13m,Swinesherd,
WOR,Whittington,St Philip and St James,551,10 Feb 1886,Alfred,,,,,WILLIAMS,5m,Worcester,
WOR,Whittington,St Philip and St James,552,23 Feb 1886,Alice E,,,,,YOUNG,2m,Whittington,
WOR,Whittington,St Philip and St James,553,14 Mar 1886,William W,,,,,HANCHER,7,Whittington,
WOR,Whittington,St Philip and St James,554,20 Jul 1886,John,,,,,PULLEY,84,Whittington,
WOR,Whittington,St Philip and St James,555,4 Aug 1886,William,,,,,DAVIS,76,Whittington,
WOR,Whittington,St Philip and St James,556,22 Nov 1886,Mary,,,,,FLEET,88,The Lake,
WOR,Whittington,St Philip and St James,557,2 Feb 1887,Isaac,,,,,DAY,84,Whittington,
WOR,Whittington,St Philip and St James,558,16 Feb 1887,John,,,,,JONES,80,Whittington,
WOR,Whittington,St Philip and St James,559,23 Feb 1887,Fanny,,,,,SMITH,74,Whittington,Ash Wednesday
WOR,Whittington,St Philip and St James,560,9 Mar 1887,George,,,,,EWINS,70,Whittington,
WOR,Whittington,St Philip and St James,561,12 May 1888,Job,,,,,STANLEY,63,Swinesherd Rd,Register error 1887
WOR,Whittington,St Philip and St James,562,21 Oct 1888,Ann,,,,,CLARKE,71,Swinesherd,Register error 1887
WOR,Whittington,St Philip and St James,563,25 Jan 1888,Fanny,,,,,CLIFTON,73,Weston Super Mare,
WOR,Whittington,St Philip and St James,564,31 Mar 1888,Edmund,,,,,TAYLOR,62,Powick,
WOR,Whittington,St Philip and St James,565,23 Jun 1888,Hannah,,,,,WATSON,55,Red Hill St Peters Worcester,
WOR,Whittington,St Philip and St James,566,9 Jul 1888,Arthur E,,,,,WALLIS,7,Uffnells Farm Whittington,
WOR,Whittington,St Philip and St James,567,14 Jul 1888,William A,,,,,CHAMBERLAIN,78,Bath Rd Worcester,
WOR,Whittington,St Philip and St James,568,31 Dec 1888,James,,,,,MEADOWS,46,Whittington,
WOR,Whittington,St Philip and St James,569,26 Apr 1889,George,,,,,GROVES,51,Whittington,
WOR,Whittington,St Philip and St James,570,15 Apr 1889,Albert,,,,,LEDBURY,3m,Whittington,
WOR,Whittington,St Philip and St James,571,11 May 1889,Robert J,,,,,MC EWAN,76,Bath Rd,
WOR,Whittington,St Philip and St James,572,8 Jun 1889,John,,,,,STONE,87,3 High St Worcester,
WOR,Whittington,St Philip and St James,573,27 Jun 1890,Lucy,,,,,SMITH,82,Uffnells Farm Whittington,
WOR,Whittington,St Philip and St James,574,14 Aug 1890,Eliza,,,,,PULLEY,81,Whittington,
WOR,Whittington,St Philip and St James,575,11 Sep 1890,Kate,,,,,BRACE,94,Worcester,
WOR,Whittington,St Philip and St James,576,22 Dec 1890,Ann,,,,,HOLLAWAY,76,Whittington,
WOR,Whittington,St Philip and St James,577,27 Dec 1890,Elizabeth,,,,,DAVIS,68,Whittington,
WOR,Whittington,St Philip and St James,578,12 Feb 1891,Edwin,,,,,WATSON,71,Red Hill St Peters Worcester,
WOR,Whittington,St Philip and St James,579,31 Mar 1891,Ann,,,,,HUNT,75,Nunnery Farm,
WOR,Whittington,St Philip and St James,580,20 Apr 1891,William,,,,,SANDERS,86,Whittington,
WOR,Whittington,St Philip and St James,581,12 Jun 1891,Henry P S,,,,,YOUNG,14m,Whittington,
WOR,Whittington,St Philip and St James,582,2 Jul 1891,Eliza,,,,,GIBBS,9m,Battenhall,
WOR,Whittington,St Philip and St James,583,7 Aug 1891,Mary,,,,,WARD,85,Swinesherd,
WOR,Whittington,St Philip and St James,584,15 Aug 1891,James,,,,,SANDERS,83,Swinesherd,
WOR,Whittington,St Philip and St James,585,24 Aug 1891,James W,,,,,GROVES,56,Whittington,
WOR,Whittington,St Philip and St James,586,28 Nov 1891,GeorgeT,,,,,PHILPOT,6m,London Rd,
WOR,Whittington,St Philip and St James,587,9 Jan 1892,Thomas,,,,,LINTON,78,Whittington,
WOR,Whittington,St Philip and St James,588,21 Jan 1892,Mary Anne P,,,,,HUNT,67,Red Hill St Peters Worcester,
WOR,Whittington,St Philip and St James,589,29 Jan 1892,Emma J,,,,,SMITH,60,Red Hill St Peters Worcester,
WOR,Whittington,St Philip and St James,590,4 Feb 1892,William,,,,,GEORGE,75,Red Hill St Peters Worcester,
WOR,Whittington,St Philip and St James,591,6 Feb 1892,Susan E,,,,,ALLIES,78,The Hill Bath Rd,
WOR,Whittington,St Philip and St James,592,26 Aug 1892,Ann,,,,,LOXLEY,86,College St Worcs,
WOR,Whittington,St Philip and St James,593,6 Sep 1892,John,,,,,EDWARDS,1m,Swinesherd,
WOR,Whittington,St Philip and St James,594,24 Sep 1892,John L,,,,,SHAW,14,Red Hill St Peters Worcester,
WOR,Whittington,St Philip and St James,595,25 Oct 1892,Mary,,,,,WATERS,60,Red Hill St Peters Worcester,
WOR,Whittington,St Philip and St James,596,16 Jan 1893,George H,,,,,PITT,2yrs 6m,Red Hill St Peters Worcester,
WOR,Whittington,St Philip and St James,597,9 Feb 1893,Mary,,,,,WATERS,25,Red Hill St Peters Worcester,
WOR,Whittington,St Philip and St James,598,5 Mar 1893,Francis,,,,,BIRT,50,Whittington,
WOR,Whittington,St Philip and St James,599,13 Mar 1893,Annie,,,,,GAMMOU,33,Swinesherd,
WOR,Whittington,St Philip and St James,600,14 Apr 1893,Henry J W,,,,,MALDEN,74,Edgbaston,
WOR,Whittington,St Philip and St James,601,21 Jun 1893,John,,,,,STARLING,67,Whittington,Staying at
WOR,Whittington,St Philip and St James,602,9 Sep 1893,Ethel M,,,,,LEABURY,9d,Whittington,
WOR,Whittington,St Philip and St James,603,22 Sep 1893,Victor G,,,,,BEVAN,5w,Whittington,
WOR,Whittington,St Philip and St James,604,23 Sep 1893,Charlotte E,,,,,WHITTAKER,31,Red Hill St Peters Worcester,
WOR,Whittington,St Philip and St James,605,24 Nov 1893,Emma,,,,,MEADOWS,55,Swinesherd,
WOR,Whittington,St Philip and St James,606,28 Dec 1893,Elizabeth,,,,,SURMAN,91,Red Hill St Peters Worcester,
WOR,Whittington,St Philip and St James,607,27 Jan 1894,Mary Anne,,,,,CLARKE,56,Swinesherd,
WOR,Whittington,St Philip and St James,608,7 Feb 1894,William J,,,,,WOODWARD,14,Swinesherd,Ash Wednesday
WOR,Whittington,St Philip and St James,609,10 Feb 1894,Lilly A,,,,,PALMER,10w,Seabright Av,
WOR,Whittington,St Philip and St James,610,24 Feb 1894,Maria,,,,,PULLEY,75,Swinesherd,
WOR,Whittington,St Philip and St James,611,10 Mar 1894,James G,,,,,GILMONT,43,Whittington Lodge,
WOR,Whittington,St Philip and St James,612,23 Jun 1894,James,,,,,RILEY,77,London Rd,
WOR,Whittington,St Philip and St James,613,16 Aug 1894,Henry R G,,,,,GILMONT,10,Whittington Lodge,
WOR,Whittington,St Philip and St James,614,20 Oct 1894,Edwin,,,,,WHITTAKER,67,Red Hill St Peters Worcester,
WOR,Whittington,St Philip and St James,615,22 Dec 1894,Ernest,,,,,GIFFS,4m,Whittington,
WOR,Whittington,St Philip and St James,616,14 Jan 1895,Elizabeth,,,,,HORNBY,58,Whittington Lodge,
WOR,Whittington,St Philip and St James,617,4 Feb 1895,William,,,,,HUNT,82,Swinesherd,
WOR,Whittington,St Philip and St James,618,20 Feb 1895,Mary,,,,,MC EWAN,77,Barnes Hall,
WOR,Whittington,St Philip and St James,619,25 Feb 1895,Willaim,,,,,MAHAM,71,Swinesherd,
WOR,Whittington,St Philip and St James,620,19 Mar 1895,George H,,,,,HIGGINS,26,23 Sidbury,
WOR,Whittington,St Philip and St James,621,18 Apr 1895,Alice M,,,,,BOWEN,3m,Whittington,
WOR,Whittington,St Philip and St James,622,25 Sep 1895,Margaret E,,,,,ARMSTRONG,7d,Whittington,
WOR,Whittington,St Philip and St James,623,18 Nov 1895,Emily,,,,,LEDBURY,15,Whittington,
WOR,Whittington,St Philip and St James,624,12 Feb 1896,John,,,,,COTTON,68,Whittington,
WOR,Whittington,St Philip and St James,625,14 May 1896,May,,,,,BUFTON,88,Whittington,
WOR,Whittington,St Philip and St James,626,15 Jun 1896,Emma J,,,,,RANDALL,43,Greenhill Worcester,
WOR,Whittington,St Philip and St James,627,12 Aug 1896,Henry,,,,,THOOMFIELD,22,Whittington,
WOR,Whittington,St Philip and St James,628,Dec 1896,Robert J,,,,,WALLIS,12,Uffnells Farm Whittington,
WOR,Whittington,St Philip and St James,629,Mar 1897,Elizabeth R,,,,,ATLEY,77,Werton Lodge London Rd,
WOR,Whittington,St Philip and St James,630,5 Apr 1897,Elizabeth,,,,,MASON,94,28 Knight St Worcester,
WOR,Whittington,St Philip and St James,631,9 Apr 1897,James W,,,,,HOUSTON,8m,Swinesherd,
WOR,Whittington,St Philip and St James,632,12 May 1897,William,,,,,BROOMFIELD,58,Whittington,
WOR,Whittington,St Philip and St James,633,24 May 1897,Doris,,,,,PHILIPS,11m,Church Tr Whittington,
WOR,Whittington,St Philip and St James,634,27 May 1897,Hannah,,,,,WOODWARD,69,Swinesherd,
WOR,Whittington,St Philip and St James,635,11 Sep 1897,Ernest A,,,,,PINSER,19m,Swinesherd,
WOR,Whittington,St Philip and St James,636,18 Sep 1897,Eva M,,,,,HOLLAWAY,6,Hanley,
WOR,Whittington,St Philip and St James,637,5 Oct 1897,Samuel,,,,,DANIELS,88,Pershore Union Workhouse,
WOR,Whittington,St Philip and St James,638,6 Oct 1897,Sarah A,,,,,HODGKINS,20,Nunnery Cott,
WOR,Whittington,St Philip and St James,639,13 Oct 1897,James,,,,,CHANCE,63,Swinesherd,
WOR,Whittington,St Philip and St James,640,17 Dec 1897,Emma,,,,,GEORGE,75,Red Hill St Peters Worcester,
WOR,Whittington,St Philip and St James,641,4 Feb 1898,Mary,,,,,STANLEY,66,Red Hill St Peters Worcester,
WOR,Whittington,St Philip and St James,642,10 Feb 1898,Ann,,,,,BECK,82,Whittington,
WOR,Whittington,St Philip and St James,643,19 May 1898,Joseph,,,,,CLARKE,67,Swinesherd,
WOR,Whittington,St Philip and St James,644,4 Jun 1898,Frederick,,,,,GARR,64,Swinesherd,
WOR,Whittington,St Philip and St James,645,15 Jul 1898,Edith M,,,,,PITCHER,2yrs 6m,Nunnery Farm,
WOR,Whittington,St Philip and St James,646,11 Aug 1898,Alexander,,,,,HIGGINS,66,Sidbury Worcester,
WOR,Whittington,St Philip and St James,647,16 Oct 1898,Charles,,,,,HOLLAWAY,48,Red Hill St Peters Worcester,
WOR,Whittington,St Philip and St James,648,20 Oct 1898,Hilda E,,,,,BOWEN,7m,Church Tr Whittington,
WOR,Whittington,St Philip and St James,649,4 Nov 1898,Edward,,,,,STINTON,67,Whittington,
WOR,Whittington,St Philip and St James,650,5 Apr 1899,Thomas,,,,,LANGLEY,42,Whittington,
WOR,Whittington,St Philip and St James,651,11 Apr 1899,Alice,,,,,HOLLAWAY,38,Swinesherd,
WOR,Whittington,St Philip and St James,65216,May 1899,Walter,,,,,WOOKEY,5m,Tombs Frm Batenhall,
WOR,Whittington,St Philip and St James,653,19 May 1899,William,,,,,SHUTTER,62,Merton Batenhall Rd,
WOR,Whittington,St Philip and St James,654,27 May 1899,William,,,,,HILL,3,Lake Cott Swinsherd,
WOR,Whittington,St Philip and St James,655,5 Jun 1899,Thomas,,,,,HOLLAWAY,82,School Wlk Whitt,
WOR,Whittington,St Philip and St James,656,12 Aug 1899,Sarah A,,,,,SHUTTER,64,Merton Batenhall Rd,
WOR,Whittington,St Philip and St James,657,23 Dec 1899,Sarah,,,,,WALSH,74,Lark Hill,
WOR,Whittington,St Philip and St James,658,12 Mar 1900,Matilda,,,,,GAMMON,83,Whittington,
WOR,Whittington,St Philip and St James,659,27 Mar 1900,William,,,,,HOLLAWAY,51,Whittington,
WOR,Whittington,St Philip and St James,660,21 Sep 1900,Mary A,,,,,LINTON,38,Swinesherd,
WOR,Whittington,St Philip and St James,661,13 Oct 1900,John W,,,,,STONE,61,6 Bath Rd,
WOR,Whittington,St Philip and St James,662,22 Nov 1901,Betram G,,,,,MARTIN,18,Claich Villa Red Hill Whtt,
WOR,Whittington,St Philip and St James,663,3 Dec 1901,Alice,,,,,YOUNG,50,Swinesherd,
WOR,Whittington,St Philip and St James,664,6 Dec 1901,Elizabeth,,,,,MEADOWS,83,Swinesherd,
WOR,Whittington,St Philip and St James,665,20 Dec 1901,Charles,,,,,PRICE,73,Spetchley Rd Whittington,
WOR,Whittington,St Philip and St James,666,20 Jan 1902,Ann,,,,,BROOMFIELD,59,Bank Hse Hartlebury,
WOR,Whittington,St Philip and St James,667,4 Mar 1902,Sarah,,,,,ATLAY,78,Western Ldg London rd,
WOR,Whittington,St Philip and St James,668,14 Mar 1902,Eliza,,,,,HOLLAWAY,78,Whittington,
WOR,Whittington,St Philip and St James,669,4 Aug 1902,George T,,,,,DEAKIN,46,Worcs General Inmfry,
WOR,Whittington,St Philip and St James,670,29 Aug 1902,George,,,,,LINTON,22,Swinesherd,
WOR,Whittington,St Philip and St James,671,21 Jan 1903,Henry,,,,,SMITH,69,Wylds Lane,
WOR,Whittington,St Philip and St James,672,22 Jan 1903,William,,,,,HILLERY,67,Chaperby Frm,
WOR,Whittington,St Philip and St James,673,4 Apr 1903,James,,,,,WOOD,54,Red Hill Top,
WOR,Whittington,St Philip and St James,674,13 Apr 1903,Elizabeth,,,,,BIRT,82,Whittington,
WOR,Whittington,St Philip and St James,675,30 Apr 1903,Jane,,,,,LINTON,80,Swinesherd,
WOR,Whittington,St Philip and St James,676,16 Nov 1903,Jane,,,,,CLUTTERBUCK,80,Whittington,
WOR,Whittington,St Philip and St James,677,28 Nov 1903,William,,,,,RYMER,2m,Swinesherd Hill Whtt,
WOR,Whittington,St Philip and St James,678,27 Jan 1904,Jessie A,,,,,SMITH,30,Joy Ctt Whittington,
WOR,Whittington,St Philip and St James,679,10 Feb 1904,Hannah,,,,,AVERILL,76,Shrub Villa Whtt,
WOR,Whittington,St Philip and St James,680,5 Apr 1904,Frank,,,,,CORE,21m,Church Walk Whtt,
WOR,Whittington,St Philip and St James,681,4 May 1904,Alfred,,,,,MARTIN,49,Red Hill Top,
WOR,Whittington,St Philip and St James,682,7 May 1904,Albert,,,,,COLDICOTT,12,Whittington,
WOR,Whittington,St Philip and St James,683,11 Aug 1904,Harriet,,,,,WOODWARD,55,Swinesherd,
WOR,Whittington,St Philip and St James,684,1 Sep 1904,Caroline,,,,,HOLLAWAY,89,Whittington,
WOR,Whittington,St Philip and St James,685,20 Sep 1904,Horace G,,,,,EDDOLLS,2m,Whittington,
WOR,Whittington,St Philip and St James,686,2 Nov 1904,Mary A,,,,,COOMBE,69,Hill Ave,
WOR,Whittington,St Philip and St James,687,12 Dec 1904,Maria,,,,,HIGGINS,69,Hill Ave,
WOR,Whittington,St Philip and St James,688,8 Feb 1905,Elizabeth,,,,,OLDHAM,70,Swinesherd Lake,
WOR,Whittington,St Philip and St James,689,5 May 1905,Harriet,,,,,ROBERTS,55,Mill St Worcester,
WOR,Whittington,St Philip and St James,690,22 Jul 1905,Caroline L,,,,,KERR,79,Fern Bank Battenhall,
WOR,Whittington,St Philip and St James,691,16 Aug 1905,Thomas,,,,,PACKWOOD,58,S Dunstans Cres,
WOR,Whittington,St Philip and St James,692,21 Sep 1905,William,,,,,LEDBURY,68,Whittington,
WOR,Whittington,St Philip and St James,693,14 Dec 1905,Hannah M,,,,,POPE,62,Church Farm,
WOR,Whittington,St Philip and St James,694,22 Feb 1906,Horace,,,,,SMITH,34,Hill Ave,
WOR,Whittington,St Philip and St James,695,19 Apr 1906,John P,,,,,POPE,53,Church Farm,
WOR,Whittington,St Philip and St James,696,10 Dec 1906,Mary,,,,,RILEY,82,115 Victoria Ave,
WOR,Whittington,St Philip and St James,697,22 Mar 1907,Mary A,,,,,SHARP,82,Whittington,
WOR,Whittington,St Philip and St James,698,4 Jul 1907,Lizzie,,,,,KIRKPATRICK,46,Red Hill Hse Worcester,
WOR,Whittington,St Philip and St James,699,6 Jul 1907,Amy B H,,,,,PERKINS,2m,Swinesherd Lake,
WOR,Whittington,St Philip and St James,700,8 Oct 1907,Emma,,,,,GEORGE,60,The Zephrs Red Hill,
WOR,Whittington,St Philip and St James,701,8 Oct 1907,Alfred,,,,,GEORGE,84,Red Hill Top,
WOR,Whittington,St Philip and St James,702,10 Oct 1907,Emma,,,,,BIRD,59,21 Bath Rd,
WOR,Whittington,St Philip and St James,703,20 Nov 1907,Eardley W T M,,,,,GAMMON,13m,Spetchley Rd,
WOR,Whittington,St Philip and St James,704,10 Dec 1907,Olive,,,,,MEADOWS,49,The Lake Swinesherd,
WOR,Whittington,St Philip and St James,705,1 Feb 1908,Mary C,,,,,STONE,79,10 Bath Rd,
WOR,Whittington,St Philip and St James,706,4 Mar 1908,Alexander,,,,,CAMPBELL,75,25 Seabright Ave,
WOR,Whittington,St Philip and St James,707,11 Mar 1908,Elizabeth,,,,,EWINS,83,Whittington,
WOR,Whittington,St Philip and St James,708,18 Aug 1908,Jane,,,,,PHILIPS,67,S Catherines Vale,
WOR,Whittington,St Philip and St James,709,4 Mar 1909,Anne,,,,,STINTON,69,Whittington,
WOR,Whittington,St Philip and St James,710,12 Mar 1909,Edward,,,,,HOLMES,59,5 Cole Hill,
WOR,Whittington,St Philip and St James,711,17 Mar 1909,Thomas,,,,,BECK,83,Whittington,
WOR,Whittington,St Philip and St James,712,19 Mar 1909,Jane M,,,,,BIRT,92,Whittington,
WOR,Whittington,St Philip and St James,713,15 May 1909,Charles E,,,,,WATSON,10,Avenue Lodge,
WOR,Whittington,St Philip and St James,714,27 May 1909,Fanny,,,,,MASTERS,48,Nunnery Cott,
WOR,Whittington,St Philip and St James,715,26 Aug 1909,John,,,,,LINTON,89,Swinesherd,
WOR,Whittington,St Philip and St James,716,28 Dec 1909,Harold,,,,,CORE,10w,Redhill,
WOR,Whittington,St Philip and St James,717,14 Dec 1909,Mary,,,,,HOLLAWAY,79,Workhouse Infr Pershore,
WOR,Whittington,St Philip and St James,718,29 Dec 1909,Edward H,,,,,SMITH,9,Whittington,
WOR,Whittington,St Philip and St James,719,28 Jan 1910,John H,,,,,PEARCE,77,8 Hill Ave Worcester,
WOR,Whittington,St Philip and St James,720,26 Feb 1910,Joseph,,,,,WATERS,68,Whittington,
WOR,Whittington,St Philip and St James,721,5 Apr 1910,James,,,,,LANGLEY,87,Whittington,
WOR,Whittington,St Philip and St James,722,2 Nov 1910,Ellen,,,,,GRAVES,58,Whittington,
WOR,Whittington,St Philip and St James,723,20 Dec 1910,Louisa,,,,,GEORGE,81,Whittington,
WOR,Whittington,St Philip and St James,724,6 Jan 1911,William,,,,,CLUTTERBUCK,32,Red Hill,
WOR,Whittington,St Philip and St James,725,21 Jan 1911,Walter L,,,,,PURSER,12d,Swinesherd,
WOR,Whittington,St Philip and St James,726,30 Nov 1911,Maria,,,,,WALLIS,64,Swinesherd,
WOR,Whittington,St Philip and St James,727,12 Feb 1912,Louisa,,,,,TAYLOR,86,Shrubbery Ave Worcester,
WOR,Whittington,St Philip and St James,728,6 May 1912,Priscilla,,,,,SUMMERS,57,Battenhall Farm,
WOR,Whittington,St Philip and St James,729,13 Jun 1912,Harriet,,,,,STINTON,32,Red Hill Top,
WOR,Whittington,St Philip and St James,730,11 Jun 1912,Ida I,,,,,LIMERICK,38,Claremont Whit,
WOR,Whittington,St Philip and St James,731,19 Jul 1912,Ruby B,,,,,MILNER,8m,34 Somers Rd Worcester,
WOR,Whittington,St Philip and St James,732,17 Aug 1912,Samuel,,,,,WATERS,74,76 London Rd Worcester,
WOR,Whittington,St Philip and St James,733,9 Nov 1912,Henry,,,,,TAYLOR,70,Swinesherd,
WOR,Whittington,St Philip and St James,734,1 Dec 1912,Ellen,,,,,HUGHES,56,Whittington,
WOR,Whittington,St Philip and St James,735,4 Mar 1913,Mary A,,,,,MALDEN,79,Pontsbury Salops,
WOR,Whittington,St Philip and St James,736,3 Jun 1914,Monica,,,,,GRIFFIN,4m,Claremont Villa Whit,
WOR,Whittington,St Philip and St James,737,20 Sep 1913,Henry,,,,,WOODWARD,79,Swinesherd Lake,
WOR,Whittington,St Philip and St James,738,17 Dec 1913,Emma,,,,,WATERS,69,Whittington,
WOR,Whittington,St Philip and St James,739,27 Jan 1914,Alfred,,,,,CARTER,69,Swinesherd,
WOR,Whittington,St Philip and St James,740,29 Jan 1914,George,,,,,OLDHAM,40,Swinesherd Lake,
WOR,Whittington,St Philip and St James,741,4 Feb 1914,John,,,,,GOODE,68,Whittington,
WOR,Whittington,St Philip and St James,742,20 Feb 1914,Samuel J,,,,,HILLARY,42,Chapelry Farm,
WOR,Whittington,St Philip and St James,743,14 Apr 1914,John,,,,,COLDICOTT,1yr,Old House Cottages,
WOR,Whittington,St Philip and St James,744,8 Aug 1914,Anne,,,,,GURNEY,48,Whittington,
WOR,Whittington,St Philip and St James,745,23 Jan 1915,James,,,,,JONES,85,Swinesherd,
WOR,Whittington,St Philip and St James,746,31 Mar 1915,Emma L,,,,,MEADOWS,74,Livingstone St Red Hill,
WOR,Whittington,St Philip and St James,747,3 May 1915,Ann,,,,,SIMMONDS,63,Whittington,
WOR,Whittington,St Philip and St James,748,16 Oct 1915,George,,,,,HUGHES,75,Whittington,
WOR,Whittington,St Philip and St James,749,15 Mar 1916,Mary A,,,,,COTTON,81,Whittington,
WOR,Whittington,St Philip and St James,750,24 Jun 1916,Thomas,,,,,CLARKE,83,Swinesherd,
WOR,Whittington,St Philip and St James,751,30 Jun 1916,Ann,,,,,BIRT,78,1Aubrey Rd Smallheath Bham,
WOR,Whittington,St Philip and St James,752,13 Sep 1916,George,,,,,HILL,55,Swinesherd Lake,
WOR,Whittington,St Philip and St James,753,16 Nov 1916,George,,,,,LEIGHT,73,Whittington,
WOR,Whittington,St Philip and St James,754,2 Jan 1917,Mary A A,,,,,HUGHES,50,Powick Asylum,
WOR,Whittington,St Philip and St James,755,15 Jan 1917,Mary,,,,,GAMMON,6,Spetchley Rd,
WOR,Whittington,St Philip and St James,756,25 Jan 1917,Ann,,,,,WOODWARD,80,10 Foundry St Worcs,late of Swinesherd
WOR,Whittington,St Philip and St James,757,9 Feb 1917,Mary A,,,,,TALBOT,94,14 Colleu? Rd,
WOR,Whittington,St Philip and St James,758,31 Jul 1917,Charlotte,,,,,CALDICOT,65,Grove Cott Whittington,
WOR,Whittington,St Philip and St James,759,2 Oct 1917,Alfred A,,,,,WILLETS,59,Swinesherd,
WOR,Whittington,St Philip and St James,760,1 Jan 1918,Sarah J,,,,,SHIPLEY,30,Swinesherd Lake,
WOR,Whittington,St Philip and St James,761,16 Aug 1918,Florence A,,,,,GLOVER,26,Swinesherd,
WOR,Whittington,St Philip and St James,762,8 Nov 1918,George E,,,,,BRADLEY,38,Whitttington,
WOR,Whittington,St Philip and St James,763,12 Nov 1918,Martha L,,,,,PITT,23,Whittington,
WOR,Whittington,St Philip and St James,764,14 Nov 1918,Cyril,,,,,DAVIS,5,Swinesherd lake,
WOR,Whittington,St Philip and St James,765,15 Nov 1918,Dorothy,,,,,SMITH,24,Fort Royal Hill,
WOR,Whittington,St Philip and St James,766,6 Mar 1919,Matilda,,,,,WHITTAKER,90,Red Hill Whitt,
WOR,Whittington,St Philip and St James,767,25 Mar 1919,Charles W,,,,,BIRD,78,50 Northwick Rd,
WOR,Whittington,St Philip and St James,768,7 Jul 1919,Claude W,,,,,STONE,57,Tewksbury,Died at the Bell Inn
WOR,Whittington,St Philip and St James,769,2 Oct 1919,Herbert W,,,,,WALLIS,69,Whittington,
WOR,Whittington,St Philip and St James,770,27 Nov 1919,Ellen,,,,,NASH,90,Swinesherd,
WOR,Whittington,St Philip and St James,771,16 May 1920,Emma,,,,,LAIGHT,73,Grove Cott Whittington,
WOR,Whittington,St Philip and St James,772,26 Aug 1920,Frank,,,,,PLUMB,40,Whittington,
WOR,Whittington,St Philip and St James,773,16 Jul 1921,Louisa,,,,,HILLARY,83,London Rd,
WOR,Whittington,St Philip and St James,774,15 Aug 1921,Anne I,,,,,CHARLES,60,Deanery Worcs,
WOR,Whittington,St Philip and St James,775,3 Sep 1921,Hannah,,,,,LEDBURY,83,Grove Cott Whittington,
WOR,Whittington,St Philip and St James,776,3 Nov 1921,Mary L C,,,,,JONES,20,Grove Cott Whittington,
WOR,Whittington,St Philip and St James,777,7 Dec 1921,Mary,,,,,SMITH,79,24 Hill Av,
WOR,Whittington,St Philip and St James,778,25 Feb 1922,Mary,,,,,OAKLEY,50,Swinesherd Lake,
WOR,Whittington,St Philip and St James,779,13 Apr 1922,Herbert B,,,,,SOUTHWELL,65,College Worcester,
WOR,Whittington,St Philip and St James,780,18 Apr 1922,Annie,,,,,GEORGE,71,10 Cromwell Cres Red Hill,
WOR,Whittington,St Philip and St James,781,12 Aug 1922,William,,,,,WOODWARD,66,The Cottage Spetchley Rd,
WOR,Whittington,St Philip and St James,782,23 Dec 1922,Thomas,,,,,PARKER,74,Church Cottages Whitt,
WOR,Whittington,St Philip and St James,783,26 Dec 1922,Mary A,,,,,ALLARD,99,Maple Cott,
WOR,Whittington,St Philip and St James,784,6 Jun 1923,Kenneth J,,,,,HILL,3m,Swinesherd Lake,
WOR,Whittington,St Philip and St James,785,15 Jun 1923,Jane,,,,,CURNOCK,83,159 London Rd,
WOR,Whittington,St Philip and St James,786,20 Aug 1923,William B,,,,,WYATT,72,Rose Villa Whitt,
WOR,Whittington,St Philip and St James,787,24 Sep 1923,Evlyn A,,,,,STONE,60,Cheltenham,
WOR,Whittington,St Philip and St James,788,24 Oct 1923,Kathleen,,,,,WALSH,63,Whittington,
WOR,Whittington,St Philip and St James,789,26 Dec 1923,William T,,,,,GILLETT,48,Spetchley Rd,
WOR,Whittington,St Philip and St James,790,28 Dec 1923,Rebecca,,,,,GOODE,81,Ivy Cottages Whitt,
WOR,Whittington,St Philip and St James,791,27 Feb 1924,Mary J,,,,,NEWMAN,52,Whittington,
WOR,Whittington,St Philip and St James,792,22 Mar 1924,Joseph,,,,,CHANCE,83,64 St Dunstans Cres,
WOR,Whittington,St Philip and St James,793,10 Oct 1924,Thomas,,,,,MARSHALL,74,Swinesherd,
WOR,Whittington,St Philip and St James,794,13 Dec 1924,Sarah E H,,,,,PITCHER ?,,Nunnery Farm,
WOR,Whittington,St Philip and St James,795,10 Jan 1925,Sarah A,,,,,HOLMES,71,5 Cole Hill Worcester,
WOR,Whittington,St Philip and St James,796,21 Feb 1925,Priscilla,,,,,BRANT,50,Swinesherd,
WOR,Whittington,St Philip and St James,797,26 Feb 1925,Mary,,,,,BALL,79,London Rd,
WOR,Whittington,St Philip and St James,798,14 Mar 1925,Henry F,,,,,TAYLOR,9,Swinesherd,
WOR,Whittington,St Philip and St James,799,30 Mar 1925,Elizabeth R,,,,,LINTON,41,Swinesherd,
WOR,Whittington,St Philip and St James,800,2 Sep 1925,Ernest F,,,,,WELLS,22,The Post Office Whitt,
