+INFO,capn-bob@pegleg2.com,password,SEQUENCED,MARRIAGES,,3.01.14
#,CCC,Bob Wilkins,Dorset,DORALMMA3.CSV,14-Feb-2013
#,CREDIT,,
#,14-Feb-2013,Bishops Transcripts,
DOR,Almer,St Mary,,06 Jun 1814,Robert,FORFETT,,Morden,,,,Anne,ALEXANDER,,,,,,,,,,,,,,,,
DOR,Almer,St Mary,,1814,John,CRUMPLER,,,,,,Maria,INGRAM,,,,,,,,,,,,,,,,
DOR,Almer,St Mary,,04 Apr 1815,Willimam,GLASS,,Morden,,,,Mary,ALEXANDER,,,,,,,,,,,,,,,,
DOR,Almer,St Mary,,18 Apr 1815,John,ROPER,,,,,,Anne Coshe,SOPER,,,,,,,,,,,,,,,,
DOR,Almer,St Mary,,27 May 1815,Thomas,HALL,,Morden,,,,Esther,CHALK,,,,,,,,,,,,,,,,
DOR,Almer,St Mary,,1817,Thomas,MANUEL,,,,,,Mary,NIN,,,,,,,,,,,,,,,,
DOR,Almer,St Mary,,1819,John,CHRISTOPHES,,,,,,Sarah,MUNDEN,,,,,,,,,,,,,,,,
DOR,Almer,St Mary,,13 Dec 1820,Thomas,BARTLETT,,,,,,Susannah,HOOPER,,,,,,,,,,,,,,,,
DOR,Almer,St Mary,,25 Feb 1821,James,CURTIS,,,,,,Susannah,BALLETT,,,,,,,,,,,,,,,,
DOR,Almer,St Mary,,10 Apr 1822,Richard,MANUELL,,,,,,Mary Ann,SANDERS,,,,,,,,,,,,,,,,
DOR,Almer,St Mary,,30 Jun 1822,Thomas,OLDING,,Tarrant Kingston,,,,Mary,BALLETT,,,,,,,,,,,,,,,,
DOR,Almer,St Mary,,30 Jun 1822,Henry,SINGLETON,,,,,,Letitia,BALLETT,,,,,,,,,,,,,,,,
DOR,Almer,St Mary,,09 Dec 1822,Robert Short,CHAFFEY,,,,,,Mary,BALLRICK,,,,,,,,,,,,,,,,
DOR,Almer,St Mary,,30 Oct 1823,Stephen,MUNDEN,,,,,,Judith,CHRISTOPHER,,,,,,,,,,,,,,,,
DOR,Almer,St Mary,,19 Apr 1825,William,ROGERS,,Lytchet Matravers,,,,Maria,HOOPER,,,,,,,,,,,,,,,,
DOR,Almer,St Mary,,05 May 1825,Isaac,ORCHARD,,Lytchet Matravers,,,,Prudence,BARTLETT,,,,,,,,,,,,,,,,
DOR,Almer,St Mary,,01 May 1826,Thomas Short,CHAFFEY,,,,,,Susan,DASHWOOD,,,,,,,,,,,,,,,,
DOR,Almer,St Mary,,19 Apr 1827,Josiah,RABBETS,,,,,,Georgina,SOBER,,,,,,,,,,,,,,,,
DOR,Almer,St Mary,,20 Apr 1827,Joseph,BOWDICH,,,,,,Ruth,WILLIAMS,,,,,,,,,,,,,,,,
DOR,Almer,St Mary,,21 Nov 1827,Henry,STICKLEY,,,,,,Isabella,BALLET,,,,,,,,,,,,,,,,
DOR,Almer,St Mary,,11 Jun 1828,George,BARNES,,,widower,,,Mary,BARFOOT,,,widow,,,,,,,,,,,,,
DOR,Almer,St Mary,,02 Sep 1828,Elisha,MILLER,,Spetisbury,,,,Catherine,ALEXANDER,,,,,,,,,,,,,,,,
DOR,Almer,St Mary,,20 Jul 1830,Samuel,KNIGHT,,,,,,Jane,HAYSON,,,,,,,,,,,,,,,,
DOR,Almer,St Mary,,19 Dec 1830,Joseph,OSMOND,,,,,,Diana,KIDDLE,,,,,,,,,,,,,,,,
DOR,Almer,St Mary,,22 Feb 1831,John,BARNES,,,,,,Harriet,HOOPER,,,,,,,,,,,,,,,,
DOR,Almer,St Mary,,29 Jun 1831,William,SELBY,,,,,,Anne,B?,,,,,,,,,,,,,,,,
DOR,Almer,St Mary,,11 Oct 1831,George,M?,,,,,,Grace,KNIGHT,,,,,,,,,,,,,,,,
DOR,Almer,St Mary,,11 Oct 1831,Joseph,MANUEL,,,,,,Sarah,KNIGHT,,,,,,,,,,,,,,,,
DOR,Almer,St Mary,,24 Dec 1824,Benjamin,WALSTEAD,,Kingstone,,,,Ann,RIGGS,,,,,,,,,,,,,,,,
DOR,Almer,St Mary,,25 Feb 1835,William,MANUEL,,,,,,Eliza,SHEPHERD,,,,,,,,,,,,,,,,
DOR,Almer,St Mary,,12 May 1835,William George,BORE,,,,,,Sarah,SELBY,,,,,,,,,,,,,,,,
DOR,Almer,St Mary,,07 Jul 1835,Joseph,CHAFFEY,,,,,,Hariet Soper,DASHWOOD,,,,,,,,,,,,,,,,
DOR,Almer,St Mary,,07 Jul 1835,John,STICKLEY,,Win.Zelston,,,,Martha,CHAFFEY,,,,,,,,,,,,,,,,
DOR,Almer,St Mary,,12 Sep 1836,Henry,RIGGS,,,,,,Louisa,SELBY,,,,,,,,,,,,,,,,
DOR,Almer,St Mary,,01 Nov 1836,Richard John,SIMMONDS,,,,,,Catherine,LOADER,,,,,,,,,,,,,,,,
