+INFO,capn-bob@pegleg2.demon.co.uk,password,SEQUENCED,MARRIAGES
#,CCC,Bob Wilkins,DOR,DORASHMA1.CSV,02-Feb-2011
#,CREDIT,,
#,31-Jan-2011,BTs originally transcribed by Terry Pine,
DOR,Ashmore,St Nicholas,,22 Feb 1821,Joseph,RIDEOUT,,,bachelor,,,Dinah,TURNER,,,spinster,,,,,,,,,John,RIDEOUT,Elizabeth,RIDEOUT,
DOR,Ashmore,St Nicholas,,29 May 1823,James Deakon,WRIGHT,,,bachelor,,,Harriet,DAVIDGE,,,spinster,,,,,,,,,Morris,DAVIDGE,Hester,SUTTON,
DOR,Ashmore,St Nicholas,,09 Feb 1825,Henry,MILES,,Gillingham,bachelor,,,Anna,HALL,,,spinster,,,,,,,,,George,EAST,Eliza,HALL,Lic
DOR,Ashmore,St Nicholas,,26 Apr 1825,Samuel,WHEELER,,,bachelor,,,Elizabeth,THORNE,,,spinster,,,,,,,,,Sophia,HISCOCK,Elizabeth,MOREY,"Bridegroom ""WHEELER Jnr"
DOR,Ashmore,St Nicholas,,19 Oct 1826,William,ADLEM,,,bachelor,,,Elizabeth,RIDEOUT,,,spinster,,Ashmore,,,,,,,Stephen,RIDEOUT,Jane,RIDEOUT,
DOR,Ashmore,St Nicholas,,14 May 1827,Joseph,LUSH,,,bachelor,,,Ann,RIDEOUT,,,spinster,,,,,,,,,Charles,HARE,Susan,CHRISTIE,
DOR,Ashmore,St Nicholas,,04 Jun 1827,John,TAYLOR,,,bachelor,,,Virtue,MAIDMENT,,,spinster,,,,,,,,,Sylvia,COMPTON,Jane,RIDEOUT,
DOR,Ashmore,St Nicholas,,27 Nov 1827,Morris,DAVIDGE,,,bachelor,,,Jane,RIDEOUT,,,spinster,,,,,,,,,Henry,DAVIDGE,Anne,SUTTON,
DOR,Ashmore,St Nicholas,,14 Feb 1831,Henry,BAKER,,,bachelor,,,Sophia,HISCOCK,,,spinster,,,,,,,,,Robert,SHARP,Sarah,BAKER,
DOR,Ashmore,St Nicholas,,03 Aug 1831,Stephen,RIDEOUT,,,bachelor,,,Maria,STAINER,,,spinster,,,,,,,,,George,WHEELER,Ann,STAINER,
DOR,Ashmore,St Nicholas,,05 Mar 1832,Joseph,STAINER,,,bachelor,,,Elizabeth,MOREY,,,spinster,,,,,,,,,William,MOREY,Anne,PALMER,
DOR,Ashmore,St Nicholas,,25 Apr 1833,Thomas,RIDOUT,,,,,,Mary,MAIDMENT,,,,,,,,,,,,,,,,
DOR,Ashmore,St Nicholas,,08 Dec 1835,Daniel Bailey,JOYCE,,,,,"Rode, SOM",Eliza,HALL,,,,,,,,,,,,,,,,
DOR,Ashmore,St Nicholas,,04 Oct 1836,George,RIDEOUT,,,,,,Elizabeth,WHEELER,,,,,,,,,,,,,,,,
DOR,Ashmore,St Nicholas,,03 May 1837,Isaac,RABBETS,,,,,,Mary Ann,GOSNEY,,,,,,,,,,,,,,,,
DOR,Ashmore,St Nicholas,,10 Jul 1837,George,WHEELER,,,,,,Ann,HAINES,,,,,,,,,,,,,,,,
DOR,Ashmore,St Nicholas,,28 Jun 1838,Samuel,STAINER,,,,,,Judith Maria,PALMER,,,,,,Samuel,,,Charles,,,,,,,
DOR,Ashmore,St Nicholas,,02 May 1839,George,TURNER,,,,,,Lucy,STAINER,,,,,,Benjamin,,,Samuel,,,,,,,
DOR,Ashmore,St Nicholas,,,,,,,,,,,,,,,,,,,,,,,,,,,
DOR,Ashmore,St Nicholas,,,,,,,,,,,,,,,,,,,,,,,,,,,
DOR,Ashmore,St Nicholas,,,,,,,,,,,,,,,,,,,,,,,,,,,
