+INFO,capn-bob@pegleg2.demon.co.uk,password,SEQUENCED,BAPTISMS,,3.01.14
#,CCC,Bob Wilkins,Dorset,DORALMBA5.CSV,08-Apr-2012
#,CREDIT,,
#,13-Feb-2013,Parish Records,Transcribed by Terry Pine
DOR,Almer,St Mary,,,02 Apr 1812,Mercy,F,Edward,Jane,REDNAB,,,,
DOR,Almer,St Mary,,,05 Jul 1812,Charles,M,John,Frances,TOOMES,,,,
DOR,Almer,St Mary,,,15 Feb 1812,Young,M,Young,Elizabeth Susan,WEST,,,,
DOR,Almer,St Mary,,,07 Mar 1813,George,M,,Anne,,ALEXANDER,,,Mother is a servant
DOR,Almer,St Mary,,,26 Sep 1813,Richard Manuel,M,Edward,Maria,BALLETT,,,Labourer,
DOR,Almer,St Mary,,13 Apr 1801,04 Oct 1813,John Mitford,M,Miles,Anna Maria,BOWKER,,Charborough,Gentleman,
DOR,Almer,St Mary,,11 Mar 1803,04 Oct 1813,William Monkhouse,M,Miles,Anna Maria,BOWKER,,Charborough,Gentleman,
DOR,Almer,St Mary,,27 Jan 1805,04 Oct 1813,Miles Brabin,M,Miles,Anna Maria,BOWKER,,Charborough,Gentleman,
DOR,Almer,St Mary,,24 Feb 1807,04 Oct 1813,Thomas Holden,M,Miles,Anna Maria,BOWKER,,Charborough,Gentleman,
DOR,Almer,St Mary,,24 Nov 1808,04 Oct 1813,Bertram Egerton,M,Miles,Anna Maria,BOWKER,,Charborough,Gentleman,
DOR,Almer,St Mary,,30 Aug 1810,04 Oct 1813,Robert Mitford,M,Miles,Anna Maria,BOWKER,,Charborough,Gentleman,
DOR,Almer,St Mary,,10 Aug 1812,04 Oct 1813,Septimus Bownchies,M,Miles,Anna Maria,BOWKER,,Charborough,Gentleman,
DOR,Almer,St Mary,,,22 Aug 1813,Eliza,F,John,Maria,CRABB,,,Labourer,
DOR,Almer,St Mary,,,24 Oct 1813,Susannah Arnold,F,Edward,Anne,DICKER,,Mapperton,Labourer,
DOR,Almer,St Mary,,,05 Dec 1813,Elizabeth,F,George,France,JAMES,,Mapperton,Shepherd,
DOR,Almer,St Mary,,,21 Mar 1813,Sarah Selina,F,John,Anne,KNIGHT,,,Labourer,
DOR,Almer,St Mary,,,25 Jul 1813,George,M,Thomas,Sarah,MANUEL,,,Soldier,
DOR,Almer,St Mary,,,13 Jun 1813,Merrick,M,Solomon,Sarah,MUSCHIN,,,Gamekeeper,
DOR,Almer,St Mary,,,13 Jun 1813,Eliza,F,Solomom,Sarah,MUSCHIN,,,Gamekeeper,
DOR,Almer,St Mary,,,11 Jul 1813,Richard Warland,M,John,Fraances,RICHARDS,,Poole,Carpenter,
DOR,Almer,St Mary,,,12 Sep 1813,James,M,Philip,Mary,SELBY,,,Labourer,
DOR,Almer,St Mary,,,17 Oct 1813,Sarah Tothesfield,F,,Dorothy,SELBY,,Mapperton,,Base born
DOR,Almer,St Mary,,,08 Oct 1813,Sarah Henrietta,F,Samuel,Anne,SOPER,,,Coachman,
DOR,Almer,St Mary,,,05 Oct 1813,Henry,M,James Stephen,Anne Goodenough,WICKENS,,Bloomsbury,Gentleman,
DOR,Almer,St Mary,,,03 Apr 1814,Elizabeth,F,Robert,Sarah,DASHWOOD,,Mapperton,Woodman,
DOR,Almer,St Mary,,,03 Apr 1814,William,M,Robert,Sarah,DASHWOOD,,Mapperton,Woodman,
DOR,Almer,St Mary,,,17 Jul 1814,Caroline,F,Henry,Elizabeth,GOLDRING,,,Cordwainer,
DOR,Almer,St Mary,,,31 Jul 1814,James,M,Woilliam,Joanna,SQUIRES,,Mapperton,Labourer,
DOR,Almer,St Mary,,,23 Sep 1814,Mary Susan,F,Young,Susan,WEST,,Poole,Surgeon,
DOR,Almer,St Mary,,,14 May 1815,Ann Maria,F,Isaac,Maria,BILLET,,,Gamekeeper,
DOR,Almer,St Mary,,,27 May 1815,Octavius,M,Miles,Anna Maria,BOWKER,,,Gentleman,
DOR,Almer,St Mary,,,12 Mar 1815,Elizabeth Ann,F,John,Maria,CRUMPLER,,,Labourer,
DOR,Almer,St Mary,,,18 Jun 1815,John,M,John,Anne,HEADLEY,,,Shepherd,
DOR,Almer,St Mary,,,29 Oct 1815,John,M,George,France,JAMES,,Mapperton,Shepherd,
DOR,Almer,St Mary,,,12 Mar 1815,Robert,M,John,Ann,KNIGHT,,,Labourer,
DOR,Almer,St Mary,,,21 Mar 1815,Elisabeth Jane,F,,Mary,MARSH,,Mapperton,,
DOR,Almer,St Mary,,,15 Oct 1815,Henry Daw,M,Thomas,Mary,OAKLEY,,,Labourer,
DOR,Almer,St Mary,,,28 Jan 1815,Julia,F,Edward,Jane,REDMAN,,,Servant,
DOR,Almer,St Mary,,,17 Dec 1815,John Sanson,M,Philip,Mary,SELBY,,,Labourer,
DOR,Almer,St Mary,,,24 Jul 1815,Anne,F,Joseph,Eleanor,STICKLAND,,,Labourer,
DOR,Almer,St Mary,,,04 Sep 1815,John,M,James,Anne Goodenough,WICKENS,,Bloomsbury,Gentleman,
DOR,Almer,St Mary,,,21 Apr 1816,George,M,John,Mary,CHRISTOPHES,,Mapperton,Shepherd,
DOR,Almer,St Mary,,,11 Aug 1816,Susan Eliza,F,John,Maria,CRUMPLER,,,Labourer,
DOR,Almer,St Mary,,,02 Jun 1816,Charles,M,Robert,Sarah,DASHWOOD,,Mapperton,Labourer,
DOR,Almer,St Mary,,,15 Sep 1816,Charles,M,Robert,Ann,FORFETT,,,Huntsman,
DOR,Almer,St Mary,,,01 Dec 1816,?bdes?,M,John,Sarah,HART,,,Gentleman,
DOR,Almer,St Mary,,,31 Aug 1817,Joseph,M,James,Mary Ann,ARCHIBALD,,,Gardener,
DOR,Almer,St Mary,,,16 Feb 1817,Charles,M,Henry,Elizabeth,GOLDRING,,,Shoemaker,
DOR,Almer,St Mary,,,08 Jun 1817,Isabella,F,John,Ann,HEADLEY,,,Shepherd,
DOR,Almer,St Mary,,,01 Nov 1817,William,M,John,Ann,KNIGHT,,,Labourer,
DOR,Almer,St Mary,,,25 May 1817,Charles,M,Edward,Jane,RIDMAN,,,Footman,
DOR,Almer,St Mary,,,29 Jun 1817,Louisa,F,Philip,Mary,SELBY,,,Labourer,
DOR,Almer,St Mary,,,01 Aug 1817,Charles,M,Joseph,Elizabeth,SMIITH,,Mapperton,Labourer,
DOR,Almer,St Mary,,,20 May 1817,Eliza Frances,F,Samuel,Ann,SOPER,,,Coachman,
DOR,Almer,St Mary,,,14 Jun 1818,Adam,M,Thomas,Sarah,ADAMS,,,Labourer,
DOR,Almer,St Mary,,,05 Jul 1818,Henry,M,Roberts,Sarah,DASHWOOD,,,Labourer,
DOR,Almer,St Mary,,,06 Sep 1818,Lavinia,F,Thomas,Mary,MANUEL,,,Labourer,
DOR,Almer,St Mary,,,13 Sep 1818,Jane,F,Thomas,Mary Ann,MUNDEN,,,Gamekeeper,
DOR,Almer,St Mary,,,24 May 1818,Andrew Windsor,M,Thomas,Mary Ann,THATCHEL,,,Sailor,
DOR,Almer,St Mary,,,1819,Mary Ann,F,James,mary Ann,ARCHIBALD,,,Gardener,
DOR,Almer,St Mary,,,12 Dec 1819,Thomas,M,William,Elizabeth,BARTLET,,,Labourer,
DOR,Almer,St Mary,,,15 Aug 1819,George,M,John,Ann,HEADLEY,,,Labourer,
DOR,Almer,St Mary,,,22 Aug 1819,Elizabeth Emily,F,Samuel,Lucy,INGRAM,,,Waiter,
DOR,Almer,St Mary,,,30 May 1819,Eliza,F,Philip,Mary,SELBY,,,Labourer,
DOR,Almer,St Mary,,,26 Sep 1819,John,M,Joseph,Elizabeth,SMITH,,,Labourer,
DOR,Almer,St Mary,,,13 Aug 1820,William,M,Thomas,Mary,ALLEN,,,Gamekeeper,
DOR,Almer,St Mary,,,06 Aug 1820,Joseph,M,George,Elizabeth,BARNES,,,Labourer,
DOR,Almer,St Mary,,,25 Jun 1820,Mary Ann,F,Joseph,Sarah,CHRISTOPHES,,,Labourer,
DOR,Almer,St Mary,,,20 Feb 1820,Elizabeth,F,,Judith,CHRISTOPHES,,,,Base born
DOR,Almer,St Mary,,,23 Apr 1820,Joseph John,M,John,Maria,CRUMPLER,,,Labourer,
DOR,Almer,St Mary,,,25 Jun 1820,isaac Billet,M,,Sophia,CRUMPLER,,,,Base born
DOR,Almer,St Mary,,,23 Apr 1820,Dorcas,F,Robert,Sarah,DASHWOOD,,,Labourer,
DOR,Almer,St Mary,,,14 May 1820,Jane,F,Robert,Ann,FORFIT,,,Labourer,
DOR,Almer,St Mary,,,13 Aug 1820,Emma,F,Thomas,Sarah,HARRISON,,Wimborne,Gamekeeper,
DOR,Almer,St Mary,,,15 Oct 1820,Benjamin,M,John,Ann,KNIGHT,,,Labourer,
DOR,Almer,St Mary,,,08 Oct 1820,Eliza Jane,F,Thomas,Mary,MANUEL,,,Labourer,
DOR,Almer,St Mary,,,04 Nov 1821,Joseph,M,Benjamin,Hannah,BARTLETT,,,Labourer,
DOR,Almer,St Mary,,,25 Nov 1821,James,M,Thomas,Susan,BARTLETT,,,Labourer,
DOR,Almer,St Mary,,,10 Jun 1821,Henry,M,Adam,Dinah,BLACKWELL,,,Servant,
DOR,Almer,St Mary,,,28 Jan 1821,Robert,M,Robert,,BOWDITCH,,Weymouth,,
DOR,Almer,St Mary,,,25 Nov 1821,William M,M,,Judith,,CHRISTOPHER,,,Base born
DOR,Almer,St Mary,,,14 Feb 1821,Ralph Harry Snall,M,Charles,Betty,CRISDEE,,Morden,Miller,
DOR,Almer,St Mary,,,22 Jul 1821,Joanne Letitia,F,James,Susannah,CURTIS,,,Labourer,
DOR,Almer,St Mary,,,11 Feb 1821,William Ingram,M,William,Ann,HOWELL,,Canford,Footman,
DOR,Almer,St Mary,,,25 Mar 1821,Frances Jane,F,Philip,Mary,SELBY,,,Labourer,
DOR,Almer,St Mary,,,22 Jul 1821,Israel,M,Joseph,Elizabeth,SMITH,,,Labourer,
DOR,Almer,St Mary,,,30 Jun 1822,Elizabeth,F,George,Elizabeth,BARNES,,,Labourer,
DOR,Almer,St Mary,,,08 Dec 1822,Sarah,,William,Elizabeth,BARTLETT,,,Labourer,
DOR,Almer,St Mary,,,19 May 1822,Unity,,Joseph,Sarah,CHRISTOPHER,,,Labourer,
DOR,Almer,St Mary,,,10 Mar 1822,Robert,,John,Maria,CRUMPIER,,,Labourer,
DOR,Almer,St Mary,,,26 May 1822,Henry,,John,Susanna,HAMBLETON,,,Labourer,
DOR,Almer,St Mary,,,06 Jan 1822,Mary Ann,,John,Ann,HEADLEY,,,Shepherd,
DOR,Almer,St Mary,,,14 Jul 1822,Lavinia Ann,,Thomas,Mary,MANUEL,,,Labourer,
DOR,Almer,St Mary,,,20 Jul 1823,Charles,,,Sarah,,ALEXANDER,,,Base born
DOR,Almer,St Mary,,,02 Nov 1823,Adam,,Adam,Dinah,BLACKWELL,,,Footman,
DOR,Almer,St Mary,,,20 Apr 1823,Emily,,Robert,Sarah,DASHWOOD,,,Labourer,
DOR,Almer,St Mary,,,27 Jul 1823,Willoiam Edward,,William,Ann,HOWELL,,,Footman,
DOR,Almer,St Mary,,,06 Jul 1823,Josiah,,George,Margaret,MANUEL,,,Labourer,
DOR,Almer,St Mary,,,18 Nov 1823,Frances Elizabeth,,Thomas,Elizabeth,SHITTLE,,Charborough Farm,Yeoman,
DOR,Almer,St Mary,,,18 May 1823,Louisa,,Henry,Letitia,SI NGLETON,,,Labourer,
DOR,Almer,St Mary,,,1824,?,,Benjamin,Hannah,BARTLETT,,,,
DOR,Almer,St Mary,,,08 Aug 1824,Elizabeth,,William,Elizabeth,BARTLETT,,,Labourer,
DOR,Almer,St Mary,,,04 Jul 1824,John,,John,Ann,HEADLEY,,,Shepherd,
DOR,Almer,St Mary,,,Nov 1824,Elijah,,Thomas,Mary,MANUAL,,Mapperton,Labourer,
DOR,Almer,St Mary,,,09 May 1824,Hannah,,Stephen,Judith,MUNDEN,,,Labourer,
DOR,Almer,St Mary,,,02 May 1824,Matilda,,Joseph,Elizabeth,SMITH,,Mapperton,Labourer,
DOR,Almer,St Mary,,,27 Feb 1825,Samuel,,Thomas,Susannah,BARLETT,,,Labourer,
DOR,Almer,St Mary,,,06 Nov 1825,Williiam Lovelace,,Thomas,Sarah,BILLET,,,Labourer,
DOR,Almer,St Mary,,,26 Jun 1825,Emily Sophia,,George,Margaret,MANUEL,,,Labourer,
DOR,Almer,St Mary,,,11 Sep 1825,James,,Stephen,Elizabeth,ROSE,,,Gamekeeper,
DOR,Almer,St Mary,,,16 Jan 1825,Frederick,,Philip,Mary,SELBY,,Mapperton,Labourer,
DOR,Almer,St Mary,,,23 Jun 1825,Richard Charles,,Thomas,Elizabeth,SHITTLE,,Charborough Farm,Yeoman,
DOR,Almer,St Mary,,,03 Jul 1825,William,,Henry,Letitia,SINGLETON,,,Labourer,
DOR,Almer,St Mary,,,09 Jul 1826,Charles,,William,Elizabeth,BARTLETT,,,Labourer,
DOR,Almer,St Mary,,,22 Oct 1826,Joseph Thomas,,Thomas,Sarah,BILLET,,,Labourer,
DOR,Almer,St Mary,,,17 Oct 1826,Adam William,,Adam,Dinah,BLACKWELL,,,Footman,
DOR,Almer,St Mary,,,30 Jul 1826,Charles,,Joseph,Sarah,CHRISTOPHER,,,Labourer,
DOR,Almer,St Mary,,,15 Jul 1827,George,,Benjamin,Hannah,BARTLETT,,,Labourer,
DOR,Almer,St Mary,,,18 Nov 1827,Henry,,Jefse,Elizabeth,GRAY,,,Labourer,
DOR,Almer,St Mary,,,11 Feb 1827,Richard Parr,,Thomas,Mary,HENNING,,Lower Almer,Yeoman,
DOR,Almer,St Mary,,,13 May 1827,Elijah,,Thomas,Mary,MANUEL,,Mapperton,Labourer,
DOR,Almer,St Mary,,,08 Mar 1827,Thomas William,,Thomas,Elizabeth,SHETTLE,,Charborough Farm,Yeoman,
DOR,Almer,St Mary,,,30 Dec 1827,Henry,,Henry,Letitia,SINGLETON,,,Labourer,
DOR,Almer,St Mary,,,19 Oct 1828,Thomas,,Thomas,Susannah,BARTLETT,,,Labourer,
DOR,Almer,St Mary,,,13 Apr 1828,Charles,,William,Elizabeth,BARTLETT,,,Labourer,
DOR,Almer,St Mary,,,07 Sep 1828,Elizabeth,,Thomas,Sarah,BILLET,,,Labourer,
DOR,Almer,St Mary,,,12 Oct 1828,Caroline,,Joseph,Sarah,CHRISTOPHER,,,Labourer,
DOR,Almer,St Mary,,,31 Aug 1828,Rebecca,,John,Sarah Maud,CRABB,,Lower Almer,Dairyman,
DOR,Almer,St Mary,,,27 Jul 1828,Robert,,,Sophia,,CRUMPLER,,,
DOR,Almer,St Mary,,,25 May 1828,Robert,,John,Ann,HEDLEY,,,Shepherd,
DOR,Almer,St Mary,,,17 May 1829,William,,George,Mary,BARNES,,,Labourer,
DOR,Almer,St Mary,,,25 Dec 1829,John Henry,,Robert,Sarah,MANUEL,,Mapperton,Labourer,
DOR,Almer,St Mary,,,13 Dec 1829,Charles,,Thomas,Mary,MANUEL,,Mapperton,Labourer,
DOR,Almer,St Mary,,,08 Feb 1829,Mary Anne,,Elisha,Catherine,MILLER,,,Labourer,
DOR,Almer,St Mary,,,03 May 1829,Mary Anne,,Henry,Isabella,SLICHAY?,,,Labourer,
DOR,Almer,St Mary,,,07 Jun 1829,George Bellingham,,George Bellingham,Sophia,UDALL,,,Footman,
DOR,Almer,St Mary,,,07 Mar 1830,,,William,Elizabeth,BARTLETT,,Millers Basin,Labourer,
DOR,Almer,St Mary,,,21 Nov 1830,Jane,,Thomas,Sarah,BITTALL,,,Labourer,
DOR,Almer,St Mary,,,28 Mar 1830,John,,William,Sarah,BROWN,,,Labourer,
DOR,Almer,St Mary,,,28 Mar 1830,Prudence,,Elias,Mary,FOSTER,,Mapperton,Labourer,
DOR,Almer,St Mary,,,24 Oct 1830,Elizabeth,,Thomas,Sarah,HALL,,Charborough,Dairyman,
DOR,Almer,St Mary,,,19 Jan 1830,Sarah Anne,,Thomas,Elizabeth,SHETTLE,,Mapperton,Yeoman,
DOR,Almer,St Mary,,,01 Mar 1830,Elizabeth Mary,,Thomas,Elizabeth,SHETTLE,,Mapperton,Yeoman,
DOR,Almer,St Mary,,,30 Oct 1831,Ann,,William,Sarah,,,,Labourer,
DOR,Almer,St Mary,,,11 Jul 1831,James,,Joseph,Sarah,CRUMPLER,,Mapperton,Labourer,
DOR,Almer,St Mary,,,24 Apr 1831,Josiah,,,Sophia,,CRUMPLER,,,
DOR,Almer,St Mary,,,19 Jun 1831,Elizabeth Marsh,,Isaac,Maria,JARRELL?,,East Almer,Gamekeeper,
DOR,Almer,St Mary,,,17 Jul 1831,Frederick,,Robert,Sarah,MANUEL,,Mapperton,Labourer,
DOR,Almer,St Mary,,,13 Mar 1831,Frederick,,Elisha,Catherine,MILLER,,,,
DOR,Almer,St Mary,,,29 Jan 1832,John,,William,Elizabeth,BARTLETT,,"Millers Farm, Morden",Labourer,
DOR,Almer,St Mary,,,15 Jul 1832,Sarah Jane,,John,Anne,BATTRICK,,Mapperton,Labourer,
DOR,Almer,St Mary,,,02 Dec 1832,Charles Cephas,,Cahrles,Anne,BENNET?,,,Ships Carpenter,
DOR,Almer,St Mary,,,15 Apr 1832,William,,John,Sarah,CRABB,,Mapperton,Dairyman,
DOR,Almer,St Mary,,,19 Feb 1832,Allen,,John,Anne,JHEDLEY,,,Shepherd,
DOR,Almer,St Mary,,,05 Aug 1832,Charlotte,,George,Hannah,MANUEL,,,Labourer,
DOR,Almer,St Mary,,,15 Jul 1832,Henry,,Josoiah,Sarah,MANUEL,,,Labourer,
DOR,Almer,St Mary,,,16 Jul 1832,William James,,Richard,Mary Ann,MANUEL,,Spetisbury,Gardener,
DOR,Almer,St Mary,,,21 Oct 1832,Robert,,Robert,Sarah,MANUEL,,Mapperton,Labourer,
DOR,Almer,St Mary,,,25 Nov 1832,Sarah Ann,,Thomas,Mary,MANUEL,,,Labourer,
DOR,Almer,St Mary,,,05 Jul 1832,John,,Thomas,Elizabeth,SHETTLE,,Mapperton,Yeoman,
DOR,Almer,St Mary,,,09 Feb 1834,John,,James,Rachel,ANSTEY?,,East Almer,Labourer,
DOR,Almer,St Mary,,,21 Aug 1834,Robert,,Thomas,Susannah,BARTLETT,,Charborough Farm,Labourer,Rec into Church
DOR,Almer,St Mary,,,04 Apr 1834,Charlotte Ann,,Edward ,Caroline Ann,BLUNT,,,Clerk,
DOR,Almer,St Mary,,,23 Feb 1834,James,,William,Sophia,GURITON,,,Labourer,
DOR,Almer,St Mary,,,09 Nov 1834,William,,William,Eliza,INGRAM,,Mapperton,Yeoman,
DOR,Almer,St Mary,,,28 Sep 1834,Elizabeth Anne,,Joseph,Hannah,JOHNSON,,Charborough Farm,Labourer,
DOR,Almer,St Mary,,,05 Jan 1834,Emma,,William,Hannah,SELBY,,,Labourer,Rec into Church
DOR,Almer,St Mary,,,Jun 1834,Charles,,Henry,Isabella,STICKLEY,,,Labourer,
DOR,Almer,St Mary,,,04 Oct 1835,William,,Benjamin,Hannah,BARTLETT,,"Millers Farm, Morden",Labourer,
DOR,Almer,St Mary,,,25 Dec 1835,Catherine,,Elizabeth,Elizabeth,BARTLETT,,"Millers Farm, Morden",Labourer,
DOR,Almer,St Mary,,,17 May 1835,George,,John,Ann,BETTRICK,,Mapperton,Labourer,
DOR,Almer,St Mary,,25 Oct 1834,08 Feb 1835,Robert Berkam,,Robert,Louisa,JONES,,"48 Belgrave Sq, London",Footman,
DOR,Almer,St Mary,,,29 Mar 1835,Ellen Ann ,,Samuel,Jane,KNIGHT,,,Labourer,
DOR,Almer,St Mary,,,15 Nov 1835,Abijam,,George ,Hannah,MANUEL,,Mapperton,Labourer,
DOR,Almer,St Mary,,,25 Feb 1835,Emily,,Joossiah,Sarah,MANUEL,,,Labourer,
DOR,Almer,St Mary,,,04 Jan 1835,Jane,,Elisha,Catherine,MILLER,,,Labourer,
DOR,Almer,St Mary,,,04 Oct 1835,William Edward,,Henry,Letitia,SINGLETON,,,Labourer,Rec into Church
DOR,Almer,St Mary,,,01 Nov 1835,Henry Nathaniel,,John,Martha,STICKLEY,,Mapperton,Labourer,
DOR,Almer,St Mary,,,03 Apr 1836,George,,Joseph ,Harriet Soper,CHAFFEY,,Mapperton,Labourer,
DOR,Almer,St Mary,,,27 Nov 1836,Mary Jane,,Samuel,Jane,KNIGHT,,,Labourer,
DOR,Almer,St Mary,,,11 Jul 1836,Jane,,John,Elizabeth,MANUEL,,,Labourer,Rec into Church
DOR,Almer,St Mary,,,10 Jul 1836,Francis Josiah,,William,Eliza,MANUEL,,Mapperton,Labourer,
DOR,Almer,St Mary,,,01 Oct 1837,Phoebe,,John,Anne,BATTERICK,,,Labourer,
DOR,Almer,St Mary,,,06 Aug 1837,Mary Jane,,William,Jane,CHRISTOPHER,,,Labourer,
DOR,Almer,St Mary,,,17 Sep 1837,Mary,,John,Ellen,COX,,,Labourer,
DOR,Almer,St Mary,,,23 May 1837,Eliza,,William,Eliza,INGRAM,,Mapperton,Yeoman,Rec into Church
DOR,Almer,St Mary,,,05 Mar 1837,George Clarks,,Joseph,Hannah ,JOHNSON,,Charborough Farm,Labourer,
DOR,Almer,St Mary,,,18 May 1837,John Durden,,Joseph,Anne,LEGG,,,Yeoman,
DOR,Almer,St Mary,,,16 Apr 1837,Esau,,Josiah,Sarah,MANUEL,,,Labourer,
DOR,Almer,St Mary,,,23 Jul 1837,Charlotte,,Elisha,Catherine,MILLER,,,Labourer,
DOR,Almer,St Mary,,,12 Feb 1837,Emma,,George,Mary,PICKETT,,,Labourer,
DOR,Almer,St Mary,,,08 Oct 1837,John Selby,,Henry,Louisa,RIGGS,,Mapperton,Shepherd,
DOR,Almer,St Mary,,14 Jan 1838,18 Feb 1838,Martha,,Benjamin,Hannah,BARTLETT,,"Millers Farm, Morden",Labourer,
DOR,Almer,St Mary,,,Mar 1838,Jane,,William,Eliza,INGRAM,,Mapperton,Yeoman,
