+INFO,capn-bob@pegleg2.demon.co.uk,password,SEQUENCED,BAPTISMS,,3.01.14
#,CCC,Bob Wilkins,Dorset,DORASHBA5.CSV,31-Jan-2011
#,CREDIT,,
#,26-Mar-2013,BTs,Originally transcribed by Terry Pine
DOR,Ashmore,St Nicholas,,,,John,M,Joseph,Dinah,RIDEOUT,,,,
DOR,Ashmore,St Nicholas,,,17 Mar 1822,Elias Bailey,M,Robert,Sarah,SNOW,,,,
DOR,Ashmore,St Nicholas,,,12 May 1822,Edgar,M,Charles,Rachel,HARE,,,,
DOR,Ashmore,St Nicholas,,,27 Oct 1822,Anthony,M,Philip,Elizabeth,RIDEOUT,,,,
DOR,Ashmore,St Nicholas,,,19 Jan 1823,Jane,F,Jonas,Mary,GREEN,,,,
DOR,Ashmore,St Nicholas,,,12 Oct 1823,Mark,M,Charles,Rachel,HARE,,,,
DOR,Ashmore,St Nicholas,,,12 Oct 1823,Loisa,M,Thomas,Mary,RABBETS,,,,
DOR,Ashmore,St Nicholas,,,12 Oct 1883,Anna,F,Charles,Jane,KELLY,,,,
DOR,Ashmore,St Nicholas,,,23 Nov 1823,William,M,Joseph,Dinah,RIDEOUT,,,,
DOR,Ashmore,St Nicholas,,,13 Feb 1825,Aaron,M,Joseph,Elizabeth,DURNFORD,,,,
DOR,Ashmore,St Nicholas,,,10 Apr 1825,Charles,M,Jacob,Mary,GREEN,,,,
DOR,Ashmore,St Nicholas,,,17 Apr 1825,Jane,F,George,Darah,TAYLOR,,,,
DOR,Ashmore,St Nicholas,,,12 Jun 1825,Sarah,F,Samuel,Sarah,STAINER,,,,
DOR,Ashmore,St Nicholas,,,16 Oct 1825,Sarah,F,Joseph,Dinah,RIDEOUT,,,,
DOR,Ashmore,St Nicholas,,,16 Oct 1825,Julia Cassa,F,John,Martha,RIDEOUT,,,,
DOR,Ashmore,St Nicholas,,,20 Nov 1825,Sarah Marie,F,Charles,Jane,KELLY,,,,
DOR,Ashmore,St Nicholas,,,11 Dec 1825,John David,M,Samuel,Elizabeth,WHEELER,,,,
DOR,Ashmore,St Nicholas,,,26 Oct 1826,David,M,Joseph,Elizabeth,DURNFORD,,,,
DOR,Ashmore,St Nicholas,,02 Feb 1826,03 Dec 1826,Joseph,M,William,Ann,WHEELER,,,,
DOR,Ashmore,St Nicholas,,,24 Dec 1826,Elizabeth,F,Geaorge,Sarah,TAYLOR,,,,
DOR,Ashmore,St Nicholas,,,25 Dec 1826,Jane,F,Isaac,Hannah,RIDEOUT,,,,
DOR,Ashmore,St Nicholas,,,21 Feb 1827,James,M,Charles,Rachel,HARE,,,,Twin to Eleana
DOR,Ashmore,St Nicholas,,,21 Feb 1827,Eleana,F,Charles,Rachel,HARE,,,,Twin to James
DOR,Ashmore,St Nicholas,,,21 Feb 1827,Henry Philip,M,William,Elizabeth,ADLEM,,,,
DOR,Ashmore,St Nicholas,,,24 Jun 1827,Job,M,Benjamin,Mary,BENCH,,,,
DOR,Ashmore,St Nicholas,,,29 Jul 1827,Lucinda,F,Samuel,Christian,RIDOUT,,,,
DOR,Ashmore,St Nicholas,,,21 Oct 1827,James,M,Samuel,Elizabeth,WHEELER,,,,
DOR,Ashmore,St Nicholas,,,04 Nov 1827,Maria,F,John,Martha,RIDEOUT,,,,
DOR,Ashmore,St Nicholas,,,11 Nov 1827,Mary Ann,F,Thomas,Mary,RABBETS,,,,
DOR,Ashmore,St Nicholas,,,24 Feb 1828,John,M,John,Virtue,TAYLOR,,,,
DOR,Ashmore,St Nicholas,,,16 Mar 1828,Josiah,M,Joseph,Dinah,RIDOUT,,,,
DOR,Ashmore,St Nicholas,,,04 May 1828,Ann,F,George,Caroline,COOMBS,,,,
DOR,Ashmore,St Nicholas,,,31 Aug 1828,Rosetta,F,George,Sarah,TAYLOR,,,,
DOR,Ashmore,St Nicholas,,,23 Nov 1828,Mary,F,Charles,Rachel,HARE,,,,
DOR,Ashmore,St Nicholas,,,11 Jan 1829,Henry,M,William,Ann,WHEELER,,,,
DOR,Ashmore,St Nicholas,,,11 Jan 1829,Abner,M,Charles,Jane,KELLY,,,,
DOR,Ashmore,St Nicholas,,,05 Jul 1829,Samuel,M,William,Harriet,HISCOCK,,,,
DOR,Ashmore,St Nicholas,,,20 Sep 1829,Anna,F,William,Elizabeth,ADLEM,,,,
DOR,Ashmore,St Nicholas,,,01 Nov 1829,Eliza,F,John,Martha,RIDOUT,,,,
DOR,Ashmore,St Nicholas,,,31 Jan 1830,Dinah,F,Charles,Rachel,HARE,,,,
DOR,Ashmore,St Nicholas,,,07 Mar 1830,Joseph,M,Samuel,Elizabeth,WHEELER,,,,
DOR,Ashmore,St Nicholas,,,11 Apr 1830,Louisa,F,,Mary,MAIDMENT,,,,
DOR,Ashmore,St Nicholas,,,16 May 1830,Francis,F,Banjamin,Mary,BENCH,,,,
DOR,Ashmore,St Nicholas,,,14 Jul 1830,John,M,George,Caroline,COOMBS,,,,
DOR,Ashmore,St Nicholas,,,15 Aug 1830,Jane,F,Jacob,Mary,GREEN,,,,
DOR,Ashmore,St Nicholas,,,19 Sep 1830,Charles,M,George,Sarah,TAYLOR,,,,
DOR,Ashmore,St Nicholas,,,25 Dec 1830,James,M,,Anna,SUTTON,,,,
DOR,Ashmore,St Nicholas,,,02 Mar 1831,George,M,Joseph,Ann,LUSH,,,,
DOR,Ashmore,St Nicholas,,,20 Mar 1831,George,M,Morris,Jane,DAVIDGE,,,,
DOR,Ashmore,St Nicholas,,,17 Apr 1831,Anna,F,Charles,Rachel,HARE,,,,
DOR,Ashmore,St Nicholas,,,29 May 1831,Anne,F,Henry,Sophia,BAKER,,,,
DOR,Ashmore,St Nicholas,,,28 Aug 1831,John,M,Richard,Mary Ann,TURNER,,,,
DOR,Ashmore,St Nicholas,,,20 Nov 1831,David,M,John,Virtue,TAYLOR,,,,
DOR,Ashmore,St Nicholas,,,08 Jan 1832,John,M,George,Caroline,COOMBS,,,,
DOR,Ashmore,St Nicholas,,,05 Feb 1832,George Robert,M,Samuel,Christian,RIDOUT,,,,
DOR,Ashmore,St Nicholas,,,25 Jul 1832,Nehemiah,M,Samuel,Elizabeth,WHEELER,,,,
DOR,Ashmore,St Nicholas,,,30 Sep 1832,William,M,William,Elizabeth,ADLEM,,,,
DOR,Ashmore,St Nicholas,,,30 Sep 1832,Ann Elizabeth,F,John,Charlotte,DAVIES,,,,
DOR,Ashmore,St Nicholas,,,14 Apr 1833,Eliza,F,George,Sarah,TAYLOR,,,,
DOR,Ashmore,St Nicholas,,,26 May 1833,Harriet,F,Morris,Jane,DAVIDGE,,,,
DOR,Ashmore,St Nicholas,,,09 Jun 1833,Tabitha,F,Charles,Rachel,HARE,,,,
DOR,Ashmore,St Nicholas,,,09 Aug 1833,Ellen,F,Charles,Jane,KELLY,,,,
DOR,Ashmore,St Nicholas,,,01 Dec 1833,George,M,Thomas,Mary,RIDOUT,,,,
DOR,Ashmore,St Nicholas,,,01 Mar 1835,Emily,F,Arthur,Mary Ann,WHEELER,,,,
DOR,Ashmore,St Nicholas,,,01 Mar 1835,John,M,Charles,Rachel,HARE,,,,
DOR,Ashmore,St Nicholas,,,08 Mar 1835,Thomas,M,George,Sarah,TAYLOR,,,,
DOR,Ashmore,St Nicholas,,,26 Apr 1835,Mary Ann,F,Joseph,Ann,LUSH,,,,
DOR,Ashmore,St Nicholas,,,10 Aug 1835,William,M,Josoiah,Eliza,RABBETS,,,,
DOR,Ashmore,St Nicholas,,,27 Sep 1835,Stephen,M,William,Anne,TURNER,,,,
DOR,Ashmore,St Nicholas,,,18 Oct 1835,Thomas,M,Morris,Jane,DAVIDGE,,,,
DOR,Ashmore,St Nicholas,,,17 Oct 1835,Eliza,F,Benjamin,Mary,BENCH,,,,
DOR,Ashmore,St Nicholas,,,11 Mar 1836,Harriet,M,Thomas,Mary,RIDEOUT,,,,
DOR,Ashmore,St Nicholas,,,06 Apr 1836,Deborah,F,George,Hannah,WILKINS,,,,
DOR,Ashmore,St Nicholas,,,31 Jul 1836,Isaac,M,William,Elizabeth,ADLEM,,,,
DOR,Ashmore,St Nicholas,,,21 Dec 1836,Selina Jane,F,Josiah,Elizabeth,RABBETS,,,,
DOR,Ashmore,St Nicholas,,,19 Feb 1837,Mary,F,Henry,Maria,RABBETS,,,,
DOR,Ashmore,St Nicholas,,,26 Apr 1837,Makela,F,James,Hariet,BURTON,,,,
DOR,Ashmore,St Nicholas,,,17 May 1837,Elizabeth Louise,F,Samuel,Elizabeth,WHEELER,,,,
DOR,Ashmore,St Nicholas,,,17 Dec 1837,Wiliam,M,George,Elizabeth,RIDOUT,,,,
DOR,Ashmore,St Nicholas,,,10 Mar 1838,Rachel,F,George,Anna,STREET,,,,
DOR,Ashmore,St Nicholas,,,22 Apr 1838,Charles,M,Arthur,Mary Ann,WHEELER,,,,
DOR,Ashmore,St Nicholas,,,22 Apr 1838,Abel,M,Isaac,Mary Ann,RABBETS,,,,
DOR,Ashmore,St Nicholas,,,03 May 1838,Joseph,M,Morris,Jane,DAVIDGE,,,,
DOR,Ashmore,St Nicholas,,,13 Jan 1839,Ann,F,Henry,Maria,RABBETS,,,,
DOR,Ashmore,St Nicholas,,,,,,,,,,,,
DOR,Ashmore,St Nicholas,,,,,,,,,,,,
DOR,Ashmore,St Nicholas,,,,,,,,,,,,
DOR,Ashmore,St Nicholas,,,,,,,,,,,,
DOR,Ashmore,St Nicholas,,,,,,,,,,,,
