+INFO,capn-bob@pegleg2.demon.co.uk,password,SEQUENCED,BAPTISMS,,3.01.14
#,CCC,Robert Wilkins,Dorset,DORBLABA.CSV,01-Jun-2011
#,CREDIT,Robert Wilkins,capn-bob@pegleg2.demon.co.uk
#,26-Mar-2013,Copy of actual Register,
+LDS
DOR,Blandford Forum,Independant Chapel Of Protestant Dissenters,,,26 Dec 1785,Sarah,F,Joseph,Mary,MULLETT,,Cheselbourne,,,,
DOR,Blandford Forum,Independant Chapel Of Protestant Dissenters,,,11 Mar 1786,Susanna,F,Samuel,Mary,SOPER,,Blandford Forum,,,,
DOR,Blandford Forum,Independant Chapel Of Protestant Dissenters,,,21 May 1786,William,,John,Sarah,ELKINS,,Blandford Forum,,,,
DOR,Blandford Forum,Independant Chapel Of Protestant Dissenters,,01 May 1785,09 Nov 1785,Bernard Lumbert,M,Phillip,Ann,WILMOT,,Shaftesbury,,,,
DOR,Blandford Forum,Independant Chapel Of Protestant Dissenters,,08 May 1786,05 Nov 1786,James,M,James,Elizabeth,MOON,,Blandford Forum,,,,
DOR,Blandford Forum,Independant Chapel Of Protestant Dissenters,,22 Jul 1786,02 Aug 1786,Mary Ann,F,John,Elizabeth,BUTT,BUTT,Blandford Forum,,,,
DOR,Blandford Forum,Independant Chapel Of Protestant Dissenters,,03 Jul 1786,04 Jul 1786,Frances,F,Thomas,Mary,ROLLS,ROLLS,Blandford Forum,,,,
DOR,Blandford Forum,Independant Chapel Of Protestant Dissenters,,01 Sep 1786,01 Oct 1786,John,M,Thomas,Susanne,BUDDEN,BUDDEN,Blandford Forum,,,,
DOR,Blandford Forum,Independant Chapel Of Protestant Dissenters,,10 Sep 1786,01 Oct 1786,John,M,Benjamin,Mary,LUSH,LUSH,Blandford Forum,,,,
DOR,Blandford Forum,Independant Chapel Of Protestant Dissenters,,24 Nov 1786,18 Dec 1786,Hannah,F,William,Catherine,FISHER,FISHER,Blandford Forum,,,,
DOR,Blandford Forum,Independant Chapel Of Protestant Dissenters,,10 Jan 1787,09 Feb 1787,Rebecca,F,William,Sarah,HINVILLE,HINVILLE,Blandford Forum,,,,
DOR,Blandford Forum,Independant Chapel Of Protestant Dissenters,,10 Feb 1787,30 Mar 1787,Elizabeth,F,John,Elizabeth,MITCHELL,MITCHELL,Blandford Forum,,,,
DOR,Blandford Forum,Independant Chapel Of Protestant Dissenters,,16 Mar 1787,11 Apr 1787,Samuel,M,Joseph,Hannah,MITCHELL,,Blandford Forum,,,,
DOR,Blandford Forum,Independant Chapel Of Protestant Dissenters,,01 May 1787,28 May 1787,Catherine,F,Joseph,Jane,BROWNING,BROWNING,Dorchester,,,,
DOR,Blandford Forum,Independant Chapel Of Protestant Dissenters,,22 Jul 1787,29 Jul 1787,Elizabeth,F,William,Sarah,BILLINGS,BILLINGS,Blandford Forum,,,,
DOR,Blandford Forum,Independant Chapel Of Protestant Dissenters,,02 Jul 1787,29 Jul 1787,Sarah,F,William,Sarah,BILLINGS,BILLINGS,Blandford Forum,,,,
DOR,Blandford Forum,Independant Chapel Of Protestant Dissenters,,16 Jun 1787,01 Aug 1787,Sarah,F,Joseph,Mary,MULLET,MULLET,Cheselbourne,,,,
DOR,Blandford Forum,Independant Chapel Of Protestant Dissenters,,22 Sep 1787,01 Oct 1787,Robert,M,John,Mary,HICKS,HICKS,Blandford Forum,,,,
DOR,Blandford Forum,Independant Chapel Of Protestant Dissenters,,21 Aug 1788,04 Sep 1788,William,M,John,Mary,BENSON,BENSON,Blandford Forum,,,,
DOR,Blandford Forum,Independant Chapel Of Protestant Dissenters,,03 Feb 1789,24 Feb 1789,Josiah,M,John,Elizabeth,MICHEL,MICHEL,Blandford Forum,,,,
DOR,Blandford Forum,Independant Chapel Of Protestant Dissenters,,11 Apr 1789,18 May 1789,Mary,F,Joseph,Jenny,MANUEL,MANUEL,Bloxworth,,,,
DOR,Blandford Forum,Independant Chapel Of Protestant Dissenters,,06 Oct 1779,10 Sep 1789,Martha Ann,F,William,Ann,SNOOKE,SNOOKE,Burton-on-the-Water (GLO),,,,
DOR,Blandford Forum,Independant Chapel Of Protestant Dissenters,,15 Oct 1789,28 Oct 1789,Phillip,M,Hugh,Betty,PITNEY,PITNEY,Blandford Forum,,,,
DOR,Blandford Forum,Independant Chapel Of Protestant Dissenters,,30 Oct 1789,02 Jan 1790,Sarah,F,Joseph,Hannah,MITCHELL,MITCHELL,Blandford Forum,,,,
DOR,Blandford Forum,Independant Chapel Of Protestant Dissenters,,26 Mar 1790,30 May 1790,Susannah,F,William,Catherine,FISHER,,Blandford Forum,,,,
DOR,Blandford Forum,Independant Chapel Of Protestant Dissenters,,10 Jul 1790,10 Jul 1790,Susan,F,Henry,Mary,LANCER,LANCER,Blandford Forum,,,,
DOR,Blandford Forum,Independant Chapel Of Protestant Dissenters,,06 Aug 1790,14 Sep 1790,Hannah,F,Thomas,Susannah,BUDDEN,,Blandford Forum,,,,
DOR,Blandford Forum,Independant Chapel Of Protestant Dissenters,,18 Sep 1790,19 Oct 1790,Sophia,F,Lemuel,Mary,GULLIVER,,Charlton,,,,
DOR,Blandford Forum,Independant Chapel Of Protestant Dissenters,,25 Oct 1790,29 Oct 1790,John,M,John,Mary,SHORT,,Blandford Forum,,,,
DOR,Blandford Forum,Independant Chapel Of Protestant Dissenters,,28 Dec 1790,24 Jan 1791,John,M,Thomas,Mary,ROLLS,,Blandford Forum,,,,
DOR,Blandford Forum,Independant Chapel Of Protestant Dissenters,,31 Mar 1791,01 Apr 1791,Ann,F,John,Elizabeth,MITCHELL,,Blandford Forum,,,,
DOR,Blandford Forum,Independant Chapel Of Protestant Dissenters,,25 Aug 1791,15 Sep 1791,Ann,F,Hugh,Betty,PITNEY,,Blandford Forum,,,,
DOR,Blandford Forum,Independant Chapel Of Protestant Dissenters,,21 Oct 1791,17 Oct 1791,Hannah,F,Joseph,Elizabeth,MITCHEL,,Blandford Forum,,,,
DOR,Blandford Forum,Independant Chapel Of Protestant Dissenters,,18 Nov 1791,18 Dec 1791,Angel Simms,M,John Angel,Mary,HODGES,,Blandford Forum,,,,
DOR,Blandford Forum,Independant Chapel Of Protestant Dissenters,,30 Jan 1792,19 Feb 1792,Henry,M,Thomas,Susanna,BUDDEN,,Blandford Forum,,,,
DOR,Blandford Forum,Independant Chapel Of Protestant Dissenters,,12 Apr 1792,15 Apr 1792,Mary,F,Samuel,Mary,SOPER,,Blandford Forum,,,,
DOR,Blandford Forum,Independant Chapel Of Protestant Dissenters,,27 May 1792,03 Jun 1792,Arabella,F,Henry,Mary,LANCER,,Blandford Forum,,,,
DOR,Blandford Forum,Independant Chapel Of Protestant Dissenters,,18 Oct 1792,01 Nov 1792,John,M,Joseph,Hannah,MITCHEL,,Blandford Forum,,,,
DOR,Blandford Forum,Independant Chapel Of Protestant Dissenters,,05 Mar 1793,20 Mar 1793,Josiah,M,John,Elizabeth,MITCHELL,,Blandford Forum,,,,
DOR,Blandford Forum,Independant Chapel Of Protestant Dissenters,,07 Apr 1793,12 May 1793,Robert,M,Robert,Frances,MOSS,,Blandford Forum,,,,
DOR,Blandford Forum,Independant Chapel Of Protestant Dissenters,,13 Dec 1793,16 Dec 1793,Robert,M,Joseph,Elizabeth,MITCHEL,,Blandford Forum,,,,
DOR,Blandford Forum,Independant Chapel Of Protestant Dissenters,,22 Apr 1794,20 May 1794,Martha,F,Hugh,Betty,PITNEY,,Blandford Forum,,,,
DOR,Blandford Forum,Independant Chapel Of Protestant Dissenters,,31 Jul 1760,15 Sep 1760,Ann,F,Robert,Ann,BELLOWS,,Blandford Forum,,,,
DOR,Blandford Forum,Independant Chapel Of Protestant Dissenters,,20 Nov 1760,16 Jan 1761,Sarah,F,Sam,Ann,BELLOWS,,Blandford Forum,,,,
DOR,Blandford Forum,Independant Chapel Of Protestant Dissenters,,27 Oct 1760,08 Feb 1761,Elizabeth,F,George,Martha,BENSON,,Blandford Forum,,,,
DOR,Blandford Forum,Independant Chapel Of Protestant Dissenters,,09 Feb 1761,01 Apr 1761,Elizabeth,F,,,MEATYARD,,East Orchard,,,,
DOR,Blandford Forum,Independant Chapel Of Protestant Dissenters,,13 May 1761,15 May 1761,Constance,F,Henry,Sarah,FIELD,,Blandford Forum,,,,
DOR,Blandford Forum,Independant Chapel Of Protestant Dissenters,,27 Jul 1761,29 Jul 1761,Mary,F,John,Elizabeth,HOWARD,,Blandford Forum,,,,
DOR,Blandford Forum,Independant Chapel Of Protestant Dissenters,,16 Aug 1761,04 Oct 1761,Susannah,F,Samuel,Elizabeth,LUSH,,Blandford Forum,,,,
DOR,Blandford Forum,Independant Chapel Of Protestant Dissenters,,24 Sep 1761,04 Oct 1761,Edward,M,Thomas,Catherine,ROSE,,Blandford Forum,,,,
DOR,Blandford Forum,Independant Chapel Of Protestant Dissenters,,20 Nov 1761,16 Dec 1761,Edward,M,Edward,Mary,WYATT,,Blandford Forum,,,,
DOR,Blandford Forum,Independant Chapel Of Protestant Dissenters,,17 Dec 1761,04 Jan 1762,Betty,F,Wiliam,Susannah,MICHELL,,Blandford Forum,,,,
DOR,Blandford Forum,Independant Chapel Of Protestant Dissenters,,23 Mar 1762,16 May 1762,Martha,M,Sam,Ann,EVANS,,Blandford Forum,,,,
DOR,Blandford Forum,Independant Chapel Of Protestant Dissenters,,27 Apr 1762,20 May 1762,Thomas,M,Andrew,Mary,LINY,,Blandford Forum,,,,
DOR,Blandford Forum,Independant Chapel Of Protestant Dissenters,,14 May 1762,13 Aug 1762,George,M,Joseph,Martha,HOLDWAY,,Blandford Forum,,,,
DOR,Blandford Forum,Independant Chapel Of Protestant Dissenters,,13 Nov 1762,24 Nov 1762,Joseph,M,Henry,Jane,HICKS,,Blandford Forum,,,,
DOR,Blandford Forum,Independant Chapel Of Protestant Dissenters,,26 Nov 1762,14 Dec 1762,William,M,Sam,Elizabeth,LUSH,,Blandford Forum,,,,
DOR,Blandford Forum,Independant Chapel Of Protestant Dissenters,,30 Jan 1763,03 Feb 1763,Elizabeth,F,Samuel,Mary,SCUTT,,Blandford Forum,,,,
DOR,Blandford Forum,Independant Chapel Of Protestant Dissenters,,08 Mar 1763,20 Mar 1763,Richard,M,Samuel,Ann,BELLOWS,,Blandford Forum,,,,
DOR,Blandford Forum,Independant Chapel Of Protestant Dissenters,,16 May 1763,21 May 1763,Susanna,F,James,Mary,BARTLET,,Blandford Forum,,,,
DOR,Blandford Forum,Independant Chapel Of Protestant Dissenters,,18 Dec 1762,23 May 1763,Charlotte,F,George,Martha,BENSON,,Blandford Forum,,,,
DOR,Blandford Forum,Independant Chapel Of Protestant Dissenters,,10 May 1763,07 Jun 1763,Martha,F,John,Hester,HILL,,,,,,
DOR,Blandford Forum,Independant Chapel Of Protestant Dissenters,,02 Jun 1763,06 Jul 1763,Jane,M,Thomas,Catherine,ROSE,,Blandford Forum,,,,
DOR,Blandford Forum,Independant Chapel Of Protestant Dissenters,,07 Oct 1763,16 Oct 1763,Richard,M,Thomas,Sarah,LANCER,,Blandford Forum,,,,
DOR,Blandford Forum,Independant Chapel Of Protestant Dissenters,,07 Dec 1763,10 Dec 1763,Catherine,F,Thomas,Martha,BUDDEN,,Blandford Forum,,,,
DOR,Blandford Forum,Independant Chapel Of Protestant Dissenters,,22 Dec 1763,02 Jan 1764,Ann,F,John,Martha,EDMONDS,,Blandford Forum,,,,
DOR,Blandford Forum,Independant Chapel Of Protestant Dissenters,,03 Nov 1763,06 Jan 1764,Sarah,F,John,Mary,LOCKIER,,Charlton,,,,
DOR,Blandford Forum,Independant Chapel Of Protestant Dissenters,,01 Feb 1764,01 Feb 1764,Benjamin,M,Edward,Mary,WYATT,,Blandford Forum,,,,
DOR,Blandford Forum,Independant Chapel Of Protestant Dissenters,,02 Feb 1764,27 Feb 1764,Margaret,F,William,Mary,CAMPBEL,,Blandford Forum,,,,
DOR,Blandford Forum,Independant Chapel Of Protestant Dissenters,,29 Mar 1764,09 Apr 1764,Charlotte,F,John,Sarah,WHITE,,Blandford Forum,,,,
DOR,Blandford Forum,Independant Chapel Of Protestant Dissenters,,23 Mar 1764,22 Apr 1764,Mary,F,Richard,Ann,BUTLER,,Blandford Forum,,,,
DOR,Blandford Forum,Independant Chapel Of Protestant Dissenters,,22 Apr 1764,10 May 1764,Catherine,F,William,Mary,CHRISTIE,,Blandford Forum,,,,
DOR,Blandford Forum,Independant Chapel Of Protestant Dissenters,,22 May 1764,27 May 1764,Hannah,F,Robert,Jane,DAY,,,,"Abode ""Unsettled",,
DOR,Blandford Forum,Independant Chapel Of Protestant Dissenters,,08 Jun 1764,27 Jun 1764,Henry,M,Andrew,Mary,LINE,,Blandford Forum,,,,
DOR,Blandford Forum,Independant Chapel Of Protestant Dissenters,,25 Jun 1764,02 Jul 1764,Mary,F,William,Mary,WINTER,,Blandford Forum,,,,
DOR,Blandford Forum,Independant Chapel Of Protestant Dissenters,,30 Jun 1764,29 Jul 1764,Thomas,M,William,Jane,GREENSIDE,,,,"Abode ""Unsettled",,
DOR,Blandford Forum,Independant Chapel Of Protestant Dissenters,,16 Jul 1764,02 Aug 1764,Sarah,F,William,Susannah,NICHOLLS,,Blandford Forum,,,,
DOR,Blandford Forum,Independant Chapel Of Protestant Dissenters,,10 Jul 1764,26 Aug 1764,Ann,F,Samuel,Ann,EVANS,,Blandford Forum,,,,
DOR,Blandford Forum,Independant Chapel Of Protestant Dissenters,,26 Oct 1764,27 Oct 1764,Mary,F,Samuel,Mary,SCUTT,,Blandford Forum,,,,
DOR,Blandford Forum,Independant Chapel Of Protestant Dissenters,,23 Oct 1764,01 Nov 1764,John,M,John,MARY,REYNOLDS,,BLandford Forum,,,,
DOR,Blandford Forum,Independant Chapel Of Protestant Dissenters,,03 Dec 1764,20 Dec 1764,Elizabeth,F,Henry,Ann,MOORE,,Blandford Forum,,,,
DOR,Blandford Forum,Independant Chapel Of Protestant Dissenters,,23 Jan 1765,03 Feb 1765,Elizabeth,F,William,Betty,CAMPBELL,,Blandford Forum,,,,
DOR,Blandford Forum,Independant Chapel Of Protestant Dissenters,,03 Feb 1765,10 Feb 1765,Joseph,F,Joseph,Martha,HOLDWAY,,Blandford Forum,,,,
DOR,Blandford Forum,Independant Chapel Of Protestant Dissenters,,29 Jan 1765,24 Feb 1765,Thomas,M,John,Hannah,LINE,,Blandford Forum,,,,
DOR,Blandford Forum,Independant Chapel Of Protestant Dissenters,,16 Feb 1765,03 Mar 1765,Susanna,F,James,Mary,BARTLET,,Blandford Forum,,,,
DOR,Blandford Forum,Independant Chapel Of Protestant Dissenters,,22 Feb 1765,01 Apr 1765,Catherine,F,Thomas,Catherine,ROSE,,Blandford Forum,,,,
DOR,Blandford Forum,Independant Chapel Of Protestant Dissenters,,20 May 1765,13 Jun 1765,William,M,Joseph,Elizabeth,GELLIBRAND,,Edmonton,,,,
DOR,Blandford Forum,Independant Chapel Of Protestant Dissenters,,03 Jul 1765,30 Jul 1765,John,M,John,Sarah,WHITE,,Blandford Forum,,,,
DOR,Blandford Forum,Independant Chapel Of Protestant Dissenters,,22 Jun 1765,08 Jul 1765,William,M,John,Martha,EDMUNDS,,Blandford Forum,,,,
DOR,Blandford Forum,Independant Chapel Of Protestant Dissenters,,03 May 1765,01 Jul 1765,Jenny,F,William,Mary,CHRISTIE,,Blandford Forum,,,,
DOR,Blandford Forum,Independant Chapel Of Protestant Dissenters,,27 Sep 1765,06 Oct 1765,William,M,Thomas,Hannah,BRIDGFORD,,,,"Abode ""Unsettled",,
DOR,Blandford Forum,Independant Chapel Of Protestant Dissenters,,24 Sep 1765,09 Oct 1765,Elizabeth,F,William,Mary,WINTER,,Blandford Forum,,,,
DOR,Blandford Forum,Independant Chapel Of Protestant Dissenters,,12 Aug 1765,27 Oct 1765,Wilmor?,M,George,Martha,BENSON,,Blandford Forum,,,,
DOR,Blandford Forum,Independant Chapel Of Protestant Dissenters,,09 Oct 1765,12 Nov 1765,Thomas,M,Samuel,Ann,BELLOWS,,Bere Regis,,,,
DOR,Blandford Forum,Independant Chapel Of Protestant Dissenters,,20 Nov 1765,31 Dec 1765,Hannah,F,Samuel,Sarah,HORDER,,Blandford Forum,,,,
DOR,Blandford Forum,Independant Chapel Of Protestant Dissenters,,26 Dec 1765,06 Jan 1766,Henry,M,Henry,Jane,HICKS,,Blandford Forum,,,,
DOR,Blandford Forum,Independant Chapel Of Protestant Dissenters,,16 Dec 1765,19 Jan 1766,Samuel,M,Samuel,Elizabeth,LUSH,,Blandford Forum,,,,
DOR,Blandford Forum,Independant Chapel Of Protestant Dissenters,,09 May 1766,21 May 1766,Molly,F,Andrew,Mary,LINE,,Bandford Forum,,,,
DOR,Blandford Forum,Independant Chapel Of Protestant Dissenters,,16 Apr 1766,20 Jun 1766,Franscilla,F,Thomas,Sarah,CHURCH,,Bourton,,,,
DOR,Blandford Forum,Independant Chapel Of Protestant Dissenters,,26 Jul 1766,20 Aug 1766,Sarah,F,John,Hester,HILL,,Langton Long,,,,
DOR,Blandford Forum,Independant Chapel Of Protestant Dissenters,,19 Aug 1766,20 Aug 1766,Susanna,F,Sam,Ann,EVANS,,Blandford Forum,,,,
DOR,Blandford Forum,Independant Chapel Of Protestant Dissenters,,22 Aug 1766,08 Sep 1766,Martha,F,William,Betty,CAMPBELL,,Blandford Forum,,,,
DOR,Blandford Forum,Independant Chapel Of Protestant Dissenters,,06 Sep 1766,03 Oct 1766,Elizabeth,F,John,Hannah,EVANS,,Spetisbury,,,,
DOR,Blandford Forum,Independant Chapel Of Protestant Dissenters,,04 Nov 1766,05 Nov 1766,Benjamin,M,Edward,Mary,WYATT,,Blandford Forum,,,,
DOR,Blandford Forum,Independant Chapel Of Protestant Dissenters,,10 Dec 1766,18 Jan 1767,Sarah,F,James,Mary,BARTLET,,Blandford Forum,,,,
DOR,Blandford Forum,Independant Chapel Of Protestant Dissenters,,08 Jan 1767,29 Jan 1767,Jane,F,William,Mary,CHRISTIE,,Blandford Forum,,,,
DOR,Blandford Forum,Independant Chapel Of Protestant Dissenters,,17 Mar 1767,09 Apr 1767,John,M,Thomas,Elizabeth,COWARD,,Blandford Forum,,,,
DOR,Blandford Forum,Independant Chapel Of Protestant Dissenters,,09 Apr 1767,07 May 1767,Ann,F,John,Martha,EDMONDS,,Blandford Forum,,,,
DOR,Blandford Forum,Independant Chapel Of Protestant Dissenters,,07 May 1767,10 Jun 1767,Frances,F,William,Suvail,NICHOLLS,,Blandford Forum,,,,
DOR,Blandford Forum,Independant Chapel Of Protestant Dissenters,,20 Mar 1767,18 Jun 1767,Thomas,M,Thomas,Catherine,ROSE,,Blandford Forum,,,,
DOR,Blandford Forum,Independant Chapel Of Protestant Dissenters,,12 Aug 1767,30 Aug 1767,Susanna,F,Samuel,Sarah,HORDER,,Blandford Forum,,,,
DOR,Blandford Forum,Independant Chapel Of Protestant Dissenters,,16 Oct 1767,11 Nov 1767,Henry,M,Thomas,Sarah,LANCE,,Blandford Forum,,,,
DOR,Blandford Forum,Independant Chapel Of Protestant Dissenters,,,10 Dec 1767,Robert,M,Joseph,Martha,HOLDWAY,,Blandford Forum,,,,
DOR,Blandford Forum,Independant Chapel Of Protestant Dissenters,,06 Jan 1768,18 Jan 1768,William,M,Andrew,Mary,LINE,,Blandford Forum,,,,
DOR,Blandford Forum,Independant Chapel Of Protestant Dissenters,,12 Apr 1768,17 Apr 1768,George,M,George,Ann,MORGAN,,,,"Abode ""Unsettled",,
DOR,Blandford Forum,Independant Chapel Of Protestant Dissenters,,05 Apr 1768,19 Apr 1768,Jane,M,Henry,Jane,HICKS,,Blandford Forum,,,,
DOR,Blandford Forum,Independant Chapel Of Protestant Dissenters,,03 Mar 1768,25 Mar 1768,Elizabeth,F,Samuel,Elizabeth,LUSH,,Blandford Forum,,,,
DOR,Blandford Forum,Independant Chapel Of Protestant Dissenters,,01 Feb 1768,10 Apr 1768,Benjamin,M,George,Martha,BENSON,,Blandford Forum,,,,
DOR,Blandford Forum,Independant Chapel Of Protestant Dissenters,,19 Mar 1768,10 Apr 1768,Betsey,F,John,Mary,REYNOLDS,,Blandford Forum,,,,
DOR,Blandford Forum,Independant Chapel Of Protestant Dissenters,,18 Mar 1768,17 Apr 1768,William,M,William,Mary,CHRISTIE,,Blandford Forum,,,,
DOR,Blandford Forum,Independant Chapel Of Protestant Dissenters,,09 Jun 1768,26 Jun 1768,Sarah,F,Henry,Sarah,FIELD,,Blandford Forum,,,,
DOR,Blandford Forum,Independant Chapel Of Protestant Dissenters,,06 Jun 1768,03 Jul 1768,Mary,F,Asher,Elizabeth,NORRIS,,BLandford Forum,,,,
DOR,Blandford Forum,Independant Chapel Of Protestant Dissenters,,13 Dec 1768,26 Feb 1769,Sarah,F,Samuel,Anne,EVANS,,Blandford Forum,,,,
DOR,Blandford Forum,Independant Chapel Of Protestant Dissenters,,10 Jan 1769,02 Mar 1769,William,M,Thomas,Catherine,ROSE,,Blandford Forum,,,,
DOR,Blandford Forum,Independant Chapel Of Protestant Dissenters,,14 Mar 1769,16 May 1769,Elizabeth,F,John,Mary,LOCKIER,,Charlton,,,,
DOR,Blandford Forum,Independant Chapel Of Protestant Dissenters,,20 Jul 1768,05 Sep 1768,Elizabeth,F,Lampton,Elizabeth,BROWN,,,,"Abode ""Unsettled",,
DOR,Blandford Forum,Independant Chapel Of Protestant Dissenters,,15 Dec 1768,02 Jan 1769,Mary,F,John,Martha,EDMONDS,,Blandford Forum,,,,
DOR,Blandford Forum,Independant Chapel Of Protestant Dissenters,,08 May 1769,17 May 1769,William,M,William,Jane,COOMBS,,BLandford Forum,,,,
DOR,Blandford Forum,Independant Chapel Of Protestant Dissenters,,25 May 1769,11 Jun 1769,Sarah,F,John,Susannah,HODGES,,BLandford Forum,,,,
DOR,Blandford Forum,Independant Chapel Of Protestant Dissenters,,07 Dec 1768,18 Jun 1769,Ann,F,William,Ann,SNOOK,,Bourton,,,,
DOR,Blandford Forum,Independant Chapel Of Protestant Dissenters,,06 Jul 1769,06 Aug 1769,Betty,F,James,Mary,BARTLETT,,Blandford Forum,,,,
DOR,Blandford Forum,Independant Chapel Of Protestant Dissenters,,,,,,,,,,,,,,
DOR,Blandford Forum,Independant Chapel Of Protestant Dissenters,,07 Sep 1769,29 Sep 1769,Susanna,F,Henry,Sarah,FIELD,,Blandford Forum,,,,
DOR,Blandford Forum,Independant Chapel Of Protestant Dissenters,,30 Sep 1769,11 Oct 1769,Samuel,M,John,Mary,REYNOLDS,,Blandford Forum,,,,
DOR,Blandford Forum,Independant Chapel Of Protestant Dissenters,,03 Nov 1769,21 Nov 1769,Jeremiah,M,Asher,Elizabeth,NORRIS,,Blandford Forum,,,,
DOR,Blandford Forum,Independant Chapel Of Protestant Dissenters,,17 Oct 1769,10 Dec 1769,Henry,M,Thomas,Elizabeth,COWARD,,Blandford Forum,,,,
DOR,Blandford Forum,Independant Chapel Of Protestant Dissenters,,22 Jan 1770,02 Feb 1770,George,M,John,Mary,HICKS,,Blandford Forum,,,,
DOR,Blandford Forum,Independant Chapel Of Protestant Dissenters,,19 Feb 1764,03 Apr 1770,Barnaby,M,Joseph,Abigail,WILCOX,,Ringwood,,,,
DOR,Blandford Forum,Independant Chapel Of Protestant Dissenters,,13 Sep 1767,03 Apr 1770,Betsey,F,Joseph,Abigail,WILCOX,,Ringwood,,,,
DOR,Blandford Forum,Independant Chapel Of Protestant Dissenters,,13 Mar 1770,09 Apr 1770,John,M,William,Ann,DEVERILL,,,,,,
DOR,Blandford Forum,Independant Chapel Of Protestant Dissenters,,27 Apr 1770,07 May 1770,Sarah,F,Benjamin,Sarah,WELLER,,,,,,
DOR,Blandford Forum,Independant Chapel Of Protestant Dissenters,,12 Apr 1770,21 May 1770,Joseph,M,Howard,Mary,WYATT,,,,,,
DOR,Blandford Forum,Independant Chapel Of Protestant Dissenters,,09 Jun 1770,19 Jun 1770,Ann,F,Samuel,Elizabeth,LUSH,,Blandford Forum,,,,
DOR,Blandford Forum,Independant Chapel Of Protestant Dissenters,,20 Sep 1770,04 Oct 1770,Joseph,M,Henry,Jane,HICKS,,Blandford Forum,,,,
DOR,Blandford Forum,Independant Chapel Of Protestant Dissenters,,15 Sep 1770,14 Oct 1770,Mary Angel,F,John,Susanna,HODGES,,Bandford Forum,,,,
DOR,Blandford Forum,Independant Chapel Of Protestant Dissenters,,17 Jul 1770,06 Nov 1770,Sarah,F,Samuel,Ann,EVANS,,Bandford Forum,,,,
DOR,Blandford Forum,Independant Chapel Of Protestant Dissenters,,04 Feb 1771,09 Feb 1771,Anna,F,John,Hannah,EVANS,,Spetisbury,,,,
DOR,Blandford Forum,Independant Chapel Of Protestant Dissenters,,01 Feb 1771,20 Feb 1771,William,M,Thomas,Sarah,LANCE,,Bandford Forum,,,,
DOR,Blandford Forum,Independant Chapel Of Protestant Dissenters,,04 Mar 1771,30 Mar 1771,James,M,James,Mary,BARTLETT,,Bandford Forum,,,,
DOR,Blandford Forum,Independant Chapel Of Protestant Dissenters,,08 Jan 1771,08 Apr 1771,Elizabeth,F,Thomas,Catherine,ROSE,,Bandford Forum,,,,
DOR,Blandford Forum,Independant Chapel Of Protestant Dissenters,,,03 May 1771,?ear,-,Asher,Elizabeth,NORRIS,,Bandford Forum,,,,
DOR,Blandford Forum,Independant Chapel Of Protestant Dissenters,,24 Apr 1771,05 May 1771,Martha,F,William,Jane,COOMBS,,Blandford Forum,,,,
DOR,Blandford Forum,Independant Chapel Of Protestant Dissenters,,25 Jun 1771,26 Jun 1771,Lyddy,F,,Mary,,JONES,Bath,,,,
DOR,Blandford Forum,Independant Chapel Of Protestant Dissenters,,12 Jun 1771,19 Jul 1771,Hannah,F,Henry,Sarah,FIELD,,Blandford Forum,,,,
DOR,Blandford Forum,Independant Chapel Of Protestant Dissenters,,06 Dec 1771,06 Dec 1771,John William,M,John,Mary,REYNOLDS,,Blandford Forum,,,,
DOR,Blandford Forum,Independant Chapel Of Protestant Dissenters,,22 Jan 1772,29 Jan 1772,Ann,F,John,Mary,HICKS,,Blandford Forum,,,,
DOR,Blandford Forum,Independant Chapel Of Protestant Dissenters,,14 Feb 1772,08 Mar 1772,Robert William,M,James,Sarah,BLY,,Dorchester,,,,
DOR,Blandford Forum,Independant Chapel Of Protestant Dissenters,,22 Apr 1772,26 Apr 1772,Priscilla,F,Miles,Elizabeth,BROMLY,,,,,,
DOR,Blandford Forum,Independant Chapel Of Protestant Dissenters,,07 May 1772,17 May 1772,Fanny,F,William,Ann,DEVERELL,,Blandford Forum,,,,
DOR,Blandford Forum,Independant Chapel Of Protestant Dissenters,,17 May 1772,28 Jul 1772,Samuel,M,Samuel,Sarah,HORDER,,Blandford Forum,,,,
DOR,Blandford Forum,Independant Chapel Of Protestant Dissenters,,09 Jul 1772,04 Aug 1772,Asher,M,Asher,Elizabeth,NORRIS,,Blandford Forum,,,,
DOR,Blandford Forum,Independant Chapel Of Protestant Dissenters,,15 Feb 1772,05 Nov 1772,James,M,Thomas,Elizabeth,COWARD,,Blandford Forum,,,,
DOR,Blandford Forum,Independant Chapel Of Protestant Dissenters,,01 Dec 1772,15 Dec 1772,Elizabeth,F,William,Elizabeth,TICE,,Blandford Forum,,,,
DOR,Blandford Forum,Independant Chapel Of Protestant Dissenters,,20 Nov 1772,20 Dec 1772,Elizabeth,F,Joseph,Susanna,HODGES,,Blandford Forum,,,,
DOR,Blandford Forum,Independant Chapel Of Protestant Dissenters,,14 Dec 1772,20 Dec 1772,Susanna,F,Joseph,Martha,HOLDWAY,,Blandford Forum,,,,
DOR,Blandford Forum,Independant Chapel Of Protestant Dissenters,,19 Feb 1773,21 Mar 1773,Mary,F,Samuel,Elizabeth,LUSH,,Blandford Forum,,,,
DOR,Blandford Forum,Independant Chapel Of Protestant Dissenters,,12 Apr 1773,16 May 1773,Sarah,F,Benjamin,Sarah,WHELLER,,Blandford Forum,,,,
DOR,Blandford Forum,Independant Chapel Of Protestant Dissenters,,18 Jul 1773,26 Jul 1773,Mary,F,Archibald,Mary,REED,,,,,,
DOR,Blandford Forum,Independant Chapel Of Protestant Dissenters,,04 Dec 1773,30 Dec 1773,William,M,John,Mary,REYNOLDS,,Blandford Forum,,,,
DOR,Blandford Forum,Independant Chapel Of Protestant Dissenters,,16 Nov 1773,16 Jan 1774,Jeremiah,M,Thomas,Sarah,LANCE,,Blandford Forum,,,,
DOR,Blandford Forum,Independant Chapel Of Protestant Dissenters,,16 Feb 1773,08 Mar 1774,Elizabeth,F,John,Hannah,WILSON,,,,,,
DOR,Blandford Forum,Independant Chapel Of Protestant Dissenters,,30 Sep 1773,25 Mar 1774,Mary,F,Thomas,Catherine,ROE,,Blandford Forum,,,,
DOR,Blandford Forum,Independant Chapel Of Protestant Dissenters,,10 Jan 1774,22 Apr 1744,John,M,William,Jane,COOMBS,,Blandford Forum,,,,
DOR,Blandford Forum,Independant Chapel Of Protestant Dissenters,,07 Sep 1771,29 May 1774,Sophia,F,William,Ann,SNOOKE,,Bourton,,,,
DOR,Blandford Forum,Independant Chapel Of Protestant Dissenters,,29 Jul 1774,21 Sep 1774,William,M,William,Elizabeth,TICE,,Blandford Forum,,,,
DOR,Blandford Forum,Independant Chapel Of Protestant Dissenters,,17 Aug 1774,01 Dec 1774,George,M,John,Mary,HICKS,,Blandford Forum,,,,
DOR,Blandford Forum,Independant Chapel Of Protestant Dissenters,,08 Jan 1775,19 Feb 1775,Isaac,M,Henry,Rebecca,LANCE,,Blandford Forum,,,,
DOR,Blandford Forum,Independant Chapel Of Protestant Dissenters,,02 Apr 1775,06 Apr 1775,Ambrose,M,Benjamin,Sarah,WHELLER,,Blandford Forum,,,,
DOR,Blandford Forum,Independant Chapel Of Protestant Dissenters,,02 May 1775,23 Jun 1775,Sarah,F,Thomas,Sarah,LANCE,,Blandford Forum,,,,
DOR,Blandford Forum,Independant Chapel Of Protestant Dissenters,,22 Dec 1774,23 Jul 1775,Sarah,F,William,Susanna,WOODHOUSE,,Blandford Forum,,,,
DOR,Blandford Forum,Independant Chapel Of Protestant Dissenters,,09 Jun 1775,26 Jul 1775,Anna,F,Joseph,Elizabeth,BUNGEY,,Charlton,,,,
DOR,Blandford Forum,Independant Chapel Of Protestant Dissenters,,22 Jun 1775,02 Sep 1775,Jane,F,James,Elizabeth,BALANTINE,,London,,,,
DOR,Blandford Forum,Independant Chapel Of Protestant Dissenters,,26 Jul 1775,03 Sep 1775,Susanna,F,John,Susanna,HODGES,,Blandford Forum,,,,
DOR,Blandford Forum,Independant Chapel Of Protestant Dissenters,,02 Feb 1776,03 Mar 1776,Cyrus,M,Asher,Elizabeth,NORRIS,,Blandford Forum,,,,
DOR,Blandford Forum,Independant Chapel Of Protestant Dissenters,,04 Feb 1776,14 Feb 1776,Susanna,F,Thomas,Catherine,ROE,,Blandford Forum,,,,
DOR,Blandford Forum,Independant Chapel Of Protestant Dissenters,,04 Nov 1775,24 Mar 1776,Thomas,M,William,Deborah,CLENCH,,Bere Regis,,,,
DOR,Blandford Forum,Independant Chapel Of Protestant Dissenters,,08 Oct 1775,24 Mar 1776,Sarah,F,Joseph,Jane,CLENCH,,Bere Regis,,,,
DOR,Blandford Forum,Independant Chapel Of Protestant Dissenters,,06 May 1776,14 May 1776,Martha,F,John,Martha,EDMONDS,,Blandford Forum,,,,
DOR,Blandford Forum,Independant Chapel Of Protestant Dissenters,,15 May 1776,02 Jun 1776,Susanna,F,William,Susanna,GILESS,,Blandford Forum,,,,
DOR,Blandford Forum,Independant Chapel Of Protestant Dissenters,,20 Apr 1776,24 Jun 1776,Betty,F,Benjamin,Sarah,WHELLER,,Blandford Forum,,,,
DOR,Blandford Forum,Independant Chapel Of Protestant Dissenters,,26 May 1776,07 Jul 1776,Maria,F,Henry,Rebecca,LANCE,,Blandford Forum,,,,
DOR,Blandford Forum,Independant Chapel Of Protestant Dissenters,,29 Dec 1776,16 Jan 1777,Edward,M,William,Jane,COOMBS,,Blandford Forum,,,,
DOR,Blandford Forum,Independant Chapel Of Protestant Dissenters,,07 Dec 1776,15 Dec 1776,Sarah,F,William,Rebecca,HOPKINS,,Christchurch,,,,
DOR,Blandford Forum,Independant Chapel Of Protestant Dissenters,,26 Dec 1776,15 Jan 1777,Maria,F,John,Mary,HICKS,,Blandford Forum,,,,
DOR,Blandford Forum,Independant Chapel Of Protestant Dissenters,,30 Jan 1777,28 Feb 1777,WIlliam,M,Robert,Ann,FISHER,,Bandford Forum,,,,
DOR,Blandford Forum,Independant Chapel Of Protestant Dissenters,,27 Feb 1777,23 Mar 1777,Malachi,M,Malachi,Elizabeth,TICE,,Blandford Forum,,,,
DOR,Blandford Forum,Independant Chapel Of Protestant Dissenters,,30 Mar 1777,06 Apr 1777,Elizabeth,F,John,Susanna,HODGES,,Blandford Forum,,,,
DOR,Blandford Forum,Independant Chapel Of Protestant Dissenters,,23 Mar 1777,14 May 1777,Henry,M,John,Mary,REYNOLDS,,Blandford Forum,,,,
DOR,Blandford Forum,Independant Chapel Of Protestant Dissenters,,07 May 1777,14 May 1777,Mary Ann,F,Andrew,Mary,CREIGHTON,,Blandford Forum,,,,
DOR,Blandford Forum,Independant Chapel Of Protestant Dissenters,,16  May 1777,25 May 1777,Mary,F,William,Elizabeth,TICE,,Blandford Forum,,,,
DOR,Blandford Forum,Independant Chapel Of Protestant Dissenters,,03 Jun 1777,15 Jun 1777,Molly,F,William,Susanna,GILES,,Blandford Forum,,,,
DOR,Blandford Forum,Independant Chapel Of Protestant Dissenters,,30 Jul 1777,09 Aug 1777,Elizabeth,F,Asher,Elizabethy,NORRIS,,Blandford Forum,,,,
DOR,Blandford Forum,Independant Chapel Of Protestant Dissenters,,02 Nov 1777,14 Dec 1777,Thomas,M,John,Jenny,ALLEN,,Stratton,,,,
DOR,Blandford Forum,Independant Chapel Of Protestant Dissenters,,18 Mar 1778,19 Apr 1778,Ann,F,Robert,Ann,FISHER,,Blandford Forum,,,,
DOR,Blandford Forum,Independant Chapel Of Protestant Dissenters,,03 May 1778,20 May 1778,George,M,Thomas,Elizabeth,LANCE,,Blandford Forum,,,,
DOR,Blandford Forum,Independant Chapel Of Protestant Dissenters,,07 Jul 1778,20 Jul 1778,Ann,F,,Margaret,,BARTLETT,Blandford Forum,,,,
DOR,Blandford Forum,Independant Chapel Of Protestant Dissenters,,25 Jul 1778,09 Aug 1778,Barbara,F,William,Sussanna,GILES,,Blandford Forum,,,,
DOR,Blandford Forum,Independant Chapel Of Protestant Dissenters,,14 Feb 1778,12 Aug 1778,Elizabeth,F,James,Maria,TINEN,,Blandford Forum,,,,
DOR,Blandford Forum,Independant Chapel Of Protestant Dissenters,,08 Dec 1778,20 Dec 1778,Samuel,M,John,Elizabeth,MITCHEL,,Blandford Forum,,,,
DOR,Blandford Forum,Independant Chapel Of Protestant Dissenters,,24 Sep 1778,23 Dec 1778,Mary Angell,F,John,Susanna,HODGES,,Blandford Forum,,,,
DOR,Blandford Forum,Independant Chapel Of Protestant Dissenters,,31 Dec 1778,21 Feb 1779,Jane,F,John,Mary,SLOCOMBE,,Blandford Forum,,,,
DOR,Blandford Forum,Independant Chapel Of Protestant Dissenters,,18 Feb 1779,22 Mar 1779,Mary,F,Benjamin,Sarah,WHELLER,,Blandford Forum,,,,
DOR,Blandford Forum,Independant Chapel Of Protestant Dissenters,,30 Mar 1779,12 Apr 1779,James,M,Joseph,Ann,HAY,,Blandford Forum,,,,
DOR,Blandford Forum,Independant Chapel Of Protestant Dissenters,,04 Apr 1779,21 Apr 1779,Jeremiah,M,John,Mary,HICKS,,Blandford Forum,,,,
DOR,Blandford Forum,Independant Chapel Of Protestant Dissenters,,03 Jul 1776,13 Jun 1779,Maria Alner,F,William,Anne,SNOOKE,,Bourton,,,,
DOR,Blandford Forum,Independant Chapel Of Protestant Dissenters,,30 Jun 1778,13 Jun 1779,Elizabeth,F,William,Ann,SNOOKE,,Bourton,,,,
DOR,Blandford Forum,Independant Chapel Of Protestant Dissenters,,11 Jul 1779,15 Jul 1779,Fanny,F,Banjamin,Mary,LUSH,,Blandford Forum,,,,
DOR,Blandford Forum,Independant Chapel Of Protestant Dissenters,,06 Jul 1779,06 Aug 1779,George,M,William,Jane,COOMBS,,Blandford Forum,,,,
DOR,Blandford Forum,Independant Chapel Of Protestant Dissenters,,07 Aug 1779,24 Aug 1779,Thomas,M,James,Maria,TINEN,,Blandford Forum,,,,
DOR,Blandford Forum,Independant Chapel Of Protestant Dissenters,,25 Aug 1779,10 Sep 1779,John,M,Andrew,Mary,CREIGHTON,,Blandford Forum,,,,
DOR,Blandford Forum,Independant Chapel Of Protestant Dissenters,,07 Nov 1779,03 Dec 1779,Robert,M,Robert,Ann,FISHER,,Blandford Forum,,,,
DOR,Blandford Forum,Independant Chapel Of Protestant Dissenters,,26 Jan 1780,17 Feb 1780,Richard,M,William,Sarah,HINVILLE,,Blandford Forum,,,,
DOR,Blandford Forum,Independant Chapel Of Protestant Dissenters,,13 Feb 1780,20 Feb 1780,Samuel,M,James,Jane,DAW,,Blandford Forum,,,,
DOR,Blandford Forum,Independant Chapel Of Protestant Dissenters,,18 Apr 1780,05 Jun 1780,Priscilla,F,Miles,Elizabeth,BROMLEY,,Blandford Forum,,,,
DOR,Blandford Forum,Independant Chapel Of Protestant Dissenters,,27 May 1780,18 Jun 1780,Sarah,F,William,Elizabeth,TICE,,Blandford Forum,,,,
DOR,Blandford Forum,Independant Chapel Of Protestant Dissenters,,21 Aug 1780,28 Aug 1780,Henry,M,Benjamin,Mary,LUSH,,Blandford Forum,,,,
DOR,Blandford Forum,Independant Chapel Of Protestant Dissenters,,19 Dec 1779,05 Nov 1780,Thomas,M,William,Susanna,WOODHOUSE,,Blandford Forum,,,,
DOR,Blandford Forum,Independant Chapel Of Protestant Dissenters,,04 Jan 1781,19 Jan 1781,John,M,Levi,Ann,ROBINSON,,Blandford Forum,,,,
DOR,Blandford Forum,Independant Chapel Of Protestant Dissenters,,20 Dec 1780,21 Jan 1781,Ann,F,William,Susanna,GILES,,Blandford Forum,,,,
DOR,Blandford Forum,Independant Chapel Of Protestant Dissenters,,03 Nov 1780,05 Nov 1781,Samuel,M,Asher,Elizabeth,NORRIS,,Blandford Forum,,,,
DOR,Blandford Forum,Independant Chapel Of Protestant Dissenters,,25 Jan 1781,05 Feb 1781,Eddith,F,Joseph,Ann,STAY,,Blandford Forum,,,,
DOR,Blandford Forum,Independant Chapel Of Protestant Dissenters,,20 Feb 1781,05 Mar 1781,Mitchel,M,John,Elizabeth,MITCHEL,,Blandford Forum,,,,
DOR,Blandford Forum,Independant Chapel Of Protestant Dissenters,,,13 Mar 1781,Sarah,F,William,Fanny,BENSON,,Blandford Forum,,,,
DOR,Blandford Forum,Independant Chapel Of Protestant Dissenters,,25 May 1781,30 May 1781,Lear,M,Asher,Elizabeth,NORRIS,,Blandford Forum,,,,
DOR,Blandford Forum,Independant Chapel Of Protestant Dissenters,,19 Apr 1781,01 Jul 1781,George,M,Joseph,Hannah,MITCHEL,,Blandford Forum,,,,
DOR,Blandford Forum,Independant Chapel Of Protestant Dissenters,,18 Dec 1781,19 Dec 1781,Jonathan,M,John,Mary,HICKS,,Blandford Forum,,,,
DOR,Blandford Forum,Independant Chapel Of Protestant Dissenters,,01 Jan 1782,16 Jan 1782,William,M,George,Edith,PRINCE,,Blandford Forum,,,,
DOR,Blandford Forum,Independant Chapel Of Protestant Dissenters,,13 Jan 1782,01 Feb 1782,Sarah,F,Robert,Ann,FISHER,,Blandford Forum,,,,
DOR,Blandford Forum,Independant Chapel Of Protestant Dissenters,,06 Jan 1782,03 Feb 1782,Sarah,F,William,Sarah,HINVILLE,,Blandford Forum,,,,
DOR,Blandford Forum,Independant Chapel Of Protestant Dissenters,,06 Feb 1782,15 Feb 1782,Ann,F,Benjamin,Sarah,WHELLER,,Blandford Forum,,,,
DOR,Blandford Forum,Independant Chapel Of Protestant Dissenters,,13 Feb 1782,20 Feb 1782,Mary,F,John,Mary,BENSON,,Blandford Forum,,,,
DOR,Blandford Forum,Independant Chapel Of Protestant Dissenters,,21 Mar 1782,13 May 1782,Joshua,M,James,Mary,HAYSOM,,Ringwood,,,,
DOR,Blandford Forum,Independant Chapel Of Protestant Dissenters,,07 May 1782,26 May 1782,George,M,John,Jenny,BALRICK,,Bere Regis,,,,
DOR,Blandford Forum,Independant Chapel Of Protestant Dissenters,,25 Jun 1782,30 Jun 1782,Nancy,F,Benjamin,Mary,LUSH,,Blandford Forum,,,,
DOR,Blandford Forum,Independant Chapel Of Protestant Dissenters,,25 May 1782,23 Jul 1782,Joanel,F,Andrew,Mary,CREIGHTON,,Blandford Forum,,,,
DOR,Blandford Forum,Independant Chapel Of Protestant Dissenters,,30 Oct 1781,09 Aug 1782,John,M,John,Elizabeth,CAMBWELL,,Unsettled,,,,
DOR,Blandford Forum,Independant Chapel Of Protestant Dissenters,,27 Oct 1782,17 Nov 1782,Samuel,M,John,Elizabeth,MITCHEL,,Blandford Forum,,,,
DOR,Blandford Forum,Independant Chapel Of Protestant Dissenters,,15 Dec 1782,20 Jan 1782,Maria,F,Lemuel,Mary,GULLIVER,,Charlton,,,,
DOR,Blandford Forum,Independant Chapel Of Protestant Dissenters,,19 Apr 1783,01 May 1783,William,M,John,Mary,BENSON,,Blandford Forum,,,,
DOR,Blandford Forum,Independant Chapel Of Protestant Dissenters,,06 Sep 1783,05 Oct 1783,Susan,F,Robert,Ann,FISHER,,Blandford Forum,,,,
DOR,Blandford Forum,Independant Chapel Of Protestant Dissenters,,01 Sep 1783,24 Nov 1783,William,M,John,Susan,DEAN,,Bryanston,,,,
DOR,Blandford Forum,Independant Chapel Of Protestant Dissenters,,04 Dec 1783,25 Dec 1783,John,M,William,Susanna,GILES,,Blandford Forum,,,,
DOR,Blandford Forum,Independant Chapel Of Protestant Dissenters,,21 Jun 1783,06 Jun 1684,William,M,James,Elizabeth,MOON,,Blandford Forum,,,,
DOR,Blandford Forum,Independant Chapel Of Protestant Dissenters,,05 Feb 1784,04 Mar 1784,Samuel,M,John,Mary,HICKS,,Blandford Forum,,,,
DOR,Blandford Forum,Independant Chapel Of Protestant Dissenters,,16 Mar 1784,31 Mar 1784,Alexander Carter,M,William,Elizabeth,TICE,,Blandford Forum,,,,
DOR,Blandford Forum,Independant Chapel Of Protestant Dissenters,,04 Apr 1784,22 Apr 1784,Elizabeth,F,Joseph,Mary,MALLET,,Cheselbourne,,,,
DOR,Blandford Forum,Independant Chapel Of Protestant Dissenters,,06 Apr 1784,17 Mar 1784,Thomas,M,Joseph,Martha,DAW,,Blandford Forum,,,,
DOR,Blandford Forum,Independant Chapel Of Protestant Dissenters,,25 May 1784,29 Jun 1784,Mary,F,William,Sarah,HINVILLE,,Blandford Forum,,,,
DOR,Blandford Forum,Independant Chapel Of Protestant Dissenters,,16 Jun 1784,06 Jul 1784,David Hill,M,Andrew,Mary,CREIGHTON,,Blandford Forum,,,,
DOR,Blandford Forum,Independant Chapel Of Protestant Dissenters,,21 Jul 1784,06 Oct 1784,Thomas,M,Joseph,Hannah,MITCHELL,,Blandford Forum,,,,
DOR,Blandford Forum,Independant Chapel Of Protestant Dissenters,,31 Aug 1784,17 Oct 1784,Joseph,M,Joseph,Hannah,MITCHELL,,Blandford Forum,,,,
DOR,Blandford Forum,Independant Chapel Of Protestant Dissenters,,21 Apr 1783,09 Mar 1785,Henry,M,George,Judith,PRINCE,,Blandford Forum,,,,
DOR,Blandford Forum,Independant Chapel Of Protestant Dissenters,,19 Apr 1785,15 May 1785,Malachi,M,William,Catherine,FISHER,,Blandford Forum,,,,
DOR,Blandford Forum,Independant Chapel Of Protestant Dissenters,,27 Apr 1785,01 Jun 1785,William,M,James,Mary,HAYSOM,,Ringwood,,,,
DOR,Blandford Forum,Independant Chapel Of Protestant Dissenters,,16 Apr 1785,03 Jun 1785,William,M,Thomas,Susannah,BUDDEN,,Blandford Forum,,,,
DOR,Blandford Forum,Independant Chapel Of Protestant Dissenters,,27 Apr 1785,03 Jun 1785,Eliza,F,Malachi,Elizabeth,TICE,,Blandford Forum,,,,
DOR,Blandford Forum,Independant Chapel Of Protestant Dissenters,,01 May 1785,09 Nov 1785,Richard,M,Philip,Ann,WILMOT,,Shaftesbury,,,,
DOR,Blandford Forum,Independant Chapel Of Protestant Dissenters,,13 Nov 1794,18 Nov 1794,Mary,F,Joseph,Elizabeth,MITCHEL,,Blandford Forum,,,,
DOR,Blandford Forum,Independant Chapel Of Protestant Dissenters,,29 Jul 1795,31 Aug 1795,Mary,F,Lemuel,Mary,GULLIVER,,Charlton,,,,
DOR,Blandford Forum,Independant Chapel Of Protestant Dissenters,,17 Dec 1795,18 Jan 1796,Maria,F,John,Elizabeth,MITCHEL,,Blandford Forum,,,,
DOR,Blandford Forum,Independant Chapel Of Protestant Dissenters,,07 May 1796,08 Jun 1796,Henry Field,M,William,Susannah,FISHER,,Blandford Forum,,,,
DOR,Blandford Forum,Independant Chapel Of Protestant Dissenters,,28 May 1796,05 May 1796,Hannah,F,Joseph,Hannah,MITCHELL,,Blandford Forum,,,,
DOR,Blandford Forum,Independant Chapel Of Protestant Dissenters,,20 May 1796,09 Aug 1796,Sarah,F,Hugh,Betty,PITNEY,,Blandford Forum,,,,
DOR,Blandford Forum,Independant Chapel Of Protestant Dissenters,,19 Jul 1796,15 Aug 1796,Catherine,F,Thomas,Ann,ROE,,Blandford Forum,,,,
DOR,Blandford Forum,Independant Chapel Of Protestant Dissenters,,04 Feb 1797,13 Mar 1797,Henry,M,John,Jane,BENFIELD,,Blandford Forum,,,,
DOR,Blandford Forum,Independant Chapel Of Protestant Dissenters,,06 Feb 1797,05 Apr 1797,Hannah,F,James,Hannah,WHEELER,,Blandford Forum,,,,
DOR,Blandford Forum,Independant Chapel Of Protestant Dissenters,,13 Apr 1797,02 Jun 1797,Robert,M,Joseph,Elizabeth,MITCHEL,,Blandford Forum,,,,
DOR,Blandford Forum,Independant Chapel Of Protestant Dissenters,,18 Jun 1797,17 Jul 1797,Jane,F,Edward,Elizabeth,LAUNEY,,Unsettled,,,,
DOR,Blandford Forum,Independant Chapel Of Protestant Dissenters,,06 Apr 1797,20 Jul 1797,Sarah,F,John,Elizabeth,POOK,,Blandford Forum,,,,
DOR,Blandford Forum,Independant Chapel Of Protestant Dissenters,,10 Apr 1797,31 Jul 1797,John,M,David,Catherine,EVANS,,Spetisbury,,,,
DOR,Blandford Forum,Independant Chapel Of Protestant Dissenters,,08 Oct 1797,13 Nov 1797,Jane,F,William,Jane,STANBROOK,,Unsettled,,,,
DOR,Blandford Forum,Independant Chapel Of Protestant Dissenters,,19 Oct 1797,20 Nov 1797,Samuel,M,Thomas,Ann,ROE,,Blandford Forum,,,,
DOR,Blandford Forum,Independant Chapel Of Protestant Dissenters,,11 Mar 1799,07 Jan 1798,Arabella,F,Henry,Mary,LANCE,,Blandford Forum,,,,
DOR,Blandford Forum,Independant Chapel Of Protestant Dissenters,,11 Jun 1798,11 Jul 1798,John,M,Lemuel,Mary,GULLIVER,,Charlton,,,,
DOR,Blandford Forum,Independant Chapel Of Protestant Dissenters,,12 Nov 1798,01 Feb 1799,Thomas,M,Thomas,Ann,ROE,,Blandford Forum,,,,
DOR,Blandford Forum,Independant Chapel Of Protestant Dissenters,,11 Mar 1799,24 Mar 1799,Henry,M,John,Jane,BENFIELD,,Blandford Forum,,,,
DOR,Blandford Forum,Independant Chapel Of Protestant Dissenters,,25 Dec 1798,24 Jun 1799,Williiam,M,David,Catherine,EVANS,,Spetisbury,,,,
DOR,Blandford Forum,Independant Chapel Of Protestant Dissenters,,16 Jun 1799,07 Jul 1799,Sarah Field,F,William,Susannah,FISHER,,Blandford Forum,,,,
DOR,Blandford Forum,Independant Chapel Of Protestant Dissenters,,19 Aug 1799,14 Oct 1799,Sarah Horder,F,James,Hannah,WHEELER,,Blandford Forum,,,,
DOR,Blandford Forum,Independant Chapel Of Protestant Dissenters,,03 Nov 1799,23 Nov 1799,Thomas Hodges,M,Thomas,Elizabeth,BENNET,,Blandford Forum,,,,
DOR,Blandford Forum,Independant Chapel Of Protestant Dissenters,,19 Nov 1799,19 Dec 1799,Edward,M,Thomas,Ann,ROE,,Blandford Forum,,,,
DOR,Blandford Forum,Independant Chapel Of Protestant Dissenters,,14 Sep 1799,29 Apr 1800,Susanna,F,Edward,Elizabeth,TANEY,,Portsmouth,,,,
DOR,Blandford Forum,Independant Chapel Of Protestant Dissenters,,29 Jul 1800,08 Aug 1800,Ann,F,John,Mary,BUTCHER,,Blandford Forum,,,,
DOR,Blandford Forum,Independant Chapel Of Protestant Dissenters,,12 Nov 1800,10 Jan 1801,Anna Maria,F,David,Catherine,EVANS,,Spetisbury,,,,
DOR,Blandford Forum,Independant Chapel Of Protestant Dissenters,,26 Dec 1800,26 Jan 1801,James,M,James,Helen,MARSHALL,,Unsettled,,,,
DOR,Blandford Forum,Independant Chapel Of Protestant Dissenters,,05 Jan 1801,10 Feb 1801,Sarah,F,William,Sarah,BAKER,,Poole,,,,
DOR,Blandford Forum,Independant Chapel Of Protestant Dissenters,,15 Feb 1801,05 Mar 1801,Sophia,F,William,Elizabeth,NICHOLLS,,Blandford Forum,,,,
DOR,Blandford Forum,Independant Chapel Of Protestant Dissenters,,19 Aug 1801,17 Sep 1801,Rebecca,F,Thomas,Elizabeth,B ENNET,,Blandford Forum,,,,
DOR,Blandford Forum,Independant Chapel Of Protestant Dissenters,,20 Aug 1801,20 Sep 1801,Mary,F,William,Susannah,FISHER,,Blandford Forum,,,,
DOR,Blandford Forum,Independant Chapel Of Protestant Dissenters,,16 Sep 1801,02 Oct 1801,Henry,M,Henry,Mary,LANCE,,Blandford Forum,,,,
DOR,Blandford Forum,Independant Chapel Of Protestant Dissenters,,13 Nov 1800,29 Apr 1802,Samuel Townsend,M,Thomas,Ann,ROE,,Blandford Forum,,,,
DOR,Blandford Forum,Independant Chapel Of Protestant Dissenters,,15 Feb 1802,29 Apr 1802,Elizabeth,F,John,Elizabeth,WALLACE,,Unsettled,,,,
DOR,Blandford Forum,Independant Chapel Of Protestant Dissenters,,17 Nov 1802,07 Dec 1802,William,M,John,Mary,BOUCHER,,Blandford Forum,,,,
DOR,Blandford Forum,Independant Chapel Of Protestant Dissenters,,11 Nov 1802,,Elizabeth,F,Robert,Elizabeth,HERCULES,,Unsettled,,,,
DOR,Blandford Forum,Independant Chapel Of Protestant Dissenters,,28 Apr 1803,27 May 1803,Henry Field,M,William,Susannah,FISHER,,Blandford Forum,,,,
DOR,Blandford Forum,Independant Chapel Of Protestant Dissenters,,19 May 1803,02 Mar 1804,John Angel,M,Thomas,Susannah,BENNET,,Blandford Forum,,,,
DOR,Blandford Forum,Independant Chapel Of Protestant Dissenters,,29 Dec 1803,04 Apr 1804,Elizabeth,F,Lemuel,Mary,GULLIVER,,Charlton,,,,
DOR,Blandford Forum,Independant Chapel Of Protestant Dissenters,,30 Jan 1803,21 Dec 1804,Jane,F,Thomas,Ann,ROE,,Blandford Forum,,,,
DOR,Blandford Forum,Independant Chapel Of Protestant Dissenters,,18 Feb 1804,21 Dec 1804,Joseph,M,Thomas,Ann,ROE,,Blandford Forum,,,,
DOR,Blandford Forum,Independant Chapel Of Protestant Dissenters,,16 Oct 1804,27 Jan 1805,Elizabeth,F,Peter,Hannah,RANDALL,,Blandford Forum,,,,
DOR,Blandford Forum,Independant Chapel Of Protestant Dissenters,,24 Nov 1804,20 Feb 1805,Sarah,F,Richard,Harriot,KEYNES,,Blandford Forum,,,,
DOR,Blandford Forum,Independant Chapel Of Protestant Dissenters,,25 Feb 1805,22 Mar 1805,William,M,Robert,Elizabeth,SNOOKE,,Blandford Forum,,,,
DOR,Blandford Forum,Independant Chapel Of Protestant Dissenters,,26 Apr 1806,07 May 1806,William,M,Henry,Mary,LANCE,,Blandford Forum,,,,
DOR,Blandford Forum,Independant Chapel Of Protestant Dissenters,,05 Oct 1806,27 Oct 1806,Henry,M,Joseph,Ann,PLUMER,,Blandford Forum,,,,
DOR,Blandford Forum,Independant Chapel Of Protestant Dissenters,,18 Jun 1807,10 Aug 1807,Susannah Clench,F,Thomas,Elizabeth,BENNETT,,Blandford Forum,,,,
DOR,Blandford Forum,Independant Chapel Of Protestant Dissenters,,31 Mar 1807,10 Aug 1807,Hariett,F,Richard,Harriet,KEYNES,,Blandford Forum,,,,
DOR,Blandford Forum,Independant Chapel Of Protestant Dissenters,,31 May 1807,21 Jul 1808,Elizabeth,F,Thomas,Ann,ROE,,Blandford Forum,,,,
DOR,Blandford Forum,Independant Chapel Of Protestant Dissenters,,30 Apr 1808,21 Jul 1808,Mary,F,Thomas,Ann,ROE,,Blandford Forum,,,,
DOR,Blandford Forum,Independant Chapel Of Protestant Dissenters,,14 Jul 1808,29 Aug 1808,Edmund,M,Henry,Mary,LANCE,,Blandford Forum,,,,
DOR,Blandford Forum,Independant Chapel Of Protestant Dissenters,,19 Oct 1809,07 Nov 1809,Sarah,F,Thomas,Ann,ROE,,Blandford Forum,,,,
