+INFO,capn-bob@pegleg2.com,password,SEQUENCED,MARRIAGES,,3.02.02
#,CCC,Bob Wilkins,Dorset,DORBLXMA.CSV,05-Feb-2014
#,CREDIT,Bob Wilkins,capn-bob@pegleg2.com
#,12-Feb-2014,Parish Records,Originally transcribed by Kim Parker
DOR,Bloxworth,St Andrew,,29 Oct 1581,Thomas,GERRARDE,,,,,,Edith,SAVAGE,,,,,,,,,,,,,,,,
DOR,Bloxworth,St Andrew,,04 Oct 1582,Thomas,WALTERS,,,,,,Isabell,JENKINS,,,,,,,,,,,,,,,,
DOR,Bloxworth,St Andrew,,23 May 1585,William,REYNOLDS,,,,,,Cicely,JELLET,,,,,,,,,,,,,,,,
DOR,Bloxworth,St Andrew,,02 Oct 1585,Anthonie,DURHAM,,,,,,Joan,BASKAM,,,,,,,,,,,,,,,,
DOR,Bloxworth,St Andrew,,03 Jan 1585/86,Henry,LAWRENCE,,,,,,Edith,CHAMBERLAINE,,,,,,,,,,,,,,,,Henry Lawrence Jnr
DOR,Bloxworth,St Andrew,,22 Oct 1587,George,SAVAGE,,,,,,Mary,ASHELEY,,,,,,,,,,,,,,,,
DOR,Bloxworth,St Andrew,,02 Nov 1587,Edwarde,MEALEMOTHE,,,,,,Elizabeth,ROBERTS,,,,,,,,,,,,,,,,
DOR,Bloxworth,St Andrew,,18 Jan 1587/88,John,GILLINGHAM,,,,,,Maude,ELFRIDE,,,,,,,,,,,,,,,,
DOR,Bloxworth,St Andrew,,25 Jan 1587/88,John,GOOLDE,,,,,,Jane,BENNETT,,,,,,,,,,,,,,,,
DOR,Bloxworth,St Andrew,,04 Aug 1589,Roberte,POLDEN,,,,,,Avice,SAVAGE,,,,,,,,,,,,,,,,
DOR,Bloxworth,St Andrew,,03 Nov 1589,Edwarde,LOVERIDGE,,,,,,Marie,SQUIBBE,,,,,,,,,,,,,,,,
DOR,Bloxworth,St Andrew,,07 Apr 1594,John,CHILDE,,,,Gentleman,,Margaret,SAVAGE,,,,,,,,,,,,,,,,
DOR,Bloxworth,St Andrew,,20 Oct 1594,Thomas,HOLLAND,,,,,,Alice,CURLUE,,,,,,,,,,,,,,,,
DOR,Bloxworth,St Andrew,,09 Jan 1595/96,Jim,LODER,,,,,,Alice,TROTTEL,,,,,,,,,,,,,,,,
DOR,Bloxworth,St Andrew,,19 Sep 1596,Thomas,DOMINYE,,,,,,Alice,GALLYE,,,,,,,,,Michael,GALLYE,,,,,,
DOR,Bloxworth,St Andrew,,13 Dec 1596,John,NAPPER,,,,,,Margaret,WHEELER,,,widow,,,,,,,,,,,,,Widow of John WHEELER
DOR,Bloxworth,St Andrew,,10 Oct 1597,George,RUMMIN,,,,,,Alice,WHEELER,,,,,,,,,,,,,,,,
DOR,Bloxworth,St Andrew,,29 Jan 1597/98,Thomas,ADAMS,,,,,,Julian,COLLINS,,,,,,,,,William,COLLINS,,,,,,
DOR,Bloxworth,St Andrew,,29 Jan 1598/99,Christopher,COLLINS,,,,,,Edith,COLLINS,,,,,,William,COLLINS,,William,COLLINS,,,,,,Grooms Fathers abode Woodsforde
DOR,Bloxworth,St Andrew,,22 Apr 1599,William,COLLINS,,Blackenwell in Corfe Castle,,,,Margaret,TROTTELL,,,,,,,,,,,,,,,,
DOR,Bloxworth,St Andrew,,30 Apr 1599,Joseph,RANSOME,,,,,,Jane,WHEELER,,,,,,,,,John,WHEELER,,,,,,
DOR,Bloxworth,St Andrew,,07 Oct 1599,Sampson,COSINS,,,,,,Dorothie,GOSLINGE,,,,,,,,,,,,,,,,Groom servant to William Savage
DOR,Bloxworth,St Andrew,,11 Nov 1599,William,JOYNER,,Stoke,,,,Mellisene,COOKE,,,,,,,,,Ambrose,COOKE,,,,,,
DOR,Bloxworth,St Andrew,,22 Nov 1599,Walter,COLLINS,,,,,,Avice,GOOLDE,,,,,,William,COLLINS,,John,GOOLDE,,,,,,
DOR,Bloxworth,St Andrew,,13 Jul 1600,William,CANNON,,,,,,Ann,GOOLDE,,,,,,,,,John,GOOLDE,,,,,,
DOR,Bloxworth,St Andrew,,02 Oct 1600,Henrye,STROODE,,,,,,Christian,WALLIS,,,,,,,,,,,,,,,,
DOR,Bloxworth,St Andrew,,07 Oct 1600,George,HOWARD,,,,,,Magdalene,HANCE,,,,,,,,,,,,,,,,Groom servant to William Savage
DOR,Bloxworth,St Andrew,,26 Oct 1600,Richard,CHILDE,,,,,,Edith,SAVAGE,,,,,,,,,,,,,,,,
DOR,Bloxworth,St Andrew,,18 Jan 1600/1,William,HYAMOUR,,,,,,Edith,WHEELER,,,,,,,,,John,WHEELER,,,,,,
DOR,Bloxworth,St Andrew,,04 Oct 1601,John,COOKE,,,,,,Agnes,GOSLINGE,,,,,,Anbrose,COOKE,,,,,,,,,
DOR,Bloxworth,St Andrew,,16 Jan 1602/3,William,MILBURNE,,,,,,Jane ,HAUNCE,,,,,,,,,John,HAUNCE,,,,,,Groom servant to Thomas LOOP of Hyde Beer Regis
DOR,Bloxworth,St Andrew,,28 Nov 1603,Robert,WELSTEEDE,,,,Parson,,Anne,SAWNDER,,,widow,,,,,,,,,,,,,
DOR,Bloxworth,St Andrew,,1605,Robert,COLLINS,,,,,,Elinore,,,,,,,,,,,,,,,,,
DOR,Bloxworth,St Andrew,,13 Oct 1606,Anthonye,WHEELER,,,,,,Faith,SERENFIELDE,,,,,,,,,,,,,,,,
DOR,Bloxworth,St Andrew,,28 Oct 1607,John,OLIVER,,,,,,Petronill,SAVAGE,,,,,,,,,,,,,,,,
DOR,Bloxworth,St Andrew,,21 Jul 1608,Rafe,PAWLET,,Morden,,,,Grace,STEVENS,,,widow,,,,,,,,,,,,,
DOR,Bloxworth,St Andrew,,12 Oct 1608,John,MARTIN,,Winfrith,,,,Avis,STANLEY,,,widow,,,,,,,,,,,,,
DOR,Bloxworth,St Andrew,,30 Jan 1608/9,Thomas,SIMONS,,Clewston,,,,Anne,RIGGS,,,,,,,,,Richard,RIGGS,,,,,,
DOR,Bloxworth,St Andrew,,01 Oct 1609,William,COLEMAN,,,,,,Elianor,WHEELER,,,,,,,,,,,,,,,,
DOR,Bloxworth,St Andrew,,07 Oct 1609,John,SAVAGE,,,,,,Mary,SANSOME,,,,,,Henry,SAVAGE,,,,,,,,,
DOR,Bloxworth,St Andrew,,29 Jan 1609/10,William,VINE,,,,,,Margaret,WHELLER,,,,,,,,,,,,,,,,
DOR,Bloxworth,St Andrew,,05 Apr 1610,Mark,BAGWELL,,,,,,Elizabeth,BROWN,,,,,,,,,,,,,,,,
DOR,Bloxworth,St Andrew,,1611,Walter,BURGIS,,,,,,,,,,,,,,,,,,,,,,,Entries mostly illegible
DOR,Bloxworth,St Andrew,,30 Jul 1612,William,BROOKE,,,,,,Mary,DIERING,,,,,,,,,,,,,,,,
DOR,Bloxworth,St Andrew,,01 Oct 1612,John,SQUIB,,,,,,Elizabeth,,,,,,,,,,,,,,,,,
DOR,Bloxworth,St Andrew,,05 Oct 1612,John,JOYCE,,,,,,Joane,SCOVILLE,,,,,,,,,,,,,,,,
DOR,Bloxworth,St Andrew,,02 Nov 1612,Edward,CLENCHE,,,,,,Margaret,SAVAGE,,,,,,,,,,,,,,,,
DOR,Bloxworth,St Andrew,,03 Nov 1612,John,RIGGS,,,,,,Mary,COTTON,,,,,,,,,,,,,,,,
DOR,Bloxworth,St Andrew,,11 Jul 1613,Rafe,SEYMOUR,,,,,,Joan,JOYCE,,,widow,,,,,,,,,,,,,
DOR,Bloxworth,St Andrew,,19 Oct 1613,Richard,BALLET,,,,,,Joane,SAVAGE,,,,,,,,,,,,,,,,
DOR,Bloxworth,St Andrew,,16 Nov 1613,Richard,BAKER,,,,,,Margaret,LOVERIDGE,,,,,,,,,,,,,,,,
DOR,Bloxworth,St Andrew,,01 Aug 1614,George,BROWNE,,,,,,Agnes,LOADER,,,widow,,,,,,,,,,,,,
