+INFO,diane.christmas@sky.com,password,SEQUENCED,MARRIAGES,cp437 ,,,,,,
#,CCC,Diane Christmas,DORSET,DORCHSMA.CSV,20-Feb-09,,,,,,
#,CREDIT,Diane Christmas,diane.christmas@sly.com 
#,20-Feb-09,Phillimore Marriages, ,,,,,,,,
DOR,Charminster,,,12 May 1561,Richard,OLEVER,,,,,,Edeth,HUPER,,,,,,,,,,,,,,,, 
DOR,Charminster,,,30 Jun 1561,Gefferie,CASHER,,,,,,Marie,KNIGHT,,,,,,,,,,,,,,,, 
DOR,Charminster,,,28 Jun 1561,John,FERRET,,,,,,Avis,STONE,,,,,,,,,,,,,,,, 
DOR,Charminster,,,30 Aug 1561,William,FORD,,,,,,Jone,HILLERIE,,,,,,,,,,,,,,,, 
DOR,Charminster,,,24 Jan 1561,Richard,MATTERS,,,,,,Margret,[JAINE?],,,,,,,,,,,,,,,, 
DOR,Charminster,,,23 Apr 1562,Richard,KNIGHT,,,,,,Margaret,TESAR,,,,,,,,,,,,,,,, 
DOR,Charminster,,,18 Oct 1562,Mathew,STOYE,,,,,,Edeth,MAJOR,,,,,,,,,,,,,,,, 
DOR,Charminster,,,7 Nov 1562,John,HUNT,,,,,,Jone,MYLLARD,,,,,,,,,,,,,,,, 
DOR,Charminster,,,3 Apr 1563,Thomas,BENET,,,,,,Eame,VYNES,,,,,,,,,,,,,,,, 
DOR,Charminster,,,12 Nov 1563,John,WOOD,,,,,,Elner,SPRAT,,,,,,,,,,,,,,,, 
DOR,Charminster,,,25 Nov 1563,Simon,NOSER,,,,,,Margret,EYFORD,,Forston,,,,,,,,,,,,,, 
DOR,Charminster,,,20 Jan 1563,John,MYLLER,,,,,,Elner,SPRAT,,,,,,,,,,,,,,,, 
DOR,Charminster,,,19 Jun 1564,Philip,PHARINGHAM,,Loder,,,,Elizabeth,HARBEN,,,,,,,,,William,HARBEN,,,,,, 
DOR,Charminster,,,7 May 1565,[......],[...]NER,,,,,,Mary,ROBER,,,,,,,,,,,,,,,, 
DOR,Charminster,,,19 Aug 1566,Henry,MYLLER,,,,,,Alys,KNIGHT,,,,,,,,,,,,,,,, 
DOR,Charminster,,,2 Sep 1566,William,DEVENISH,,,,,,Jone,HUNT,,,,,,,,,,,,,,,, 
DOR,Charminster,,,25 Jan 1566,James,[WYET?],,,,,,Margret,MYLLER,,,,,,,,,,,,,,,,Almost Illegible With Figures 
DOR,Charminster,,,16 May 1567,Richard,HYLLARIE,,,,,,Alis,WYNTER,,,,,,,,,,,,,,,, 
DOR,Charminster,,,3 Jul 1567,John,GOVER,,,,,,Agnes,CLARE,,,,,,,,,,,,,,,, 
DOR,Charminster,,,12 Jan 1568,George,ROBENSONE,,,,,,Amye,HARBIN,,,,,,,,,,,,,,,, 
DOR,Charminster,,,22 Jan 1568,Henry,TEZER,,,,,,Jone,VYNES,,,,,,,,,,,,,,,, 
DOR,Charminster,,,15 Jun 1569,Robert,GREENE,,,,,,Elizabeth,WHYTE,,,,,,,,,,,,,,,, 
DOR,Charminster,,,2 Jul 1569,Gylbert,THOMAS,,,,,,Cyselly,[POLUS?],,,,,,,,,,,,,,,, 
DOR,Charminster,,,12 Aug 1570,Robert,DOWLE,,,,,,Luce,KNEWSTUBBE,,,Widow,,,,,,,,,,,,, 
DOR,Charminster,,,9 Nov 1571,Thomas,KNIGHT,,,,,,Elizabeth,BARTRAND,,,,,,,,,,,,,,,, 
DOR,Charminster,,,30 Aug 1573,George,TRENCHARD,,,,,,Ann,SPEAK,,,,,,,,,,,,,,,,Mr George Trenchard 
DOR,Charminster,,,11 Oct 1573,William,BUTT,,,,,,Eliner,HARBIN,,,,,,,,,,,,,,,, 
DOR,Charminster,,,5 Nov 1573,William,ASHE,,,,,,Dorothe,FEVER,,,,,,,,,,,,,,,, 
DOR,Charminster,,,8 Nov 1573,John,CAPE,,,,,,Mary,COXES,,,,,,,,,,,,,,,, 
DOR,Charminster,,,18 Jul 1574,Phillippe,BESS,,,,,,Elezebath,DYRINGE,,,,,,,,,,,,,,,, 
DOR,Charminster,,,23 Jan 1575,Richard,BALSON,,,,,,Edeth,HARLAND,,,,,,,,,,,,,,,, 
DOR,Charminster,,,2 Oct 1575,David,ARNALD,,,,,,Margret,SAMWAYE,,,,,,,,,,,,,,,, 
DOR,Charminster,,,31 Jan 1575,Thomas,ADAMS,,,,,,Elizabeth,TISSER,,,,,,,,,,,,,,,, 
DOR,Charminster,,,12 Jun 1575,Richard,WELSTEED,,,,,,Agnis,SAMWAYE,,,,,,,,,,,,,,,, 
DOR,Charminster,,,2 Jul 1576,William,CLIMER,,,,,,Agnis,NEWE,,,,,,,,,,,,,,,, 
DOR,Charminster,,,27 Jun 1577,William,CHIPP,,,,,,Jone,WHORE,,,,,,,,,,,,,,,, 
DOR,Charminster,,,20 Jan 1577,Thomas,ROUGBARE,,,,,,Edith,EMENDES,,,,,,,,,,,,,,,, 
DOR,Charminster,,,17 Nov 1577,Marshall,MABER,,,,,,Marie,MITCHELL,,,,,,,,,,,,,,,, 
DOR,Charminster,,,5 Feb 1578,John,SPERWEY,,,,,,Jone,COBBE,,,,,,,,,,,,,,,, 
DOR,Charminster,,,8 Oct 1578,John,MYLLER,,,,,,Mary,KNIGHT,,,,,,,,,,,,,,,, 
DOR,Charminster,,,4 Oct 1581,Peter,STONE,,,,,,Margret,SOLGROWE,,,,,,,,,,,,,,,, 
DOR,Charminster,,,27 Nov 1582,Henerie,LEONORD,,,,,,Edith,BERRETH,,,,,,,,,,,,,,,, 
DOR,Charminster,,,1 Dec 1582,Robert,STONE,,,,,,Jone,HICKS,,,,,,,,,,,,,,,, 
DOR,Charminster,,,15 Sep 1583,John,GYBBES,,,,,,Thomsin,CLARKE,,,,,,,,,,,,,,,, 
DOR,Charminster,,,5 Oct 1583,Phillip,DAVY,,,,,,Margaret,DYLING,,,,,,,,,,,,,,,, 
DOR,Charminster,,,21 Oct 1583,[......],LASAIE,,,,,,Elizabeth,STONE,,,,,,,,,,,,,,,, 
DOR,Charminster,,,18 May 1583,John,ROBER,,,,,,Alyce,HIBBERD,,,,,,,,,,,,,,,, 
DOR,Charminster,,,27 Jun 1583,John,BLICKE,,,,,,Elizabeth,KNIGHT,,,,,,,,,,,,,,,, 
DOR,Charminster,,,3 Aug 1584,Robert,MYLLER,,,,,,Dorrithie,BAILIE,,,,,,,,,,,,,,,,Mr Robert Myller And Mrs Dorrithie Bailie 
DOR,Charminster,,,14 Sep 1584,Richard,VINE,,,,,,Marie,HARBIN,,,,,,,,,,,,,,,, 
DOR,Charminster,,,29 Oct 1584,Richard,WALLIS,,,,,,Agnis,MUNDAIES,,,,,,,,,,,,,,,, 
DOR,Charminster,,,14 Apr 1586,George,SPRAGE,,,,,,Christian,SANDERS,,,,,,,,,,,,,,,, 
DOR,Charminster,,,15 Jun 1587,Thomas,CERVANT,,,,,,Elizebeth,BEYRE,,,,,,,,,,,,,,,, 
DOR,Charminster,,,25 Nov 1587,John,FYSHER,,,,,,Margret,HUTTON,,,,,,,,,,,,,,,, 
DOR,Charminster,,,2 Dec 1587,Thomas,COTE,,,,,,Mary,[CREISE?],,,,,,,,,,,,,,,, 
DOR,Charminster,,,12 Jan 1587,William,MUNDAY,,,,,,[......],[......],,,,,,,,,,,,,,,, 
DOR,Charminster,,,11 May 1588,William,CLARK,,,,,,Elynor,WELLEY,,,,,,,,,,,,,,,, 
DOR,Charminster,,,12 May 1588,Robert,COSSENS,,,,,,Katheren,LONGE,,,,,,,,,,,,,,,, 
DOR,Charminster,,,9 Jun 1588,John,NEWE,,,,,,Jone,CHIPPE,,,,,,,,,,,,,,,, 
DOR,Charminster,,,30 Jun 1588,William,PUCKIT,,,,,,Elizabeth,SPARROWE,,,,,,,,,,,,,,,, 
DOR,Charminster,,,18 Nov 1588,[......],GUPPYE,,,,,,Agnes,LONGE,,,,,,,,,,,,,,,, 
DOR,Charminster,,,24 Jun 1589,Thomas,COLMAN,,,,,,[......],[......],,,,,,,,,,,,,,,, 
DOR,Charminster,,,5 Jul 1590,John,GYBBES,,,,,,Elizabeth,DYLE,,,,,,,,,,,,,,,, 
DOR,Charminster,,,16 Jan 1590,Edmunde,ROBERTS,,,,,,Mary,ALLEN,,,,,,,,,,,,,,,, 
DOR,Charminster,,,15 Nov 1590,John,SAMWAIS,,,,,,Elynor,HYLLARY,,,,,,,,,,,,,,,, 
DOR,Charminster,,,24 Nov 1591,Henerie,ALLEN,,,,,,Agnes,DYRINGE,,,,,,,,,,,,,,,, 
DOR,Charminster,,,20 Jan 1592,James,COWERD,,,,,,Elizabeth,DEVENISH,,,,,,,,,,,,,,,, 
DOR,Charminster,,,22 Jan 1592,John,DYRYNNG,,,,,,Margret,CAPES,,,,,,,,,,,,,,,, 
DOR,Charminster,,,9 Jul 1593,John,EYERS,,,,,,Mary,ZANWAY,,,,,,,,,,,,,,,, 
DOR,Charminster,,,27 Jul 1594,Nicholas,PERRET,,,,,,Jone,DYET,,,,,,,,,,,,,,,, 
DOR,Charminster,,,17 Aug 1594,Thomas,BROWNINGE,,,,,,Edeth,BROWNINGE,,,,,,,,,,,,,,,, 
DOR,Charminster,,,15 Sep 1594,George,RENDALL,,,,,,Elner,HUNT,,Forston,,,,,,,,,,,,,, 
DOR,Charminster,,,19 Oct 1594,George,COXE,,,,,,Elner,AYRES,,,,,,,,,,,,,,,, 
DOR,Charminster,,,5 May 1594,John,GRIGE,,,,,,Jone,GRYGE,,,,,,,,,,,,,,,, 
DOR,Charminster,,,23 Jan 1596,Thomas,DEVENISH,,,,,,Agnis,KOOKE,,,,,,,,,,,,,,,, 
DOR,Charminster,,,25 Jan 1606,Thomas,DEVENISH,,,,,,Mary,TYSER,,,,,,,,,,,,,,,, 
DOR,Charminster,,,25 Jan 1606,Henerie,GREENE,,,,,,Jane,KURCHELL,,,,,,,,,,,,,,,, 
DOR,Charminster,,,28 Apr 1607,Charles,SPINNY,,,,,,Anne,PINEY,,,,,,,,,,,,,,,, 
DOR,Charminster,,,18 Nov 1607,John,BROWNE,,Frampton,,,,Elizabeth,TRENCHARD,,,,,,John,BROWNE,Knight,George,TRENCHARD,,,,,,Fathers: Sir John Browne Knight And The Right Worshipfull Sir George Trenchard 
DOR,Charminster,,,21 Jan 1608,Bartholomue,CRADOCK,,Dorchester,,Groser,,Katheren,HARBEN,,,,,,,,,William,HARBEN,,,,,,Mr William Harben 
DOR,Charminster,,,28 Mar 1608,John,BANGER,,,,,,Jone,HOMES,,,,,,,,,,,,,,,, 
DOR,Charminster,,,16 Jan 1608,William,CHIPP,,,,,,Elizabeth,SHERWEN,,,,,,,,,,,,,,,, 
DOR,Charminster,,,9 May 1609,Henery,ARNALE,,,,,,Grace,HOGGES,,,,,,,,,,,,,,,, 
DOR,Charminster,,,9 Nov 1609,Robert,WOOD,,,,,,Mary,MORRES,,,,,,,,,,,,,,,, 
DOR,Charminster,,,22 Oct 1610,John,GYBBES,,,,,,Marie,FORDE,,,,,,,,,,,,,,,, 
DOR,Charminster,,,20 Oct 1611,James,BARTLETTE,,,,,,Jona,WHITING,,Olveton,widow,,,,,,,,,,,,,Olveton Otherwise Outrone 
DOR,Charminster,,,25 Nov 1611,Roger,CREE,,,,,,Ann,NORENTON,,Burton,widow,,,,,,,,,,,,, 
DOR,Charminster,,,15 Jan 1611,Rosmus,HARBEN,,,,,,Ann,KNIGHT,,,,,,,,,,,,,,,, 
DOR,Charminster,,,27 Jan 1611,Henerie,HAYWARD,,,,,,Marie,REYNALL,,,,,,,,,,,,,,,, 
DOR,Charminster,,,2 Feb 1611,John,NORTHAMPTON,,,,,,Dorithie,GREENE,,,,,,,,,,,,,,,,Northampton Alias Norenton 
DOR,Charminster,,,27 Apr 1612,John,DYER,,,,,,Dorithie,GREENE,,,,,,,,,,,,,,,, 
DOR,Charminster,,,4 May 1612,William,SAMWAY,,,,,,Esme,SEDNAME,,,,,,,,,,,,,,,, 
DOR,Charminster,,,3 May 1613,Edmund,STICKLAND,,,,,,Ann,HINDE,,,,,,,,,,,,,,,, 
DOR,Charminster,,,4 May 1613,William,SMITH,,,,,,Ann,CHIPP,,,,,,,,,,,,,,,, 
DOR,Charminster,,,20 Jun 1613,Henerie,LOVLACE,,Forston,,,,Margaret,SHOTA,,,,,,,,,,,,,,,, 
DOR,Charminster,,,18 Oct 1613,Thomas,SCOT,,,,,,Alis,COMDEN,,,,,,,,,,,,,,,, 
DOR,Charminster,,,25 Oct 1613,John,WILLIAMES,,,,,,Jane,TRENCHARD,,,,,,,,,George,TRENCHARD,,,,,,Mr John Williames Esq; Mrs Jane Trenchard; The Right Worshipful Sir George 
DOR,Charminster,,,25 Oct 1613,Charles,LANE,,,,,,Joane,TYSER,,,,,,,,,,,,,,,, 
DOR,Charminster,,,20 Feb 1613,Edmunde,SMITH,,,,,,Catheren,HARBEN,,,,,,,,,,,,,,,,Mr Edmunde Smith 
DOR,Charminster,,,3 May 1614,John,NORENTON,,,,,,Alis,MILLER,,,widow,,,,,,,,,,,,, 
DOR,Charminster,,,23 May 1614,Francis,PESTER,,,,,,Jone,MUNDI,,Burton,widow,,,,,,,,,,,,,Jone Mundi Vid Of Burton 
DOR,Charminster,,,7 Jul 1614,James,BILLETT,,,,,,Edeth,WOODMAN,,,,,,,,,,,,,,,, 
DOR,Charminster,,,2 Oct 1614,Edward,SANDIE,,,,,,Agnes,BUCHERS,,,,,,,,,,,,,,,, 
DOR,Charminster,,,30 Oct 1614,William,MARTEN,,,,,,Christian,STANDLIE,,,,,,,,,,,,,,,, 
DOR,Charminster,,,14 Jan 1614,Bartholomewe,HOOPER,,,,,,Joane,WILLIS,,,,,,,,,,,,,,,, 
DOR,Charminster,,,15 Jan 1614,John,TYSE,,,,,,Marie,TISER,,,,,,,,,,,,,,,, 
DOR,Charminster,,,17 Apr 1615,William,DEVENISH,,,,,,Margret,REYNALL,,,,,,,,,,,,,,,, 
DOR,Charminster,,,13 Nov 1615,Thomas,FLEMEN,,,,,,Elizabeth,HARBEN,,,,,,,,,,,,,,,, 
DOR,Charminster,,,30 Nov 1615,Robert,WALLS,,,,,,Elizabeth,DEERING,,,,,,,,,,,,,,,, 
DOR,Charminster,,,28 Apr 1617,Christover,ROBETS,,,,,,Betteresse,PAULMER,,,,,,,,,,,,,,,,Servants Unto The Right Worshipfull Sir Thomas Trenchard Of Wolveton 
DOR,Charminster,,,11 Aug 1617,George,SPERREN,,,,,,Ann,KELWAYE,,Forston,,,,,,,,,,,,,, 
DOR,Charminster,,,11 Aug 1617,Robert,[LUTER?],,,,,,Eeedeth,MILLER,,,,,,,,,,,,,,,, 
DOR,Charminster,,,11 Feb 1618,Luke,DEARING,,,,,,Joane,SERVANTS,,,,,,,,,,,,,,,, 
DOR,Charminster,,,22 Nov 1618,William,KIDDLE,,,,,,Marie,HARDIE,,,,,,,,,Nicholas,HARDIE,,,,,, 
DOR,Charminster,,,26 Nov 1618,John,KNIGHT,,,,,,Christian,,,,,,,,,,,,,,,,,Uxor Eius 
DOR,Charminster,,,3 Aug 1619,William,COLLIS,,Dorchester All Saints,,,,Christian,SHERWING,,,,,,,,,,,,,,,, 
DOR,Charminster,,,16 Jan 1620,John,BLICKE,,,,,,Julian,LOOIES,,Dorchester,,,,,,,,,,,,,, 
DOR,Charminster,,,12 Nov 1622,Richard,TISER,,,,,,Alice,HARBINS,,,widow,,,,,,,,,,,,,Alice Harbibs Vid. 
DOR,Charminster,,,21 Jan 1622,John,[CROOME?],,,,,,Jone,KELLEWAIE,,Forston,,,,,,,,,,,,,, 
DOR,Charminster,,,6 Feb 1622,Robert,WHORE,,Frampton,,,,Joan,CHIPPES,,,,,,,,,,,,,,,, 
DOR,Charminster,,,30 Jul 1623,William,HEWLETT,,,,,,Ann,GAMES,,,,,,,,,George,GAMES,,,,,, 
DOR,Charminster,,,4 Oct 1623,John,HOSIER,,,,,,Marie,SHERWIN,,,,,,,,,,,,,,,, 
DOR,Charminster,,,6 Oct 1623,George,BRADFORD,,,,,,Annstis,COFFHEN,,,,,,,,,,,,,,,, 
DOR,Charminster,,,3 Jun 1624,Edward,MAN,,Forston,,,,Elnor,[......],,,,,,,,,,,,,,,, 
DOR,Charminster,,,28 Jul 1627,William,DEARING,,,,,,Jone,WILLIMS,,,,,,,,,,,,,,,, 
DOR,Charminster,,,12 Oct 1627,William,CAMMOY,,,,,,Mary,BOWDON,,,,,,,,,,,,,,,, 
DOR,Charminster,,,6 Jan 1628,Henry,CHAMPERNOWNE,,Dorting,,,,Dorothie,TRENCHERD,,,,,,,,,George,TRENCHARD,Knight,,,,,Champernowne Esq; Dorting Co. Devon; Sir George Trenchard Of Olveton 
DOR,Charminster,,,1 Feb 1629,Samuel,TUCKER,,Ilmister,,,,Agnes,MUNDEN,,,,,,,,,Thomas,MUNDEN,,,,,,Thomas Munden Of Burton 
DOR,Charminster,,,1 Oct 1630,Ralph,GAPE,,,,,,Margaret,STORMEY,,,,,,,,,,,,,,,, 
DOR,Charminster,,,16 Jan 1631,Henry,EDWARDS,,,,,,Magdalen,LAMBERT,,Dorchester,,,,,,,,,,,,,, 
DOR,Charminster,,,30 Sep 1633,William,POWLE,,,,,,Grace,TRENCHARD,,,,,,John,POWLE,Knight,Thomas,TRENCHARD,,,,,,Sir John Powle Knight Baronet Of Collinton; Sir Thomas Trenchard Of Wolveton And The Lady Elizabeth 
DOR,Charminster,,,30 Oct 1633,William,CATCHER,,,,,,Joane,TOOGOOD,,,,,,,,,,,,,,,, 
DOR,Charminster,,,23 Jul 1634,William,ALNER,,,,,,Ann,HARBIN,,,,,,,,,,,,,,,, 
DOR,Charminster,,,26 Oct 1634,Simon,CORRHAM,,,,,,Elizabeth,MARKES,,,,,,,,,,,,,,,, 
DOR,Charminster,,,20 Feb 1634,Anthony,PENNY,,,,,,Margarett,BIGOTT,,,,,,,,,,,,,,,, 
DOR,Charminster,,,6 Mar 1634,Francis,BARNES,,,,,,Sarah,HARDY,,,,,,,,,,,,,,,, 
DOR,Charminster,,,24 Aug 1635,Thomas,CHAFFIN,,Fooke,,Gent.,,Elizabeth,TRENCHARD,,Wolverton,,,,,,,Thomas,TRENCHARD,,,,,, Ye Right Wll Sir Thomas Trenchard Of Wolveton And Elizabeth His Wife 
DOR,Charminster,,,26 Jul 1635,Edward,WINGATE,,Dorchester,,,,Elizabeth,HARBIN,,,,,,,,,,,,,,,, 
DOR,Charminster,,,20 Apr 1636,Christopher,WHITE,,,,,,Marie,WHITE,,,widow,,,,,,,,,,,,,Vid. 
DOR,Charminster,,,22 Aug 1636,James,WHITE,,,,,,Marie,ALLIN,,,,,,,,,,,,,,,, 
DOR,Charminster,,,18 Nov 1636,Giles,PAULL,,,,,,Alice,CHIPPE,,,,,,,,,,,,,,,, 
DOR,Charminster,,,27 Apr 1637,Robert,LUNT,,Forston,,Gent.,,Susanna,HARBIN,,,,,Charminster Mill,,,,,,,,,,, 
DOR,Charminster,,,28 Jun 1637,John,DORRINTON,,[brammell?],,,,Ann,TRENCHARD,,,,,,,,,Thomas,TRENCHARD,,,,,,Dorrinton Esq Of [brammell?] Co South; Sir Thomas Trenchard And The Ladie Elizabeth 
DOR,Charminster,,,4 Jul 1637,John,GIBBES,,,,,,Grace,OAKES,,,,,,,,,,,,,,,, 
DOR,Charminster,,,2 Oct 1637,Edward,CATYER,,,,,,Katheren,GREENE,,,,,,,,,,,,,,,, 
DOR,Charminster,,,1 Nov 1638,Thomas,PERHAM,,,,,,Joane,TISE,,,,,,,,,,,,,,,, 
DOR,Charminster,,,30 Jul 1640,Robert,SQUIB,,Frampton,,,,Jone,DOWNTON,,,,,,,,,,,,,,,, 
DOR,Charminster,,,20 Aug 1647,Richard,SMITH,,,,,,Damaris,TORONE,,,,,,,,,,,,,,,, 
DOR,Charminster,,,1 Aug 1653,Will,CRABB,,,,,,Elizabeth,LUTTERELL,,,,,,,,,,,,,,,,Mr Crabb And Mrs Lutterell 
DOR,Charminster,,,26 Sep 1653,John,BAINES,,[art Pugvell?],,,,Elizabeth,LANGFORD,,,,,,,,,,,,,,,, 
DOR,Charminster,,,26 Dec 1648,John,MATHYE,,Awliscombe,,Vicar,,Honor,FRY,,,,,,,,,Thomas,FRY,,,,,,Mr Mathye Vicar Of Awliscombe Devon; Mrs Fry; Mr Thomas Fry Of Dunyat Wiltshire 
DOR,Charminster,,,26 Dec 1648,George,FRY,,,,,,Mary,MEECH,,Winterburne,,,,,,,,,,,,,,Mr Fry 
DOR,Charminster,,, * 1650,William,BAYLY,,Powerstock,,,,Joane,SYMES,,Powerstock,,,,,,,,,,,,,, 
DOR,Charminster,,,15 May 1654,John,HARBIN,,,,,,Mary,MOTTES,,Dorchester,,,,,,,,,,,,,, 
DOR,Charminster,,,17 Oct 1654,Erasmus,HARBIN,,,,,,Jone,CONWAY,,,,,,,,,,,,,,,, 
DOR,Charminster,,,1 May 1655,John,HARBIN,,,,,,Margret,EBBER,,Letten,,,,,,,,,,,,,, 
DOR,Charminster,,,2 Jun 1655,Morgan,SERELL,,Forston,,,,Mary,GIFFORD,,Grimston,,,,,,,,,,,,,, 
DOR,Charminster,,,21 Nov 1655,Nicholas,HARDY,,,,,,Mary,DEEKER,,Puddletown,,,,,,,,,,,,,, 
DOR,Charminster,,,11 Feb 1656,William,SMART,,,,,,Sarah,MUNDEN,,Burton,,,,,,,,,,,,,,Mr Smart 
DOR,Charminster,,,6 Mar 1656,John,BRIDLE,,,,,,Mary,SHERING,,,,,,,,,,,,,,,, 
DOR,Charminster,,,8 Sep 1656,Christopher,CELLOWAY,,,,,,Jone,BUNNE,,Fordington,,,,,,,,,,,,,, 
DOR,Charminster,,,16 Dec 1656,William,CAASHER,,,,,,Margret,SIMMONDS,,,,,,,,,,,,,,,, 
DOR,Charminster,,,2 Feb 1652,Henry,ANTLE,,,,,,Susanna,MASTERS,,Aulton,,,,,,,,,,,,,, 
DOR,Charminster,,,22 Jun 1652,Thomas,SERVAUNT,,,,,,Alce,GRAY,,,,,,,,,,,,,,,, 
DOR,Charminster,,,22 Sep 1652,William,BARTLETT,,Dorchester All Saints,,,,Cisly,HARBIN,,,,,,,,,,,,,,,, 
DOR,Charminster,,,3 Nov 1652,Thomas,ALLIN,,,,,,Jone,GOVER,,,,,,,,,,,,,,,, 
DOR,Charminster,,,10 Dec 1652,William,CORBIN,,,,,,Rebeka,BLANCHARD,,,,,,,,,,,,,,,, 
DOR,Charminster,,,27 Apr 1658,Henry,SHERING,,,,,,Marie,OLDIGE,,,,,,,,,,,,,,,, 
DOR,Charminster,,,12 Oct 1658,John,VOSS,,Frampton,,,,Jone,SHERING,,,,,,,,,,,,,,,, 
DOR,Charminster,,,21 Jan 1658,Robert,TISER,,Piddlethirthen,,,,Alce,DAN,,Fordington,,,,,,,,,,,,,, 
DOR,Charminster,,,27 Jan 1658,Robert,SIMONS,,Piddlehinton,,,,Jone,BALSTOCK,,,,,,,,,,,,,,,, 
DOR,Charminster,,,3 Jan 1658,William,DEVENISH,,Sidling,,,,Mary,GILL,,,,,,,,,,,,,,,, 
DOR,Charminster,,,23 Jun 1659,John,WHEDEN,,Dorchester,,,,An,JAMES,,Dorchester,,,,,,,,,,,,,, 
DOR,Charminster,,,28 Jun 1659,John,ADDAMES,,,,,,Dorithy,LUMMING,,,,,,,,,,,,,,,, 
DOR,Charminster,,,15 Jul 1659,Robert,DILLINGTON,,Isle Of Wight,,,,Jone,FREAKE,,,,,,,,,John,FREAKE,,,,,,Robert Dillington Esq; John Freake Of Cerne Abbey 
DOR,Charminster,,,23 Jul 1659,James,SAMWAYS,,,,,,Jone,BEAULY,,Bingcome,,,,,,,,,,,,,, 
DOR,Charminster,,,3 Aug 1659,George,ARMESTRONG,,,,,,Jone,PERLETS,,Millcomb & Waymouth,,,,,,,,,,,,,, 
DOR,Charminster,,,16 Aug 1659,John,CARDY,,,,,,Amy,VENUS,,Millcomb & Waymouth,,,,,,,,,,,,,, 
DOR,Charminster,,,29 Aug 1659,William,STRODE,,Catstock,,,,Sarah,ALLEN,,Waymouth,,,,,,,,,,,,,, 
DOR,Charminster,,,8 Sep 1659,Edward,DEVENISH,,,,,,Mary,DUEBARK,,Pedletowne,,,,,,,,,,,,,, 
DOR,Charminster,,,29 Sep 1659,Christopher,BAGWELL,,,,,,Hannah,STEVENS,,Stratton,,,,,,,,,,,,,, 
DOR,Charminster,,,6 Sep 1659,Richard,GAADAY,,,,,,Jone,KEATE,,Waymouth,,,,,,,,,,,,,, 
DOR,Charminster,,,8 Oct 1659,[......],DEVENISH,,Grimston,,,,[......],VOOS,,Frampton,,,,,,,,,,,,,, 
DOR,Charminster,,,13 Oct 1659,Angill,BATER,,Hooke,,,,Susannah,[......],,,,,,,,,,,,,,,, 
DOR,Charminster,,,17 Oct 1659,William,PENNY,,,,,,An,SANSOM,,Dorchester,,,,,,,,,,,,,, 
DOR,Charminster,,,20 Oct 1659,John,STICKLAND,,,,,,Dorcas,BARTLET,,Cerne,,,,,,,,,,,,,, 
DOR,Charminster,,,6 Oct 1659,Richard,PAUL,,Dorchester,,,,Margaret,SAMWAYES,,Melcomb,,,,,,,,,,,,,, 
DOR,Charminster,,,17 Nov 1659,Giles,KIMBER,,Stavord,,,,Susan,[HOBBS?],,Dorchester,,,,,,,,,,,,,, 
DOR,Charminster,,,16 Dec 1659,John,CHAMING,,,,,,Fillice,STICKLAND,,Piddlehenton,,,,,,,,,,,,,, 
DOR,Charminster,,,7 Feb 1659,Frances,KEDDEL,,Sidling,,,,Elizebeth,BUTLER,,Shapwick,,,,,,,,,,,,,, 
DOR,Charminster,,,7 Feb 1659,John,TAYLOR,,,,,,Dorithy,BARFOT,,Dorchester,,,,,,,,,,,,,, 
DOR,Charminster,,,16 Dec 1660,William,HARBIN,,,,,,Sarah,SMART,,,,,,,,,,,,,,,, 
DOR,Charminster,,,19 Apr 1660,Robert,COOLE,,,,,,Sarah,UNDERWOOD,,Dorchester,,,,,,,,,,,,,, 
DOR,Charminster,,,14 Jun 1660,Thomas,COLLINS,,,,,,Jane,HARBEN,,,,,,,,,,,,,,,, 
DOR,Charminster,,,22 Aug 1662,John,TORINGTON,,Dorchester St Peters,,,,Jane,JELBERT,,Dorchester Trinity,,,,,,,,,,,,,, 
DOR,Charminster,,,23 Dec 1662,Christopher,FISHER,,,,,,Jone,WHETLE,,Maiden Newton,,,,,,,,,,,,,, 
DOR,Charminster,,,20 Sep 1662,John,GIBBS,,,,,,Mary,ROBERTS,,,,,,,,,,,,,,,, 
DOR,Charminster,,,5 Sep 1663,Humphry,COWARD,,Fordington,,,,Elizabeth,WAYTE,,Fordington,,,,,,,,,,,,,, 
DOR,Charminster,,,9 Sep 1663,Thomas,BARTLETT,,,,,,Elizabeth,PITT,,Fordington,,,,,,,,,,,,,, 
DOR,Charminster,,, * 1664,Robert,ROBERTES,,,widower,,,Mary,CLARK,,St James Side,,,,,,,,,,,,,,Robert Robertes Senior; St James Side [illegible] 
DOR,Charminster,,,24 Mar 1667,William,RABERTS,,,,,,Sarah,GREENE,,,,,,,,,,,,,,,, 
DOR,Charminster,,,21 May 1668,John,TOMPSON,,Dorchester,,,,Hannah,BEN,,Dorchester,,,,,,,,,,,,,,Mrs Hannah Ben 
DOR,Charminster,,,17 Aug 1668,Nicholas,HARDIE,,Grimston,,,,Elizabeth,HARDIE,,Grimston,,,,,,,,,,,,,, 
DOR,Charminster,,,27 Sep 1670,Simon,CORAM,,,,,,Christian,HAZARD,,,,,,,,,,,,,,,, 
DOR,Charminster,,,26 May 1673,Thomas,READ,,Litchett Matravers,,,,Ann,BUTLER,,Litchett Matravers,,,,,,,,,,,,,, 
DOR,Charminster,,,1 Oct 1673,Thomas,FOY,,Dorchester,,,,Mary,HALL,,Dorchester,,,,,,,,,,,,,, 
DOR,Charminster,,,11 Nov 1673,William,CAKE,,Bradford Peveral,,,,Ann,COLINS,,,,,,,,,,,,,,,, 
DOR,Charminster,,,28 May 1674,Thomas,POWNSIE,,Dorchester,,,,Jan,THRMAN,,Charminster,,,,,,,,,,,,,, 
DOR,Charminster,,,28 Jan 1674,John,ROGERS,,Dorchester,,,,Elizabeth,HALL,,Dorchester,,,,,,,,,,,,,, 
DOR,Charminster,,,2 Feb 1674,William,ASH,,Seaborough,,,,Elizabeth,WILLS,,Seaborough,,,,,,,,,,,,,, 
DOR,Charminster,,,7 May 1675,Edward,DOBER,,,,,,Elizabeth,KELEWAY,,,,,,,,,,,,,,,, 
DOR,Charminster,,,31 May 1675,Phillip,TIBB,,Straton,,,,Elizabeth,TIBB,,Grimston,,,,,,,,,,,,,, 
DOR,Charminster,,,10 Jun 1675,James,BRIGGS,,Dorchester,,,,Grace,BONNER,,Dorchester,,,,,,,,,,,,,, 
DOR,Charminster,,,22 Jul 1676,Thomas,COATE,,,,,,Mabell,HARBEN,,,,,,,,,,,,,,,, 
DOR,Charminster,,,28 Sep 1676,William,LODER,,,,,,Joan,MROIE,,Dorchester,,,,,,,,,,,,,, 
DOR,Charminster,,,26 Nov 1676,Gyles,WHITE,,Pudletown,,,,Jaquete,ARNOLD,,Ilsington,,,,,,,,,,,,,, 
DOR,Charminster,,,25 Apr 1677,William,KNIGHT,,,,,,Joan,MILBOURN,,Burton,,,,,,,,,,,,,,Burton In The Same Parish 
DOR,Charminster,,,18 May 1678,Hughe,LONG,,Burton,,,,Thamasin,WINSOR,,Burton,,,,,,,,,,,,,, 
DOR,Charminster,,,29 Jul 1679,Edmund,STRODE,,,,,,Elizabeth,BRITTEN,,,,,,,,,,,,,,,, 
DOR,Charminster,,,4 Nov 1679,Bernard,GALE,,,,,,Margerie,WHITE,,,,,,,,,,,,,,,, 
DOR,Charminster,,,5 May 1680,John,CUSSINS,,Stratton,,,,Ann,VINE,,Puddletown,,,,,,,,,,,,,, 
DOR,Charminster,,,5 Apr 1681,William,BOYSE,,,,,,Ann,JACOB,,Dorchester,,,,,,,,,,,,,,William Boyse Junior 
DOR,Charminster,,,28 Jun 1681,David,CASHER,,,,,,Mary,TIBB,,Grimston In Stratton,,,,,,,,,,,,,, 
DOR,Charminster,,,8 Sep 1681,William,WILLS,,,,Clerk,,Anna,SMETTAM,,,,,,,,,,,,,,,,Smettam Alias Martin 
DOR,Charminster,,,24 Dec 1681,Henry,CROOME,,Fordington,,,,Mary,GALE,,Dorchester All Saints,,,,,,,,,,,,,, 
DOR,Charminster,,,22 Jun 1682,Francis,DEVENISH,,Grimston,,,,Thamasin,BIRD,,Fordington,,,,,,,,,,,,,, 
DOR,Charminster,,,2 Feb 1682,John,ABBOT,,,,,,Mary,DYME,,Frampton,,,,,,,,,,,,,, 
DOR,Charminster,,,5 Aug 1683,John,SMITH,,Great Milton,,,,Elizabeth,GUNDRY,,Forston,,,,,,,,,,,,,,Mr John Smith; Great Milton Oxon;mrs Elizabeth Gundry 
DOR,Charminster,,,16 Oct 1683,William,JACOB,,Dorchester,,,,Elizabeth,MARTIN,,,,,,,,,,,,,,,,Elizabeth Martin Late Of Beer Regis 
DOR,Charminster,,,22 Nov 1683,William,NEW,,,,,,Jone,DAW,,Dorchester,,,,,,,,,,,,,, 
DOR,Charminster,,,31 Jan 1683,William,POMFLEET,,,,,,Anne,MICHEL,,,,,,,,,,,,,,,, 
DOR,Charminster,,,10 * 1683,William,[..]ILSON,,Dorchester,,,,Jan,PURCHASE,,,widow,,,,,,,,,,,,, 
DOR,Charminster,,,5 Jan 1683,Edward,HIAT,,St Mary Overies London,,,,Elizabeth,BOWDITCH,,,,,,,,,,,,,,,, 
DOR,Charminster,,,25 May 1685,Edward,CASHER,,,,,,Joan,HARBEN,,,widow,,,,,,,,,,,,, 
DOR,Charminster,,,15 Jun 1685,James,CHURCHIL,,Stratton,,,,Mary,DEVENISH,,,,,,,,,,,,,,,, 
DOR,Charminster,,,12 Jul 1685,John,ABBOTT,,Grenvil,,,,Elizabeth,BRIAR,,Dorchester,widow,,,,,,,,,,,,, 
DOR,Charminster,,,27 Sep 1685,Edward,[MABER?],,,,,,Martha,STANLEY,,Dorchester All Saints,,,,,,,,,,,,,, 
DOR,Charminster,,,5 Jan 1685,John,LOCK,,Dorchester,,,,[......],[......],,Burton,,,,,,,,,,,,,, 
DOR,Charminster,,, * 1685,[......],[......],,[......],,,,Anne,[......],,,,,,,,,,,,,,,, 
DOR,Charminster,,, *,John,WHITE,,,,,,Mary,FOOTE,,,,,,,,,,,,,,,,Entry In Register Between Jan 1685 And June 1689 
DOR,Charminster,,,27 Feb *,John,ATKINS,,,,,,Jane,TIBBS,,Stratton,,,,,,,,,,,,,,Entry In Register Between 1685 And 1689 
DOR,Charminster,,,19 Jun 1689,George,SPRINGE,,Blandford,,,,Mary,FOY,,Dorchester,,,,,,,,,,,,,, 
DOR,Charminster,,,8 Nov 1689,Richard,GILLATT,,Dorchester All Saints,,,,Judath,DOWLL,,Dorchester All Saints,,,,,,,,,,,,,, 
DOR,Charminster,,,5 Mar 1689,John,EDWARDS,,Dorchester Holy Trinity,,,,Joan,WHEEDEN,,Dorchester Holy Trinity,,,,,,,,,,,,,, 
DOR,Charminster,,, * 1691,Gabriel,GOULD,,Dorchester Holy Trinity,,,,Joane,DEVENISH,,,,,,,,,,,,,,,, 
DOR,Charminster,,,28 Nov 1692,John,GUNDRY,,Melcombe,,,,Sarrah,FOOKE,,,,,,,,,,,,,,,, 
DOR,Charminster,,, *,Thomas,ANTILL,,,,,,Mary,TISARD,,,,,,,,,,,,,,,,Register Entry Between Nov And Jan 1692 
DOR,Charminster,,,26 Jan 1692,George,[......],,[......],,,,Jane,THOMAS,,Dorchester,,,,,,,,,,,,,,Mr George And Mrs Jane 
DOR,Charminster,,,24 Mar 1694,Henry,HARBIN,,Dorchester,,,,Susana,ANTILL,,,,,,,,,,,,,,,, 
DOR,Charminster,,,7 May 1695,Henry,GREEN,,,,,,Ann,TAPLEN,,,,,,,,,,,,,,,, 
DOR,Charminster,,,1 Jun 1696,John,BANGER,,,,,,Joan,FOOKE,,,,,,,,,,,,,,,, 
DOR,Charminster,,,1 Jun 1697,John,GOLLOP,,Dorchester,,,,Frances,BACKWAYE,,Dorchester,,,,,,,,,,,,,,Nr John And Mrs Frances 
DOR,Charminster,,,29 May 1699,John,BRINE,,,,,,Jane,DRAYTON,,Moaredone,,,,,,,,,,,,,, 
DOR,Charminster,,,27 Aug 1699,John,HAZARD,,Beere Regis,,,,Elizabeth,TIBB,,Broadmayne,,,,,,,,,,,,,, 
DOR,Charminster,,,4 Dec 1699,Edward,RAGGARD,,,,,,Margarett,DEVENISH,,,,,,,,,,,,,,,, 
DOR,Charminster,,,2 Jul 1699,Robert,GILLINGHAM,,,,,,Dorithy,POCKETT,,,,,,,,,,,,,,,, 
DOR,Charminster,,,4 May 1719,Jesper,GODLAND,,Week,,,,Sarah,ALLEN,,,,,,,,,,,,,,,, 
DOR,Charminster,,,10 Jun 1719,John,WATERS,,Frampton,,,,Elizabeth,HALCOMBE,,,,,,,,,,,,,,,, 
DOR,Charminster,,,4 Oct 1719,John,CARLET,,Esten Compton,,,,Barbary,DAW,,Strotton,,,,,,,,,,,,,, 
DOR,Charminster,,,11 May 1720,Richard,MAYES,,,,,,Christian,ALLEN,,,,,,,,,,,,,,,, 
DOR,Charminster,,,27 Jul 1720,Thomas,PARCESS,,Waymouth,,,,Joan,HOUSLE,,Waymouth,,,,,,,,,,,,,, 
DOR,Charminster,,,29 Jan 1721,James,MASTERMAN,,Whitechurch,,,,Margaret,RENDELL,,London,,,,,,,,,,,,,, 
DOR,Charminster,,,10 Apr 1721,William,HARDY,,Stratton,,,,Elnor,ARKANS,,Dorchester,,,,,,,,,,,,,, 
DOR,Charminster,,,25 Sep 1727,Emanuel,DAW,,Ramsam,,,,Sarah,HUSHONS,,Stratton,,,,,,,,,,,,,, 
DOR,Charminster,,,20 Nov 1727,Thomas,LACY,,,,,,Margret,RUSHEL,,Leton,,,,,,,,,,,,,, 
DOR,Charminster,,,16 Jul 1728,Gorg,STEED,,,,,,Susaner,WILLCOX,,,,,,,,,,,,,,,, 
DOR,Charminster,,,27 Aug 1730,Thomas,MEEDIE,,Dorchester,,,,Elizabeth,BUN,,Fordington,,,,,,,,,,,,,, 
DOR,Charminster,,,28 Jul 1731,Henery,OLDAGE,,Dorchester,,,,Mary,HOW,,,,,,,,,,,,,,,, 
DOR,Charminster,,,29 Dec 1735,Thomas,GILLIAM,,Fordington,,,,Ann,POUNT,,Fordington,,,,,,,,,,,,,, 
DOR,Charminster,,,8 Mar 1735,John,DEE,,,,,,Mellison,WILLCOX,,,,,,,,,,,,,,,, 
DOR,Charminster,,,15 Dec 1739,Gorge,BRUSHETT,,,,,,Elizabeth,DOVER,,,,,,,,,,,,,,,,Entry Duplicated 
DOR,Charminster,,, * 1739,John,SAMAS [SAMWAYES],,,,,,Elizabeth,DAVES,,Stratton,,,,,,,,,,,,,,Entry Duplicated 
DOR,Charminster,,,29 May 1740,William,HARDY,,,,,,Mary,PRICKET,,Strotton,,,,,,,,,,,,,,Entry Duplicated 
DOR,Charminster,,,1 Jun 1740,William,MASHFIELD,,W. Knighton,,,,Margarett,LILLINGTON,,W. Knighton,,,,,,,,,,,,,,Entry Duplicated 
DOR,Charminster,,,15 Jun 1741,Robert,NOTLEY,,Munkton,,,,Jane,CROADE,,,,,,,,,,,,,,,, 
DOR,Charminster,,,28 Jun 1741,John,DIFFY,,Affpuddle,,,,Anne,GARDNER,,Affpuddle,,,,,,,,,,,,,, 
DOR,Charminster,,,20 Aug 1741,William,JACOB,,Dorchester,,,,Dorothy,HAVILON,,Dorchester,,,,,,,,,,,,,, 
DOR,Charminster,,,9 Dec 1741,John,HOOKEY,,,,,,Bridget,HOOKEY,,,,,,,,,,,,,,,, 
DOR,Charminster,,,11 Mar 1741,Sam,FIANDER,,West Knighton,,,,Barbara,LOVELACE,,West Knighton,,,,,,,,,,,,,, 
DOR,Charminster,,,26 Jun 1742,James,BEST,,Warmwell,,,,Catherine,OLIVER,,,,,,,,,,,,,,,, 
DOR,Charminster,,,4 Jul 1742,Robert,RENDALL,,,,,,Elizabeth,CHAPMAN,,,,,,,,,,,,,,,, 
DOR,Charminster,,,25 Oct 1742,Richard,CROSSE,,,,,,Sarah,NORMAN,,,,,,,,,,,,,,,, 
DOR,Charminster,,,11 Nov 1742,Henry,MATE,,Bere Regis,,,,Martha,GIFFORD,,,,,,,,,,,,,,,, 
DOR,Charminster,,,30 Nov 1742,James,WARREN,,Affpuddle,,,,Jane,BASCOMBE,,Affpuddle,,,,,,,,,,,,,, 
DOR,Charminster,,,15 Feb 1743,Henry,HELLYER,,,,,,Sarah,GREEN,,,,,,,,,,,,,,,, 
DOR,Charminster,,,17 May 1743,William,HOOKEY,,Affpuddle,,,,Jane,BRAGGE,,Affpuddle,,,,,,,,,,,,,, 
DOR,Charminster,,,17 May 1743,James,WHITTLE,,Affpuddle,,,,Jane,PRYATE,,Affpuddle,,,,,,,,,,,,,, 
DOR,Charminster,,,24 Jun 1743,John,IBBER,,,,,,Mary,MILBOURNE,,,,,,,,,,,,,,,,Ibber Alias Thompson 
DOR,Charminster,,,15 Apr 1744,William,BAG,,Dorchester,,,,Sarah,FLAMBERT,,,,,,,,,,,,,,,, 
DOR,Charminster,,,3 Jun 1742,Robt,HOULLEN,,Alton,,,,Elizabeth,COX?,,,,,,,,,,,,,,,, 
DOR,Charminster,,,3 May 1744,Francis,HAYDON,,,,,,Elizabeth,CRIBBE,,,,,,,,,,,,,,,, 
DOR,Charminster,,,2 Apr 1746,Robert,ROBERTS,,Godmanston,,,,Joan,PRESBY,,,,,,,,,,,,,,,, 
DOR,Charminster,,,20 Jul 1746,John,MAYUS,,,,,,Mary,SNOW,,,,,,,,,,,,,,,, 
DOR,Charminster,,, *,Robert,BONNELL,,,,,,[......],[......],,,,,,,,,,,,,,,,Register Entry Between Jul 1746 And Feb 1746 
DOR,Charminster,,, *,William,GIFFORD,,Bradford,,,,Jane,NORMAN,,,,,,,,,,,,,,,,Register Entry Between Jul 1746 And Feb 1746 
DOR,Charminster,,,12 Feb 1746,Thomas,NICHOLS,,,,,,Mary,LAVIS,,,,,,,,,,,,,,,, 
DOR,Charminster,,,16 Feb 1746,Sydenham,BAKER,,,,Sojourner,,Sarah,BASCAMBE,,,,,,,,,,,,,,,,Married In Herringstone Chapel 
DOR,Charminster,,,21 Apr 1747,Richard,DAW,,Fordington,,,,Amy,PITWELL,,Fordington,,,,,,,,,,,,,, 
DOR,Charminster,,,11 May 1747,William,CURTIS,,,,,,Anne,FORWARD,,,,,,,,,,,,,,,, 
DOR,Charminster,,,21 Jun 1747,Francis,WHITE,,Stratton,,,,Sarah,CROSSE,,,,,,,,,,,,,,,, 
DOR,Charminster,,,2 Nov 1747,James,GOODALL,,Dorchester,,,,Anna,PIDDEN,,,,,,,,,,,,,,,, 
DOR,Charminster,,,21 Feb 1747,George,SCUTT,,Affpuddle,,,,Mary,WILCOT,,Affpuddle,,,,,,,,,,,,,, 
DOR,Charminster,,,5 May 1748,Ralph,NORMAN,,,,,,Mary,EVERATT,,,,,,,,,,,,,,,, 
DOR,Charminster,,,8 May 1748,John,BANGER,,,,,,Mary,LOVELACE,,,,,,,,,,,,,,,, 
DOR,Charminster,,,30 Jun 1748,Richard,BRIDLE,,Stratton,,,,Elizabeth,CHAPMAN,,Stratton,,,,,,,,,,,,,, 
DOR,Charminster,,,19 Dec 1748,William,PIDDEN,,,,,,Elizabeth,GLASBY,,,,,,,,,,,,,,,, 
DOR,Charminster,,,2 Jan 1748,Peter,DULAND,,,,,,Joan,NORMAN,,,,,,,,,,,,,,,, 
DOR,Charminster,,,1 May 1749,Thomas,STONE,,,,,,Edith,FRY,,,,,,,,,,,,,,,, 
DOR,Charminster,,,19 Oct 1749,Peter,MILBOURNE,,,,,,Sarah,HARDY,,,,,,,,,,,,,,,, 
DOR,Charminster,,,19 Apr 1756,Matthias,DAW,,Bridport,,Wool Tryer,,Mary,PIDDING,,,,,,,,,,,,,,,, 
DOR,Charminster,,,15 Jun 1756,William,PALMER,,,,,,Elizabeth,HARDY,,,,,,,,,,,,,,,, 
DOR,Charminster,,,29 Sep 1757,John,CHARMEN,,,,,,Ann,STONE,,,,,,,,,,,,,,,, 
DOR,Charminster,,,1 Jan 1758,William,DAW,,Bridport,,Wool Tryer,,Elizabeth,GILLISPEY,,,,,,,,,,,,,,,, 
DOR,Charminster,,,16 Jul 1758,Robert,RANDLE,,,,,,Molly,BATH,,,,,,,,,,,,,,,, 
DOR,Charminster,,,10 Aug 1758,John,TAPP,,Dorchester All Saints,,,,Dorothy,STONE,,,,,,,,,,,,,,,,Licence 
DOR,Charminster,,,9 Oct 1758,John,CLARK,,,,,,Ann,HODDER,,,,,,,,,,,,,,,, 
DOR,Charminster,,,28 Jan 1759,Michael,SAMWAY,,Dorchester Holy Trinity,,,,Susanna,GREEN,,,,,,,,,,,,,,,,Licence 
DOR,Charminster,,,15 May 1759,Samuel,PALMER,,,,,,Mary,BOWER,,,,,,,,,,,,,,,, 
DOR,Charminster,,,5 Jul 1759,Robert,DAY,,Bradford,,,,Mary,HEWSHINS,,,,,,,,,,,,,,,, 
DOR,Charminster,,,23 Jun 1760,Peter,DEWLAND,,,,,,Mary,WHITE,,,,,,,,,,,,,,,, 
DOR,Charminster,,,20 Apr 1762,Peter,MILBOURNE,,,,,,Sarah,CRITCHEL,,,,,,,,,,,,,,,, 
DOR,Charminster,,,13 Feb 1763,William,DAW,,,,,,Dorothy,STONE,,,,,,,,,,,,,,,, 
DOR,Charminster,,,31 Oct 1763,John,CURTIS,,,,,,Mary Magdalen,WILLIAMS,,,,,,,,,,,,,,,, 
DOR,Charminster,,,13 Apr 1764,Ralph,NORMAN,,West Knighton,,,,Hannah,SUMMERS,,,,,,,,,,,,,,,, 
DOR,Charminster,,,29 Sep 1764,Roger,ANDREWS,,Bradford Pervell,,,,Elizabeth,HEWSHINS,,,,,,,,,,,,,,,, 
DOR,Charminster,,,16 Oct 1764,Charles,CLARK,,,,,,Ann,LACEY,,,,,,,,,,,,,,,, 
DOR,Charminster,,,5 Feb 1765,John,STONE,,,,,,Sarah,DEWLAND,,,,,,,,,,,,,,,, 
DOR,Charminster,,,13 Oct 1765,John,KNIGHT,,Dorchester St Peters,,,,Lydia,LAMB,,,,,,,,,,,,,,,, 
DOR,Charminster,,,3 Feb 1766,Thomas,FRAMPTON,,,,,,Mary,MEECH,,,,,,,,,,,,,,,, 
DOR,Charminster,,,16 Apr 1766,William,HODDER,,,,,,Elizabeth,HARRIS,,Piddletown,,,,,,,,,,,,,, 
DOR,Charminster,,,27 Apr 1766,John,GROVES,,,,,,Ann,DAVIS,,,,,,,,,,,,,,,, 
DOR,Charminster,,,16 Jun 1766,David,CASHER,,Monkton,,,,Jane,WILLIAMS,,Cern Abbas,,,,,,,,,,,,,, 
DOR,Charminster,,,1 Sep 1766,George,SLADE,,,,,,Hannah,WHITE,,,,,,,,,,,,,,,, 
DOR,Charminster,,,13 Dec 1766,William,BAGWELL,,Bradford,,,,Elizabeth,KELLY,,,,,,,,,,,,,,,, 
DOR,Charminster,,,23 Mar 1767,Edward,RIDOUT,,Sturminster Newton,,,,Betty,CRITCHEL,,Blandford,,,,,,,,,,,,,, 
DOR,Charminster,,,26 Dec 1768,William,SHERBOURN,,,,,,Mary,VINCENT,,,,,,,,,,,,,,,, 
DOR,Charminster,,,16 Mar 1769,Thomas,DAW,,Rampisham,,,,Ann,DEWLAND,,Came,,,,,,,,,,,,,, 
DOR,Charminster,,,25 Jun 1769,Robert,DIMONT,,Chideock,,,,Mary,CLARK,,,,,,,,,,,,,,,, 
DOR,Charminster,,,28 Sep 1769,John,SLADE,,Dorchester St Peters,,,,Elizabeth,HARDY,,,,,,,,,,,,,,,, 
DOR,Charminster,,,18 Feb 1770,Robert,BEST,,,,,,Elizabeth,GOODALL,,Dorchester St Peters,,,,,,,,,,,,,, 
DOR,Charminster,,,16 Apr 1770,Morgan,YEATMAN,,Dorchester Holy Trinity,,,,Mary,NICHOLLS,,,,,,,,,,,,,,,, 
DOR,Charminster,,,18 Mar 1771,Harry,POUNCEY,,Dorchester St Peters,,,,Elizabeth,LOCK,,,,,,,,,,,,,,,,Licence 
DOR,Charminster,,,1 Apr 1771,David,FREEMAN,,,,,,Mary,CAKE,,,,,,,,,,,,,,,, 
DOR,Charminster,,,4 Jul 1771,Robert,GEORGE,,Dorchester,,,,Sarah,LOCK,,,,,,,,,,,,,,,,Licence 
DOR,Charminster,,,2 Apr 1772,James,KING,,,,,,Frances,LOCK,,,,,,,,,,,,,,,,Licence 
DOR,Charminster,,,13 Nov 1774,Giles,COMBS,,,,,,Sarah,WHITE,,,,,,,,,,,,,,,, 
DOR,Charminster,,,14 Mar 1775,James,WHITE,,,,,,Elizabeth,MAYERS,,,,,,,,,,,,,,,, 
DOR,Charminster,,,17 Apr 1776,Samuel,CHENOCK,,,,,,Mary,MAYERS,,,,,,,,,,,,,,,, 
DOR,Charminster,,,26 Aug 1776,Peter,TIZZARD,,Godmanston,,,,Mary,SLADE,,,widow,,,,,,,,,,,,, 
DOR,Charminster,,,24 Apr 1777,Thomas,LOCK,,,,,,Betty,BEWLEY,,,,,,,,,,,,,,,, 
DOR,Charminster,,,24 Jun 1777,Robert,GREGORY,,,,,,Molly,STROUD,,,,,,,,,,,,,,,, 
DOR,Charminster,,,26 Jul 1777,Robert,KEATES,,Dorchester Holy Trinity,,,,Rebecca,MAYERS,,,,,,,,,,,,,,,, 
DOR,Charminster,,,10 Sep 1777,John,POUNCEY,,Dorchester St Peters,,,,Ann,GEALL,,,,,,,,,,,,,,,, 
DOR,Charminster,,,27 Nov 1777,Benjamin,WARREN,,Glanwins Wotton,,,,Elizabeth,FOWELL,,,,,,,,,,,,,,,,Licence 
DOR,Charminster,,,20 Jan 1778,John,HELLARD,,Fordington,,,,Ann,LUCAS,,,,,,,,,,,,,,,, 
DOR,Charminster,,,19 Mar 1778,Robert,PEACH,,Cerne Abbas,,,,Ann,BUNN,,,,,,,,,,,,,,,, 
DOR,Charminster,,,8 Jun 1778,Richard,GALE,,,,,,Mary,FOWELL,,,,,,,,,,,,,,,,Licence 
DOR,Charminster,,,22 Jun 1778,John,WHITE,,,,,,Elizabeth,ADAMS,,,,,,,,,,,,,,,, 
DOR,Charminster,,,13 Jul 1778,Richard,LEGG,,Frampton,,,,Mary,BARTLET,,,widow,,,,,,,,,,,,, 
DOR,Charminster,,,13 May 1779,David,WHITE,,Frampton,,,,Hester,WELLMAN,,,,,,,,,,,,,,,, 
DOR,Charminster,,,11 Apr 1780,Andrew,VACHER,,Dorchester St Peters,,,,Susanna,NOTTLEY,,,,,,,,,,,,,,,, 
DOR,Charminster,,,18 May 1780,John,DEVENISH,,,,,,Sarah,BILES,,,,,,,,,,,,,,,,Devenish Esq 
DOR,Charminster,,,30 Mar 1780,John,HOLDEN,,West Knighton,,,,Christian,MAYERS,,,,,,,,,,,,,,,, 
DOR,Charminster,,,8 Jul 1780,John,MOTT,,,,,,Elizabeth,RANDAL,,,,,,,,,,,,,,,, 
DOR,Charminster,,,26 Nov 1780,Thomas,BUNN,,,,,,Elizabeth,WARREN,,,,,,,,,,,,,,,, 
DOR,Charminster,,,16 May 1782,William,NORMAN,,,,,,Mary,DEWLAND,,,,,,,,,,,,,,,, 
DOR,Charminster,,,24 Oct 1782,John,BALSTON,,Monkton,,,,Elizabeth,DEWLAND,,,,,,,,,,,,,,,,Licence 
DOR,Charminster,,,22 May 1783,Simon,PEACH,,Portisham,,,,Sarah,BUNN,,,,,,,,,,,,,,,, 
DOR,Charminster,,,31 May 1783,William,COSH,,,,,,Sally,SALTER,,,,,,,,,,,,,,,, 
DOR,Charminster,,,26 Jul 1783,Thomas,BARRETT,,Frampton,,,,Elizabeth,WALLIS,,,,,,,,,,,,,,,, 
DOR,Charminster,,,17 Jan 1785,John,WHITE,,Ilchester,,,,Mary,JACOB,,,,,,,,,,,,,,,,Licence 
DOR,Charminster,,,27 Jun 1785,James,WILLIAMS,,Woodsford,,,,Martha,RANDALL,,,,,,,,,,,,,,,, 
DOR,Charminster,,,25 Nov 1785,William,AISH,,,,,,Mary,WILCOK,,,,,,,,,,,,,,,, 
DOR,Charminster,,,20 Nov 1785,William,AISH,,,,,,Mary,RIDOUT,,,,,,,,,,,,,,,, 
DOR,Charminster,,,20 Oct 1786,William,LOAN,,,,,,Ann,BLOWMAN,,Dorchester Holy Trinity,,,,,,,,,,Richard,LOAN,,,Licence; Signed Richard Loan Only One Witness 
DOR,Charminster,,,22 Jan 1787,Robert,STARR,,,,,,Martha,GILLHAM,,,,,,,,,,,,,,,, 
DOR,Charminster,,,19 Feb 1787,John,OLD,,,,,,Mary,FOOT,,,,,,,,,,,,,,,, 
DOR,Charminster,,,21 Feb 1787,James,PURCHES,,Puddletown,,,,Mary,KELLAWAY,,,,,,,,,,,,,,,, 
DOR,Charminster,,,29 Oct 1788,James,HILLIER,,Sturminster,,,,Elizabeth,CREW,,,,,,,,,,,,,,,, 
DOR,Charminster,,,13 Apr 1789,Benjamin,GREEN,,,,,,Anne,BABSTOCK,,,,,,,,,,,,,,,, 
DOR,Charminster,,,11 May 1789,James,PORTER,,,,,,Mary,TILLER,,,,,,,,,,,,,,,, 
DOR,Charminster,,,13 May 1789,William,SNELLING,,Winfrith Newburgh,,,,Christiana,MEECH,,,,,,,,,,,,,,,, 
DOR,Charminster,,,14 Nov 1789,Thomas,KINGSBURY,,,,,,Elizabeth,EBBER,,,,,,,,,,,,,,,, 
DOR,Charminster,,,26 Oct 1790,John,ASH,,Pidle Hinton,,,,Mary,KELLAWAY,,,,,,,,,,,,,,,, 
DOR,Charminster,,,25 Apr 1791,George,WHITE,,Mappowder,,,,Mary,BISHOP,,,,,,,,,,,,,,,, 
DOR,Charminster,,,7 May 1791,John,SIBLEY,,,,,,Sarah,HAYBALL,,,,,,,,,,,,,,,, 
DOR,Charminster,,,13 Jun 1791,William,GREEN,,Stratton,,,,Elizabeth,BATH,,,,,,,,,,,,,,,, 
DOR,Charminster,,,19 Jun 1791,William,ATKINS,,,,,,Mary,NORMAN,,,,,,,,,,,,,,,,Licence 
DOR,Charminster,,,6 Jul 1791,Edward,CLARK,,,,,,Mary,SPRANKLING,,Dorchester All Saints,,,,,,,,,,,,,, 
DOR,Charminster,,,7 May 1792,James,BROWN,,Stratton,,,,Jane,OYZARD,,,,,,,,,,,,,,,, 
DOR,Charminster,,,5 Aug 1793,John,LUCASS,,Frampton,,,,Jane,BISHOP,,,,,,,,,,,,,,,, 
DOR,Charminster,,,20 Jul 1794,James,BARTLETT,,,,,,Lucy,CLARK,,,,,,,,,,,,,,,, 
DOR,Charminster,,,8 Nov 1794,William,SATCHELL,,,,,,Elizabeth,HURSK,,,,,,,,,,,,,,,, 
DOR,Charminster,,,5 Jan 1795,George,LUMMON,,,,,,Mary,LEGG,,Piddle Hinton,,,,,,,,,,,,,,Licence 
DOR,Charminster,,,15 Jun 1795,Henry,SATCHELL,,,,,,Mary,GALPIN,,,,,,,,,,,,,,,, 
DOR,Charminster,,,25 Apr 1796,Elias,WILLIAMS,,,,,,Elizabeth,TRAVAS,,,,,,,,,,,,,,,, 
DOR,Charminster,,,31 May 1796,William,GREEN,,,,,,Mary,SLADE,,,,,,,,,,,,,,,, 
DOR,Charminster,,,27 Dec 1796,John,PEARCE,,Frampton,,,,Anne,THOMAS,,,,,,,,,,,,,,,, 
DOR,Charminster,,,30 Jan 1797,Samuel,DAW,,,,,,Sarah,BARNES,,,,,,,,,,,,,,,, 
DOR,Charminster,,,9 Oct 1797,John,MEECH,,Morden,,,,Anne,SATCHELL,,,,,,,,,,,,,,,, 
DOR,Charminster,,,13 May 1798,Richard,CHURCHOUSE,,Dorchester Holy Trinity,,,,Mary,KELLAWAY,,,,,,,,,,,,,,,, 
DOR,Charminster,,,4 Jun 1798,John,SLOMAN,,Christchurch Hants,,,,Catharine,WHITE,,,,,,,,,,,,,,,,Licence. Sloman Esq 
DOR,Charminster,,,11 Jun 1798,John,TREVES,,Frampton,,,,Ann,STICKLAND,,,,,,,,,,,,,,,, 
DOR,Charminster,,,22 Jul 1798,Robert,BOWDITCH,,Dorchester All Saints,,,,Mary,CLARK,,,,,,,,,,,,,,,, 
DOR,Charminster,,,25 Mar 1799,Robert,DAVIS,,,,,,Jane,CLARK,,,,,,,,,,,,,,,, 
DOR,Charminster,,,16 Dec 1799,William,GALTON,,,,,,Sarah,MILBOURN,,,,,,,,,,,,,,,, 
DOR,Charminster,,,30 Dec 1799,Philip,WARREN,,,,,,Jean,GREEN,,,,,,,,,,,,,,,, 
DOR,Charminster,,,23 Jan 1800,William,FUZZARD,,Stratton,,,,Anne,MILLBOURN,,,,,,,,,,,,,,,, 
DOR,Charminster,,,12 Feb 1800,Stephen,CAKE,,,,,,Mary,SARJANT,,,,,,,,,,,,,,,, 
DOR,Charminster,,,20 Feb 1800,James,WHITE,,,,,,Mary,STONE,,,,,,,,,,,,,,,,Licence 
DOR,Charminster,,,3 Apr 1800,Thomas,CAKE,,Munkton,,,,Jane,WHITE,,,,,,,,,,,,,,,, 
DOR,Charminster,,,14 Apr 1800,William,WHITE,,,,,,Elizabeth,CAKE,,,,,,,,,,,,,,,, 
DOR,Charminster,,,14 Apr 1800,William,ATKINS,,,,,,Ann,DAWS,,,,,,,,,,,,,,,, 
DOR,Charminster,,,29 Apr 1800,Benjamin,WALDRON,,Dorchester St Peters,,,,Rebecca,SLADE,,,,,,,,,,,,,,,, 
DOR,Charminster,,,20 May 1800,James,SATCHELL,,,,,,Judith,WILTSHIRE,,,,,,,,,,,,,,,, 
DOR,Charminster,,,30 Oct 1800,William,HASARD,,Dorchester St Peters,,,,Sarah,GREEN,,,,,,,,,,,,,,,, 
DOR,Charminster,,,13 Jan 1801,John,TERRELL,,Fordington,,,,Ann,SLADE,,,,,,,,,,,,,,,, 
DOR,Charminster,,,26 Feb 1801,John,MEARS,,,,,,Flower,BUNN,,,,,,,,,,,,,,,, 
DOR,Charminster,,,17 Nov 1801,John,INGRAM,,Clenston,,,,Martha,KINGSBURY,,,,,,,,,,,,,,,,Licence 
DOR,Charminster,,,25 Apr 1802,Thomas,RANDALL,,,,,,Mary,ASH,,,,,,,,,,,,,,,, 
DOR,Charminster,,,7 Jul 1802,John,DRYSDALE,,Fordington,,,,Sarah,FOX,,,,,,,,,,,,,,,,Licence; John Drysdale Of The N.B. Dragoons 
DOR,Charminster,,,30 Nov 1802,Thomas Andrew,CHAPMAN,,Stratton,,,,Elizabeth,COOPER,,,,,,,,,,,,,,,,Licence 
DOR,Charminster,,,15 Feb 1803,James,DAVIS,,Forston,,,,Frances,MILLS,,Forston,,,,,,,,,,,,,,Licence 
DOR,Charminster,,,30 Mar 1803,Nathaniel,BRETT,,Sutton,,,,Mary,COOPER,,Burton,,,,,,,,,,,,,,Licence 
DOR,Charminster,,,26 Apr 1803,William,CLARK,,,,,Dorchester,Sarah,TIZARD,,,,,,,,,,,,,,,,Licence; William Clark Of Ye Royal Regiment Of Horse Guards Commonly Call'd The Blues 
DOR,Charminster,,,28 Sep 1803,John,DIMENT,,,,,,Catherine,COOPER,,,,,,,,,,,,,,,,Licence 
DOR,Charminster,,,3 Apr 1803,William,GREEN,,Stratton,,,,Sarah,PEECH,,,,,,,,,,,,,,,,Licence 
DOR,Charminster,,,13 Oct 1803,Samuel,DAWS,,,,,,Mary,COSH,,,,,,,,,,,,,,,, 
DOR,Charminster,,,24 Oct 1803,John,BISHOP,,,,,,Jane,HARDEY,,,,,,,,,,,,,,,, 
DOR,Charminster,,,9 Nov 1803,Charles,RANDALL,,,,,,Anne,KELLAWAY,,,,,,,,,,,,,,,, 
DOR,Charminster,,,13 Feb 1804,Thomas,DAW,,,,,,Elizabeth,PALMER,,,,,,,,,,,,,,,, 
DOR,Charminster,,,10 Apr 1804,Henry,GREEN,,,,,,Mary,GEALL,,,,,,,,,,,,,,,,Licence 
DOR,Charminster,,,11 Apr 1804,Robert,LANSHARD,,Fordington,,,,Bathsheba,DRAKE,,,,,,,,,,,,,,,,Robert Lanshard Of 20th Light Dragoons 
DOR,Charminster,,,7 Aug 1804,Robert,CLARK,,,,,,Mary,GREGORY,,,,,,,,,,,,,,,, 
DOR,Charminster,,,19 Mar 1805,Joseph,ROBINS,,Melcombe Regis,,,,Anne,NORMAN,,,,,,,,,,,,,,,, 
DOR,Charminster,,,24 Jun 1805,John,WHITE,,,,,,Sarah,GEAN,,,,,,,,,,,,,,,, 
DOR,Charminster,,,11 Jul 1805,John,WHITE,,,,,,Sarah,WERNER,,,,,,,,,,,,,,,, 
DOR,Charminster,,,7 Apr 1806,William,CAKE,,,,,,Ann,WHITE,,,,,,,,,,,,,,,, 
DOR,Charminster,,,20 May 1806,Matthew,LUTTLEY,,Dorchester Holy Trinity,,,,Grace,LEGG,,,,,,,,,,,,,,,, 
DOR,Charminster,,,7 Jul 1806,John,MILBOURN,,,,,,Ann,GREGORY,,,,,,,,,,,,,,,, 
DOR,Charminster,,,8 Jul 1806,George,CURTIS,,,,,,Maria,GROVES,,Dorchester St Peters,,,,,,,,,,,,,, 
DOR,Charminster,,,9 Oct 1806,Thomas,CAKE,,,,,,Elizabeth,FRAMPTON,,,,,,,,,,,,,,,, 
DOR,Charminster,,,9 Oct 1806,John,KELLAWAY,,Godmanston,,,,Elizabeth,ATKINS,,,,,,,,,,,,,,,, 
DOR,Charminster,,,30 Mar 1807,Francis,BROWN,,,,,,Elizabeth,GREGORY,,,,,,,,,,,,,,,, 
DOR,Charminster,,,7 May 1807,Bennett,BILES,,,,,,Ann,STONE,,,,,,,,,,,,,,,,Licence 
DOR,Charminster,,,29 Feb 1808,Robert,BOWDITCH,,Dorchester Holy Trinity,,,,Avice,DAWS,,,,,,,,,,,,,,,, 
DOR,Charminster,,,18 Apr 1808,Stephen,DAWS,,,,,,Elizabeth,LOCK,,,,,,,,,,,,,,,, 
DOR,Charminster,,,29 Dec 1808,Peter,DEWLAND,,,,,,Mary,GALE,,,,,,,,,,,,,,,, 
DOR,Charminster,,,20 Feb 1809,William,SATCHELL,,,,,,Jane,COSH,,,,,,,,,,,,,,,, 
DOR,Charminster,,,14 Sep 1809,John,GRAY,,Sherborne,,,,Mary,FOOKS,,,,,,,,,,,,,,,,Licence 
DOR,Charminster,,,1 Mar 1810,Robert,GROVES,,Godmanston,,,,Mary,PERHAM,,Forston,,,,,,,,,,,,,, 
DOR,Charminster,,,9 Apr 1810,Joseph,WHITE,,Forston,,,,Phillis,CLEAL,,Forston,,,,,,,,,,,,,, 
DOR,Charminster,,,31 Dec 1811,William,LOVELACE,,,,,,Anna,ATKINS,,,,,,,,,,,,,,,, 
DOR,Charminster,,,9 Jan 1812,Richard,TIZARD,,,,,,Margaret,SYMES,,,,,,,,,,,,,,,, 
DOR,Charminster,,,18 Jul 1812,Samuel,ATKINS,,,,,,Betty,HILL,,,,,,,,,,,,,,,, 
DOR,Charminster,,,27 Sep 1812,James,CHIPP,,Upway,,,,Mary,BOOBY,,,,,,,,,,,,,,,, 
DOR,Charminster,,,18 Nov 1812,Joseph,KELLAWAY,,Milton Abbas,,,,Martha,BRINSON,,,,,,,,,,,,,,,, 
