+INFO,capn-bob@pegleg2.demon.co.uk,password,SEQUENCED,BAPTISMS
#,CCC,Robert Wilkins,Dorset,DORLYDBA.CSV,28-Apr-2010
#,CREDIT,Bob Wilkins,capn-bob@pegleg2.demon.co.uk
#,28-Apr-2010,Church Registers,,
+LDS
DOR,Lydlinch,St Thomas A Becket,,,28 Dec 1559,Nycholas,M,Wyllam,,MYLES,,,,,,
DOR,Lydlinch,St Thomas A Becket,,,05 Jan 1559/60,John,M,Wyllyam,,BEMANDE,,,,,,
DOR,Lydlinch,St Thomas A Becket,,,10 Mar 1559/60,George,M,John,,FRYE,,,,,,
DOR,Lydlinch,St Thomas A Becket,,,23 Mar 1559/60,Robert,M,Leonard,,COLBORNE,,,,,,
DOR,Lydlinch,St Thomas A Becket,,,24 Mar 1559/60,Robert,M,Nicholas,,FYLL,,,,,,
DOR,Lydlinch,St Thomas A Becket,,,29 Apr 1560,John,M,Thomas,,PERSONS,,,,,,
DOR,Lydlinch,St Thomas A Becket,,,03 May 1560,Nicholas,M,,,,,,,No names of either parents,,
DOR,Lydlinch,St Thomas A Becket,,,30 May 1560,Richard,M,Richard,,PERSONS,,,,,,
DOR,Lydlinch,St Thomas A Becket,,,12 Jul 1560,Joane,F,,,,,,,No names of either parents,,
DOR,Lydlinch,St Thomas A Becket,,,17 Nov 1560,Agnes,F,Richard,,ROMAYNE,,,,,,
DOR,Lydlinch,St Thomas A Becket,,,26 Dec 1560,Steven,M,George,,ROMAYNE,,,,,,
DOR,Lydlinch,St Thomas A Becket,,,21 Jan 1560/1,Edith,M,Thomas,,GAUTRELL,,,,,,
DOR,Lydlinch,St Thomas A Becket,,,17 Jan 1560/1,Richard,M,Nicholas,,ROMAYNE,,,,,,
DOR,Lydlinch,St Thomas A Becket,,,06 Feb 1560/1,Elnar,F,Thomas,Agnes,YEVANS,PYRRYE,,,,,
DOR,Lydlinch,St Thomas A Becket,,,16 Mar 1560/1,Bartholomew,M,William,,BEMANDE,,,,,,
DOR,Lydlinch,St Thomas A Becket,,,13 Apr 1561,Christian,F,John,,FRAMPTON,,,,,,
DOR,Lydlinch,St Thomas A Becket,,,18 May 1561,Joane,F,Thomas,,EYRES,,,,,,
DOR,Lydlinch,St Thomas A Becket,,,05 Jun 1561,Helene,F,Richard,,TRYMME,,,,,,
DOR,Lydlinch,St Thomas A Becket,,,15 Jun 1561,Elizabeth,F,Thoams,,NELE,,,,,,
DOR,Lydlinch,St Thomas A Becket,,,24 Sep 1561,Richard,M,John,,BARBOR,,,,,,
DOR,Lydlinch,St Thomas A Becket,,,28 Nov 1561,Edith,F,John,,SNOOKE,,,,,,
DOR,Lydlinch,St Thomas A Becket,,,10 Dec 1561,John,M,William,,MYLES,,,,,,
DOR,Lydlinch,St Thomas A Becket,,,18 Jan 1561/2,Alyce,F,William,,JOLYFE,,,,,,
DOR,Lydlinch,St Thomas A Becket,,,24 Feb 1561/2,John,M,Nicholas,,FYLL,,,,,,
DOR,Lydlinch,St Thomas A Becket,,,16 Mar 1561/2,Mary,F,Richard,,ROMAYNE,,,,,,
DOR,Lydlinch,St Thomas A Becket,,,27 Mar 1562,Joane,F,John,,FRYE,,,,,,
DOR,Lydlinch,St Thomas A Becket,,,04 Apr 1562,Christian,F,Peter,,POPE,,,,,,
DOR,Lydlinch,St Thomas A Becket,,,14 Apr 1562,Helene,F,Grogorye,,LOCKE,,,,,,
DOR,Lydlinch,St Thomas A Becket,,,12 Jun 1562,John,M,George,,ROMAYNE,,,,,,
DOR,Lydlinch,St Thomas A Becket,,,03 Sep 1562,Thomas,M,Robert,,TROAKE,,,,,,
DOR,Lydlinch,St Thomas A Becket,,,13 Sep 1562,Christian,F,Nicholas,,ROMAYNE,,,,,,
DOR,Lydlinch,St Thomas A Becket,,,14 Nov 1562,Bartholomew,M,Bartholomew,,DARBYE,,,,,,
DOR,Lydlinch,St Thomas A Becket,,,23 Dec 1562,Angell,F,Edward,,JOYE,,,,,,
DOR,Lydlinch,St Thomas A Becket,,,16 Jan 1562/3,Joane,F,Richard,,TRYMME,,,,,,
DOR,Lydlinch,St Thomas A Becket,,,17 Feb 1562/3,George,M,John,,FRAMPTON,,,,,,
DOR,Lydlinch,St Thomas A Becket,,,01 Jun 1563,Richard,M,Thomas,,EYRES,,,,,,
DOR,Lydlinch,St Thomas A Becket,,,20 Jun 1563,Joane,F,William,,MYLES,,,,,,
DOR,Lydlinch,St Thomas A Becket,,,07 Aug 1563,Joane,F,Robert,,WATERS,,,,,,
DOR,Lydlinch,St Thomas A Becket,,,20 Aug 1563,Bartholomew,M,John,,TROAKE,,,,,,
DOR,Lydlinch,St Thomas A Becket,,,27 Aug 1563,Helene,F,Thomas,,NELE,,,,,,
DOR,Lydlinch,St Thomas A Becket,,,27 Oct 1563,William,M,Henry,,KEBYE,,,,,,
DOR,Lydlinch,St Thomas A Becket,,,05 Feb 1563/4,Joane,F,Richard,,STEYNER,,,,,,
DOR,Lydlinch,St Thomas A Becket,,,26 Feb 1563/4,John,M,George,,ROMAYNE,,,,,,
DOR,Lydlinch,St Thomas A Becket,,,03 Mar 1563/4,Nicholas,M,Bartholomew,,DARBYE,,,,,,
DOR,Lydlinch,St Thomas A Becket,,,29 Mar 1563,Richard,M,John,,ROMAYNE,,,,,,
DOR,Lydlinch,St Thomas A Becket,,,10 Apr 1563,George,M,Bartholomew,,ROMAYNE,,,,,,
DOR,Lydlinch,St Thomas A Becket,,,06 Mar 1563/4,Grace,F,Richard,,NEALE,,,,,,
DOR,Lydlinch,St Thomas A Becket,,,19 Mar 1563/4,William,M,Batholomew,,ROMAYNE,,,,,,
DOR,Lydlinch,St Thomas A Becket,,,25 Apr 1564,Nicholas,M,Nicholas,,ROMAYNE,,,,,,
DOR,Lydlinch,St Thomas A Becket,,,07 May 1564,Batholomew,M,John,,BARBOR,,,,,,
DOR,Lydlinch,St Thomas A Becket,,,29 Jun 1564,Joane,F,William,,RUSSEL,,,,Fathers name alias WEAVER,,
DOR,Lydlinch,St Thomas A Becket,,,29 Jun 1564,Joane,F,William,,WEAVER,,,,Fathers name alias RUSSEL,,
DOR,Lydlinch,St Thomas A Becket,,,12 Jul 1564,Philys,F,Richard,,ROMAYNE,,,,,,
DOR,Lydlinch,St Thomas A Becket,,,01 Sep 1564,John,M,Christopher,,EYRES,,,,,,
DOR,Lydlinch,St Thomas A Becket,,,05 Sep 1564,Edith,F,Nicholas,,FYLL,,,,,,
DOR,Lydlinch,St Thomas A Becket,,,06 Sep 1564,Richard,M,Thomas,,THOMAS,,,,,,
DOR,Lydlinch,St Thomas A Becket,,,18 Sep 1564,William,M,William,,EYRES,,,,,,
DOR,Lydlinch,St Thomas A Becket,,,22 Oct 1564,Nicholas,M,Peter,,POPE,,,,,,
DOR,Lydlinch,St Thomas A Becket,,,22 Oct 1564,Wylmotte,F,John,,RABBETTS,,,,,,
DOR,Lydlinch,St Thomas A Becket,,,12 Nov 1564,Katheryne,F,Edward,,JOYE,,,,,,
DOR,Lydlinch,St Thomas A Becket,,,15 Nov 1564,Batholomew,M,John,,FRYE,,,,,,
DOR,Lydlinch,St Thomas A Becket,,,04 Mar 1564/5,Elizabeth,F,George,,ROMAYNE,,,,,,
DOR,Lydlinch,St Thomas A Becket,,,18 Mar 1564/5,Maulde,F,John,,RAWLYNS,,,,,,
DOR,Lydlinch,St Thomas A Becket,,,13 May 1565,Bartholomew,M,Henry,,KEEBYE,,,,Entry unclassified but probably Baptism,,
DOR,Lydlinch,St Thomas A Becket,,,16 Jun 1565,William,M,Robert,,WARRANT,,,,,,
DOR,Lydlinch,St Thomas A Becket,,,17 Jun 1565,Robert,M,Robert,,TROAKE,,,,,,
DOR,Lydlinch,St Thomas A Becket,,,16 Jun 1565,William,M,John,,ROMAYNE,,,,,,
DOR,Lydlinch,St Thomas A Becket,,,09 Sep 1565,Nicholas,M,Bartholomew,,MYLES,,,,,,
DOR,Lydlinch,St Thomas A Becket,,,23 Sep 1565,Christian,F,John,,TROAKE,,,,,,
DOR,Lydlinch,St Thomas A Becket,,,23 Mar 1565/6,Joane,F,Richard,,ROMAYNE,,,,,,
DOR,Lydlinch,St Thomas A Becket,,,,,,,,,,,,,,
DOR,Lydlinch,St Thomas A Becket,,,01 May 1566,John,M,Christopher,,CADYE,,,,,,
DOR,Lydlinch,St Thomas A Becket,,,12 May 1566,Mary,F,Thomas,,NELE,,,,,,
DOR,Lydlinch,St Thomas A Becket,,,07 Jul 1566,Nicholas,M,William,,MYLES,,,,,,
DOR,Lydlinch,St Thomas A Becket,,,14 Jul 1566,George,M,George,,ROMAYNE,,,,,,
DOR,Lydlinch,St Thomas A Becket,,,21 Jul 1566,Nicholas,M,William,,EYRES,,,,,,
DOR,Lydlinch,St Thomas A Becket,,,15 Sep 1566,Elnar,F,Nicholas,,ROMAYNE,,,,,,
DOR,Lydlinch,St Thomas A Becket,,,07 Oct 1566,Joane,F,Nicholas,,ROMAYNE,,,,,,
DOR,Lydlinch,St Thomas A Becket,,,23 Nov 1566,Joane,F,John,,ROSE,,,,,,
DOR,Lydlinch,St Thomas A Becket,,,24 Nov 1566,Thomas,M,Henry,,KEBYE,,,,,,
DOR,Lydlinch,St Thomas A Becket,,,12 Jan 1566/7,Joanne,F,William,,HOOPER,,,,Entry unclassified but probably Baptism,,
DOR,Lydlinch,St Thomas A Becket,,,12 Jan 1566/7,Elizabeth,F,Nicholas,,WEBBE,,,,Entry unclassified but probably Baptism,,
DOR,Lydlinch,St Thomas A Becket,,,23 Feb 1566/7,George,M,Richard,,NELE,,,,,,
DOR,Lydlinch,St Thomas A Becket,,,02 Mar 1566/7,Raynolde,M,Christopher,,EYRES,,,,,,
DOR,Lydlinch,St Thomas A Becket,,,16 Mar 1566/7,William,M,Bartholomew,,ROMAYNE,,,,,,
DOR,Lydlinch,St Thomas A Becket,,,26 Apr 1567,Nicholas,M,Thomas,,PERSONS,,,,,,
DOR,Lydlinch,St Thomas A Becket,,,13 Jul 1567,Joane,F,Richard,,ROMAYNE,,,,,,
DOR,Lydlinch,St Thomas A Becket,,,10 Aug 1567,Margaret,F,Thomas,,EYRES,,,,,,
DOR,Lydlinch,St Thomas A Becket,,,10 Aug 1567,Nicholas,M,John,,TROAKE,,,,,,
DOR,Lydlinch,St Thomas A Becket,,,17 Aug 1567,Joane,F,Bartholomew,,DERBYE,,,,,,
DOR,Lydlinch,St Thomas A Becket,,,24 Aug 1567,Elnar,F,Nicholas,,FFYLL,,,,,,
DOR,Lydlinch,St Thomas A Becket,,,07 Sep 1567,Thomas,M,Richard,,CAVE,,,,,,
DOR,Lydlinch,St Thomas A Becket,,,20 Dec 1567,Edith,F,George,,ROMAYNE,,,,,,
DOR,Lydlinch,St Thomas A Becket,,,11 Jan 1567/8,Thomas,M,William,,NELE,,,,,,
DOR,Lydlinch,St Thomas A Becket,,,25 Jan 1567/8,George,M,John,,ROMAYNE,,,,,,
DOR,Lydlinch,St Thomas A Becket,,,01 Mar 1567/8,Nicholas,M,Edward,,JOYE,,,,,,
DOR,Lydlinch,St Thomas A Becket,,,18 Mar 1567/8,Alice,F,Christopher,,CADDYE,,,,,,
DOR,Lydlinch,St Thomas A Becket,,,20 Apr 1568,Robert,M,Henry,,KEBYE,,,,,,
DOR,Lydlinch,St Thomas A Becket,,,09 Apr 1568,Wylmutte,F,Richard,Maulde,CHURCHILL,NICOLLS,,,,,
DOR,Lydlinch,St Thomas A Becket,,,24 Jun 1568,Thomas,M,Bartholomew,,MYLES,,,,,,
DOR,Lydlinch,St Thomas A Becket,,,1568,Richard,M,Richard,,ROMAYNE,,,,No exact date listed,,
DOR,Lydlinch,St Thomas A Becket,,,28 Oct 1568,Edmund,M,Bartholomew,,FFYLL,,,,,,
DOR,Lydlinch,St Thomas A Becket,,,20 Dec 1568,Edith,F,Thomas,,NELE,,,,,,
DOR,Lydlinch,St Thomas A Becket,,,16 Jan 1568/9,Margery,F,Richard,,CAVE,,,,,,
DOR,Lydlinch,St Thomas A Becket,,,23 Jan 1568/9,Alice,F,George,,ROMAYNE,,,,,,
DOR,Lydlinch,St Thomas A Becket,,,06 Mar 1568/9,Anne,F,John,,ROSE,,,,,,
DOR,Lydlinch,St Thomas A Becket,,,20 Mar 1568/9,Richard,M,Richard,,ROMAYNE,,,,,,
DOR,Lydlinch,St Thomas A Becket,,,26 Jun 1569,Alice,F,John,,ROBINS,,,,,,
DOR,Lydlinch,St Thomas A Becket,,,04 Aug 1569,Peter,M,Robert,,TROAKE,,,,,,
DOR,Lydlinch,St Thomas A Becket,,,18 Aug 1569,Anne,F,William,,MYLES,,,,,,
DOR,Lydlinch,St Thomas A Becket,,,19 Oct 1569,John,M,John,,TROAKE,,,,,,
DOR,Lydlinch,St Thomas A Becket,,,04 Dec 1569,Thomas,M,Thomas,,EYRES,,,,,,
DOR,Lydlinch,St Thomas A Becket,,,23 Dec 1569,Nicholas,M,William,,HOOPER,,,,,,
DOR,Lydlinch,St Thomas A Becket,,,19 Feb 1569/70,Joane,F,John,Joane,BARBOR,RYDEWOOD,,,,,
DOR,Lydlinch,St Thomas A Becket,,,20 Feb 1569/70,Margarete,F,Christopher,,CADYE,,,,,,
DOR,Lydlinch,St Thomas A Becket,,,28 Feb 1569/70,Bartholomew,M,Richard,,SURREL,,,,,,
DOR,Lydlinch,St Thomas A Becket,,,01 Apr 1570,Nicholas,M,Bartholomew,,FFYLL,,,,,,
DOR,Lydlinch,St Thomas A Becket,,,28 Apr 1570,Joane,M,Christopher,,EYRES,,,,,,
DOR,Lydlinch,St Thomas A Becket,,,21 May 1570,Richard,M,John,,BURGE,,,,,,
DOR,Lydlinch,St Thomas A Becket,,,27 May 1570,Mary,F,John,,KEYLWAYE,,,,,,
DOR,Lydlinch,St Thomas A Becket,,,13 Aug 1570,Nicholas,M,Nicholas,,FFYLL,,,,,,
DOR,Lydlinch,St Thomas A Becket,,,30 Nov 1570,Nicholas,-,William,,BYSHOP,,,,,,
DOR,Lydlinch,St Thomas A Becket,,,26 Jan 1570/1,George,M,Christopher,,CADYE,,,,,,
DOR,Lydlinch,St Thomas A Becket,0,,03 Feb 1570/1,Helene,F,Thomas,,EYRES,,,,,,
DOR,Lydlinch,St Thomas A Becket,,,04 Apr 1571,Helene,F,John,,ROSE,,,,,,
DOR,Lydlinch,St Thomas A Becket,,,25 May 1571,Elnar,F,Richard,,ROMAYNE,,,,,,
DOR,Lydlinch,St Thomas A Becket,,,09 Jun 1571,Nicholas,M,Nicholas,,ROMAYNE,,,,,,
DOR,Lydlinch,St Thomas A Becket,,,27 Jun 1571,Elnar,F,Thomas,,NELE,,,,,,
DOR,Lydlinch,St Thomas A Becket,,,25 Jul 1571,James,M,Robert,,TROAKE,,,,,,
DOR,Lydlinch,St Thomas A Becket,,,05 Sep 1571,Thomas,M,George,,ROMAYNE,,,,,,
DOR,Lydlinch,St Thomas A Becket,,,05 Sep 1571,Wylmutte,F,Henry,,CASE,,,,,,
DOR,Lydlinch,St Thomas A Becket,,,19 Sep 1571,Alice,F,Nicholas,,FFARR,,,,,,
DOR,Lydlinch,St Thomas A Becket,,,30 Oct 1571,John,M,Thomas,,PERSONS,,,,,,
DOR,Lydlinch,St Thomas A Becket,,,26 Nov 1571,Troake,M,John,,TROAKE,,,,"Sons forename as written ""Troake",,
DOR,Lydlinch,St Thomas A Becket,,,04 Jun 1572,Susan,F,,,EYRES,,,,,,
DOR,Lydlinch,St Thomas A Becket,,,09 Jul 1572,John,M,Henry,,HANNE,,,,,,
DOR,Lydlinch,St Thomas A Becket,,,15 Apr 1573,George,M,Nicholas,,GYLLYNGAME,,,,,,
DOR,Lydlinch,St Thomas A Becket,,,19 Apr 1573,Faith,F,William,,WEAVER,,,,,,
DOR,Lydlinch,St Thomas A Becket,,,16 Nov 1572,Hugh,M,,,CHAMBERLAINE,,,,,,
DOR,Lydlinch,St Thomas A Becket,,24 Jun 1573,,John,,,,WHITTEL,,,,,,
DOR,Lydlinch,St Thomas A Becket,,,22 Sep 1573,Mary,F,Nicholas,,FFYLL,,,,,,
DOR,Lydlinch,St Thomas A Becket,,,29 Sep 1573,Michael,M,John,,ROMAYNE,,,,,,
DOR,Lydlinch,St Thomas A Becket,,,18 Oct 1573,Katherine,F,Christopher,,MYLLES,,,,,,
DOR,Lydlinch,St Thomas A Becket,,,29 Jan 1573/4,Ancrete,F,Thomas,,PERSONS,,,,,,
DOR,Lydlinch,St Thomas A Becket,,,20 Feb 1573/4,George,M,Thomas,,THOMAS,,,,,,
DOR,Lydlinch,St Thomas A Becket,,,05 Mar 1573/4,Nicholas,M,Richard,,FFARRE,,,,,,
DOR,Lydlinch,St Thomas A Becket,,,13 Apr 1574,Jane,F,,,CHAMBERLAYNE,,,,,,
DOR,Lydlinch,St Thomas A Becket,,,19 Apr 1574,Brigette,F,?,,HOPPES,,,,,,
DOR,Lydlinch,St Thomas A Becket,,,20 May 1574,Helene,F,Nicholas,,FFARRE,,,,,,
DOR,Lydlinch,St Thomas A Becket,,,20 May 1574,Humphrey,M,Christopher,,EYRES,,,,,,
DOR,Lydlinch,St Thomas A Becket,,,09 Oct 1574,Joane,F,John,,WHITTLE,,,,,,
DOR,Lydlinch,St Thomas A Becket,,,28 Oct 1574,Thomas,M,John,,WOOLLES,,,,,,
DOR,Lydlinch,St Thomas A Becket,,,01 May 1575,James,M,Bartholomew,,FFYLL,,,,,,
DOR,Lydlinch,St Thomas A Becket,,,30 May 1575,John,M,Henry,,CASE,,,,,,
DOR,Lydlinch,St Thomas A Becket,,,05 Jun 1575,Elnor,F,Thomas,,EYRES,,,,,,
DOR,Lydlinch,St Thomas A Becket,,,08 Sep 1575,George,M,William,,EYRES,,,,,,
DOR,Lydlinch,St Thomas A Becket,,,05 Dec 1575,Anne,F,C,,MYLES,,,,,,
DOR,Lydlinch,St Thomas A Becket,,,10 Feb 1575/6,Barbara,F,John,,WHITTELL,,,,,,
DOR,Lydlinch,St Thomas A Becket,,,17 Mar 1575/6,Nicholas,M,John,,KEYLWAYE,,,,,,
DOR,Lydlinch,St Thomas A Becket,,,30 Mar 1576,Thomas,M,John,,ROMAYNE,,,,,,
DOR,Lydlinch,St Thomas A Becket,,,13 Oct 1576,Thomas,M,,,PERSONS,,,,,,
DOR,Lydlinch,St Thomas A Becket,,,19 Oct 1577,Henry,M,Arthur,,HAYDEN,,,,,,
DOR,Lydlinch,St Thomas A Becket,,,22 Oct 1577,Mary,F,John,,BURGES,,,,,,
DOR,Lydlinch,St Thomas A Becket,,,29 Oct 1577,Roger,M,Henry,,CASE,,,,,,
DOR,Lydlinch,St Thomas A Becket,,,07 Dec 1577,Joane,F,John,,DYER,,,,,,
DOR,Lydlinch,St Thomas A Becket,,,12 Jan 1577/8,Edith,F,Christopher,,CADYE,,,,,,
DOR,Lydlinch,St Thomas A Becket,,,08 Feb 1577/8,Mary,F,John,,WHITTELL,,,,,,
DOR,Lydlinch,St Thomas A Becket,,,08 Apr 1578,Elizabeth,F,John,,ROSE,,,,,,
DOR,Lydlinch,St Thomas A Becket,,,08 Apr 1578,Henry,M,Thomas,,CLERKE,,,,,,
DOR,Lydlinch,St Thomas A Becket,,,16 Jun 1578,Margarete,F,John,,WOOLLES,,,,,,
DOR,Lydlinch,St Thomas A Becket,,,23 Oct 1578,Mary,F,John,,HOPKYNS,,,,,,
DOR,Lydlinch,St Thomas A Becket,,,08 Nov 1578,George,M,John,,MARTYNE,,,,,,
DOR,Lydlinch,St Thomas A Becket,,,11 Jan 1578/9,Joane,F,Bartholomew,,FFYLL,,,,,,
DOR,Lydlinch,St Thomas A Becket,,,13 Mar 1578/9,Joane,F,Thomas,,NELE,,,,,,
DOR,Lydlinch,St Thomas A Becket,,,25 Apr 1579,Rafe,M,John,,ROMAYNE,,,,,,
DOR,Lydlinch,St Thomas A Becket,,,01 May 1579,William,M,Geoffrey,,FFARR,,,,,,
DOR,Lydlinch,St Thomas A Becket,,,12 May 1579,Robert,M,Henry,,CASE,,,,,,
DOR,Lydlinch,St Thomas A Becket,,,27 May 1579,Alice,F,John,,FFLOWAR,,,,,,
DOR,Lydlinch,St Thomas A Becket,,,07 Jun 1579,Robert,M,Henry,,CASE,,,,,,
DOR,Lydlinch,St Thomas A Becket,,,04 Jul 1579,Anne,F,John,,WHYTELL,,,,,,
DOR,Lydlinch,St Thomas A Becket,,,11 Sep 1579,William,M,Lawrence,,SNOOKE,,,,,,
DOR,Lydlinch,St Thomas A Becket,,,31 Dec 1579,Richard,-,Richard,,KEBYE,,,,,,
DOR,Lydlinch,St Thomas A Becket,,,22 Jan 1579/80,John,M,John,,MARTYN,,,,,,
DOR,Lydlinch,St Thomas A Becket,,,25 Jun 1580,Rachell,F,Rafe,,CROCKER,,,,,,
DOR,Lydlinch,St Thomas A Becket,,,02 Jul 1580,Peter,M,Nicholas,,FFARR,,,,,,
DOR,Lydlinch,St Thomas A Becket,,,29 Oct 1580,Judith,F,John,,WHITTELL,,,,,,
DOR,Lydlinch,St Thomas A Becket,,,29 Oct 1580,John,M,John,,HEATH,,,,,,
DOR,Lydlinch,St Thomas A Becket,,,12 Nov 1580,Joane,F,Henry,,CASE,,,,,,
DOR,Lydlinch,St Thomas A Becket,,,19 Feb 1580/1,Margarete,F,Geoffrey,,FFARR,,,,,,
DOR,Lydlinch,St Thomas A Becket,,,20 Mar 1580/1,Richard,M,Bartholomew,,FFYLL,,,,,,
DOR,Lydlinch,St Thomas A Becket,,,16 May 1581,John,M,John,,ROSE,,,,,,
DOR,Lydlinch,St Thomas A Becket,,,06 Jul 1581,Nicholas,M,John,,MARTYNE,,,,,,
DOR,Lydlinch,St Thomas A Becket,,,06 Jul 1581,Agnes,F,John,,FLOWER,,,,,,
DOR,Lydlinch,St Thomas A Becket,,,18 Oct 1581,Rafe,M,,,CROCKER,,,,,,
DOR,Lydlinch,St Thomas A Becket,,,09 Feb 1581/2,Agnes,F,,,FFARR,,,,,,
DOR,Lydlinch,St Thomas A Becket,,,03 Mar 1581/2,Joane,F,,,KEYLWAYE,,,,,,
DOR,Lydlinch,St Thomas A Becket,,,14 Apr 1582,John,M,,,HOPPES,,,,,,
DOR,Lydlinch,St Thomas A Becket,,,28 Apr 1582,Nicholas,M,,,FFRAMPTON,,,,,,
DOR,Lydlinch,St Thomas A Becket,,,03 Aug 1582,Christian,F,Robert,,RYDEWOOD,,,,,,
DOR,Lydlinch,St Thomas A Becket,,,01 Oct 1582,Scydrath,,,,WHITTELL,,,,,,
DOR,Lydlinch,St Thomas A Becket,,,06 Oct 1582,Symon,M,,,FFARR,,,,,,
DOR,Lydlinch,St Thomas A Becket,,,10 Nov 1582,Thomas,M,,,TANNER,,,,,,
DOR,Lydlinch,St Thomas A Becket,,,08 Mar 1582/3,Joane,F,Richard,,OSMUND,,,,,,
DOR,Lydlinch,St Thomas A Becket,,,24 May 1583,William,,,,TRIMM,,,,,,
DOR,Lydlinch,St Thomas A Becket,,,28 May 1583,Elnar,,,,FFLOWAR,,,,,,
DOR,Lydlinch,St Thomas A Becket,,,12 Aug 1583,Dorothy,F,John,,TYNKNELL,,,,,,
DOR,Lydlinch,St Thomas A Becket,,,11 Sep 1583,John,M,William,,CARTAR,,,,,,
DOR,Lydlinch,St Thomas A Becket,,,08 Nov 1583,Dorothy,F,Henry,,PERSONS,,,,,,
DOR,Lydlinch,St Thomas A Becket,,,22 Nov 1583,Joane,F,John,,MARTYN,,,,,,
DOR,Lydlinch,St Thomas A Becket,,,16 Jan 1583/4,Margery,,,,DOWDYNG,,,,,,
DOR,Lydlinch,St Thomas A Becket,,,20 Mar 1583/4,John,M,Geoffrey,,FFARR,,,,,,
DOR,Lydlinch,St Thomas A Becket,,,25 Apr 1584,Thomas,M,Gilbert,,BURGES,,,,,,
DOR,Lydlinch,St Thomas A Becket,,,26 Apr 1584,Joane,F,Thomas,,MEWE,,,,,,
DOR,Lydlinch,St Thomas A Becket,,,16 May 1584,Margarete,F,Hugh,,DOYRENT,,,,,,
DOR,Lydlinch,St Thomas A Becket,,,14 Sep 1584,Joane,F,John,,TYNKNELL,,,,,,
DOR,Lydlinch,St Thomas A Becket,,,03 Oct 1584,Alice,,,,TANNER,,,,,,
DOR,Lydlinch,St Thomas A Becket,,,07 Nov 1584,John,M,William,,BENBRYCKE,,,,,,
DOR,Lydlinch,St Thomas A Becket,,,05 Dec 1584,Thomas,M,Thomas,,KEYLWAYE,,,,,,
DOR,Lydlinch,St Thomas A Becket,,,23 Jan 1584/5,William,M,R,,MINNION,,,,,,
DOR,Lydlinch,St Thomas A Becket,,,23 Jan 1584/5,Nicholas,M,Thomas,,TRYMME,,,,,,
DOR,Lydlinch,St Thomas A Becket,,,13 Mar 1584/5,Thomas,M,William,,CARTAR,,,,,,
DOR,Lydlinch,St Thomas A Becket,,,16 Mar 1584/5,Thomas,M,John,,HOPPES,,,,,,
DOR,Lydlinch,St Thomas A Becket,,,12 Apr 1586,Bartholomew,M,Bartholomew,,FFYLL,,,,,,
DOR,Lydlinch,St Thomas A Becket,,,01 May 1586,Alice,F,Robert,,OKE,,,,,,
DOR,Lydlinch,St Thomas A Becket,,,12 May 1586,Nicholas,M,Simon,,ROMAYNE,,,,,,
DOR,Lydlinch,St Thomas A Becket,,,07 Jun 1586,Anne,F,Christopher,,MYLES,,,,,,
DOR,Lydlinch,St Thomas A Becket,,,23 Jul 1586,Agnes,F,John,,SNOOKE,,,,,,
DOR,Lydlinch,St Thomas A Becket,,,21 Aug 1586,George,M,John,,FFLOWER,,,,,,
DOR,Lydlinch,St Thomas A Becket,,,21 Aug 1586,Anne,F,John,,MARTYN,,,,,,
DOR,Lydlinch,St Thomas A Becket,,,19 Sep 1587,John,,,,BURGE,,,,,,
DOR,Lydlinch,St Thomas A Becket,,,11 Oct 1587,John,M,Nicholas,,FFARR,,,,,,
DOR,Lydlinch,St Thomas A Becket,,,16 Mar 1587/8,Dorothee,F,,,CARTAR,,,,,,
DOR,Lydlinch,St Thomas A Becket,,,28 Apr 1588,Thomas,,,,WHITTELL,,,,,,
DOR,Lydlinch,St Thomas A Becket,,,03 Jun 1588,Samuel,,,,WHITTELL,,,,,,
DOR,Lydlinch,St Thomas A Becket,,,12 Jun 1588,Thomas,M,Geffrey,,FFARR,,,,,,
DOR,Lydlinch,St Thomas A Becket,,,10 Oct 1588,Rose,M,John,,DIGNALL,,,,,,
DOR,Lydlinch,St Thomas A Becket,,,17 Dec 1588,Richard,M,Thomas,,TRYMME,,,,,,
DOR,Lydlinch,St Thomas A Becket,,,08 Jan 1588/9,Elizabeth,F,John,,FFLOWER,,,,,,
DOR,Lydlinch,St Thomas A Becket,,,26 Jan 1588/9,John,M,Bartholomew,,FFYLL,,,,,,
DOR,Lydlinch,St Thomas A Becket,,,02 Feb 1588/9,Henry,M,William,,KESLEY,,,,,,
DOR,Lydlinch,St Thomas A Becket,,,22 Feb 1588/9,Alice,F,John,,FFLOWAR,,,,,,
DOR,Lydlinch,St Thomas A Becket,,,04 Apr 1589,John,M,John,,CLAVER,,,,,,
DOR,Lydlinch,St Thomas A Becket,,,28 Apr 1589,Maulde,F,William,,BYLES,,,,,,
DOR,Lydlinch,St Thomas A Becket,,,12 Jun 1589,Susanna,F,George,,FFRAMPTON,,,,,,
DOR,Lydlinch,St Thomas A Becket,,,20 Jun 1589,Agnes,M,Richard,,LOCKE,,,,,,
DOR,Lydlinch,St Thomas A Becket,,,27 Jun 1589,Agnes,F,John,,MARTYN,,,,,,
DOR,Lydlinch,St Thomas A Becket,,,03 Sep 1589,Robert,M,Thomas,,KEYLWAYE,,,,,,
DOR,Lydlinch,St Thomas A Becket,,,16 Nov 1589,Anne,,,,BURGE,,,,,,
DOR,Lydlinch,St Thomas A Becket,,,23 Apr 1590,George,M,Nicholas,,FFARR,,,,,,
DOR,Lydlinch,St Thomas A Becket,,,20 May 1590,Susanna,F,Richard,,BARBOR,,,,,,
DOR,Lydlinch,St Thomas A Becket,,,12 Jul 1590,George,M,George,,FFRAMPTON,,,,,,
DOR,Lydlinch,St Thomas A Becket,,,20 Aug 1590,Agnes,F,John,,HARVEY,,,,,,
DOR,Lydlinch,St Thomas A Becket,,,23 Aug 1590,Robert,M,John,,ROSE,,,,,,
DOR,Lydlinch,St Thomas A Becket,,,27 Sep 1590,Margete,F,Thomas,,MEWE,,,,,,
DOR,Lydlinch,St Thomas A Becket,,,27 Sep 1590,Judith,F,Richard,,EYRES,,,,,,
DOR,Lydlinch,St Thomas A Becket,,,20 Dec 1590,Richard,M,Roger,,DYER,,,,,,
DOR,Lydlinch,St Thomas A Becket,,,05 Jan 1690/1,Robert,M,William,,KESLEYE,,,,,,
DOR,Lydlinch,St Thomas A Becket,,,07 Mar 1590/1,Joane,F,John,,FFLOWER,,,,,,
DOR,Lydlinch,St Thomas A Becket,,,14 Mar 1590/1,Anne,F,William,,CARTAR,,,,,,
DOR,Lydlinch,St Thomas A Becket,,,11 Apr 1591,Richard,M,John,,CLAVER,,,,,,
DOR,Lydlinch,St Thomas A Becket,,,25 May 1591,John,M,Bartholomew,,FFYLL,,,,,,
DOR,Lydlinch,St Thomas A Becket,,,11 Jul 1591,Martha,F,Thomas,,TRYMME,,,,,,
DOR,Lydlinch,St Thomas A Becket,,,26 Sep 1591,Roger,M,George,,FFRAMPTON,,,,,,
DOR,Lydlinch,St Thomas A Becket,,,10 Oct 1591,Robert,M,John,,DIGNELL,,,,,,
DOR,Lydlinch,St Thomas A Becket,,,19 Dec 1591,Grace,F,Thomas,,KEYLWAYE,,,,,,
DOR,Lydlinch,St Thomas A Becket,,,26 Dec 1591,Thomas,M,Thomas,,WARRE,,,,,,
DOR,Lydlinch,St Thomas A Becket,,,06 Feb 1591/2,Dorothee,F,William,,TANNER,,,,,,
DOR,Lydlinch,St Thomas A Becket,,,06 Feb 1591/2,Margarete,F,William,,KESLEY,,,,,,
DOR,Lydlinch,St Thomas A Becket,,,19 Mar 1591/2,William,M,William,,BYLES,,,,,,
DOR,Lydlinch,St Thomas A Becket,,,19 Mar 1591/2,Richard,M,Gilberte,,BURGE,,,,,,
DOR,Lydlinch,St Thomas A Becket,,,27 Mar 1592,John,M,John,,EYRES,,,,,,
DOR,Lydlinch,St Thomas A Becket,,,13 Jun 1592,Joane,F,Thomas,,MEWE,,,,,,
DOR,Lydlinch,St Thomas A Becket,,,23 Jul 1592,James,M,Richard,,LOCKE,,,,,,
DOR,Lydlinch,St Thomas A Becket,,,20 Aug 1592,William,M,Simon,,ROMAYNE,,,,,,
DOR,Lydlinch,St Thomas A Becket,,,17 Sep 1592,Sarah,F,Richard,,EYRES,,,,,,
DOR,Lydlinch,St Thomas A Becket,,,26 Dec 1592,Joane,F,William,,CARTAR,,,,,,
DOR,Lydlinch,St Thomas A Becket,,,04 Feb 1592/3,John,M,George,,FFRAMPTON,,,,,,
DOR,Lydlinch,St Thomas A Becket,,,14 Mar 1592/3,John,M,John,,FFOWLES,,,,,,
DOR,Lydlinch,St Thomas A Becket,,,23 Mar 1592/3,Martha,,,,REED,,,,,,
DOR,Lydlinch,St Thomas A Becket,,,04 Apr 1593,Philippe,M,John,,FFLOWAR,,,,,,
DOR,Lydlinch,St Thomas A Becket,,,11 Apr 1593,Grace,F,R,,PARSONS,,,,,,
DOR,Lydlinch,St Thomas A Becket,,,29 Jul 1593,Mary,F,Ry.,,ROMAYNE,,,,,,
DOR,Lydlinch,St Thomas A Becket,,,04 Nov 1593,Rebecca,M,Thomas,,FFORWARD,,,,,,
DOR,Lydlinch,St Thomas A Becket,,,02 Dec 1593,John,M,Richard,,BARBOR,,,,,,
DOR,Lydlinch,St Thomas A Becket,,,24 Feb 1593/4,Richard,M,Gilbert,,BURGE,,,,,,
DOR,Lydlinch,St Thomas A Becket,,,17 Mar 1593/4,Leonard,M,John,,FFOWLES,,,,,,
DOR,Lydlinch,St Thomas A Becket,,,17 Mar 1593/4,Thomas,M,John,,FFOWLES,,,,,,
DOR,Lydlinch,St Thomas A Becket,,,29 Mar 1594,Jane,F,William,,BYLES,,,,,,
DOR,Lydlinch,St Thomas A Becket,,,07 Apr 1594,Thomas,,,,KYDLE,,,,,,
DOR,Lydlinch,St Thomas A Becket,,,05 Jun 1594,Thomas,M,Thomas,,TRYMME,,,,,,
DOR,Lydlinch,St Thomas A Becket,,,23 Jun 1594,Marye,F,Bartholomew,,FFYLL,,,,,,
DOR,Lydlinch,St Thomas A Becket,,,19 Jul 1594,Robert,M,John,,CADEE,,,,,,
DOR,Lydlinch,St Thomas A Becket,,,19 Jul 1594,John,M,John,,CADEE,,,,,,
DOR,Lydlinch,St Thomas A Becket,,,28 Jul 1594,John,M,,,DIGNELL,,,,,,
DOR,Lydlinch,St Thomas A Becket,,,02 Nov 1594,Joane,F,Richard,,EYRES,,,,,,
DOR,Lydlinch,St Thomas A Becket,,,23 Feb 1594/5,William,M,William,,KESLEYE,,,,,,
DOR,Lydlinch,St Thomas A Becket,,,16 Mar 1594/5,Rebecca,F,Thomas,,KYNMAN,,,,,,
DOR,Lydlinch,St Thomas A Becket,,,10 May 1595,Thomas,M,Thomas,,SNOOKE,,,,,,
DOR,Lydlinch,St Thomas A Becket,,,08 Jun 1595,John,M,Richard,,ROMAYNE,,,,,,
DOR,Lydlinch,St Thomas A Becket,,,22 Jun 1595,Margarete,F,John,,MOGGE,,,,,,
DOR,Lydlinch,St Thomas A Becket,,,24 Aug 1595,Richard,M,Richard,,PERSONS,,,,,,
DOR,Lydlinch,St Thomas A Becket,,,12 Oct 1595,Thomas,M,Robert,,FFYLL,,,,,,
DOR,Lydlinch,St Thomas A Becket,,,09 Nov 1595,Redigund,,,,REDE,,,,,,
DOR,Lydlinch,St Thomas A Becket,,,26 Nov 1595,Rebecca,F,,,FFLOWER,,,,,,
DOR,Lydlinch,St Thomas A Becket,,,21 Dec 1595,Thomas,,,,CARTER,,,,,,
DOR,Lydlinch,St Thomas A Becket,,,26 Jan 1595/6,Samuel,,,,EYRES,,,,,,
DOR,Lydlinch,St Thomas A Becket,,,25 Feb 1595/6,Agnes,,,,KESLEYE,,,,,,
DOR,Lydlinch,St Thomas A Becket,,,28 Mar 1596,Andrew,M,Gilberte,,BURGE,,,,,,
DOR,Lydlinch,St Thomas A Becket,,,20 Jun 1596,Lidia,F,Thomas,,FFORWARD,,,,,,
DOR,Lydlinch,St Thomas A Becket,,,09 Jul 1596,Susanna,F,John,,CADEE,,,,,,
DOR,Lydlinch,St Thomas A Becket,,,16 Aug 1596,Rafe,,,,CREWE,,,,,,
DOR,Lydlinch,St Thomas A Becket,,,24 Oct 1596,Thomas,M,Geffrey,,GYLLINGAME,,,,,,
DOR,Lydlinch,St Thomas A Becket,,,14 Jan 1696/7,William,M,William,,BYLES,,,,,,
DOR,Lydlinch,St Thomas A Becket,,,18 Feb 1596/7,Geffrey,,,,WATERS,,,,,,
DOR,Lydlinch,St Thomas A Becket,,,04 Sep 1597,Alice,,,,CADEE,,,,,,
DOR,Lydlinch,St Thomas A Becket,,,02 Oct 1597,Ursula,F,Richard,,EYRES,,,,,,
DOR,Lydlinch,St Thomas A Becket,,,14 May 1598,Mercy,,,,CREWE,,,,,,
DOR,Lydlinch,St Thomas A Becket,,,19 May 1598,Margarete,F,Richard,,ROMAYNE,,,,,,
DOR,Lydlinch,St Thomas A Becket,,,11 Aug 1598,Thomas,M,Richard,,PERSONS,,,,,,
DOR,Lydlinch,St Thomas A Becket,,,09 Sep 1598,Nicholas,M,Nicholas,,ROMAYNE,,,,,,
DOR,Lydlinch,St Thomas A Becket,,,27 Oct 1598,Batholomew,M,George,,ROMAYNE,,,,,,
DOR,Lydlinch,St Thomas A Becket,,,13 Nov 1598,Thomas,M,Richard,,FFARR,,,,,,
DOR,Lydlinch,St Thomas A Becket,,,10 Dec 1598,Christopher,M,Nicholas,,CADEE,,,,,,
DOR,Lydlinch,St Thomas A Becket,,,12 Jan 1598/9,George,M,John,,DYGNELL,,,,,,
DOR,Lydlinch,St Thomas A Becket,,,21 Jan 1598/9,Jane,F,,Ancrete,,ROMAYNE,,,,,
DOR,Lydlinch,St Thomas A Becket,,,04 Mar 1598/9,Nicholas,M,Robert,,FFYLL,,,,,,
DOR,Lydlinch,St Thomas A Becket,,,02 Feb 1598/9,John,M,William,,BORDER,,,,,,
DOR,Lydlinch,St Thomas A Becket,,,29 Apr 1599,Grace,F,Thomas,,SNOOKE,,,,,,
DOR,Lydlinch,St Thomas A Becket,,,20 May 1599,Elizabeth,F,Robert,,REEDE,,,,,,
DOR,Lydlinch,St Thomas A Becket,,,19 Aug 1599,William,,,,HOLWADE,,,,,,
DOR,Lydlinch,St Thomas A Becket,,,06 Sep 1599,John,M,William,,BYLES,,,,,,
DOR,Lydlinch,St Thomas A Becket,,,21 Nov 1599,Elizabeth,F,Nicholas,,ROMAYNE,,,,,,
DOR,Lydlinch,St Thomas A Becket,,,23 Dec 1599,Sarah,F,Rafe,,SHERYNNE,,,,,,
DOR,Lydlinch,St Thomas A Becket,,,26 Dec 1599,Steven,M,William,,ROMAYNE,,,,,,
DOR,Lydlinch,St Thomas A Becket,,,13 Jan 1599/00,Thomas,M,Richard,,EYRES,,,,,,
DOR,Lydlinch,St Thomas A Becket,,,20 Jan 1599/00,Roger,M,John,,HODDER,,,,,,
DOR,Lydlinch,St Thomas A Becket,,,04 Apr 1600,Elizabeth,F,George,,ROMAYNE,,,,,,
DOR,Lydlinch,St Thomas A Becket,,,09 Nov 1600,Anne,F,Nicholas,,CADEE,,,,,,
DOR,Lydlinch,St Thomas A Becket,,,25 Jan 1600/1,Sarah,F,R.,,ROMAYNE,,,,,,
DOR,Lydlinch,St Thomas A Becket,,,28 Jan 1600/1,Nicholas,M,Robert,,MYLES,,,,,,
DOR,Lydlinch,St Thomas A Becket,,,01 Feb 1600/1,Edmund,M,Thomas,,MEWE,,,,,,
DOR,Lydlinch,St Thomas A Becket,,,13 Feb 1600/1,Elizabeth,F,John,,EYRES,,,,,,
DOR,Lydlinch,St Thomas A Becket,,,17 May 1601,Robert,M,Robert,,FFYLL,,,,,,
DOR,Lydlinch,St Thomas A Becket,,,24 May 1601,Melior,F,Richard,,PERSONS,,,,,,
DOR,Lydlinch,St Thomas A Becket,,,02 Aug 1601,Margarete,F,Rafe,,SHERYNE,,,,,,
DOR,Lydlinch,St Thomas A Becket,,,13 Sep 1601,Priscilla,M,Thomas,,FFORWARD,,,,,,
DOR,Lydlinch,St Thomas A Becket,,,22 Nov 1601,Robert,M,Nicholas,,ROMAYNE,,,,,,
DOR,Lydlinch,St Thomas A Becket,,,17 Jan 1601/2,Abell,M,Thomas,,SNOOKE,,,,,,
DOR,Lydlinch,St Thomas A Becket,,,14 Feb 1601/2,Lydia,F,John,,HODDER,,,,,,
DOR,Lydlinch,St Thomas A Becket,,,14 May 1602,Anne,F,Richard,,ROMAYNE,,,,,,
DOR,Lydlinch,St Thomas A Becket,,,16 May 1602,Melior,F,John,,FFOWLES,,,,,,
DOR,Lydlinch,St Thomas A Becket,,,25 Jul 1602,Elizabeth,F,William,,BYLES,,,,,,
DOR,Lydlinch,St Thomas A Becket,,,03 Oct 1602,William,M,William,,KESLEYE,,,,,,
DOR,Lydlinch,St Thomas A Becket,,,17 Oct 1602,John,M,Nicholas,,CADEE,,,,,,
DOR,Lydlinch,St Thomas A Becket,,,06 Jan 1602/3,Susanna,F,Nicholas,,ROMAYNE,,,,,,
DOR,Lydlinch,St Thomas A Becket,,,16 Jan 1602/3,William,M,William,,ROMAYNE,,,,,,
DOR,Lydlinch,St Thomas A Becket,,,02 Feb 1602/3,Phyllys,M,Thomas,,MEWE,,,,,,
DOR,Lydlinch,St Thomas A Becket,,,19 Jun 1603,John,M,John,,DARBYE,,,,,,
DOR,Lydlinch,St Thomas A Becket,,,28 Aug 1603,Nicholas,M,William,,BYLES,,,,,,
DOR,Lydlinch,St Thomas A Becket,,,04 Sep 1603,Joane,F,Robert,,MYLES,,,,,,
DOR,Lydlinch,St Thomas A Becket,,,11 Sep 1603,Anne,F,John,,HODDARE,,,,,,
DOR,Lydlinch,St Thomas A Becket,,,14 Nov 1603,Phyllys,F,Robert,,FFYLL,,,,,,
DOR,Lydlinch,St Thomas A Becket,,,27 Nov 1603,David,M,Thomas,,SNOOKE,,,,,,
DOR,Lydlinch,St Thomas A Becket,,,27 Nov 1603,Dorothee,F,William,,SNOOKE,,,,,,
DOR,Lydlinch,St Thomas A Becket,,,06 Jan 1603/4,Nicholas,M,Richard,,PERSONS,,,,Twin son,,
DOR,Lydlinch,St Thomas A Becket,,,06 Jan 1603/4,John,M,Richard,,PERSONS,,,,Twin son,,
DOR,Lydlinch,St Thomas A Becket,,,02 Feb 1603/4,Robert,M,,R.,,GOFFE,,,bastard son,,
DOR,Lydlinch,St Thomas A Becket,,,04 Mar 1603/4,Thomas,M,Nicholas,,ROMAYNE,,,,,,
DOR,Lydlinch,St Thomas A Becket,,,18 Mar 1603/4,Anne,F,John,,SEGARRE,,,,,,
DOR,Lydlinch,St Thomas A Becket,,,24 Mar 1603/4,Agnes,F,,,,,,,Daughter of a vagrant person,,
DOR,Lydlinch,St Thomas A Becket,,,29 Apr 1604,Elnar,F,Christian,,BURGE,,,,,,
DOR,Lydlinch,St Thomas A Becket,,,08 Jul 1604,Melior,F,?,,,,,,No entries for Mother nor Father,,
DOR,Lydlinch,St Thomas A Becket,,,16 Sep 1604,Alice,F,,Joane,,TEWKESBURY,,,,,
DOR,Lydlinch,St Thomas A Becket,,,16 Nov 1604,Susanna,F,Thomas,,MEWE,,,,,,
DOR,Lydlinch,St Thomas A Becket,,,25 Nov 1604,Margarete,F,William,,ROMAYNE,,,,,,
DOR,Lydlinch,St Thomas A Becket,,,06 Jan 1604/5,Nicholas,M,Nicholas,,CADEE,,,,,,
DOR,Lydlinch,St Thomas A Becket,,,22 Feb 1604/5,Robert,M,,Marian,,TANNER,,,bastard son,,
DOR,Lydlinch,St Thomas A Becket,,,05 Apr 1605,John,,,,MOGGE,,,,,,
DOR,Lydlinch,St Thomas A Becket,,,09 May 1605,James,M,Thomas,,CARTAR,,,,,,
DOR,Lydlinch,St Thomas A Becket,,,11 Aug 1605,Elizabeth,F,William,,WYATTE,,,,,,
DOR,Lydlinch,St Thomas A Becket,,,15 Dec 1605,John,M,Thomas,,FFORWARD,,,,,,
DOR,Lydlinch,St Thomas A Becket,,,10 Jan 1605/6,Susanna,F,George,,ROMAYNE,,,,,,
DOR,Lydlinch,St Thomas A Becket,,,09 Feb 1605/6,Mathew,M,Nicholas,,ROMAYNE,,,,,,
DOR,Lydlinch,St Thomas A Becket,,,28 Feb 1605/6,Martha,F,John,,HODDER,,,,,,
DOR,Lydlinch,St Thomas A Becket,,,09 Mar 1605/6,Mary,M,William,,SNOOKE,,,,,,
DOR,Lydlinch,St Thomas A Becket,,,12 Mar 1605/6,John,M,William,,KESLEYE,,,,,,
DOR,Lydlinch,St Thomas A Becket,,,13 Apr 1606,Robert,-,Robert,,MYLES,,,,,,
DOR,Lydlinch,St Thomas A Becket,,,13 Jun 1606,Margarete,F,George,,MARTYNE,,,,,,
DOR,Lydlinch,St Thomas A Becket,,,05 Jul 1606,Brygette,F,John,,HUNTE,,,,,,
DOR,Lydlinch,St Thomas A Becket,,,17 Aug 1606,Tobyas,M,John,,MOGGE,,,,,,
DOR,Lydlinch,St Thomas A Becket,,,14 Sep 1606,William,M,Ry.,,PARSONS,,,,,,
DOR,Lydlinch,St Thomas A Becket,,,28 Sep 1606,Lydia,M,Thomas,,ROMAYNE,,,,,,
DOR,Lydlinch,St Thomas A Becket,,,08 Oct 1606,Ffrancys,F,John,,SEGARR,,,,,,
DOR,Lydlinch,St Thomas A Becket,,,16 Nov 1606,Thomas,M,Nicholas,,CADEE,,,,,,
DOR,Lydlinch,St Thomas A Becket,,,16 Nov 1606,Alice,M,Richard,,ROMAYNE,,,,,,
DOR,Lydlinch,St Thomas A Becket,,,01 Feb 1606/7,Avice,F,Richard,,KYDLE,,,,,,
DOR,Lydlinch,St Thomas A Becket,,,24 Feb 1606/7,John,M,William,,WYATTE,,,,,,
DOR,Lydlinch,St Thomas A Becket,,,01 Mar 1606/7,Sarah,F,Silvester,,SHEPHERDE,,,,,,
DOR,Lydlinch,St Thomas A Becket,,,28 Jun 1607,Thomas,M,William,,BYLES,,,,,,
DOR,Lydlinch,St Thomas A Becket,,,16 Aug 1607,Dorothee,F,Richard,,EYRES,,,,,,
DOR,Lydlinch,St Thomas A Becket,,,30 Oct 1607,Nathaniel,M,Daniel,,ANSWORTHE,,,,,,
DOR,Lydlinch,St Thomas A Becket,,,27 Jan 1607/8,Anne,F,John,,HODDER,,,,,,
DOR,Lydlinch,St Thomas A Becket,,,10 Apr 1608,Samuel,M,Thomas,,FFORWARD,,,,,,
DOR,Lydlinch,St Thomas A Becket,,,17 Aug 1608,John,M,William,,SNOOKE,,,,,,
DOR,Lydlinch,St Thomas A Becket,,,14 Sep 1608,Mary,F,William,,ROMAYNE,,,,,,
DOR,Lydlinch,St Thomas A Becket,,,30 Oct 1608,Nicholas,M,John,,MOGGE,,,,,,
DOR,Lydlinch,St Thomas A Becket,,,02 Feb 1608/9,Elnar,F,Robert,,MYLES,,,,,,
DOR,Lydlinch,St Thomas A Becket,,,01 Mar 1608/9,John,M,John,,HODDAR,,,,,,
DOR,Lydlinch,St Thomas A Becket,,,30 Mar 1609,William,M,Richard,,ROMAINE,,,,,,
DOR,Lydlinch,St Thomas A Becket,,,25 Jun 1609,John,M,Thomas,,ROMAYNE,,,,,,
DOR,Lydlinch,St Thomas A Becket,,,29 Sep 1609,Elizabeth,F,John,,SEAGER,,,,,,
DOR,Lydlinch,St Thomas A Becket,,,14 Jan 1609/10,Marie,F,Silvester,,SHEPPEARD,,,,,,
DOR,Lydlinch,St Thomas A Becket,,,20 May 1610,Elizabeth,F,John,,CARTAR,,,,,,
DOR,Lydlinch,St Thomas A Becket,,,22 Jul 1610,Susan,F,William,,WIATT,,,,,,
DOR,Lydlinch,St Thomas A Becket,,,20 Jan 1610/1,William,M,William,,SNOOKE,,,,,,
DOR,Lydlinch,St Thomas A Becket,,,24 Feb 1610/1,Bridget,F,Nicholas,,CADDY,,,,,,
DOR,Lydlinch,St Thomas A Becket,,,13 Mar 1610/1,Susan,F,Robert,,MILES,,,,,,
DOR,Lydlinch,St Thomas A Becket,,,09 Jun 1611,Anne,F,Nicholas,,FILLE,,,,,,
DOR,Lydlinch,St Thomas A Becket,,,12 Aug 1611,Richard,M,Richard,,KIDLE,,,,,,
DOR,Lydlinch,St Thomas A Becket,,,14 Aug 1611,Mary,F,William,,WIATT,,,,,,
DOR,Lydlinch,St Thomas A Becket,,,26 Sep 1611,William,M,William,,BAILY,,,,,,
DOR,Lydlinch,St Thomas A Becket,,,13 Oct 1611,Ursula,F,Adam,,WILSON,,,,,,
DOR,Lydlinch,St Thomas A Becket,,,07 Dec 1611,Richard,M,Robert,,GOFFE,,,,,,
DOR,Lydlinch,St Thomas A Becket,,,19 Jan 1611/2,Thomas,M,John,,CARTER,,,,,,
DOR,Lydlinch,St Thomas A Becket,,,31 Jan 1611/2,Nicholas,M,Thomas,,DARBY,,,,,,
DOR,Lydlinch,St Thomas A Becket,,,16 Feb 1611/2,Sara,F,George,,ROMAINE,,,,,,
DOR,Lydlinch,St Thomas A Becket,,,28 Jun 1612,William,M,Nicholas,,ROMAINE,,,,,,
DOR,Lydlinch,St Thomas A Becket,,,22 Jul 1612,Agnes,F,George,,MARTINE,,,,,,
DOR,Lydlinch,St Thomas A Becket,,,27 Sep 1612,Elizabeth,F,John,,ROSE,,,,,,
DOR,Lydlinch,St Thomas A Becket,,,01 Nov 1612,Elizabeth,F,William,,BAILY,,,,,,
DOR,Lydlinch,St Thomas A Becket,,,03 Jan 1612/3,Emma,F,William,,SNOOKE,,,,,,
DOR,Lydlinch,St Thomas A Becket,,,03 Jan 1612/3,Phillip,M,Phillip,,FFLOWER,,,,,,
DOR,Lydlinch,St Thomas A Becket,,,17 Jan 1612/3,James,M,Silvesyter,,SHEPHEARD,,,,,,
DOR,Lydlinch,St Thomas A Becket,,,28 Mar 1613,William,M,William,,FFARR,,,,Father alias GILLINGHAm,,
DOR,Lydlinch,St Thomas A Becket,,,28 Mar 1613,William,M,William,,GILLINGHAM,,,,Father alias FFARR,,
DOR,Lydlinch,St Thomas A Becket,,,28 Jun 1613,Joane,F,Thomas,,ROMAINE,,,,,,
DOR,Lydlinch,St Thomas A Becket,,,13 Feb 1613/4,Joane,F,Goodman,,WIATTE,,,,,,
DOR,Lydlinch,St Thomas A Becket,,,13 Mar 1613/4,John,M,John,,HOPPES,,,,,,
DOR,Lydlinch,St Thomas A Becket,,,07 Jun 1614,Edith,F,George,,MARTIN,,,,,,
DOR,Lydlinch,St Thomas A Becket,,,01 Sep 1614,Elizabeth,F,John,,WILLIAMS,,,,,,
DOR,Lydlinch,St Thomas A Becket,,,11 Sep 1614,Ellen,M,Thomas,,GILLINGHAM,,,,,,
DOR,Lydlinch,St Thomas A Becket,,,09 May 1619,William,M,Robert,,GOFFE,,,,,,
DOR,Lydlinch,St Thomas A Becket,,,23 May 1619,Elizabeth,F,George,,ROMAINE,,,,,,
DOR,Lydlinch,St Thomas A Becket,,,16 Jul 1619,Elizabeth,F,Leonard,,BAKER,,,,,,
DOR,Lydlinch,St Thomas A Becket,,,12 Sep 1619,William,M,William,,MILES,,,,,,
DOR,Lydlinch,St Thomas A Becket,,,31 Oct 1619,Katherine,F,William,,TRIM,,,,,,
DOR,Lydlinch,St Thomas A Becket,,,10 Dec 1619,Francis,F,,Francis,,HIGGINS,,,Bastard,,
DOR,Lydlinch,St Thomas A Becket,,,31 Dec 1619,Steven,M,Roger,,CADDY,,,,Twin to Susanna,,
DOR,Lydlinch,St Thomas A Becket,,,31 Dec 1619,Susanna,F,Roger,,CADDY,,,,Twin to Steven,,
DOR,Lydlinch,St Thomas A Becket,,,27 Feb 1619/20,Thomas,M,Thomas,,GILLINGHAM,,,,,,
DOR,Lydlinch,St Thomas A Becket,,,09 Apr 1620,Agnes,F,Thomas,,DARBY,,,,,,
DOR,Lydlinch,St Thomas A Becket,,,17 Apr 1620,Richard,M,Nicholas,,GILLINGHAM,,,,,,
DOR,Lydlinch,St Thomas A Becket,,,17 May 1620,Robert,M,William,,BAILY,,,,,,
DOR,Lydlinch,St Thomas A Becket,,,25 Jun 1620,Phillis,F,Thomas,,CARTER,,,,,,
DOR,Lydlinch,St Thomas A Becket,,,16 Jul 1620,William,M,William,,ROMAINE,,Holbrooke,,,,
DOR,Lydlinch,St Thomas A Becket,,,23 Jul 1620,Susanna,F,Robert,,GOFFE,,,,,,
DOR,Lydlinch,St Thomas A Becket,,,22 Oct 1620,Leonard,M,William,,WIATT,,,,,,
DOR,Lydlinch,St Thomas A Becket,,,06 Dec 1620,Raynold,M,Richard,,TRIMME,,,,,,
DOR,Lydlinch,St Thomas A Becket,,,17 Jan 1620/1,Jone,M,George,,MITCHELL,,,,,,
DOR,Lydlinch,St Thomas A Becket,,,04 Feb 1620/1,John,M,John,,KIDDLE,,,,,,
DOR,Lydlinch,St Thomas A Becket,,,04 Mar 1620/1,Elizabeth,F,Thomas,,BURT,,,,,,
DOR,Lydlinch,St Thomas A Becket,,,04 Mar 1620/1,Elizabeth,F,William,,TRIMME,,,,,,
DOR,Lydlinch,St Thomas A Becket,,,11 Mar 1620/1,John,M,Roger,,CADDY,,,,,,
DOR,Lydlinch,St Thomas A Becket,,,18 Apr 1621,George,M,Philip,,FLOWER,,,,,,
DOR,Lydlinch,St Thomas A Becket,,,03 Jun 1621,Isaac,M,Nicholas,,TRIM,,,,,,
DOR,Lydlinch,St Thomas A Becket,,,16 Dec 1621,Arthur,M,John,,VANNER,,,,,,
DOR,Lydlinch,St Thomas A Becket,,,23 Dec 1621,Nicholas,M,Nicholas,,GILLINGHAM,,,,,,
DOR,Lydlinch,St Thomas A Becket,,,07 Mar 1621/2,Elizabeth,F,Thomas,,THORNE,,Tarrant Abbas,,"Thomas THORNE ""the younger",,
DOR,Lydlinch,St Thomas A Becket,,,10 Mar 1621/2,Richard,M,George,,MITCHELL,,,,,,
DOR,Lydlinch,St Thomas A Becket,,,24 Mar 1621/2,William,M,Thomas,,GILLINGHAM,,,,"Thomas GILLINGHAM ""the elder",,
DOR,Lydlinch,St Thomas A Becket,,,10 Mar 1621/2,Martha,F,Thomas,,CARTER,,,,,,
DOR,Lydlinch,St Thomas A Becket,,,03 May 1622,Elizabeth,F,William,,MILES,,,,,,
DOR,Lydlinch,St Thomas A Becket,,,26 May 1622,Margaret,F,George,,HULET,,,,,,
DOR,Lydlinch,St Thomas A Becket,,,09 Jun 1622,Sarah,F,Thomas,,HOPS,,,,,,
DOR,Lydlinch,St Thomas A Becket,,,30 Jun 1622,Mary,F,Richard,,CLAVER,,,,Father alias BAYLY,,
DOR,Lydlinch,St Thomas A Becket,,,30 Jun 1622,Mary,F,Richard,,BAYLY,,,,Father alias CLAVER,,
DOR,Lydlinch,St Thomas A Becket,,,04 Aug 1622,Susanna,F,George,,FRAMPTON,,,,,,
DOR,Lydlinch,St Thomas A Becket,,,22 Sep 1622,Martha,F,William,,CLAVER,,,,Father alias BAYLY,,
DOR,Lydlinch,St Thomas A Becket,,,22 Sep 1622,Martha,F,William,,BAYLY,,,,Father alias CLAVER,,
DOR,Lydlinch,St Thomas A Becket,,,27 Oct 1622,John,M,John,,LAMBERT,,,,,,
DOR,Lydlinch,St Thomas A Becket,,,24 Nov 1622,Roger,M,John,,ROSE,,,,,,
DOR,Lydlinch,St Thomas A Becket,,,26 Dec 1622,Anne,F,Will,,TUCKER,,Stock,,,,
DOR,Lydlinch,St Thomas A Becket,,,29 Dec 1622,Anne,F,George,,WILLIAMS,,,,,,
DOR,Lydlinch,St Thomas A Becket,,,23 Mar 1622/3,Jone,F,Nicholas,,TRIM,,,,,,
DOR,Lydlinch,St Thomas A Becket,,,26 Mar 1623,Martha,F,Will.,,WILKINS,,,,,,
DOR,Lydlinch,St Thomas A Becket,,,25 May 1623,Martha,F,Will.,,WYATT,,,,,,
DOR,Lydlinch,St Thomas A Becket,,,03 Jun 1623,Susanna,F,Roger,,CADDY,,,,,,
DOR,Lydlinch,St Thomas A Becket,,,08 Jun 1623,Joane,F,John,,DAY,,Stock,,,,
DOR,Lydlinch,St Thomas A Becket,,,22 Jun 1623,Richard,M,Richard,,TRIM,,,,,,
DOR,Lydlinch,St Thomas A Becket,,,05 Aug 1623,David,M,William,,ROMAYNE,,Holbrooke,,,,
DOR,Lydlinch,St Thomas A Becket,,,01 Sep 1623,Mary,F,Nicholas,,YONG,,,,,,
DOR,Lydlinch,St Thomas A Becket,,,07 Sep 1623,Margaret,F,Rob,,BURBRIDGE,,,,,,
DOR,Lydlinch,St Thomas A Becket,,,May 1623,John,M,Thomas,,GILLINGHAM,,,,"Thomas GILLINGHAM ""the elder",,
DOR,Lydlinch,St Thomas A Becket,,,07 Dec 1623,Richard,M,Philip,,FLOWER,,,,,,
DOR,Lydlinch,St Thomas A Becket,,,21 Dec 1623,George,M,George,,MARTIN,,,,,,
DOR,Lydlinch,St Thomas A Becket,,,18 Jan 1623/4,John,M,Roger,,HOLMAN,,,,,,
DOR,Lydlinch,St Thomas A Becket,,,01 Feb 1623/4,Dinah,F,Richard,,CLAVER,,,,Father alias BAYLY,,
DOR,Lydlinch,St Thomas A Becket,,,01 Feb 1623/4,Dinah,F,Richard,,BAYLY,,,,Father alias CLAVER,,
DOR,Lydlinch,St Thomas A Becket,,,01 Feb 1623/4,Richard,M,Samuell,,POPE,,,,,,
DOR,Lydlinch,St Thomas A Becket,,,08 Jul 1624,Katherine,F,George,,WILLIAMS,,,,,,
DOR,Lydlinch,St Thomas A Becket,,,08 Jul 1624,Jane,F,George,,WILLIAMS,,,,,,
DOR,Lydlinch,St Thomas A Becket,,,08 Aug 1624,Rebecca,F,Melchisedec,,WALTHAM,,,,,,
DOR,Lydlinch,St Thomas A Becket,,,08 Aug 1624,Grace,F,George,,CHRISTOPHER,,,,,,
DOR,Lydlinch,St Thomas A Becket,,,31 Oct 1624,Hannah,F,Thomas,,CLARKE,,,,,,
DOR,Lydlinch,St Thomas A Becket,,,30 Jan 1624/5,Priscilla,F,George,,MITCHELL,,,,,,
DOR,Lydlinch,St Thomas A Becket,,,17 Apr 1625,Richard,M,Richard,,CLAVER,,,,Father alias BAYLY,,
DOR,Lydlinch,St Thomas A Becket,,,17 Apr 1625,Richard,M,Richard,,BAYLY,,,,Father alias CLAVER,,
DOR,Lydlinch,St Thomas A Becket,,,08 Jun 1625,William,M,Robart,,GOFFE,,,,,,
DOR,Lydlinch,St Thomas A Becket,,,19 Jul 1625,John,M,Nicholas,,YONG,,,,,,
DOR,Lydlinch,St Thomas A Becket,,,24 Jul 1625,George,M,John,,STAINER,,,,,,
DOR,Lydlinch,St Thomas A Becket,,,31 Jul 1625,Henry,M,William,,MILES,,,,,,
DOR,Lydlinch,St Thomas A Becket,,,07 Aug 1625,Rebecca,F,Richard,,STICKLY,,,,,,
DOR,Lydlinch,St Thomas A Becket,,,17 Aug 1625,Melior,F,John,,VOWLES,,,,,,
DOR,Lydlinch,St Thomas A Becket,,,11 Sep 1625,Anne,F,George,,FRAMPTON,,,,,,
DOR,Lydlinch,St Thomas A Becket,,,03 Oct 1625,Margaret,F,Thomas,,GILLINGHAM,,,,"Thomas GILLINGHAM ""the junior",,
DOR,Lydlinch,St Thomas A Becket,,,09 Oct 1625,Nathaniel,M,Richard,,TRIM,,,,,,
DOR,Lydlinch,St Thomas A Becket,,,27 Dec 1625,John,M,Thomas,,THORNE,,,,,,
DOR,Lydlinch,St Thomas A Becket,,,08 Jan 1625/6,Thomas,M,Thomas,,HARDING,,,,,,
DOR,Lydlinch,St Thomas A Becket,,,29 Jan 1625/6,Rebecca,F,William,,BILES,,,,,,
DOR,Lydlinch,St Thomas A Becket,,,26 Feb 1625/6,John,M,Samuel,,POPE,,,,,,
DOR,Lydlinch,St Thomas A Becket,,,17 Mar 1625/6,Jeffrey,M,Thomas,,GILLINGHAM,,,,"Thomas GILLINGHAM ""the senior",,
DOR,Lydlinch,St Thomas A Becket,,,17 Mar 1625/6,Melchisedec,M,Melchisedec,,WALTHAM,,,,,,
DOR,Lydlinch,St Thomas A Becket,,,18 Mar 1625/6,Anne,F,Thomas,,CARTER,,,,,,
DOR,Lydlinch,St Thomas A Becket,,,07 May 1626,Richard,M,Thomas,,KIDDLE,,,,,,
DOR,Lydlinch,St Thomas A Becket,,,25 Jun 1626,Jone,F,Thomas,,BURT,,,,,,
DOR,Lydlinch,St Thomas A Becket,,,09 Jul 1626,Aves,F,Philip,,FLOWER,,,,,,
DOR,Lydlinch,St Thomas A Becket,,,19 Sep 1626,George,M,William,,WYAT,,,,,,
DOR,Lydlinch,St Thomas A Becket,,,20 Nov 1626,Anne,F,William,,ROMAINE,,Holbrooke,,,,
DOR,Lydlinch,St Thomas A Becket,,,10 Dec 1626,Christian,F,John,,BLEDDING,,,,,,
DOR,Lydlinch,St Thomas A Becket,,,24 Jun 1627,Margaret,F,Melchisedec,,WALTHAM,,,,,,
DOR,Lydlinch,St Thomas A Becket,,,08 Jul 1617,Aves,F,Thomas,,KIDDLE,,,,,,
DOR,Lydlinch,St Thomas A Becket,,,16 Sep 1627,William,M,Richard,,YONG,,,,,,
DOR,Lydlinch,St Thomas A Becket,,,23 Sep 1627,Elizabeth,F,George,,MITCHELL,,,,,,
DOR,Lydlinch,St Thomas A Becket,,,21 Oct 1627,Elizabeth,F,William,,MILES,,,,,,
DOR,Lydlinch,St Thomas A Becket,,,07 Nov 1627,Thomas,M,Thomas,,BURT,,,,,,
DOR,Lydlinch,St Thomas A Becket,,,06 Mar 1627/8,Rebecca,F,Nicholas,,YONG,,,,,,
DOR,Lydlinch,St Thomas A Becket,,,16 Mar 1627/8,Agnes,F,George,,CHRISTOPHER,,,,,,
DOR,Lydlinch,St Thomas A Becket,,,04 Apr 1628,Rebecca,F,Richard,,BURGE,,,,,,
DOR,Lydlinch,St Thomas A Becket,,,27 Apr 1628,Robart,M,William,,BAYLY,,,,BAYLY alias CLAVER,,
DOR,Lydlinch,St Thomas A Becket,,,07 Jun 1628,Rebecca,F,Richard,,TRIM,,,,,,
DOR,Lydlinch,St Thomas A Becket,,,22 Jun 1628,John,M,John,,VOWLES,,,,,,
DOR,Lydlinch,St Thomas A Becket,,,03 Sep 1628,William,M,John,,MOGG,,,,,,
DOR,Lydlinch,St Thomas A Becket,,,14 Sep 1628,Margaret,F,Thomas,,GILLINGHAM,,,,,,
DOR,Lydlinch,St Thomas A Becket,,,02 Nov 1628,Thomas,M,Thomas,,CLARKE,,,,,,
DOR,Lydlinch,St Thomas A Becket,,,07 Nov 1628,Martha,F,Will.,,TURNER,,,,,,
DOR,Lydlinch,St Thomas A Becket,,,26 Nov 1628,Grace,F,,Dorothy,,SNOOKE,,,bastard daughter,,
DOR,Lydlinch,St Thomas A Becket,,,28 Nov 1628,James,M,Philip,,FLOWER,,,,,,
DOR,Lydlinch,St Thomas A Becket,,,29 Dec 1628,Martin,M,Melchisedec,,WALTHAM,,,,,,
DOR,Lydlinch,St Thomas A Becket,,,18 Jan 1628/9,Anne,F,Richard,,SWAYNE,,,,,,
DOR,Lydlinch,St Thomas A Becket,,,10 Feb 1628/9,Samuel,M,Samuel,,EYRES,,,,,,
DOR,Lydlinch,St Thomas A Becket,,,01 Mar 1628/9,William,M,John,,LAMBERT,,,,,,
DOR,Lydlinch,St Thomas A Becket,,,12 Mar 1628/9,John,M,John,,STAYNER,,,,,,
DOR,Lydlinch,St Thomas A Becket,,,12 Mar 1628/9,Jane,F,John,,STAYNER,,,,,,
DOR,Lydlinch,St Thomas A Becket,,,12 Mar 1628/9,Jone,F,John,,STAYNER,,,,,,
DOR,Lydlinch,St Thomas A Becket,,,14 Apr 1629,Robart,M,William,28 Jun 1629,ROMAIN,,,,,,
DOR,Lydlinch,St Thomas A Becket,,,28 Jun 1629,John,M,Richard,,BAYLY,,,,BAYLY alias CLAVER,,
DOR,Lydlinch,St Thomas A Becket,,,13 Sep 1629,Thomas,M,William,,BILES,,,,,,
DOR,Lydlinch,St Thomas A Becket,,,30 Oct 1629,John,M,Thomas,,HOPS,,,,,,
DOR,Lydlinch,St Thomas A Becket,,,06 Dec 1629,Agnes,F,Thomas,,KIDDLE,,,,,,
DOR,Lydlinch,St Thomas A Becket,,,05 Feb 1629/30,Robert,M,William,,MILES,,,,,,
DOR,Lydlinch,St Thomas A Becket,,,28 Feb 1629/30,Edith,F,John,,KIDDLE,,,,,,
DOR,Lydlinch,St Thomas A Becket,,,07 Mar 1629/30,William,M,George,,FRAMPTON,,,,,,
DOR,Lydlinch,St Thomas A Becket,,,23 Mar 1629/30,Robert,M,Melchisidec,,WALTHAM,,,,,,
DOR,Lydlinch,St Thomas A Becket,,,11 Apr 1630,George,M,George,,MITCHELL,,,,,,
DOR,Lydlinch,St Thomas A Becket,,,07 May 1630,Mary,F,William,,TURNER,,,,,,
DOR,Lydlinch,St Thomas A Becket,,,02 Jul 1630,Anne,F,William,,BAYLY,,,,BAYLY alias CLAVER,,
DOR,Lydlinch,St Thomas A Becket,,,15 Aug 1630,Dorothy,F,Thomas,,BURT,,,,,,
DOR,Lydlinch,St Thomas A Becket,,,31 Oct 1630,George,M,Samuel,,POPE,,,,,,
DOR,Lydlinch,St Thomas A Becket,,,21 Nov 1630,Elizabeth,F,William,,HOLLWAY,,,,,,
DOR,Lydlinch,St Thomas A Becket,,,12 Dec 1630,Agnes,F,Thomas,,GILLINGHAM,,,,,,
DOR,Lydlinch,St Thomas A Becket,,,27 Dec 1630,Grace,F,Samuell,,EYRES,,,,,,
DOR,Lydlinch,St Thomas A Becket,,,09 Jan 1630/1,William,M,John,,STAYNER,,,,,,
DOR,Lydlinch,St Thomas A Becket,,,09 Jan 1630/1,John,M,John,,KEYSLEY,,,,,,
DOR,Lydlinch,St Thomas A Becket,,,13 Feb 1630/1,John,M,John,,MOGG,,,,,,
DOR,Lydlinch,St Thomas A Becket,,,13 Feb 1630/1,Margaret,F,John,,MOGG,,,,,,
DOR,Lydlinch,St Thomas A Becket,,,06 Mar 1630/1,Mary,F,Richard,,TRIM,,,,,,
DOR,Lydlinch,St Thomas A Becket,,,18 Mar 1630/1,William,M,Melchisedic,,WALTHAM,,,,,,
DOR,Lydlinch,St Thomas A Becket,,,03 Apr 1631,Martha,F,Nicholas,,BILES,,,,,,
DOR,Lydlinch,St Thomas A Becket,,,07 Aug 1631,Francis,F,Will.,,TURNER,,,,,,
DOR,Lydlinch,St Thomas A Becket,,,04 Sep 1631,William,M,Thomas,,CARTER,,,,"Thoams CARTER ""the younger",,
DOR,Lydlinch,St Thomas A Becket,,,11 Dec 1631,Anne,F,Roger,,HOLMAN,,,,,,
DOR,Lydlinch,St Thomas A Becket,,,31 Jan 1631/2,Mary,F,William,,ROMAYNE,,Holbrooke,,,,
DOR,Lydlinch,St Thomas A Becket,,,25 Mar 1632,William,M,William,,HOLLWAY,,,,,,
DOR,Lydlinch,St Thomas A Becket,,,10 Apr 1632,John,M,Melchisedec,,WALTHAM,,,,,,
DOR,Lydlinch,St Thomas A Becket,,,24 Apr 1632,Robert,M,Nicholas,,FILL,,,,,,
DOR,Lydlinch,St Thomas A Becket,,,06 May 1632,Mary,F,Robert,,BOORDER,,,,,,
DOR,Lydlinch,St Thomas A Becket,,,19 Jul 1632,Anne,F,John,,WILLIAMS,,,,"John WILLIAMS ""the younger",,
DOR,Lydlinch,St Thomas A Becket,,,07 Oct 1632,Susan,F,William,,MILES,,,,,,
DOR,Lydlinch,St Thomas A Becket,,,21 Oct 1632,Anne,F,Bartholomew,,ROMAYNE,,,,,,
DOR,Lydlinch,St Thomas A Becket,,,21 Oct 1632,Hannah,F,William,,CLAVER,,,,,,
DOR,Lydlinch,St Thomas A Becket,,,16 Dec 1632,Nicholas,M,John,,LAMBERT,,,,,,
DOR,Lydlinch,St Thomas A Becket,,,24 Feb 1632/3,Anne,F,John,,KIDDLE,,,,,,
DOR,Lydlinch,St Thomas A Becket,,,24 Mar 1632/3,Martha,F,John,,MOGGE,,,,,,
DOR,Lydlinch,St Thomas A Becket,,,14 Apr 1633,Anne,F,John,,KEYSLEY,,,,,,
DOR,Lydlinch,St Thomas A Becket,,,09 Jul 1633,Honour,F,John,,WILLIAMS,,,,"John WILLIAMS ""the younger",,
DOR,Lydlinch,St Thomas A Becket,,,01 Sep 1633,William,M,William,,TURNER,,,,,,
DOR,Lydlinch,St Thomas A Becket,,,11 Sep 1633,Grace,F,William,,APLIN,,,,,,
DOR,Lydlinch,St Thomas A Becket,,,28 Sep 1633,Thomas,M,George,,MITCHELL,,,,,,
DOR,Lydlinch,St Thomas A Becket,,,03 Nov 1633,Richard,M,John,,CARTER,,,,,,
DOR,Lydlinch,St Thomas A Becket,,,02 Mar 1633/4,Richard,M,Richard,,PARSONS,,,,,,
DOR,Lydlinch,St Thomas A Becket,,,02 Mar 1633/4,George,M,Bartholomew,,ROMAYNE,,,,,,
DOR,Lydlinch,St Thomas A Becket,,,02 Mar 1633/4,John,M,William,,HOLLWAY,,,,,,
DOR,Lydlinch,St Thomas A Becket,,,16 Mar 1633/4,Robert,M,John,,WYATT,,,,,,
DOR,Lydlinch,St Thomas A Becket,,,16 Mar 1633/4,Jone,F,Roger,,HOLMAN,,,,,,
DOR,Lydlinch,St Thomas A Becket,,,18 Mar 1633/4,Anne,F,Nicholas,,FILL,,,,,,
DOR,Lydlinch,St Thomas A Becket,,,26 Mar 1634,Anne,F,Melchisedec,,WALTHAM,,,,,,
DOR,Lydlinch,St Thomas A Becket,,,27 May 1634,Tristham,M,Nicholas,,BILES,,,,,,
DOR,Lydlinch,St Thomas A Becket,,,16 Oct 1634,John,M,William,,ROMAYNE,,,,,,
DOR,Lydlinch,St Thomas A Becket,,,02 Nov 1634,Ellianor,M,William,,MILES,,,,,,
DOR,Lydlinch,St Thomas A Becket,,,13 Jan 1634/5,Alice,F,John,,WILLIAMS,,,,,,
DOR,Lydlinch,St Thomas A Becket,,,25 Jan 1634/5,Richard,M,Henry,,FROST,,,,,,
DOR,Lydlinch,St Thomas A Becket,,,08 Feb 1634/5,Elizabeth,F,Robert,,FILL,,,,"Robert FILL ""junior",,
DOR,Lydlinch,St Thomas A Becket,,,31 May 1635,William,M,John,,WYAT,,,,,,
DOR,Lydlinch,St Thomas A Becket,,,14 Jun 1635,Charity,F,John,,MOGG,,,,,,
DOR,Lydlinch,St Thomas A Becket,,,13 Sep 1635,Elizabeth,F,Will.,,SNOOKE,,,,"Will. SNOOKE ""the junior",,
DOR,Lydlinch,St Thomas A Becket,,,16 Oct 1635,Robert,M,Will.,,TURNER,,,,,,
DOR,Lydlinch,St Thomas A Becket,,,26 Oct 1635,Grace,F,Robert,,MILES,,,,,,
DOR,Lydlinch,St Thomas A Becket,,,15 Nov 1635,Thomas,M,Christopher,,CADDY,,,,,,
DOR,Lydlinch,St Thomas A Becket,,,15 Nov 1635,Elizabeth,F,John,,STAYNER,,,,,,
DOR,Lydlinch,St Thomas A Becket,,,17 Jan 1635/6,Mary,F,John,,KEYSLEY,,,,,,
DOR,Lydlinch,St Thomas A Becket,,,14 Feb 1635/6,Anne,F,Will.,,HOLLWAY,,,,,,
DOR,Lydlinch,St Thomas A Becket,,,06 Mar 1635/6,Bartholomew,M,Bartholomew,,ROMAYNE,,,,,,
DOR,Lydlinch,St Thomas A Becket,,,13 Mar 1635/6,Cecily,F,Nicholas,,BILES,,,,,,
DOR,Lydlinch,St Thomas A Becket,,,27 Mar 1636,John,M,Andrew,,TILLY,,,,,,
DOR,Lydlinch,St Thomas A Becket,,,10 Jul 1636,Elizabeth,F,Nicholas,,FILL,,,,,,
DOR,Lydlinch,St Thomas A Becket,,,05 Aug 1636,Alice,F,Robert,,BOORDER,,,,,,
DOR,Lydlinch,St Thomas A Becket,,,02 Oct 1636,William,M,John,,KIDDLE,,,,,,
DOR,Lydlinch,St Thomas A Becket,,,09 Oct 1636,Anne,F,William,,MILES,,,,,,
DOR,Lydlinch,St Thomas A Becket,,,27 Dec 1636,Mary,M,Robert,,FILL,,,,,,
DOR,Lydlinch,St Thomas A Becket,,,17 Jan 1636/7,William,M,John,,WILLIAMS,,,,,,
DOR,Lydlinch,St Thomas A Becket,,,12 Feb 1636/7,Nicholas,M,Christopher,,CADDY,,,,,,
DOR,Lydlinch,St Thomas A Becket,,,13 Mar 1636/7,Philip,M,,Melior,,SHEPHERD,,,Base son,,
DOR,Lydlinch,St Thomas A Becket,,,21 May 1637,William,M,William,,BILES,,,,,,
DOR,Lydlinch,St Thomas A Becket,,,18 Sep 1637,Jane,F,Melchisedec,,WALTHAM,,,,,,
DOR,Lydlinch,St Thomas A Becket,,,15 Oct 1637,John,M,John,,MOGGE,,,,,,
DOR,Lydlinch,St Thomas A Becket,,,29 Oct 1637,John,M,William,,SNOOKE,,,,,,
DOR,Lydlinch,St Thomas A Becket,1,,15 Nov 1637,Judith,F,George,,MITCHELL,,,,,,
DOR,Lydlinch,St Thomas A Becket,,,19 Feb 1637/8,Elizabeth,F,Bartholomew,,ROMAYNE,,,,,,
DOR,Lydlinch,St Thomas A Becket,,,07 Mar 1637/8,Thomas,M,John,,SNOOKE,,,,,,
DOR,Lydlinch,St Thomas A Becket,,,26 Mar 1638,John,M,Roger,,HODDER,,,,,,
DOR,Lydlinch,St Thomas A Becket,,,08 Apr 1638,John,M,William,,HOLLWAY,,,,,,
DOR,Lydlinch,St Thomas A Becket,,,12 Jun 1638,Rebecca,F,,Alice,,TEWKESBURY,,,Base daughter,,
DOR,Lydlinch,St Thomas A Becket,,,19 Aug 1638,Richard,M,Nicholas,,CORBIN,,,,,,
DOR,Lydlinch,St Thomas A Becket,,,16 Dec 1638,Mary,F,Nicholas,,FILL,,,,,,
DOR,Lydlinch,St Thomas A Becket,,,16 Apr 1639,Judith,F,Nicholas,,BILES,,,,,,
DOR,Lydlinch,St Thomas A Becket,,,19 May 1639,Elizabeth,F,William,,ROMAYNE,,,,,,
DOR,Lydlinch,St Thomas A Becket,,,14 Jul 1639,Robert,M,Robert,,FILL,,,,Robert FILL Junior,,
DOR,Lydlinch,St Thomas A Becket,,,20 Nov 1639,Henry,M,Thomas,,CLERKE,,,,,,
DOR,Lydlinch,St Thomas A Becket,,,29 Dec 1639,Richard,M,Leonard,,TRIM,,,,,,
DOR,Lydlinch,St Thomas A Becket,,,15 Mar 1639/40,Thomas,M,William,,HOLLWAY,,,,,,
DOR,Lydlinch,St Thomas A Becket,,,03 May 1640,Robert,M,Christopher,,CADDY,,,,,,
DOR,Lydlinch,St Thomas A Becket,,,21 Jun 1640,Susanna,F,Henry,,FROST,,,,,,
DOR,Lydlinch,St Thomas A Becket,,,19 Jul 1640,Cecily,F,Roger,,HODDER,,,,,,
DOR,Lydlinch,St Thomas A Becket,,,02 Aug 1640,Mary,F,William,,ROMAYNE,,,,,,
DOR,Lydlinch,St Thomas A Becket,,,02 Aug 1640,Elzabeth,F,Richard,,KIDDLE,,,,,,
DOR,Lydlinch,St Thomas A Becket,,,09 Aug 1640,John,M,John,,HINDE,,,,,,
DOR,Lydlinch,St Thomas A Becket,,,06 Nov 1640,Elizabeth,F,Mel.,,WALTHAM,,,,,,
DOR,Lydlinch,St Thomas A Becket,,,15 Nov 1640,Joseph,M,John,,MOGG,,,,,,
DOR,Lydlinch,St Thomas A Becket,,,22 Nov 1640,John,M,Bartholomew,,ROMAYNE,,,,,,
DOR,Lydlinch,St Thomas A Becket,,,20 Dec 1640,Jane,F,Walter,,COOME,,,,,,
DOR,Lydlinch,St Thomas A Becket,,,24 Jan 1640/1,John,M,William,,MLES,,,,,,
DOR,Lydlinch,St Thomas A Becket,,,27 Jun 1641,Mary,F,Richard,,BURGES,,,,,,
DOR,Lydlinch,St Thomas A Becket,,,04 Jul 1641,Dorothy,F,William,,SNOOKE,,,,,,
DOR,Lydlinch,St Thomas A Becket,,,11 Jul 1641,Margaret,F,Nicholas,,FILL,,,,,,
DOR,Lydlinch,St Thomas A Becket,,,30 Nov 1641,Anne,F,Robert,,FILL,,,,,,
DOR,Lydlinch,St Thomas A Becket,,,27 Feb 1641/2,Leonard,M,Leonard,,TRIM,,,,,,
DOR,Lydlinch,St Thomas A Becket,,,01 May 1642,John,M,Thomas,,CADDY,,,,,,
DOR,Lydlinch,St Thomas A Becket,,,10 Jun 1642,John,M,John,,HODDER,,,,,,
DOR,Lydlinch,St Thomas A Becket,,,03 Jul 1642,Sarah,F,Timothy,,HOPS,,,,,,
DOR,Lydlinch,St Thomas A Becket,,,10 Jul 1642,Henry,M,William,,HOLLWAY,,,,,,
DOR,Lydlinch,St Thomas A Becket,,,26 Jul 1642,Nicholas,M,William,,ROMAYNE,,,,,,
DOR,Lydlinch,St Thomas A Becket,,,28 Aug 1642,Elizabeth,F,John,,HINDE,,,,,,
DOR,Lydlinch,St Thomas A Becket,,,14 Sep 1642,William,M,Thomas,,SAMPSON,,Shirebourne,,,,
DOR,Lydlinch,St Thomas A Becket,,,02 Sep 1642,Augustine,M,James,,CAREW,,,,,,
DOR,Lydlinch,St Thomas A Becket,,,21 Aug 1642,Christian,F,John,,WYATT,,,,,,
DOR,Lydlinch,St Thomas A Becket,,,09 Nov 1642,William,M,Thomas,,CLERKE,,,,CLERKE alias KELLWAY,,
DOR,Lydlinch,St Thomas A Becket,,,09 Nov 1642,William,M,Thomas,,KELLWAY,,,,KELLWAY alias CLERKE,,
DOR,Lydlinch,St Thomas A Becket,,,21 Feb 1642/3,Elizabeth,F,John,,SNOOKE,,,,,,
DOR,Lydlinch,St Thomas A Becket,,,24 Mar 1642/3,Margaret,F,Bartholomew,,ROMAYNE,,,,,,
DOR,Lydlinch,St Thomas A Becket,,,09 May 1643,Francis,F,William,,GATEHOUSE,,,,,,
DOR,Lydlinch,St Thomas A Becket,,,02 Jun 1643,Anne,F,John,,ALLEN,,,,,,
DOR,Lydlinch,St Thomas A Becket,,,12 Nov 1643,Leonard,M,Leonard,,TRIM,,,,,,
DOR,Lydlinch,St Thomas A Becket,,,14 Nov 1643,Phyllis,F,Robert,,FILL,,,,,,
DOR,Lydlinch,St Thomas A Becket,,,18 Feb 1643/4,Thomas,M,Timothy,,HOPS,,,,,,
DOR,Lydlinch,St Thomas A Becket,,,04 Mar 1643/4,Nicholas,M,Bartholomew,,ROMAYNE,,,,,,
DOR,Lydlinch,St Thomas A Becket,,,12 May 1644,Elizabeth,F,William,,ROMAYNE,,,,,,
DOR,Lydlinch,St Thomas A Becket,,,02 Jun 1644,Robert,M,William,,GATEHOUSE,,,,,,
DOR,Lydlinch,St Thomas A Becket,,,19 Jul 1644,Richard,M,Thomas,,CLARKE,,,,,,
DOR,Lydlinch,St Thomas A Becket,,,19 Aug 1644,Martha,F,Melchisedec,,WALTHAM,,,,,,
DOR,Lydlinch,St Thomas A Becket,,,28 Aug 1644,Phyllis,F,Nicholas,,FILL,,,,,,
DOR,Lydlinch,St Thomas A Becket,,,29 Dec 1644,Thomas,M,Leonard,,TRIM,,,,,,
DOR,Lydlinch,St Thomas A Becket,,,15 Feb 1644/5,Cecilie,F,George,,DUFFET,,,,,,
DOR,Lydlinch,St Thomas A Becket,,,09 Mar 1644/5,Anne,F,Thomas,,WALTHAM,,,,,,
DOR,Lydlinch,St Thomas A Becket,,,22 Mar 1644/5,William,M,William,,SNOOKE,,,,,,
DOR,Lydlinch,St Thomas A Becket,,,23 Mar 1644/5,Mathew,M,William,,MILES,,,,,,
DOR,Lydlinch,St Thomas A Becket,,,07 May 1645,William,M,Timothy,,PELLY,,,,,,
DOR,Lydlinch,St Thomas A Becket,,,04 Jul 1645,John,M,Joseph,,HOPPS,,,,,,
DOR,Lydlinch,St Thomas A Becket,,,24 Aug 1625,Nicholas,M,Will.,,ROMAYNE,,,,,,
DOR,Lydlinch,St Thomas A Becket,,,08 Feb 1645/6,Joan,F,John,,HINDE,,,,,,
DOR,Lydlinch,St Thomas A Becket,,,17 Feb 1645/6,William,M,Will.,,LOCKE,,,,,,
DOR,Lydlinch,St Thomas A Becket,,,27 Feb 1645/6,Abraham,M,Will.,,GATEHOUSE,,,,,,
DOR,Lydlinch,St Thomas A Becket,,,01 Mar 1645/6,John,M,George,,DUFFETT,,,,,,
DOR,Lydlinch,St Thomas A Becket,,,10 Mar 1645/6,Edith,F,Leonard,,TRIM,,,,,,
DOR,Lydlinch,St Thomas A Becket,,,11 Mar 1645/6,William,M,Will.,,ROMAYNE,,,,,,
DOR,Lydlinch,St Thomas A Becket,,,19 Mar 1645/6,Martin,M,Martin,,DEER,,,,,,
DOR,Lydlinch,St Thomas A Becket,,,23 Mar 1645/6,Edmond,M,Bartholomew,,ROMAYNE,,,,,,
DOR,Lydlinch,St Thomas A Becket,,,25 May 1646,Richard,M,Melchisedec,,WALTHAM,,,,,,
DOR,Lydlinch,St Thomas A Becket,,,29 Sep 1646,Joane,F,William,,GILLINGHAM,,,,,,
DOR,Lydlinch,St Thomas A Becket,,,02 Oct 1646,Richard,M,Thomas,,WHITE,,,,,,
DOR,Lydlinch,St Thomas A Becket,,,11 Oct 1646,John,M,Will.,,ROMAYNE,,,,,,
DOR,Lydlinch,St Thomas A Becket,,,21 Oct 1646,Anna,F,Joseph,,LODER,,,,,,
DOR,Lydlinch,St Thomas A Becket,,,17 Jan 1646/7,Timothie,M,Timothie,,HOPPS,,,,,,
DOR,Lydlinch,St Thomas A Becket,,,24 Jan 1646/7,Ruth,F,John,,MITCHELL,,,,,,
DOR,Lydlinch,St Thomas A Becket,,,26 Jan 1646/7,Dinah,F,Will,,WYATT,,,,,,
DOR,Lydlinch,St Thomas A Becket,,,06 Feb 1646/7,Melior,F,Thomas,,CLARK,,,,"Father alias""KELLWAY",,
DOR,Lydlinch,St Thomas A Becket,,,08 Feb 1646/7,Nicholas,M,Will.,,SNOOK,,,,,,
DOR,Lydlinch,St Thomas A Becket,,,16 Feb 1646/7,Mary,F,Will.,,PENNY,,,,,,
DOR,Lydlinch,St Thomas A Becket,,,18 Mar 1646/7,John,M,,Mary,,CADDY,,,Bastard son,,
DOR,Lydlinch,St Thomas A Becket,,,21 Mar 1646/7,Richard,M,Robert,,HANNE,,,,,,
DOR,Lydlinch,St Thomas A Becket,,,29 Mar 1647,Mary,F,Thomas,,MULLENS,,,,,,
DOR,Lydlinch,St Thomas A Becket,,,05 Apr 1647,Mary,F,Edward,,MEAW,,,,,,
DOR,Lydlinch,St Thomas A Becket,,,05 May 1647,Thomas,M,Thomas,,MITCHEL,,,,,,
DOR,Lydlinch,St Thomas A Becket,,,14 Jul 1647,Martha,F,Thomas,,LYMMING,,Stalbridge,,,,
DOR,Lydlinch,St Thomas A Becket,,,14 Jul 1647,Edith,F,Thomas,,LYMMING,,Stalbridge,,,,
DOR,Lydlinch,St Thomas A Becket,,,04 Aug 1647,Timothy,M,Timothy,,PELLY,,Bagber,,,,
DOR,Lydlinch,St Thomas A Becket,,,11 Aug 1647,John,M,John,,LAMBERT,,,,,,
DOR,Lydlinch,St Thomas A Becket,,,15 Aug 1647,Elizabeth,F,Leonard,,TRIMME,,,,,,
DOR,Lydlinch,St Thomas A Becket,,,21 Sep 1647,Margaret,F,Thomas,,GAWTRELL,,Bagber,,,,
DOR,Lydlinch,St Thomas A Becket,,,27 Sep 1647,William,M,Christopher,,DOWLAND,,Bagber,,,,
DOR,Lydlinch,St Thomas A Becket,,,10 Oct 1647,Martha,F,Joseph,,HOPS,,,,,,
DOR,Lydlinch,St Thomas A Becket,,,01 Nov 1647,John,M,George,,DUFFET,,,,,,
DOR,Lydlinch,St Thomas A Becket,,,26 Nov 1647,Thomas,M,William,,ROMAYNE,,,,,,
DOR,Lydlinch,St Thomas A Becket,,,28 Dec 1647,Melior,F,William,,DOWLAND,,Bagber,,,,
DOR,Lydlinch,St Thomas A Becket,,,10 Jan 1647/8,Mary,F,Thomas,,ABBATT,,Bagber,,,,
DOR,Lydlinch,St Thomas A Becket,,,22 Jan 1647/8,Hannah,F,,Margaret,,JOLLYFFE,,,Bastard daughter,,
DOR,Lydlinch,St Thomas A Becket,,,20 Mar 1647/8,John,M,Richard,,BAYLY,,,,BAYLY alias CLAVER,,
DOR,Lydlinch,St Thomas A Becket,,,22 Mar 1647/8,Rebecca,F,Thomas,,WALTHAM,,,,,,
DOR,Lydlinch,St Thomas A Becket,,,29 Mar 1648,Elizabeth,F,Roger,,NORTHOVER,,,,,,
DOR,Lydlinch,St Thomas A Becket,,,06 May 1648,John,M,Richard,,KIDDLE,,,,,,
DOR,Lydlinch,St Thomas A Becket,,,20 Aug 1648,Mabel,F,John,,HINDE,,,,,,
DOR,Lydlinch,St Thomas A Becket,,,24 Sep 1648,Edward,M,John,,DIVOLL,,,,,,
DOR,Lydlinch,St Thomas A Becket,,,08 Oct 1648,Mary,F,John,,HUCKER,,,,,,
DOR,Lydlinch,St Thomas A Becket,,,10 Oct 1648,Mary,F,William,,CLUET,,Bagber,,,,
DOR,Lydlinch,St Thomas A Becket,,,15 Oct 1648,Elizabeth,F,Nathaniel,,TRIMME,,,,,,
DOR,Lydlinch,St Thomas A Becket,,,26 Nov 1648,John,M,John,,MITCHELL,,,,,,
DOR,Lydlinch,St Thomas A Becket,,,08 Jan 1648/9,Richard,M,Thomas,,COLBOURNE,,Bagber,,,,
DOR,Lydlinch,St Thomas A Becket,,,02 Feb 1648/9,Thomas,M,William,,ROMAYNE,,,,,,
DOR,Lydlinch,St Thomas A Becket,,,08 Feb 1648/9,Nicholas,M,John,,LAMBERT,,,,,,
DOR,Lydlinch,St Thomas A Becket,,,19 Feb 1648/9,John,M,Timothy,,HOPS,,,,,,
DOR,Lydlinch,St Thomas A Becket,,,11 Mar 1648/9,Elianor,F,William,,PENY,,Bagber,,,,
DOR,Lydlinch,St Thomas A Becket,,,18 Mar 1648/9,Thoams,M,William,,HOLWAY,,,,,,
DOR,Lydlinch,St Thomas A Becket,,,27 Mar 1649,Abigail,F,Richard,,TUCKER,,,,,,
DOR,Lydlinch,St Thomas A Becket,,,13 Apr 1649,Cecilie,F,George,,DUFFET,,,,,,
DOR,Lydlinch,St Thomas A Becket,,,14 May 1649,William,M,Thomas,,HODDINOT,,,,,,
DOR,Lydlinch,St Thomas A Becket,,,24 Jun 1649,William,M,Thomas,,GOUGH,,Bagber,,,,
DOR,Lydlinch,St Thomas A Becket,,,17 Jul 1649,Elizabeth,F,John,,VOWELS,,,,,,
DOR,Lydlinch,St Thomas A Becket,,,19 Aug 1649,Joane,F,William,,ROMAYNE,,,,,,
DOR,Lydlinch,St Thomas A Becket,,,27 Sep 1649,Mary,F,John,,HUCKER,,,,,,
DOR,Lydlinch,St Thomas A Becket,,,31 Oct 1649,Mary,F,Edward,,MEAW,,,,,,
DOR,Lydlinch,St Thomas A Becket,,,13 Nov 1649,William,M,Will.,,MILES,,,,,,
DOR,Lydlinch,St Thomas A Becket,,,27 Nov 1649,John,M,Leonard,,TRIMME,,,,,,
DOR,Lydlinch,St Thomas A Becket,,,15 Jan 1649/50,Thomas,M,William,,ROMAYNE,,,,,,
DOR,Lydlinch,St Thomas A Becket,,,02 Feb 1649/50,Grace,F,William,,WYATT,,,,,,
DOR,Lydlinch,St Thomas A Becket,,,17 Feb 1649/50,Nathanael,M,Nathanael,,TRIM,,,,,,
DOR,Lydlinch,St Thomas A Becket,,,19 Feb 1649/50,Edith,F,Robert,,GALPIN,,Bagber,,,,
DOR,Lydlinch,St Thomas A Becket,,,26 Feb 1649/50,William,M,William,,SAUNDERS,,,,,,
DOR,Lydlinch,St Thomas A Becket,,,29 Apr 1650,William,M,Thomas,,COLBORNE,,,,,,
DOR,Lydlinch,St Thomas A Becket,,,13 May 1650,Sarah,F,Bartholomew,,ROMAYNE,,,,,,
DOR,Lydlinch,St Thomas A Becket,,,03 Jun 1650,George,M,George,,DUFFETT,,,,,,
DOR,Lydlinch,St Thomas A Becket,,,05 Aug 1650,Joane,F,William,,GILLINGHAM,,Bagber,,,,
DOR,Lydlinch,St Thomas A Becket,,,27 Aug 1650,Jane,F,Will.,,BURBOT,,Bagber,,,,
DOR,Lydlinch,St Thomas A Becket,,,06 Dec 1650,Elizabeth,F,Will.,,CLUET,,Bagber,,,,
DOR,Lydlinch,St Thomas A Becket,,,01 Jan 1650/1,Joane,F,Will.,,ROMAYNE,,,,,,
DOR,Lydlinch,St Thomas A Becket,,,25 Jan 1650/1,John,M,Morris,,HARRIS,,Sturminster,,,,
DOR,Lydlinch,St Thomas A Becket,,,14 Feb 1650/1,Elizabeth,F,Will.,,SNOOKE,,,,,,
DOR,Lydlinch,St Thomas A Becket,,,10 Mar 1650/1,Thomas,M,Thomas,,ABBATT,,Bagber,,,,
DOR,Lydlinch,St Thomas A Becket,,,06 Apr 1651,Elizabeth,F,John,,HUCKER,,,,,,
DOR,Lydlinch,St Thomas A Becket,,,07 Apr 1651,George,M,George,,STAYNER,,,,,,
DOR,Lydlinch,St Thomas A Becket,,,16 Apr 1651,Charles,M,John,,BYRD,,Newton,,,,
DOR,Lydlinch,St Thomas A Becket,,,10 Jun 1651,Robert,M,John,,MITCHEL,,,,,,
DOR,Lydlinch,St Thomas A Becket,,,18 Jul 1651,Elizabeth,F,Richard,,SPENSER,,Newton,,,,
DOR,Lydlinch,St Thomas A Becket,,,22 Jul 1651,Anne,F,Will.,,MILES,,,,"Will MILES ""jun",,
DOR,Lydlinch,St Thomas A Becket,,,05 Aug 1651,John,M,William,,HOLWAY,,Stoke,,,,
DOR,Lydlinch,St Thomas A Becket,,,05 Aug 1651,James,M,Richard,,KIDDLE,,,,,,
DOR,Lydlinch,St Thomas A Becket,,,10 Aug 1651,Thomas,M,Mathew,,ROWLAND,,Sturminster,,,,
DOR,Lydlinch,St Thomas A Becket,,,27 Aug 1651,William,M,William,,PENNY,,Bagber,,,,
DOR,Lydlinch,St Thomas A Becket,,,12 Oct 1651,John,M,George,,DUFFET,,,,,,
DOR,Lydlinch,St Thomas A Becket,,,29 Oct 1651,Richard,M,Nathaniel,,TRIM,,,,,,
DOR,Lydlinch,St Thomas A Becket,,,02 Nov 1651,Nicholas,M,Timothy,,HOPS,,,,,,
DOR,Lydlinch,St Thomas A Becket,,,10 Nov 1651,Mary,F,William,,SAUNDERS,,,,,,
DOR,Lydlinch,St Thomas A Becket,,,26 Dec 1651,Mary,F,William,,ROMAYNE,,Haydon,,,,
DOR,Lydlinch,St Thomas A Becket,,,01 Jan 1651/2,Grace,F,Roger,,NORTHOVER,,Bagber,,,,
DOR,Lydlinch,St Thomas A Becket,,,09 Jan 1651/2,Thomas,M,Thomas,,HIDE,,,,,,
DOR,Lydlinch,St Thomas A Becket,,,08 Feb 1651/2,Dorothie,F,John,,DIVOLL,,,,,,
DOR,Lydlinch,St Thomas A Becket,,,20 Feb 1651/2,Mary,F,John,,LAMBERT,,,,,,
DOR,Lydlinch,St Thomas A Becket,,,31 Mar 1652,Mary,F,Richard,,CLAVER,,,,,,
DOR,Lydlinch,St Thomas A Becket,,,20 Apr 1652,Nathanael,M,John,,GAWTREL,,Bagber,,,,
DOR,Lydlinch,St Thomas A Becket,,,25 Apr 1652,Henry,M,Henry,,YONG,,,,,,
DOR,Lydlinch,St Thomas A Becket,,,13 Jun 1652,Joane,F,Robert,,GALPIN,,Bagber,,,,
DOR,Lydlinch,St Thomas A Becket,,,14 Jun 1652,Agnes,F,Thomas,,COLBORNE,,Bagber,,,,
DOR,Lydlinch,St Thomas A Becket,,,28 Jun 1652,Mary,F,Thomas,,SHORT,,Newton,,,,
DOR,Lydlinch,St Thomas A Becket,,,23 Jul 1652,Mary,F,Bartholomew,,ROMAYNE,,,,,,
DOR,Lydlinch,St Thomas A Becket,,,27 Jul 1652,Anne,F,Thomas,,CLERK,,,,Thomas CLERK alias KELLWAY,,
DOR,Lydlinch,St Thomas A Becket,,,27 Jul 1652,Anne,F,Thomas,,KELLWAY,,,,Thomas KELLWAY alias CLERK,,
DOR,Lydlinch,St Thomas A Becket,,,02 Aug 1652,Joane,F,Thomas,,ROSE,,Newton,,,,
DOR,Lydlinch,St Thomas A Becket,,,19 Sep 1652,Mary,F,William,,SNOOKE,,,,,,
DOR,Lydlinch,St Thomas A Becket,,,29 Sep 1652,Francis,F,George,,STAYNER,,,,,,
DOR,Lydlinch,St Thomas A Becket,,,24 Oct 1652,Mary,F,Will.,,LACK,,Sturminster Newton,,,,
DOR,Lydlinch,St Thomas A Becket,,,25 Oct 1652,Elizabeth,F,Robert,,JOLLYFFE,,,,,,
DOR,Lydlinch,St Thomas A Becket,,,04 Jan 1652/3,John,M,Thomas,,HODDINOTT,,Bagber,,,,
DOR,Lydlinch,St Thomas A Becket,,,02 Feb 1652/3,Benjamin,M,William,,ROMAYNE,,,,,,
DOR,Lydlinch,St Thomas A Becket,,,28 Apr 1652,William,M,William,,CLUETT,,Bagber,,,,
