+INFO,capn-bob@pegleg2.demon.co.uk,password,SEQUENCED,BURIALS
#,CCC,Robert Wilkins,Dorset,DORLYDBU.CSV,28-Apr-2010
#,CREDIT,Bob Wilkins,capn-bob@pegleg2.demon.co.uk
#,28-Apr-2010,Parish Records,,
+LDS
DOR,Lydlinch,St Thomas A Becket,,06 Jan 1559/60,John,Son of,William,,BEMANDE,BEMANDE,infant,,,,
DOR,Lydlinch,St Thomas A Becket,,20 Apr 1560,Helene,Dau of,John,,SNOOKE,SNOOKE,,,,,
DOR,Lydlinch,St Thomas A Becket,,01 May 1560,John,Son of,Thomas,,PERSONS,PERSONS,infant,,,,
DOR,Lydlinch,St Thomas A Becket,,21 Jul 1560,Margery,Wife of,Batholomew,,ROMAYNE,,,,,,
DOR,Lydlinch,St Thomas A Becket,,07 Sep 1560,William,,,,,BROUNE,,,,,
DOR,Lydlinch,St Thomas A Becket,,13 Nov 1560,Agnes,,,,,MYLES,,,,,
DOR,Lydlinch,St Thomas A Becket,,05 Jan 1560/1,Joane,Dau of,Batholomew,,ROMAYNE,,,,,,
DOR,Lydlinch,St Thomas A Becket,,18 Jan 1560/1,Stephen,,,,,ROMAYNE,,,,,
DOR,Lydlinch,St Thomas A Becket,,04 Mar 1560/1,Francys,Dau of,Richard,,TRYMME,,,,,,
DOR,Lydlinch,St Thomas A Becket,,09 Apr 1561,Bartholomew,Son of,Geoffrey,,ROMAYNE,,,,,,
DOR,Lydlinch,St Thomas A Becket,,02 May 1561,Richard,Son of,Nicholas,,ROMAYNE,,,,,,
DOR,Lydlinch,St Thomas A Becket,,08 May 1561,Elnar,Dau of,Thomas,Agnes,YEVANS,,,,,,
DOR,Lydlinch,St Thomas A Becket,,14 May 1561,Joanne,,,,,SNOOKE,,,,,
DOR,Lydlinch,St Thomas A Becket,,22 Jun 1561,Alice,Dau of,Richard,,CADEE,,,,,,
DOR,Lydlinch,St Thomas A Becket,,05 Nov 1561,Helene,Dau of,Richard,,TRYMM,,,,,,
DOR,Lydlinch,St Thomas A Becket,,19 Apr 1562,Richard,Son of,Geoffrey,,ROMAYNE,,,,,,
DOR,Lydlinch,St Thomas A Becket,,10 May 1562,Christian,,,,,POPE,,,,,
DOR,Lydlinch,St Thomas A Becket,,20 Jun 1562,Elizabeth,,,,,NELE,,,,,
DOR,Lydlinch,St Thomas A Becket,,18 Jul 1562,John,,,,,MYLES,,,,,
DOR,Lydlinch,St Thomas A Becket,,24 Sep 1562,Edith,Dau of,Richard,,EYRES,,,,,,
DOR,Lydlinch,St Thomas A Becket,,23 Nov 1562,Christian,Dau of,Nicholas,,ROMAYNE,,,,,,
DOR,Lydlinch,St Thomas A Becket,,27 Nov 1562,Barthomolew,,,,,DERBYE,,,,,
DOR,Lydlinch,St Thomas A Becket,,17 Jan 1562/3,John,,,,,ROMAYNE,,,,,
DOR,Lydlinch,St Thomas A Becket,,31 Jan 1562/3,Agnes,Wife of,Nicholas,,PYRYE,,,,,,
DOR,Lydlinch,St Thomas A Becket,,01 May 1563,Joane,Dau of,Richard,,TRYMME,,,,,,
DOR,Lydlinch,St Thomas A Becket,,29 Oct 1563,William,,,,,CLERKE,,,,,
DOR,Lydlinch,St Thomas A Becket,,18 Feb 1563/4,Elnar,,,,,EYRES,,,,,
DOR,Lydlinch,St Thomas A Becket,,26 Aug 1564,Bartholomew,,,,,FFYLL,,,,,
DOR,Lydlinch,St Thomas A Becket,,12 Nov 1564,Nicholas,,,,,POPE,,,,,
DOR,Lydlinch,St Thomas A Becket,,31 Dec 1564,George,Son of,Thomas,,PERSONS,,,,,,
DOR,Lydlinch,St Thomas A Becket,,02 Jan 1564/5,William,Son of,Bartholomew,,ROMAYNE,,,,,,
DOR,Lydlinch,St Thomas A Becket,,03 Jun 1565,William,Son of,William,,EYRES,,,,,,
DOR,Lydlinch,St Thomas A Becket,,22 Jan 1565/6,William,Son of,John,,ROMAYNE,,,,,,
DOR,Lydlinch,St Thomas A Becket,,11 Mar 1565/6,John,,,,,KEBY,,,,,
DOR,Lydlinch,St Thomas A Becket,,07 Oct 1566,Joane,,,,,ROMAYNE,,,,,
DOR,Lydlinch,St Thomas A Becket,,14 Jan 1566/7,Julyan,,,,,TANNER,,,,,
DOR,Lydlinch,St Thomas A Becket,,25 Jul 1567,Joane,Dau of,Richard,,ROMAYNE,,,,,,
DOR,Lydlinch,St Thomas A Becket,,27 Sep 1567,Thomas,,,,,CAVE,,,,,
DOR,Lydlinch,St Thomas A Becket,,26 May 1568,Wylmutte,Dau of,Richard,,CHURCHYLL,,,,,,
DOR,Lydlinch,St Thomas A Becket,,28 Jun 1568,Edyth,,,,,FFARRE,,,,,
DOR,Lydlinch,St Thomas A Becket,,13 Oct 1568,Thomas,,,,,MYLES,,,,,
DOR,Lydlinch,St Thomas A Becket,,18 Oct 1568,George,,,,,GREGORY,,,,,
DOR,Lydlinch,St Thomas A Becket,,28 Oct 1568,William,,,,,SNOOKE,,,,,
DOR,Lydlinch,St Thomas A Becket,,06 Nov 1568,John,,,,,FFREMPTON,,,,,
DOR,Lydlinch,St Thomas A Becket,,02 Jan 1568/9,Avyce,,,,,CADEE,,,,,
DOR,Lydlinch,St Thomas A Becket,,29 Jan 1568/9,Richard,,,,,CADDYE,,,,,
DOR,Lydlinch,St Thomas A Becket,,05 Mar 1568/9,William,Son of,John,,ROMAYNE,,,,,,
DOR,Lydlinch,St Thomas A Becket,,08 Mar 1568/9,Edith,,,,,FFYLL,,,,,
DOR,Lydlinch,St Thomas A Becket,,28 Jun 1569,Robert,Son of,Richard,,BORDER,,,,,,
DOR,Lydlinch,St Thomas A Becket,,10 Aug 1569,Helene,Wife of,Robert,,TROAKE,,,,,,
DOR,Lydlinch,St Thomas A Becket,,06 Nov 1569,Alice,,,,,MERSTE,,,,,
DOR,Lydlinch,St Thomas A Becket,,01 Apr 1570,Thomas,Son of,Thomas,,EYRES,EYRES,,,,,
DOR,Lydlinch,St Thomas A Becket,,05 Oct 1570,John,,,,,BARKLETTE,,,,,
DOR,Lydlinch,St Thomas A Becket,,26 Jan 1570/1,John,,,,,JOYE,,,,,
DOR,Lydlinch,St Thomas A Becket,,04 Feb 1570/1,George,,,,,CADYE,,,,,
DOR,Lydlinch,St Thomas A Becket,,16 Mar 1570/1,Nicholas,,,,,CASE,,,,,
DOR,Lydlinch,St Thomas A Becket,,23 Mar 1570/1,Thomas,,,,,AMARE,,,,,
DOR,Lydlinch,St Thomas A Becket,,23 Mar 1570/1,Emme,,,,,HANNE,,,,,
DOR,Lydlinch,St Thomas A Becket,,17 Apr 1571,John,,,,,BARBOR,,,,,
DOR,Lydlinch,St Thomas A Becket,,24 May 1571,Thomas,,,,,JURDANE,,,Clerk,,
DOR,Lydlinch,St Thomas A Becket,,18 Sep 1571,Wylmutte,Dau of,Henry,,CASE,,,,,,
DOR,Lydlinch,St Thomas A Becket,,20 Feb 1571/2,Agnes,,,,,ROMAYNE,,,,,
DOR,Lydlinch,St Thomas A Becket,,24 Jun 1572,Richard,,,,,ROMAYNE,,,,,
DOR,Lydlinch,St Thomas A Becket,,07 Jul 1572,Edmund,,,,,BARBOR,,,,,
DOR,Lydlinch,St Thomas A Becket,,17 Sep 1572,Joane,Wife of,John,,ROSE,,,,,,
DOR,Lydlinch,St Thomas A Becket,,07 Nov 1572,Edith,,,,,SNOOKE,,,,,
DOR,Lydlinch,St Thomas A Becket,,20 Nov 1572,Hugh,,,,,CHAMBERLAIN,,,,,
DOR,Lydlinch,St Thomas A Becket,,06 Feb 1572/3,Robert,,,,,THOMAS,,,,,
DOR,Lydlinch,St Thomas A Becket,,26 Jul 1573,John,,,,,RUSSELL,,,,,
DOR,Lydlinch,St Thomas A Becket,,25 Mar 1574,John,,,,,ROSE,,,,,
DOR,Lydlinch,St Thomas A Becket,,14 Apr 1574,,Wife of,John,,HOPPES,,,,,,
DOR,Lydlinch,St Thomas A Becket,,08 Sep 1574,Bartholomew,,,,,DERBVE,,,,,
DOR,Lydlinch,St Thomas A Becket,,28 Jun 1575,Nicholas,,,,,PERRY,,,,,
DOR,Lydlinch,St Thomas A Becket,,16 Apr 1576,John,,,,,HOPKYNS,,,,,
DOR,Lydlinch,St Thomas A Becket,,21 Apr 1676,Joane,,,,,ROMAYNE,,,,,
DOR,Lydlinch,St Thomas A Becket,,04 Aug 1576,Mary,,,,,HOPKYNS,,,,,
DOR,Lydlinch,St Thomas A Becket,,11 Aug 1576,William,,,,,CHAMBERLAYNE,,,,,
DOR,Lydlinch,St Thomas A Becket,,24 Apr 1577,Nicholas,,,,,FFYLL,,,,,
DOR,Lydlinch,St Thomas A Becket,,30 Apr 1577,Alice,,,,,VELE,,,,,
DOR,Lydlinch,St Thomas A Becket,,11 Aug 1577,Guylielmus,,,,,EYRES,,,,,
DOR,Lydlinch,St Thomas A Becket,,01 Feb 1577/8,Edith,Wife of,William,,FFARR,,,,,,
DOR,Lydlinch,St Thomas A Becket,,28 May 1578,Roger,Son of,Henry,,CASE,,,,,,
DOR,Lydlinch,St Thomas A Becket,,28 Jun 1578,Mary,,,,,WHITTELL,,,,,
DOR,Lydlinch,St Thomas A Becket,,07 Apr 1579,Wylmutte,Wife of,John,,SNOOKE,,,,,,
DOR,Lydlinch,St Thomas A Becket,,08 Dec 1579,Helene,Wife of,Thomas,,PERSONS,,,,,,
DOR,Lydlinch,St Thomas A Becket,,04 Mar 1579/80,Christian,Wife of,William,,BORDER,,,,,,
DOR,Lydlinch,St Thomas A Becket,,02 May 1580,Bartholomew,,,,,ROMAYNE,,,,,
DOR,Lydlinch,St Thomas A Becket,,23 May 1580,John,,,,,STOKE,,,,,
DOR,Lydlinch,St Thomas A Becket,,14 Aug 1580,John,,,,,MARTYNE,,,,,
DOR,Lydlinch,St Thomas A Becket,,03 Oct 1580,John,,,,,HUNTE,,,,,
DOR,Lydlinch,St Thomas A Becket,,20 Oct 1580,Edith,,,,,BARBOR,,,,,
DOR,Lydlinch,St Thomas A Becket,,22 Nov 1580,Joane,Dau of,Henry,,CASE,,,,,,
DOR,Lydlinch,St Thomas A Becket,,15 Dec 1580,Nicholas,,,,,ROMAYNE,,,,,
DOR,Lydlinch,St Thomas A Becket,,16 Mar 1580/1,Margarete,Dau of,Geoffrey,,FFARR,,,,,,
DOR,Lydlinch,St Thomas A Becket,,08 Dec 1581,Agnes,,,,,SCOTE,,,,,
DOR,Lydlinch,St Thomas A Becket,,14 Dec 1581,Richard,,,,,COOKE,,,,,
DOR,Lydlinch,St Thomas A Becket,,21 Dec 1581,Richard,,,,,ROMAYNE,,,,,
DOR,Lydlinch,St Thomas A Becket,,03 Jan 1581/2,Rafe,,,,,CROCKER,,,,,
DOR,Lydlinch,St Thomas A Becket,,31 Mar 1583,John,,,,,KEYLWAYE,,,,,
DOR,Lydlinch,St Thomas A Becket,,02 Apr 1583,Agnes,,,,,PARYS,,,,,
DOR,Lydlinch,St Thomas A Becket,,18 Apr 1583,John,,,,,BASTARD,,,,,
DOR,Lydlinch,St Thomas A Becket,,18 Jul 1583,John,,,,,SNOOKE,,,,,
DOR,Lydlinch,St Thomas A Becket,,30 Oct 1583,Edyth,,,,,SNOOKE,,,,,
DOR,Lydlinch,St Thomas A Becket,,25 Aug 1583,Dorothy,,,,,TYNKNELL,,,,,
DOR,Lydlinch,St Thomas A Becket,,10 Nov 1583,Nicholas,,,,,ROMAYNE,,,,,
DOR,Lydlinch,St Thomas A Becket,,12 May 1584,John,,,,,WITTELL,,,,,
DOR,Lydlinch,St Thomas A Becket,,04 Jun 1584,William,,,,,FFANE,,,,,
DOR,Lydlinch,St Thomas A Becket,,06 Jun 1584,Maud,,,,,ROMAYNE,,,,,
DOR,Lydlinch,St Thomas A Becket,,04 Jun 1586,Nicholas,,,,,ROMAYNE,,,,,
DOR,Lydlinch,St Thomas A Becket,,26 Feb 1586/7,Margarete,Wife of,John,,EYRES,,,,,,
DOR,Lydlinch,St Thomas A Becket,,03 Nov 1587,Alice,,,,,DERBYE,,,,,
DOR,Lydlinch,St Thomas A Becket,,09 Feb 1587/8,Joane,,,,,TRYMME,,,,,
DOR,Lydlinch,St Thomas A Becket,,14 Jan 1587/8,Richard,,,,,NELE,,,,,
DOR,Lydlinch,St Thomas A Becket,,09 Jul 1588,,Wife of,William,,EVERETTS,,,,,,
DOR,Lydlinch,St Thomas A Becket,,10 Oct 1588,Margaret,Wife of,Nicholas,,FFARR,,,,,,
DOR,Lydlinch,St Thomas A Becket,,21 Sep 1587,Katheryne,Wife of,Henry,,CASE,,,,,,
DOR,Lydlinch,St Thomas A Becket,,06 Apr 1589,John,,,,,CLAVER,,,,,
DOR,Lydlinch,St Thomas A Becket,,11 Oct 1589,Christian,Widow of,,,,RAWLES,,,,,
DOR,Lydlinch,St Thomas A Becket,,03 Jun 1590,Mary,Dau of,Richard,,ROMAYNE,,,,,,
DOR,Lydlinch,St Thomas A Becket,,21 Jun 1590,Ambrose,,,,,ROOKE,,,,,
DOR,Lydlinch,St Thomas A Becket,,19 Dec 1590,Bartholomew,,,,,FFYLL,,,,,
DOR,Lydlinch,St Thomas A Becket,,25 Mar 1591,Thomas,,,,,HAYNE,,,,,
DOR,Lydlinch,St Thomas A Becket,,02 May 1591,William,,,,,CREW,,,,,
DOR,Lydlinch,St Thomas A Becket,,14 May 1591,Emma,,,,,MYLES,,,,,
DOR,Lydlinch,St Thomas A Becket,,15 Jun 1591,Alice,Wife of,Thomas,,MEWE,,,,,,
DOR,Lydlinch,St Thomas A Becket,,11 Aug 1591,Thomas,,,,,CLERKE,,,,,
DOR,Lydlinch,St Thomas A Becket,,25 Sep 1591,John,,,,,TROAKE,,,,,
DOR,Lydlinch,St Thomas A Becket,,21 Dec 1591,William,,,,,MARTYN,,,,,
DOR,Lydlinch,St Thomas A Becket,,21 Jun 1592,Elizabeth,,,,,HARRYS,,,,,
DOR,Lydlinch,St Thomas A Becket,,27 Jun 1592,George,,,,,ROMAYNE,,,,,
DOR,Lydlinch,St Thomas A Becket,,02 Dec 1592,Alice,,,,,HOMES,,,,,
DOR,Lydlinch,St Thomas A Becket,,10 Dec 1592,,Wife of,?,,WATERS,,,,,,
DOR,Lydlinch,St Thomas A Becket,,01 Feb 1592/3,Joane,,,,,BASTARD,,,,,
DOR,Lydlinch,St Thomas A Becket,,21 Mar 1592/3,Anne,,,,,BURGE,,,,,
DOR,Lydlinch,St Thomas A Becket,,24 Mar 1592/3,Raynolde,,,,,LENYCKE,,,,,
DOR,Lydlinch,St Thomas A Becket,,08 Apr 1593,Joanne,,,,,CARTAR,,,,,
DOR,Lydlinch,St Thomas A Becket,,23 Sep 1593,Thomas,,,,,ROMAYNE,,,,,
DOR,Lydlinch,St Thomas A Becket,,26 Sep 1593,Margery,,,,,WOOLLES,,,,,
DOR,Lydlinch,St Thomas A Becket,,25 Jan 1593/4,Alice,,,,,FFRAMPTON,,,,,
DOR,Lydlinch,St Thomas A Becket,,17 Feb 1593/4,Dorothe,,,,,TANNER,,,,,
DOR,Lydlinch,St Thomas A Becket,,19 Mar 1593/4,Helene,,,,,RANDYLL,,,,,
DOR,Lydlinch,St Thomas A Becket,,01 Apr 1594,Agnes,,,,,PERSONS,,,,,
DOR,Lydlinch,St Thomas A Becket,,02 Apr 1594,Elnar,,,,,ROMAYNE,,,,,
DOR,Lydlinch,St Thomas A Becket,,17 Jun 1594,Elnar,,,,,FFYLL,,,,,
DOR,Lydlinch,St Thomas A Becket,,26 Jul 1594,Robert,Son of,John,,CADEE,,,,,,
DOR,Lydlinch,St Thomas A Becket,,27 Jul 1594,John,Son of,John,,CADEE,,,,,,
DOR,Lydlinch,St Thomas A Becket,,21 Oct 1594,Nicholas,,,,,ROMAYNE,,,,,
DOR,Lydlinch,St Thomas A Becket,,28 Feb 1594/5,Thomas,,,,,ANDROS,,,,,
DOR,Lydlinch,St Thomas A Becket,,15 Mar 1594/5,Thomas,,,,,PERSONS,,,,,
DOR,Lydlinch,St Thomas A Becket,,17 Jun 1595,Edith,,,,,MEWE,,,,,
DOR,Lydlinch,St Thomas A Becket,,07 Nov 1595,Thomas,,,,,FFYLL,,,,,
DOR,Lydlinch,St Thomas A Becket,,04 Jan 1595/6,Richard,,,,,BARBER,,,,,
DOR,Lydlinch,St Thomas A Becket,,13 Feb 1595/6,Joane,,,,,WHYTE,,,,,
DOR,Lydlinch,St Thomas A Becket,,24 Mar 1595/6,John,,,,,ROMAYNE,,,,,
DOR,Lydlinch,St Thomas A Becket,,27 Feb 1595/6,,Widow of,,,,WOOLLES,,,,,
DOR,Lydlinch,St Thomas A Becket,,24 May 1596,Thomas,,,,,TRYMME,,,,,
DOR,Lydlinch,St Thomas A Becket,,26 Jun 1596,,Widow of,,,,RUSSEL,,,,,
DOR,Lydlinch,St Thomas A Becket,,26 Dec 1596,Edith,,,,,MOGGE,,,,,
DOR,Lydlinch,St Thomas A Becket,,01 Feb 1596/7,,Widow of,,,,MANYFORDE,,,,,
DOR,Lydlinch,St Thomas A Becket,,02 Feb 1596/7,Edith,,,,,BARBOR,,,,,
DOR,Lydlinch,St Thomas A Becket,,08 Feb 1596/7,John,,,,,LONG,,,,,
DOR,Lydlinch,St Thomas A Becket,,23 Apr 1597,John,,,,,EYRES,,,,,
DOR,Lydlinch,St Thomas A Becket,,28 Apr 1597,Rafe,,,,,ROMAYNE,,,,,
DOR,Lydlinch,St Thomas A Becket,,11 Jun 1598,Robert,,,,,GRYFFYN,,,,,
DOR,Lydlinch,St Thomas A Becket,,18 Jun 1598,William,,,,,CARTAR,,,,,
DOR,Lydlinch,St Thomas A Becket,,03 Jul 1598,John,,,,,MARTYNE,,,,,
DOR,Lydlinch,St Thomas A Becket,,06 Oct 1598,Helene,Wife of,Thomas,,MEWE,,,,,,
DOR,Lydlinch,St Thomas A Becket,,30 Nov 1598,Magdalene,Wife of,Richard,,FFARR,,,,,,
DOR,Lydlinch,St Thomas A Becket,,29 Mar 1599,Isabell,Wife of,William,,WEAVER,,,,,,
DOR,Lydlinch,St Thomas A Becket,,19 May 1599,Edyth,,,,,PEARS,,,,,
DOR,Lydlinch,St Thomas A Becket,,23 Aug 1599,Alice,,,,,DUNNE,,,,,
DOR,Lydlinch,St Thomas A Becket,,13 Jan 1599/00,Robert,,,,,WATERS,,,,,
DOR,Lydlinch,St Thomas A Becket,,09 May 1600,Joanne,,,,,ROMAYNE,,,,,
DOR,Lydlinch,St Thomas A Becket,,11 May 1600,George,,,,,DIGNEL,,,,,
DOR,Lydlinch,St Thomas A Becket,,28 May 1600,Alice,,,,,ROMAYNE,,,,,
DOR,Lydlinch,St Thomas A Becket,,25 Apr 1601,John,,,,,HOMES,,,,,
DOR,Lydlinch,St Thomas A Becket,,15 Nov 1601,Joane,,,,,MYLLES,,,,,
DOR,Lydlinch,St Thomas A Becket,,27 Dec 1601,Redigund,,,,,REEDE,,,,,
DOR,Lydlinch,St Thomas A Becket,,08 Mar 1601/2,Helene,,,,,EYRES,,,,,
DOR,Lydlinch,St Thomas A Becket,,19 Mar 1601/2,William,,,,,WEAVER,,,,,
DOR,Lydlinch,St Thomas A Becket,,17 Jul 1602,John,,,,,CLAUER,,,,,
DOR,Lydlinch,St Thomas A Becket,,20 Feb 1602/3,Robert,,,,,ROMAYNE,,,,,
DOR,Lydlinch,St Thomas A Becket,,06 Apr 1603,Richard,,,,,MYLLES,,,,,
DOR,Lydlinch,St Thomas A Becket,,13 Jul 1603,Richard,,,,,ROMAYNE,,,,,
DOR,Lydlinch,St Thomas A Becket,,01 Nov 1603,Anne,,,,,FFYLL,,,,,
DOR,Lydlinch,St Thomas A Becket,,07 Mar 1603/4,John,,,,,DARBYE,,,,,
DOR,Lydlinch,St Thomas A Becket,,25 May 1604,Melior,Dau of,Richard,Persons,,,,,,,
DOR,Lydlinch,St Thomas A Becket,,18 Jul 1604,John,,,,,LYGHTE,,,,,
DOR,Lydlinch,St Thomas A Becket,,17 Sep 1604,Joane,,,,,COBURNE,,,,,
DOR,Lydlinch,St Thomas A Becket,,04 Dec 1604,Elizabeth,,,,,ROMAYNE,,,,,
DOR,Lydlinch,St Thomas A Becket,,25 Feb 1604/5,Edith,,,,,HOPPES,,,,,
DOR,Lydlinch,St Thomas A Becket,,07 Mar 1604/5,Richard,,,,,KNYGHTE,,,,,
DOR,Lydlinch,St Thomas A Becket,,20 Apr 1605,Margaret,,,,,FFOWLES,,,,,
DOR,Lydlinch,St Thomas A Becket,,13 Jun 1605,Thomas,,,,,NELE,,,,,
DOR,Lydlinch,St Thomas A Becket,,01 Aug 1605,Christopher,,,,,EYRES,,,,,
DOR,Lydlinch,St Thomas A Becket,,28 Sep 1605,Joane,,,,,TROAKE,,,,,
DOR,Lydlinch,St Thomas A Becket,,09 Oct 1605,Thomas,,,,,MEWE,,,,,
DOR,Lydlinch,St Thomas A Becket,,03 Feb 1605/6,Jane,,,,,WYLLOWBYE,,,,,
DOR,Lydlinch,St Thomas A Becket,,21 May 1606,John,,,,,RABBETTS,,,,,
DOR,Lydlinch,St Thomas A Becket,,05 Aug 1606,Thomas,,,,,ROMAYNE,,,,,
DOR,Lydlinch,St Thomas A Becket,,06 Aug 1606,Thomas,,,,,CADEE,,,,,
DOR,Lydlinch,St Thomas A Becket,,24 Nov 1606,John,,,,,BURE,,,,,
DOR,Lydlinch,St Thomas A Becket,,09 Dec 1606,John,,,,,SNOOKE,,,,,
DOR,Lydlinch,St Thomas A Becket,,01 Apr 1607,Isabell,,,,,BARBOR,,,,,
DOR,Lydlinch,St Thomas A Becket,,06 Aug 1607,Margerye,Widow of,,,,BURGE,,,,,
DOR,Lydlinch,St Thomas A Becket,,06 Aug 1607,Marian,,,,,TANNER,,,,,
DOR,Lydlinch,St Thomas A Becket,,04 Dec 1607,Joane,,,,,EYRES,,,,,
DOR,Lydlinch,St Thomas A Becket,,01 Feb 1607/8,Helene,,,,,CARPENTER,,,,,
DOR,Lydlinch,St Thomas A Becket,,03 Apr 1608,Anne,Dau of,John,,HODDER,,,,,,
DOR,Lydlinch,St Thomas A Becket,,15 May 1608,Robert,,,,,RUSSELL,,,,,
DOR,Lydlinch,St Thomas A Becket,,13 Sep 1608,Mary,Wife of,William,,ROMAYNE,,,,,,
DOR,Lydlinch,St Thomas A Becket,,21 Mar 1608/9,John,,,,,FFOWLES,,,,,
DOR,Lydlinch,St Thomas A Becket,,09 Apr 1609,Thomas,,,,,FFORWARD,,,,,
DOR,Lydlinch,St Thomas A Becket,,08 May 1609,Melior,Wife of,Richard,,MEADE,,,,,,
DOR,Lydlinch,St Thomas A Becket,,22 May 1609,Eline,Wife of,John,,PARIS,,,,,,
DOR,Lydlinch,St Thomas A Becket,,17 Feb 1609/10,John,,,,,BARBER,,,,,
DOR,Lydlinch,St Thomas A Becket,,10 Mar 1609/10,,,,,,RABETTS,,,Widow,,
DOR,Lydlinch,St Thomas A Becket,,15 Apr 1610,Elizabeth,Wife of,William,,KEYSLEY,,,,,,
DOR,Lydlinch,St Thomas A Becket,,24 May 1610,Ffillis,Wife of,Robert,,FFILL,,,,,,
DOR,Lydlinch,St Thomas A Becket,,18 Oct 1610,Susan,,,,,WIAT,,,,,
DOR,Lydlinch,St Thomas A Becket,,12 Apr 1611,Elizabeth,,,,,CARTAR,,,,,
DOR,Lydlinch,St Thomas A Becket,,14 Apr 1611,Elizabeth,,,,,HARRIS,,,,,
DOR,Lydlinch,St Thomas A Becket,,17 Apr 1611,John,,,,,EYRES,,,,,
DOR,Lydlinch,St Thomas A Becket,,17 May 1611,Joane,Dau of,Richard,,EYRES,,,,,,
DOR,Lydlinch,St Thomas A Becket,,19 May 1611,Dorothy,Wife of,Richard,,EYRES,,,,,,
DOR,Lydlinch,St Thomas A Becket,,02 Jun 1611,Elizabeth,Wife of,Henry,,CASELY,,,,,,
DOR,Lydlinch,St Thomas A Becket,,18 Jun 1611,Joane,,,,,ROMAINE,,,Widow,,
DOR,Lydlinch,St Thomas A Becket,,20 Oct 1611,William,,,,,BAILY,,,,,
DOR,Lydlinch,St Thomas A Becket,,19 Mar 1611/2,Alice,Wife of,Simon,,ROMAINE,ROMAINE,,,,,
DOR,Lydlinch,St Thomas A Becket,,19 Apr 1612,Raynold,,,,,EYRES,,,,,
DOR,Lydlinch,St Thomas A Becket,,19 Aug 1612,Nicholas,Son of,John,,MOGGE,MOGGE,,,,,
DOR,Lydlinch,St Thomas A Becket,,04 Nov 1612,Joane,Wife of,Thomas,,HOPPES,HOPPES,,,,,
DOR,Lydlinch,St Thomas A Becket,,20 Nov 1612,Geoffrey,,,,,FFARRE,,,Alias GILLINGHAM,,
DOR,Lydlinch,St Thomas A Becket,,20 Nov 1612,Geoffrey,,,,,GILLINGHAM,,,Alias FFARRE,,
DOR,Lydlinch,St Thomas A Becket,,06 Apr 1613,Isard,Wife of,Nicholas,,TRIMME,TRIMME,,,,,
DOR,Lydlinch,St Thomas A Becket,,24 Sep 1613,William,,,,,POPE,,,,,
DOR,Lydlinch,St Thomas A Becket,,10 Oct 1613,Lewes,,,,,ANDROS,,,Widow,,
DOR,Lydlinch,St Thomas A Becket,,21 Oct 1613,Thomas,Son of,William,,BYLES,BYLES,,,,,
DOR,Lydlinch,St Thomas A Becket,,08 Nov 1613,Thomas,,,,,BURBAGE,,,,,
DOR,Lydlinch,St Thomas A Becket,,01 Dec 1613,Joane,,,,,CARTER,,,,,
DOR,Lydlinch,St Thomas A Becket,,17 Dec 1613,John,Son of,Thomas,,ROMAINE,ROMAINE,,,,,
DOR,Lydlinch,St Thomas A Becket,,30 Mar 1614,Thomas,,,,,HOPPES,,,,,
DOR,Lydlinch,St Thomas A Becket,,31 Mar 1614,Joane,,,,,WIATE,,,,,
DOR,Lydlinch,St Thomas A Becket,,22 Apr 1613,,,,,,TANNER,,,Widow,,
DOR,Lydlinch,St Thomas A Becket,,15 Jul 1613,Joane,,,,,PARSONS,,,,,
DOR,Lydlinch,St Thomas A Becket,,06 May 1619,Elizabeth,,,,,FLOWER,,,,,
DOR,Lydlinch,St Thomas A Becket,,07 May 1619,Thomas,Son of,Robert,,TRIM,TRIM,,,,,
DOR,Lydlinch,St Thomas A Becket,,15 May 1619,William,Son of,Robert,,GOFFE,GOFFE,,,,,
DOR,Lydlinch,St Thomas A Becket,,06 Sep 1619,Joane,Dau of,Thomas,,ROMAINE,ROMAINE,,,,,
DOR,Lydlinch,St Thomas A Becket,,07 Nov 1619,Katherine,Dau of,William,,TRIM,TRIM,,,,,
DOR,Lydlinch,St Thomas A Becket,,04 Jan 1619/20,Steven,Son of,Roger,,CADDY,CADDY,,,,,
DOR,Lydlinch,St Thomas A Becket,,14 Jan 1619/20,Susanna,Dau of,Roger,,CADDY,CADDY,,,,,
DOR,Lydlinch,St Thomas A Becket,,15 Jan 1619/20,Jeffrey,,,,,ROMAINE,,,,,
DOR,Lydlinch,St Thomas A Becket,,08 May 1620,Agnes,,,,,BARBER,,,,,
DOR,Lydlinch,St Thomas A Becket,,15 Sep 1620,Elizabeth,,,,,TROAKE,,,,,
DOR,Lydlinch,St Thomas A Becket,,20 Nov 1620,Mawde,Dau of,William,,BILES,BILES,,,,,
DOR,Lydlinch,St Thomas A Becket,,22 Dec 1620,Ellianor,Wife of,Humfrey,,EYRES,EYRES,,,,,
DOR,Lydlinch,St Thomas A Becket,,07 Feb 1620/1,Jone,Dau of,George,,MITCHELL,MITCHELL,,,,,
DOR,Lydlinch,St Thomas A Becket,,07 Feb 1620/1,Steven,Son of,Richard,,CURTISE,CURTISE,,Shapwick,,,
DOR,Lydlinch,St Thomas A Becket,,11 Mar 1620/1,Bartholomew,,,,,FILL,,,,,
DOR,Lydlinch,St Thomas A Becket,,20 Apr 1621,Phyllis,Dau of,James,,CARTER,CARTER,,,,,
DOR,Lydlinch,St Thomas A Becket,,02 Jun 1621,Mary,,,,,FRY,,Corfe,,,
DOR,Lydlinch,St Thomas A Becket,,20 Aug 1621,Nicholas,,,,,ROMAYNE,,,,,
DOR,Lydlinch,St Thomas A Becket,,19 Sep 1621,Isaac,Son of,Nicholas,,TRIM,TRIM,,,,,
DOR,Lydlinch,St Thomas A Becket,,02 Nov 1621,Jone,,,,,NEAL,,Sturminster,NEAL alias PARSONS,,
DOR,Lydlinch,St Thomas A Becket,,02 Nov 1621,Jone,,,,,PARSONS,,Sturminster,PARSONS alias NEAL,,
DOR,Lydlinch,St Thomas A Becket,,22 Nov 1621,Edith,,,,,HOMES,,,,,
DOR,Lydlinch,St Thomas A Becket,,21 Dec 1621,Katharine,Wife of,William,,TRIM,TRIM,,,,,
DOR,Lydlinch,St Thomas A Becket,,21 Sep 1622,Mary,,,,,CLAVER,,,CLAVER alias BAYLY,,
DOR,Lydlinch,St Thomas A Becket,,21 Sep 1622,Mary,,,,,BAYLY,,,BAYLY alias CLAVER,,
DOR,Lydlinch,St Thomas A Becket,,08 Jan 1622/3,Jone,Wife of,William,,MILES,MILES,,,,,
DOR,Lydlinch,St Thomas A Becket,,23 Jan 1622/3,Dorothy,,,,,SNOOKE,,,,,
DOR,Lydlinch,St Thomas A Becket,,11 Feb 1622/3,Agnes,,,,,ROMAYNE,,,,,
DOR,Lydlinch,St Thomas A Becket,,31 Jul 1623,Anne,Dau of,Thomas,,DARBY,DARBY,,,,,
DOR,Lydlinch,St Thomas A Becket,,22 Nov 1623,John,,,,,PARSONS,,,,,
DOR,Lydlinch,St Thomas A Becket,,14 Dec 1623,Robert,Son of,William,,CLAVER,CLAVER,,,,,
DOR,Lydlinch,St Thomas A Becket,,21 Dec 1623,Joane,,,,,LONG,,,,,
DOR,Lydlinch,St Thomas A Becket,,24 Jan 1623/4,Rebecca,Dau of,Richard,,TRIM,TRIM,,,,,
DOR,Lydlinch,St Thomas A Becket,,02 Feb 1623/4,Dinah,Dau of,Richard,,CLAVER,CLAVER,,,,,
DOR,Lydlinch,St Thomas A Becket,,07 Feb 1623/4,Elizabeth,Dau of,William,,MILES,MILES,,,,,
DOR,Lydlinch,St Thomas A Becket,,10 Mar 1623/4,John,,,,,HOPS,,,,,
DOR,Lydlinch,St Thomas A Becket,,11 Aug 1624,Gilbert,,,,,STURMYE,,,,,
DOR,Lydlinch,St Thomas A Becket,,22 Apr 1624,Mary,Dau of,Nicholas,,YONG,YONG,,,,,
DOR,Lydlinch,St Thomas A Becket,,04 Aug 1624,Margaret,Wife of,Edmond,,SNOOKE,SNOOKE,,,,,
DOR,Lydlinch,St Thomas A Becket,,04 Aug 1624,Elizabeth,Dau of,William,,WIAT,WIAT,,,,,
DOR,Lydlinch,St Thomas A Becket,,07 Aug 1624,Edmund,,,,,SNOOKE,,,,,
DOR,Lydlinch,St Thomas A Becket,,15 Aug 1624,Elizabeth,Wife of,Thomas,,BURT,BURT,,,,,
DOR,Lydlinch,St Thomas A Becket,,13 Sep 1624,Thomas,,,,,FORWARD,,Holwell,,,
DOR,Lydlinch,St Thomas A Becket,,16 Dec 1624,Edith,Wife of,John,,WILLIAMS,WILLIAMS,,Perryhouse,,,
DOR,Lydlinch,St Thomas A Becket,,15 Jan 1624/5,Joane,Dau of,William,,BAYLY,BAYLY,,,BAYLY alias CLAVER,,
DOR,Lydlinch,St Thomas A Becket,,26 Jan 1624/5,Agnes,,,,,GILLINGHAM,,,,,
DOR,Lydlinch,St Thomas A Becket,,27 Mar 1625,Vincent,Son of,Gilbert,,BURGE,BURGE,,,,,
DOR,Lydlinch,St Thomas A Becket,,06 May 1625,Alice,Wife of,Richard,,LOCKE,LOCKE,,,,,
DOR,Lydlinch,St Thomas A Becket,,18 May 1625,Christoph,,,,,CADDY,,,,,
DOR,Lydlinch,St Thomas A Becket,,29 Sep 1625,Margaret,Wife of,Thomas,,GILLINGHAM,GILLINGHAM,,,"Thomas GILLINGHAM ""the junior",,
DOR,Lydlinch,St Thomas A Becket,,09 Nov 1625,Margaret,Dau of,Thomas,,GILLINGHAM,GILLINGHAM,,,"Thomas GILLINGHAM ""the junior",,
DOR,Lydlinch,St Thomas A Becket,,22 Mar 1625/6,Anne,,,,,CAWPEN,,,,,
DOR,Lydlinch,St Thomas A Becket,,16 Jun 1626,Richard,Son of,Thomas,,KIDDLE,KIDDLE,,,,,
DOR,Lydlinch,St Thomas A Becket,,21 Jul 1626,Mary,Dau of,William,,SNOOKE,SNOOKE,,,,,
DOR,Lydlinch,St Thomas A Becket,,06 Oct 1626,George,Son of,William,,WYATT,WYATT,,,,,
DOR,Lydlinch,St Thomas A Becket,,10 Oct 1626,Alice,Wife of,John,,MOGGE,MOGGE,,,,,
DOR,Lydlinch,St Thomas A Becket,,12 Oct 1626,Audry,,,,,CADDY,,,,,
DOR,Lydlinch,St Thomas A Becket,,13 Mar 1626/7,William,,,,,KEYSLEY,,,,,
DOR,Lydlinch,St Thomas A Becket,,03 Oct 1627,Robert,,,,,MILES,,,,,
DOR,Lydlinch,St Thomas A Becket,,12 Oct 1627,John,,,,,ROSE,,,,,
DOR,Lydlinch,St Thomas A Becket,,14 Feb 1628/9,Samuel,Son of,Samuel,,EYRES,EYRES,,,,,
DOR,Lydlinch,St Thomas A Becket,,25 Feb 1628/9,Margery,Wife of,William,,TRIM,TRIM,,,,,
DOR,Lydlinch,St Thomas A Becket,,15 Mar 1628/9,John,Son of,John,,STAYNER,STAYNER,,,,,
DOR,Lydlinch,St Thomas A Becket,,20 Mar 1628/9,Jone,Dau of,John,,STAYNER,STAYNER,,,,,
DOR,Lydlinch,St Thomas A Becket,,24 Mar 1628/9,Jane,Dau of,John,,STAYNER,STAYNER,,,,,
DOR,Lydlinch,St Thomas A Becket,,07 Apr 1629,Gilbert,,,,,BURGE,,,,,
DOR,Lydlinch,St Thomas A Becket,,04 Sep 1629,Anne,,,,,SNOOKE,,,,,
DOR,Lydlinch,St Thomas A Becket,,31 Oct 1629,John,Son of,Thomas,,HOPS,HOPS,,,,,
DOR,Lydlinch,St Thomas A Becket,,28 Feb 1629/30,Edith,,,,,CLARK,,CLARK alias KELLWAY,,,
DOR,Lydlinch,St Thomas A Becket,,28 Feb 1629/30,Edith,,,,,KELLWAY,,KELLWAY alias CLARK,,,
DOR,Lydlinch,St Thomas A Becket,,18 Jun 1630,Mary,Dau of,William,,TURNER,TURNER,,,,,
DOR,Lydlinch,St Thomas A Becket,,19 Oct 1630,Nicholas,,,,,MILES,,,,,
DOR,Lydlinch,St Thomas A Becket,,28 Dec 1630,Grace,Dau of,Samuell,,EYRES,EYRES,,,,,
DOR,Lydlinch,St Thomas A Becket,,04 Mar 1630/1,Ellianor,,,,,GOFFE,,,,,
DOR,Lydlinch,St Thomas A Becket,,13 Mar 1630/1,John,Son of,John,,MOGG,MOGG,,,,,
DOR,Lydlinch,St Thomas A Becket,,15 Mar 1630/1,Rebecca,Dau of,Richard,,BURGE,BURGE,,,,,
DOR,Lydlinch,St Thomas A Becket,,09 Nov 1631,Aves,Wife of,Richard,,KIDDLE,KIDDLE,,,,,
DOR,Lydlinch,St Thomas A Becket,,01 Dec 1631,Jane,,,,,LIGHT,,,,,
DOR,Lydlinch,St Thomas A Becket,,07 Jun 1632,Agnes,Wife of,William,,GILLINGHAM,GILLINGHAM,,,,,
DOR,Lydlinch,St Thomas A Becket,,18 Jun 1632,Francis,,,,,ROSE,,,,,
DOR,Lydlinch,St Thomas A Becket,,23 Aug 1632,Robert,Son of,William,,CLAVER,CLAVER,,,,,
DOR,Lydlinch,St Thomas A Becket,,27 Apr 1633,Joane,Wife of,John,,TROKE,TROKE,,,,,
DOR,Lydlinch,St Thomas A Becket,,23 Sep 1633,Alice,Wife of,Richard,,POPE,POPE,,,,,
DOR,Lydlinch,St Thomas A Becket,,10 Oct 1633,John,,,,,MOGG,,,,,
DOR,Lydlinch,St Thomas A Becket,,21 Dec 1633,Susanna,Dau of,Will.,,MILES,MILES,,,,,
DOR,Lydlinch,St Thomas A Becket,,22 Dec 1633,Richard,Son of,John,,CARTER,CARTER,,,,,
DOR,Lydlinch,St Thomas A Becket,,13 Mar 1633/4,Alice,Wife of,Thomas,,CLARK,CLARK,,,,,
DOR,Lydlinch,St Thomas A Becket,,19 Jan 1634/5,Thomas,,,,,CARTER,,,,,
DOR,Lydlinch,St Thomas A Becket,,05 Apr 1635,Thomas,,,,,HOPS,,,,,
DOR,Lydlinch,St Thomas A Becket,,13 Dec 1635,Thomas,Son of,Christopher,,CADDY,CADDY,,,,,
DOR,Lydlinch,St Thomas A Becket,,26 Oct 1635,Grace,Dau of,Robert,,MILES,MILES,,,,,
DOR,Lydlinch,St Thomas A Becket,,18 Dec 1635,John,,,,,HOPS,,,,,
DOR,Lydlinch,St Thomas A Becket,,29 May 1636,Andrew,,,,,BURGE,,,,,
DOR,Lydlinch,St Thomas A Becket,,02 Jun 1636,Francis,Wife of,John,,EYRES,EYRES,,Holbrooke,"John EYRES ""the senior",,
DOR,Lydlinch,St Thomas A Becket,,08 Jun 1636,Agnes,Wife of,George,,MARTIN,MARTIN,,Stocke,,,
DOR,Lydlinch,St Thomas A Becket,,16 Jun 1636,William,,,,,ROMAYNE,,Holbrooke,,,
DOR,Lydlinch,St Thomas A Becket,,15 Jul 1636,Joan,Wife of,William,,BILES,BILES,,,,,
DOR,Lydlinch,St Thomas A Becket,,14 Aug 1636,John,,,,,TROKE,,,,,
DOR,Lydlinch,St Thomas A Becket,,23 Aug 1636,Elizabeth,Dau of,Will.,,SNOOKE,SNOOKE,,,Will. SNOOKE the younger,,
DOR,Lydlinch,St Thomas A Becket,,04 Nov 1636,Richard,,,,,ROMAYNE,,Leycrofts,,,
DOR,Lydlinch,St Thomas A Becket,,21 Feb 1636/7,Julian,Wife of,Richard,,PARSONS,PARSONS,,,,,
DOR,Lydlinch,St Thomas A Becket,,27 Feb 1636/7,William,Son of,John,,WILLIAMS,WILLIAMS,,,,,
DOR,Lydlinch,St Thomas A Becket,,09 Mar 1636/7,John,Son of,John,,KIDDLE,KIDDLE,,,,,
DOR,Lydlinch,St Thomas A Becket,,30 Jul 1637,Hugh,Son of,John,,HUNT,HUNT,,,,,
DOR,Lydlinch,St Thomas A Becket,,01 Aug 1637,William,,,,,PARSONS,,,,,
DOR,Lydlinch,St Thomas A Becket,,17 Sep 1637,Joane,Wife of,John,,DIGNEY,DIGNEY,,,,,
DOR,Lydlinch,St Thomas A Becket,,12 Nov 1637,Anne,Wife of,Henry,,KEYSLEY,KEYSLEY,,,,,
DOR,Lydlinch,St Thomas A Becket,,24 Dec 1637,Richard,,,,,KIDDLE,,,,,
DOR,Lydlinch,St Thomas A Becket,,24 Dec 1637,John,,,,,FLOWER,,,,,
DOR,Lydlinch,St Thomas A Becket,,24 Jan 1637/8,Richard,,,,,POPE,,,,,
DOR,Lydlinch,St Thomas A Becket,,08 Mar 1637/8,Richard,,,,,LOCKE,,,,,
DOR,Lydlinch,St Thomas A Becket,,27 Jun 1638,William,,,,,SNOOKE,,,,,
DOR,Lydlinch,St Thomas A Becket,,17 Aug 1638,Robert,,,,,GOFFE,,,,,
DOR,Lydlinch,St Thomas A Becket,,17 Aug 1638,Alice,Dau of,John,,WILLIAMS,WILLIAMS,,Perry  House,,,
DOR,Lydlinch,St Thomas A Becket,,05 Sep 1638,Leonard,Son of,William,,WIATT,WIATT,,,,,
DOR,Lydlinch,St Thomas A Becket,,28 Sep 1638,Margaret,Wife of,John,,SEAGAR,SEAGAR,,,,,
DOR,Lydlinch,St Thomas A Becket,,07 Oct 1638,Agnes,Wife of,Nicholas,,CADDY,CADDY,,,,,
DOR,Lydlinch,St Thomas A Becket,,26 Oct 1638,George,,,,,ROMAYNE,,,,,
DOR,Lydlinch,St Thomas A Becket,,11 Nov 1638,John,,,,,HODDER,,,,,
DOR,Lydlinch,St Thomas A Becket,,09 Jan 1638/9,Elianor,,,,,HODDER,,,,,
DOR,Lydlinch,St Thomas A Becket,,15 Jan 1638/9,Elizabeth,,,,,HAIWARD,,,,,
DOR,Lydlinch,St Thomas A Becket,,06 Feb 1638/9,William,,,,,BILES,,,,,
DOR,Lydlinch,St Thomas A Becket,,19 Feb 1638/9,Martin,Son of,Melchisedec,,WALTHAM,WALTHAM,,,,,
DOR,Lydlinch,St Thomas A Becket,,07 Mar 1638/9,Aves,Wife of,Philip,,FLOWER,FLOWER,,,,,
DOR,Lydlinch,St Thomas A Becket,,15 Mar 1638/9,Alice,,,,,HOPS,,,widow,,
DOR,Lydlinch,St Thomas A Becket,,01 Apr 1639,Anne,Wife of,Melchisedec,,WALTHAM,WALTHAM,,,,,
DOR,Lydlinch,St Thomas A Becket,,22 Apr 1639,John,,,,,DIGNEY,,,,,
DOR,Lydlinch,St Thomas A Becket,,24 Apr 1639,Margaret,,,,,ROMAYNE,,Haydon,Widow,,
DOR,Lydlinch,St Thomas A Becket,,27 May 1639,Jone,Wife of,William,,WYAT,WYAT,,,,,
DOR,Lydlinch,St Thomas A Becket,,05 Jul 1639,Christian,,,,,BURGE,,,,,
DOR,Lydlinch,St Thomas A Becket,,23 Aug 1639,Elizabeth,Wife of,Richard,,BURGE,BURGE,,,,,
DOR,Lydlinch,St Thomas A Becket,,27 Oct 1639,Mary,Wife of,John,,WYAT,WYAT,,,,,
DOR,Lydlinch,St Thomas A Becket,,31 Jan 1639/40,Anne,Dau of,John,,WILLIAMS,WILLIAMS,,Perry House,,,
DOR,Lydlinch,St Thomas A Becket,,14 Feb 1639/40,Alice,Wife of,William,,ROMAYNE,ROMAYNE,,,William ROMAYNE the elder,,
DOR,Lydlinch,St Thomas A Becket,,25 Feb 1639/40,Winifred,,,,,FLOWER,,,,,
DOR,Lydlinch,St Thomas A Becket,,02 Apr 1640,Robert,Son of,Nicholas,,FILL,FILL,,,,,
DOR,Lydlinch,St Thomas A Becket,,17 Apr 1640,John,,,,,SEAGAR,,,,,
DOR,Lydlinch,St Thomas A Becket,,01 Aug 1640,John,,,,,MARTIN,,,,,
DOR,Lydlinch,St Thomas A Becket,,16 Aug 1640,Richard,Son of,Leonard,,TRIM,TRIM,,,,,
DOR,Lydlinch,St Thomas A Becket,,30 Aug 1640,Thomas,,,,,BURT,,,,,
DOR,Lydlinch,St Thomas A Becket,,12 Sep 1640,Luce,Wife of,John,,FILL,FILL,,,,,
DOR,Lydlinch,St Thomas A Becket,,06 Nov 1640,Henry,,,,,ADAMS,,,,,
DOR,Lydlinch,St Thomas A Becket,,05 Jan 1640/1,Anne,Wife of,John,Williams,,WILLIAMS,,,John WILLIAMS the Elder,,
DOR,Lydlinch,St Thomas A Becket,,19 Jan 1640/1,Robert,,,,,FILL,,,,,
DOR,Lydlinch,St Thomas A Becket,,28 Mar 1641,Nicholas,,,,,DARBY,,,,,
DOR,Lydlinch,St Thomas A Becket,,31 Mar 1641,Elizabeth,Dau of,William,,ROMAYNE,ROMAYNE,,,,,
DOR,Lydlinch,St Thomas A Becket,,22 Jun 1641,Richard,,,,,BURT,,,,,
DOR,Lydlinch,St Thomas A Becket,,24 Aug 1641,Richard,,,,,BURGE,,,,,
DOR,Lydlinch,St Thomas A Becket,,26 Sep 1641,Mary,,,,,BURGE,,,,,
DOR,Lydlinch,St Thomas A Becket,,01 Oct 1641,Thomas,Son of,William,,HOLWAY,HOLWAY,,,,,
DOR,Lydlinch,St Thomas A Becket,,07 Apr 1642,Alice,,,,,DARBY,,,,,
DOR,Lydlinch,St Thomas A Becket,,17 Apr 1642,Leonard,Son of,Leonard,,TRIM,TRIM,,,,,
DOR,Lydlinch,St Thomas A Becket,,04 Aug 1642,John,Son of,John,,HODDER,HODDER,,,,,
DOR,Lydlinch,St Thomas A Becket,,26 Oct 1642,Ursula,Wife of,Leonard,,TRIM,TRIM,,,,,
DOR,Lydlinch,St Thomas A Becket,,02 Nov 1642,Mary,Wife of,Richard,,BAYLY,BAYLY,,,BAYLY alias CLAVER,,
DOR,Lydlinch,St Thomas A Becket,,05 Jan 1642/3,Edith,,,,,DARBY,,,,,
DOR,Lydlinch,St Thomas A Becket,,11 Jan 1642/3,Joseph,,,,,JOYCE,,,,,
DOR,Lydlinch,St Thomas A Becket,,02 Feb 1642/3,Mary,,,,,HOPS,,,,,
DOR,Lydlinch,St Thomas A Becket,,07 Feb 1642/3,Martha,Dau of,Will.,,TURNER,TURNER,,,,,
DOR,Lydlinch,St Thomas A Becket,,06 Apr 1643,Christopher,,,,,CADDY,,,,,
DOR,Lydlinch,St Thomas A Becket,,12 Apr 1643,John,,,,,MICHELL,,,,,
DOR,Lydlinch,St Thomas A Becket,,09 May 1643,Francis,Wife of,William,,GATEHOUSE,GATEHOUSE,,,,,
DOR,Lydlinch,St Thomas A Becket,,23 Aug 1643,Thomas,,,,,CADDY,,,,,
DOR,Lydlinch,St Thomas A Becket,,15 Nov 1643,Nicholas,Son of,John,,LAMBERT,LAMBERT,,,,,
DOR,Lydlinch,St Thomas A Becket,,18 Nov 1643,Elianor,,,,,BURGE,,,,,
DOR,Lydlinch,St Thomas A Becket,,19 Nov 1643,William,,,,,BILES,,,,,
DOR,Lydlinch,St Thomas A Becket,,19 Feb 1643/4,Jone,Wife of,William,,ROMAYNE,ROMAYNE,,,,,
DOR,Lydlinch,St Thomas A Becket,,24 Nov 1643,Elizabeth,Wife of,Thomas,,CARTER,CARTER,,,,,
DOR,Lydlinch,St Thomas A Becket,,02 Mar 1643/4,Thomas,Son of,Thoams,,WOOD,WOOD,,,,,
DOR,Lydlinch,St Thomas A Becket,,15 Mar 1643/4,Nicholas,Son of,Bartholomew,,ROMAYNE,ROMAYNE,,,,,
DOR,Lydlinch,St Thomas A Becket,,15 May 1644,Nicholas,,,,,GILLINGHAM,,,,,
DOR,Lydlinch,St Thomas A Becket,,24 Jun 1644,Margaret,Wife of,Richard,,YONG,YONG,,,,,
DOR,Lydlinch,St Thomas A Becket,,30 Sep 1644,Elianor,Wife of,John,,HODDER,HODDER,,,,,
DOR,Lydlinch,St Thomas A Becket,,06 Oct 1644,Joane,Wife of,Nicholas,,FILL,FILL,,,,,
DOR,Lydlinch,St Thomas A Becket,,18 Oct 1644,Nicholas,Son of,Will.,,ROMAYNE,ROMAYNE,,,,,
DOR,Lydlinch,St Thomas A Becket,,12 Jan 1644/5,Nicholas,,,,,CADDY,,,,,
DOR,Lydlinch,St Thomas A Becket,,19 Jan 1644/5,John,,,,,LAMBERT,,,,,
DOR,Lydlinch,St Thomas A Becket,,04 Feb 1644/5,Thomas,Son of,Leonard,,TRIM,TRIM,,,,,
DOR,Lydlinch,St Thomas A Becket,,22 Feb 1644/5,Cecilie,Dau of,George,,DUFFET,DUFFET,,,,,
DOR,Lydlinch,St Thomas A Becket,,20 Apr 1645,John,,,,,WYAT,,,,,
DOR,Lydlinch,St Thomas A Becket,,04 May 1645,Francis,Dau of,Will.,,GATEHOUSE,GATEHOUSE,,,,,
DOR,Lydlinch,St Thomas A Becket,,13 May 1645,Judith,,,,,MITCHELL,,,,,
DOR,Lydlinch,St Thomas A Becket,,03 Jun 1645,Robert,,,,,HILL,,,,,
DOR,Lydlinch,St Thomas A Becket,,25 Jun 1645,Joane,Wife of,Will.,,TURNER,TURNER,,,,,
DOR,Lydlinch,St Thomas A Becket,,06 Jul 1845,George,,,,,MARTIN,,,,,
DOR,Lydlinch,St Thomas A Becket,,19 Nov 1645,Joan,,,,,DARBY,,,,,
DOR,Lydlinch,St Thomas A Becket,,27 May 1646,Richard,Son of,Melchisedec,,WALTHAM,WALTHAM,,,,,
DOR,Lydlinch,St Thomas A Becket,,12 Aug 1646,Anne,,,,,ROMAYNE,,,,,
DOR,Lydlinch,St Thomas A Becket,,31 Oct 1646,Joane,Dau of,Will.,,CLAVER,CLAVER,,,,,
DOR,Lydlinch,St Thomas A Becket,,14 Nov 1646,Agnes,Wife of,Silvester,,SHEPHEARD,SHEPPEARD,,,,,
DOR,Lydlinch,St Thomas A Becket,,01 Dec 1646,William,Son of,Walter,,COOMBE,COOMBE,,,,,
DOR,Lydlinch,St Thomas A Becket,,08 Feb 1646/7,Philip,,,,,WYATT,,,,,
DOR,Lydlinch,St Thomas A Becket,,08 Feb 1646/7,Timothy,Son of,Timothy,,HOPPS,HOPPS,,,,,
DOR,Lydlinch,St Thomas A Becket,,07 May 1647,Thomas,Son of,Thomas,,MITCHELL,MITCHELL,,,,,
DOR,Lydlinch,St Thomas A Becket,,12 May 1647,John,,,,,CADDY,,,,,
DOR,Lydlinch,St Thomas A Becket,,26 May 1647,Elizabeth,Wife of,Walter,,VINE,VINE,,Bagber,,,
DOR,Lydlinch,St Thomas A Becket,,13 Aug 1647,Abel,,,,,ROUS,,,,,
DOR,Lydlinch,St Thomas A Becket,,14 Aug 1647,Henry,,,,,COLLINS,,,,,
DOR,Lydlinch,St Thomas A Becket,,01 Dec 1647,Grace,Husband of,John,,KIDDLE,KIDDLE,,,,,
DOR,Lydlinch,St Thomas A Becket,,23 Dec 1647,Thomas,Son of,William,,ROMAYNE,ROMAYNE,,,,,
DOR,Lydlinch,St Thomas A Becket,,11 Feb 1647/8,Grace,Wife of,Thomas,,SNOOKE,SNOOKE,,,,,
DOR,Lydlinch,St Thomas A Becket,,22 May 1648,George,Son of,Samuel,,POPE,POPE,,,,,
DOR,Lydlinch,St Thomas A Becket,,26 May 1648,John,Son of,George,,DUFFET,DUFFET,,,,,
DOR,Lydlinch,St Thomas A Becket,,31 Aug 1648,Joan,,,,,TEWKESBURY,,,,,
DOR,Lydlinch,St Thomas A Becket,,15 Dec 1648,Rebecca,,,,,BILES,,,,,
DOR,Lydlinch,St Thomas A Becket,,17 Dec 1648,Margaret,,,,,MOGG,,,,,
DOR,Lydlinch,St Thomas A Becket,,24 Dec 1648,Mary,Dau of,John,,HUCKER,HUCKER,,,,,
DOR,Lydlinch,St Thomas A Becket,,26 Jan 1648/9,Walter,,,,,VINE,,,,,
DOR,Lydlinch,St Thomas A Becket,,29 Mar 1649,Elizabeth,,,,,ROMAYNE,,,,,
DOR,Lydlinch,St Thomas A Becket,,15 Apr 1649,Thomas,Son of,William,,ROMAYNE,ROMAYNE,,,,,
DOR,Lydlinch,St Thomas A Becket,,16 May 1649,William,,,,,BAYLEY,,,Alias CLAVER,,
DOR,Lydlinch,St Thomas A Becket,,24 May 1649,Alice,,,,,BAYLEY,,,Alias CLAVER,,
DOR,Lydlinch,St Thomas A Becket,,17 Jul 1649,Honor,Wife of,John,,VOWELS,VOWELS,,,,,
DOR,Lydlinch,St Thomas A Becket,,05 Nov 1649,John,,,,,SEAGAR,,,,,
DOR,Lydlinch,St Thomas A Becket,,13 Jan 1649/50,Dorothie,,,,,BOWDEN,,,,,
DOR,Lydlinch,St Thomas A Becket,,04 Jul 1650,Joane,,,,,LAMBERT,,,,,
DOR,Lydlinch,St Thomas A Becket,,22 Jul 1650,John,,,,,WILLIAMS,,,,,
DOR,Lydlinch,St Thomas A Becket,,28 Jan 1650/1,Katharine,Dau of,Sylvester,,GOUGH,GOUGH,,,,,
DOR,Lydlinch,St Thomas A Becket,,02 Feb 1650/1,Leonard,Son of,Leonard,,TRIM,TRIM,,,,,
DOR,Lydlinch,St Thomas A Becket,,04 Feb 1650/1,Elizabeth,Dau of,William,,CLUETT,CLUETT,,,,,
DOR,Lydlinch,St Thomas A Becket,,02 Mar 1650/1,Elizabeth,Dau of,William,,SNOOKE,SNOOKE,,,,,
DOR,Lydlinch,St Thomas A Becket,,18 May 1651,John,,,,,HODDER,,,,,
DOR,Lydlinch,St Thomas A Becket,,11 Oct 1651,Grace,Dau of,William,,WYAT,WYAT,,,,,
DOR,Lydlinch,St Thomas A Becket,,14 Nov 1651,William,,,,,GILLINGHAM,,,,,
DOR,Lydlinch,St Thomas A Becket,,02 Dec 1651,Walter,Son of,Timothy,,PELLY,PELLY,,,,,
DOR,Lydlinch,St Thomas A Becket,,21 Dec 1651,Thomas,,,,,SNOOKE,,,,,
DOR,Lydlinch,St Thomas A Becket,,23 Feb 1651/2,John,,,,,EYRES,,Pulham,,,
DOR,Lydlinch,St Thomas A Becket,,15 Apr 1652,Joane,Widow of,,,,GILLINGHAM,,,,,
DOR,Lydlinch,St Thomas A Becket,,03 May 1652,Lucy,Wife of,John,,VOWELS,VOWELS,,,John VOWELS jun,,
DOR,Lydlinch,St Thomas A Becket,,09 Jul 1652,Joane,Dau of,William,,ROMAYNE,ROMAYNE,,,,,
DOR,Lydlinch,St Thomas A Becket,,06 Aug 1652,Martha,Dau of,Nicholas,,BILES,BILES,,,,,
DOR,Lydlinch,St Thomas A Becket,,28 Jan 1652/3,Thomas,,,,,KIDDLE,,,,,
DOR,Lydlinch,St Thomas A Becket,,02 Feb 1652/3,Judith,Wife of,Henry,,FROST,FROST,,,,,
