+INFO,capn-bob@pegleg2.com,password,SEQUENCED,MARRIAGES,,3.02.02
#,CCC,Robert Wilkins,Dorset,DORMAHMA.CSV,18-Jun-2010
#,CREDIT,Marie Trimmer,marie.trimmer@tiscali.co.uk
#,07-Feb-2014,Phillimore,
+LDS
DOR,Marshwood,St Mary,,04 May 1629,Robert,ACARMAN,,,Bachelor,,,Frances,MAJOR,,,Spinster,,,,,,,,,,,,,,,
DOR,Marshwood,St Mary,,21 May 1620,James,BAGGE,,,Bachelor,,,Jone,FOORS,,,Spinster,,,,,,,,,,,,,,,
DOR,Marshwood,St Mary,,7 May 1636,James,BAGGE,,,Bachelor,,,Joane,ODDING,,,Spinster,,,,,,,,,,,,,,,
DOR,Marshwood,St Mary,,13 Apr 1618,Thomas,BAKER,,,Bachelor,,,Jone,CHICKE,,,Spinster,,,,,,,,,,,,,,,
DOR,Marshwood,St Mary,,23 Jan 1622/3,Robert,BAKER,,,Bachelor,,,Mary,ELWELL,,,Spinster,,,,,,,,,,,,,,,
DOR,Marshwood,St Mary,,30 Apr 1622,Thomas,BAKER,,,Bachelor,,,Joane,WARDE,,,Spinster,,,,,,,,,,,,,,,
DOR,Marshwood,St Mary,,17 Oct 1636,Arthur,BAKER,,,Bachelor,,,Mary,LORING,,,Spinster,,,,,,,,,,,,,,,
DOR,Marshwood,St Mary,,27 Mar 1654,John,BONDE,,,Bachelor,,,Eaddeth,SHIER,,,Spinster,,,,,,,,,,,,,,,
DOR,Marshwood,St Mary,,9 Aug 1624,Mr Hugh,BOYLAND,,,Bachelor,,,Eliz,ROPER,,,Spinster,,,,,,,,,,,,,,,
DOR,Marshwood,St Mary,,10 Aug 1641,John,BRAINE,,,Bachelor,,,Mathea,CRABB,,,Spinster,,,,,,,,,,,,,,,
DOR,Marshwood,St Mary,,16 May 1625,Thomas,BROWNE,,,Bachelor,,,Urshula,SPRAKE,,,Spinster,,,,,,,,,,,,,,,
DOR,Marshwood,St Mary,,11 Aug 1628,Hugh,BROUNE,,,Bachelor,,,Ellenor,DOLMAN,,,Spinster,,,,,,,,,,,,,,,
DOR,Marshwood,St Mary,,5 Nov 1628,George,BROWN,,,Bachelor,,,Mary,DOLMAN,,,Spinster,,,,,,,,,,,,,,,
DOR,Marshwood,St Mary,,26 Sep 1631,John,BROWNE,,,Bachelor,,,Agnes,CHICKES,,,Spinster,,,,,,,,,,,,,,,
DOR,Marshwood,St Mary,,13 Sep 1623,Robert,BUCKLAND,,,Bachelor,,,Christian,ELWILL,,,Spinster,,,,,,,,,,,,,,,
DOR,Marshwood,St Mary,,14 May 1620,Thomas,BUT,,,Bachelor,,,Rebeckah,GREGORY,,,Spinster,,,,,,,,,,,,,,,
DOR,Marshwood,St Mary,,4 Sep 1654,William,CAS,,,Bachelor,,,Urselow,SAMPSON,,,Spinster,,,,,,,,,,,,,,,
DOR,Marshwood,St Mary,,16 Jan 1626/7,Henry,CHIKE,,,Bachelor,,,Lone,TUCKER,,,Spinster,,,,,,,,,,,,,,,
DOR,Marshwood,St Mary,,1627/8,John,CHIKE,,,Bachelor,,,Philipa,LORING,,,Spinster,,,,,,,,,,,,,,,
DOR,Marshwood,St Mary,,20 Jun 1626,John,CLAPP,,,Bachelor,,,Alice,RICHARDS,,,Spinster,,,,,,,,,,,,,,,
DOR,Marshwood,St Mary,,23 Nov 1641,George,CLERKE,,,Bachelor,,,Mary,LORING,,,Spinster,,,,,,,,,,,,,,,
DOR,Marshwood,St Mary,,1634,--------,COLES,,,Bachelor,,,Mary,HOPKINS,,,Spinster,,,,,,,,,,,,,,,
DOR,Marshwood,St Mary,,15 Jul 1634,John,COLLINS,,,Bachelor,,,Elizabeth,PARCOTY,,,Spinster,,,,,,,,,,,,,,,
DOR,Marshwood,St Mary,,14 Jun 1625,John,COX,,,Bachelor,,,Amee,BULL,,,Spinster,,,,,,,,,,,,,,,
DOR,Marshwood,St Mary,,19 Sep 1636,Robert,SWEET,,,Bachelor,,,Joane,TURNER,,,Spinster,,,,,,,,,,,,,Sweet alias dallebar,,
DOR,Marshwood,St Mary,,14 Feb 1636/7,Barnabas,DARE,,,Bachelor,,,Rose,-------,,,Spinster,,,,,,,,,,,,,,,
DOR,Marshwood,St Mary,,19 Dec 1614,Thomas,DULINGE,,,Bachelor,,,Edith,DAVY,,,Spinster,,,,,,,,,,,,,,,
DOR,Marshwood,St Mary,,9 Nov 1619,Giles,ELLIOT,,,Bachelor,,,Agnes,WEBBER,,,Spinster,,,,,,,,,,,,,,,
DOR,Marshwood,St Mary,,22 May 1655,Tristram,ELLEOUT,,,Bachelor,,,Eliz,SANDERS,,,Spinster,,,,,,,,,,,,,,,
DOR,Marshwood,St Mary,,18 May 1620,Richard,FARNUM,,,Bachelor,,,Wichol,EDWARDS,,,Spinster,,,,,,,,,,,,,,,
DOR,Marshwood,St Mary,,27 Dec 1617,Giles,FILLIE,,,Bachelor,,,Mary,LACKE,,,Spinster,,,,,,,,,,,,,,,
DOR,Marshwood,St Mary,,25 Apr 1626,Gregory,FILLIE,,,Bachelor,,,Ann,SNOKE,,,Spinster,,,,,,,,,,,,,,,
DOR,Marshwood,St Mary,,5 Apr 1659,Anthony,GIBBS,,,Bachelor,,,Sara,GIBBES,,,Spinster,,,,,,,,,,,,,,,
DOR,Marshwood,St Mary,,24 Sep 1617,John,GOLLUP,,,Bachelor,,,Margerie,BUBTINGE,,,Spinster,,,,,,,,,,,,,,,
DOR,Marshwood,St Mary,,15 Apr 1673,Thomas,HELLIE,,,Bachelor,,,Hester,DENSLOW,,,Spinster,,,,,,,,,,,,,,,
DOR,Marshwood,St Mary,,8 May 1622,William,HODDER,,,Bachelor,,,Agnes,HORSFORD,,,Spinster,,,,,,,,,,,,,,,
DOR,Marshwood,St Mary,,3 Nov 1618,William,HOLMAN,,,Bachelor,,,Eliz,DARBIE,,,Spinster,,,,,,,,,,,,,,,
DOR,Marshwood,St Mary,,23 May 1633,Thomas,HOLMAN,,,Bachelor,,,Margery,PODGERS,,,Spinster,,,,,,,,,,,,,,,
DOR,Marshwood,St Mary,,4 Nov 1617,Simon,HOYT,,,Bachelor,,,Jone,STOODLEY,,,Spinster,,,,,,,,,,,,,,,
DOR,Marshwood,St Mary,,14 Oct 1634,Thomas,JOHNSON,,,Bachelor,,,Elizabeth,MASON,,,Spinster,,,,,,,,,,,,,,,
DOR,Marshwood,St Mary,,27 Jan 1636/7,George,LACKE,,,Bachelor,,,Eliz,MAJOR,,,Spinster,,,,,,,,,,,,,,,
DOR,Marshwood,St Mary,,14 Jul 1737,Mathew,LARCOMBE,,,Bachelor,,,Mary,SMITH,,,Spinster,,,,,,,,,,,,,,,
DOR,Marshwood,St Mary,,2 Aug 1659,Thomas,LOCKHEARE,,,Bachelor,,,Sara,LACK,,,Spinster,,,,,,,,,,,,,,,
DOR,Marshwood,St Mary,,10 May 1614,William,LOWRING,,,Bachelor,,,Briget,SANDERS,,,Spinster,,,,,,,,,,,,,,,
DOR,Marshwood,St Mary,,28 Aug 1622,Philip,LORING,,,Bachelor,,,Elizabeth,ALLEN,,,Spinster,,,,,,,,,,,,,,,
DOR,Marshwood,St Mary,,1 May 1654,Nathaniell,LORING,,,Bachelor,,,Agnes,PHELLIPES,,,Spinster,,,,,,,,,,,,,,,
DOR,Marshwood,St Mary,,4 Apr 1622,Mark,LUCKE,,,Bachelor,,,Joane,BAKER,,,Spinster,,,,,,,,,,,,,,,
DOR,Marshwood,St Mary,,17 Jun 1616,William,MAJOR,,,Bachelor,,,Eliz,LACKE,,,Spinster,,,,,,,,,,,,,,,
DOR,Marshwood,St Mary,,8 Nov 1624,Abraham,MAJOR,,,Bachelor,,,Elizabeth,DAY,,,Spinster,,,,,,,,,,,,,,,
DOR,Marshwood,St Mary,,24 Oct 1631,William,MAJOR,,,Bachelor,,,Jone,SAMPSON,,,Spinster,,,William,MAJOR,,George,SAMPSON,,,,,,,,
DOR,Marshwood,St Mary,,13 Jan 1623/4,Robert,MASE,,,Bachelor,,,Dorothy,PAULL,,,Spinster,,,,,,,,,,,,,,,
DOR,Marshwood,St Mary,,30 Jun 1634,John,MARSH,,,Bachelor,,,Elizabeth,PAUL,,,Spinster,,,,,,,,,,,,,,,
DOR,Marshwood,St Mary,,1 May 1628,Peter,MUNDEN,,,Bachelor,,,Eliz,WARD,,,Spinster,,,,,,,,,,,,,,,
DOR,Marshwood,St Mary,,8 Jul 1634,Stephen,MUNDEN,,,Bachelor,,,Em,BOLLAM,,,Spinster,,,,,,,,,,,,,,,
DOR,Marshwood,St Mary,,21 Apr 1630,John,NURS,,,Bachelor,,,Garthared,STROD---,,,Spinster,,,,,,,,,,,,,,,
DOR,Marshwood,St Mary,,10 Aug 1641,John,NUSE,,,Bachelor,,,Dorothy,SHIPWICKE,,,Spinster,,,,,,,,,,,,,,,
DOR,Marshwood,St Mary,,12 Sep 1615,Henry,PAUL,,,Bachelor,,,Eideth,DIVELINGE,,,Spinster,,,,,,,,,,,,,,,
DOR,Marshwood,St Mary,,9 Sep 1615,Leonard,PAUL,,,Bachelor,,,Grace,NOSITER,,,Spinster,,,,,,,,,,,,,,,
DOR,Marshwood,St Mary,,6 May 1642,George,PAUL,,,Bachelor,,,Rachel,PERSEY,,,Spinster,,,,,,,,,,,,,,,
DOR,Marshwood,St Mary,,12 Jun 1637,Henry,PORT,,,Bachelor,,,Elizabeth,CLARK,,,Spinster,,,,,,,,,,,,,,,
DOR,Marshwood,St Mary,,25 Sep 1626,John,RICHARDES,,,Bachelor,,,Elizabeth,DRIVER,,,Spinster,,,,,,,,,,,,,,,
DOR,Marshwood,St Mary,,30 Oct 1615,Thomas,ROBINS,,,Bachelor,,,Luce,ELICOT,,,Spinster,,,,,,,,,,,,,,,
DOR,Marshwood,St Mary,,28 Apr 1617,Robert,ROPER,,,Bachelor,,,Susanna,MAIOR,,,Spinster,,,,,,William,MAIOR,,,,,,,,
DOR,Marshwood,St Mary,,19 Apr 1642,Robert,ROPER,,,Bachelor,,,Susanna,SHEPPERD,,,Spinster,,,,,,,,,,,,,,,
DOR,Marshwood,St Mary,,22 Feb 1658/9,John,ROPER,,,Bachelor,,,Rose,LUSH,,,Spinster,,,,,,,,,,,,,,,
DOR,Marshwood,St Mary,,21 Nov 1632,George,SALTER,,,Bachelor,,,Margery,SWEET,,,Spinster,,,,,,,,,,,,,,,
DOR,Marshwood,St Mary,,24 Nov 1631,Walter,SHEIRER,,,Bachelor,,,Katherine,PAUL,,,Spinster,,,,,,,,,,,,,,,
DOR,Marshwood,St Mary,,28 Apr 1619,Anthony,SMYTH,,,Bachelor,,,Phillip,HILLARIE,,,Spinster,,,,,,,,,,,,,,,
DOR,Marshwood,St Mary,,11 Feb 1619/20,Anthony,SMYTH,,,Bachelor,,,Alice,COX,,,Spinster,,,,,,,,,,,,,,,
DOR,Marshwood,St Mary,,1 May 1633,John,SNOOK,,,Bachelor,,,Edeth,BULL,,,Spinster,,,,,,,,,,,,,,,
DOR,Marshwood,St Mary,,25 Sep 1655,Roger,SNOOKE,,,Bachelor,,,Sara,HOLMAN,,,Spinster,,,,,,,,,,,,,,,
DOR,Marshwood,St Mary,,4 Jun 1627,John,STOODLEY,,,Bachelor,,,Agnes,COX,,,Spinster,,,,,,,,,,,,,,,
DOR,Marshwood,St Mary,,16 Mar 1636/7,Tristam,STOODLEY,,,Bachelor,,,Eliz,TURNER,,,Spinster,,,,,,,,,,,,,,,
DOR,Marshwood,St Mary,,1 Aug 1633,John,STURTON,,,Bachelor,,,Margery,DOLMAN,,,Spinster,,,,,,,,,,,,,,,
DOR,Marshwood,St Mary,,29 Jan 1616/7,Thomas,SWEET,,,Bachelor,,,Amee,DOLLINGE,,,Spinster,,,,,,,,,,,,,,,
DOR,Marshwood,St Mary,,21 Apr 1629,William,SWEET,,,Bachelor,,,Tomisen,STAPLE,,,Spinster,,,,,,,,,,,,,,,
DOR,Marshwood,St Mary,,26 Aug 1635,William,SWEET [SENIOR],,,Bachelor,,,Elizabeth,DEMMET,,,Spinster,,,,,,,,,,,,,,,
DOR,Marshwood,St Mary,,5 Jul 1655,John,SWEET,,,Bachelor,,,Ann,BALL,,,Spinster,,,,,,,,,,,,,,,
DOR,Marshwood,St Mary,,22 Sep 1630,Thomas,TERRY,,,Bachelor,,,Alice,FILLY,,,Spinster,,,,,,,,,,,,,,,
DOR,Marshwood,St Mary,,16 Oct 1620,Thomas,TURNER,,,Bachelor,,,Ana,STOODLY,,,Spinster,,,,,,,,,,,,,,,
DOR,Marshwood,St Mary,,17 Oct 1614,Thomas,TURNER,,,Bachelor,,,Alice,MILLER,,,Spinster,,,,,,,,,,,,,,,
DOR,Marshwood,St Mary,,5 Feb 1635/6,William,WALDRON,,,Bachelor,,,Marg,FIPPING,,,Spinster,,,,,,,,,,,,,,,
DOR,Marshwood,St Mary,,13 Oct 1618,Andrew,WAREN,,,Bachelor,,,Ann,FILLIE,,,Spinster,,,,,,,,,,,,,,,
DOR,Marshwood,St Mary,,13 May 1636,Leonard,WATTS,,,Bachelor,,,Bridget,WAREHAM,,,Spinster,,,,,,,,,,,,,,,
DOR,Marshwood,St Mary,,20 Mar 1659/60,Robert,WOODCOCK,,,Bachelor,,,Susanna,ROPER,,,Spinster,,,,,,,,,,,,,,,
DOR,Marshwood,St Mary,,6 Mar 1641/2,Robert,WRIXEN,,,Bachelor,,,Susanna,LORING,,,Spinster,,,,,,,,,,,,,,,
DOR,Marshwood,St Mary,,,,,,,,,,,,,,,,,,,,,,,,,,,Later marriages after 1673 are to be found at whtitchurch canonicorium,,
