+INFO,capn-bob@pegleg2.demon.co.uk,password,SEQUENCED,MARRIAGES
#,CCC,Bob Wilkins,Dorset,DORNERMA.CSV,02-Feb-2012
#,CREDIT,,
#,02-Feb-2012,Phillimore,
DOR,Nether Cerne,All Saints,,13 Mar 1719/20,John,THORNE,,,,,,Mary,STIKLIND,,,,,,,,,,,,,,,,
DOR,Nether Cerne,All Saints,,07 May 1720,Levi,GROSSE,,,,,,Mary,NEWMANE,,,,,,,,,,,,,,,,
DOR,Nether Cerne,All Saints,,01 Apr 1723,William,LAMBERT,,,,,,Mary ,YOUNG,,,,,,,,,,,,,,,,
DOR,Nether Cerne,All Saints,,17 Dec 1724,Richard,DEVENISH,,,,,,Mary,BISHOP,,,,,,,,,,,,,,,,
DOR,Nether Cerne,All Saints,,20 May 1740,Thomas,SHAW,,Maiden Newton,,,,Mary,VALENS,,Frampton,,,,,,,,,,,,,,
DOR,Nether Cerne,All Saints,,24 Apr 1744,John,WALLBRIDGE,,Swire,,,,Elizabeth,SHERREN,,Pucknole,,,,,,,,,,,,,,
DOR,Nether Cerne,All Saints,,24 Apr 1744,Robert Lumley,KINGSTON,,Dorchester,,Gentleman,,Mary,WORSLEY,,,,,,,,,Edward,WORSLEY,Esq,,,,,Edward  WORSLEY of Gatcombe IOW
DOR,Nether Cerne,All Saints,,24 Apr 1744,,,,,,,,,,,,,,,,,,,,,,,,,
DOR,Nether Cerne,All Saints,,24 Apr 1744,,,,,,,,,,,,,,,,,,,,,,,,,
