+INFO,capn-bob@pegleg2.demon.co.uk,password,SEQUENCED,MARRIAGES
#,CCC,Robert Wilkins,Dorset,DORPOGMA1.csv,14-Feb-2010
#,CREDIT,Ken Saunders,kvs1@compuserve.com
#,14-Feb-2010,St Georges,,22 Feb 1813
DOR,Portland,St Georges,,3 May 1813,John,STONE,27,,,,,Mary,HOSKINS,30,,,,,,,,,,,Robert,HOSKINS,William,HINDE,
DOR,Portland,St Georges,,30 May 1813,John,AYLES,26,,Widower,,,Susanna,PEARCE,24,,,,,,,,,,,Abraham,PEARCE,Abrm Jnr,PEARCE,
DOR,Portland,St Georges,,10 Jun 1813,Abraham,WINTER,24,,bach,,,Jane,GIBBS,29,,spin,,,,,,,,,Bary(),PEARCE,John,GILBERT,Jane
DOR,Portland,St Georges,,25 Aug 1813,Robert,ATTWOOLL,21,,bach,,,Margery,SCHOLLAR,21,,spin,,,,,,,,,Edward,SCHOLLAR,Robert Andrews,ATTWOOLL,
DOR,Portland,St Georges,,21 Nov 1813,Abel,ELLIOTT,22,,bach,,,Sarah,STONE,19,,spin,,,,,,,,,Edward,PEARCE,Mary Ann,ROGERS,
DOR,Portland,St Georges,,23 Nov 1813,Henry,BYATT,22,,bach,,,Ann,GIBBS,22,,spin,,,,,,,,,John (mark of),RUSSELL,Edward,STONE,
DOR,Portland,St Georges,,Jan 1814,John,VINE,,,bach,,,Sarah,CONNEY,,Weymouth,,,,,,,,,,,,,,
DOR,Portland,St Georges,,5 Feb 1814,James,PEARCE,25,,bach,,,Alice,WHITE,,,spin,,,,,,,,,Thomas (mark of),WHITE,Sarah,COLLINS,
DOR,Portland,St Georges,,9 Feb 1814,John,SHARP,27,,bach,,,Ruth,LANO,25,,spin,,,,,,,,,William,HINDE,C E,NORTH,
DOR,Portland,St Georges,,19 Feb 1814,John,ATTWOOLL,26,,bach,,,Sarah,HARD,19,,spin,,,,,,,,,John,ALLEN,Mary,WILLIAMES,
DOR,Portland,St Georges,,30 May 1814,Thomas,WHITE,27,,bach,,,Susannah,FUZZARD,28,,spin,,,,,,,,,Samuel,FUZZARD,Richard,WINGATE,
DOR,Portland,St Georges,,19 Jul 1814,Isaac,ROD,23,,bach,,,Jane Gibbs,SIMES,22,,spin,,,,,,,,,John,ROD,John,PEARCE,
DOR,Portland,St Georges,,21 Jul 1814,John,ELLIOTT,24,,bach,,,Elizabeth,PEARCE,24,,spin,,,,,,,,,Thomas,AYLES,Susanna,PEARCE,
DOR,Portland,St Georges,,23 Jul 1814,William,GREENYER,35,,Widower,,,Mary,STONE,22,,,,,,,,,,,James,BROOKS,William,HINDE,
DOR,Portland,St Georges,,24 Jul 1814,William,BENFIELD,32,,Widower,,,Alice,MITCHELL,28,,,,,,,,,,,John,KNAPP,Frances,FLEW,
DOR,Portland,St Georges,,4 Aug 1814,William,ELLIOTT,23,,bach,,,Ann,ATTWOOLL,22,,spin,,,,,,,,,Thomas,AYLES,Ann,ELLIOTT,Robt jnr
DOR,Portland,St Georges,,26 Sep 1814,John,FLANN,24,,bach,,,Grace,STONE,28,,spin,,,,,,,,,Edward,STONE,William,HINDE,
DOR,Portland,St Georges,,Nov 1814,Thomas,FALL,,,bach,,,Elizabeth,WIGGATT,,,,,,,,,,,,,,,,
DOR,Portland,St Georges,,3 Nov 1814,Joseph Gooderidge,MILLER,21,,bach,,,Elizabeth,RUSSELL,20,,spin,,,,,,,,,W M,ALLEN,Edward,STONE,
DOR,Portland,St Georges,,12 Nov 1814,John,ELLIOTT,27,,bach,,,Sarah,COLLENS,22,,spin,,,,,,,,,John,GIBBS,Elizabeth,KINGSTONE,
DOR,Portland,St Georges,,7 Jan 1815,William,BENNETT,26,,bach,,,Mary,PEARCE,28,,spin,,,,,,,,,Robt,PEARCE,Abraham,STEVENS,
DOR,Portland,St Georges,,2 Feb 1815,Richard,WINGATE,30,,bach,,,Mary,FUZZARD,24,,spin,,,,,,,,,Wm,GIBBS,Edith,ANGEL,
DOR,Portland,St Georges,,19 Mar 1815,William,GIBBS,38,,Widower,,,Jane,FUZZARD,24,,,,,,,,,,,Henry,GIBBS,Ruth (mark Of),GIBBS,
DOR,Portland,St Georges,,27 Mar 1815,John,STONE,28,,bach,,,Ruth,LANO,28,,spin,,,,,,,,,Robert,WHITE,William,HINDE,
DOR,Portland,St Georges,,30 Mar 1815,Robert,STONE,21,,bach,,,Elizabeth,LANO,25,,spin,,,,,,,,,Mary (mark of),VINCENT,William,HINDE,
DOR,Portland,St Georges,,6 May 1815,Abraham,STONE,23,,bach,,,Elizabeth,ATTWOOLL,24,,spin,,,,,,,,,John,GIBBS,William,HINDE,
DOR,Portland,St Georges,,6 May 1815,John,SCRIVEN,24,,bach,,,Ann,CHICK,25,,spin,,,,,,,,,Robert,FLEW,Jone,STONE,
DOR,Portland,St Georges,,21 May 1815,Henry,STONE,24,,bach,,,Jane,ROD,21,,spin,,,,,,,,,John (mark of),STONE,Richard,COMBEN,
DOR,Portland,St Georges,,May 1815,Edward,WHITE,,,bach,,,Sarah,LAKE,,Wyke,,,,,,,,,,,,,,
DOR,Portland,St Georges,,24 Jun 1815,Abraham,STEVENS,26,,bach,,,Sarah,BENNETT,23,,spin,,,,,,,,,Thomas,LANO,John,WHITE,
DOR,Portland,St Georges,,3 Aug 1815,Thomas,FANCY,,,bach,,,Agnes,ROD,,,spin,,,,,,,,,Willm (mark of),ROD,William,HINDE,
DOR,Portland,St Georges,,5 Aug 1815,William,FLANN,,,bach,,,Mary,RUSSELL,,,spin,,,,,,,,,John (mark of),BYATT,William,HINDE,
DOR,Portland,St Georges,,26 Aug 1815,William,LANO,,,bach,,,Joan,COX,,,spin,,,,,,,,,John,STONE,Mary,LEWIS,
DOR,Portland,St Georges,,18 Nov 1815,Thomas,FALL,,,bach,,,Elizabeth,WIGGATT,,,spin,,,,,,,,,John,FALL,Elizabeth,COMBEN,
DOR,Portland,St Georges,,9 Dec 1815,John,READ,,,bach,,,Susannah,WHITE,,,spin,,,,,,,,,William,ATTWOOLL,Robert,ATTWOOLL,
DOR,Portland,St Georges,,30 Dec 1815,John,WHITE,,,bach,,,Mary,COMBEN,,,spin,,,,,,,,,Joseph,WHITE,Sarah,STONE,
DOR,Portland,St Georges,,10 Feb 1816,William,BARTLETT,,,bach,,,Ann Pearce,NORSTER,,,spin,,,,,,,,,John,NORSTER,William,HINDE,
DOR,Portland,St Georges,,25 Feb 1816,Thomas,SEAWARD,,,bach,,,Elizabeth,WHITE,,,spin,,,,,,,,,Henry,PITT,Ann,WAY,
DOR,Portland,St Georges,,17 Mar 1816,Richard,BENFIELD,,,bach,,,Frances,FLEW,,,spin,,,,,,,,,Wm,BENFIELD,William,HINDE,
DOR,Portland,St Georges,,23 Mar 1816,John Nothover,READ,,,bach,,,Jane,PEARCE,,,spin,,,,,,,,,James,ALLEN,Jno,SMITH,Rebecca
DOR,Portland,St Georges,,Jun 1816,John,WALLIS,,,,,,Susanna,FLANN,,,,,,,,,,,,,,,,
DOR,Portland,St Georges,,30 Jun 1816,John,WALLIS,,,bach,,,Jane,FLAN,,,spin,,,,,,,,,Abel,ATTWOOLL,Wm,HINDE,
DOR,Portland,St Georges,,15 Aug 1816,Samuel,WEKLEY,,,bach,,,Elizabeth Stone,WINTER,,,spin,,,,,,,,,Benjamin,STONE,Mary,WEAKLEY,
DOR,Portland,St Georges,,24 Aug 1816,Simon,PEARCE,,,,,,Susanna,MARWOOD,,,spin,,,,,,,,,Henry,PEARCE,Grace,LANO,Frances
DOR,Portland,St Georges,,25 Aug 1816,John,PEARCE,,,bach,,,Rebecca,WHITE,,,spin,,,,,,,,,John,PEARCE,William,HINDE,
DOR,Portland,St Georges,,25 Aug 1816,Edward,STONE,,,bach,,,Grace,PETTERS,,,spin,,,,,,,,,John,STONE,William,HIND,
DOR,Portland,St Georges,,Sep 1816,Henry,WESTON,,,bach,,,Jane,READ,,Melcomb Regis,spin,,,,,,,,,,,,,
DOR,Portland,St Georges,,5 Oct 1816,William,RUSSELL,,,,,,Sarah,DRYER,,,Widow,,,,,,,,,Henry,PITT,William,HINDE,
DOR,Portland,St Georges,,30 Nov 1816,Ruben,HAYWARD,,,bach,,,Sarah,STONE,,,spin,,,,,,,,,Sarah,WHITE,John,GIBBS,
DOR,Portland,St Georges,,Dec 1816,James,WHITE,,,bach,,,Lydia,WALLIES,,Chickrell,spin,,,,,,,,,,,,,
DOR,Portland,St Georges,,24 Dec 1816,Richard,SANSOM,,,bach,,,Ann,PEARCE,,,spin,,,,,,,,,Edward,PEARCE,Ann,ATTWOOLL,
DOR,Portland,St Georges,,15 Jan 1817,Edward,STONE,,,Widower,,,Jane,LANO,,,,,,,,,,,,Robert,STONE,John,STONE,
DOR,Portland,St Georges,,26 Jan 1817,Robert Dryer,FLANN,,,bach,,,Jane,ATTWOOLL,,,spin,,,,,,,,,Robert,ATTWOOLL,William,ATTWOOLL,Elizabeth
DOR,Portland,St Georges,,1 Feb 1817,Robert,SCHOLLAR,,,bach,,,Elizabeth,KINGSTON,,,spin,,,,,,,,,Robert,KINGSTON,Edwd,SCHOLLAR,
DOR,Portland,St Georges,,26 Feb 1817,Isaac,HELLIER,,,bach,,,Francis,ANDREWS,,All Saints Dorchester,spin,,,,,,,,,Robert,PUCKETT,Jane,PUCKETT,
DOR,Portland,St Georges,,10 May 1817,Edward,WAY,,,bach,,,Mary,MILLER,,,spin,,,,,,,,,John,WELLS,William,HINDE,
DOR,Portland,St Georges,,28 Jun 1817,Richard,ALLEN,,,bach,,,Betty,SCHOLLAR,,,spin,,,,,,,,,Robert,SCHOLLAR,Robert jnr,SCHOLLAR,Robt
DOR,Portland,St Georges,,Jul 1817,Thomas,DAVIES,,,,,,Mary,FUZZARD,,,,,,,,,,,,,,,,
DOR,Portland,St Georges,,16 Aug 1817,Richard,PEARCE,,,bach,,,Rebecca,BENNETT,,,spin,,,,,,,,,Edward,PEARCE,William,BARNES,Susanna
DOR,Portland,St Georges,,22 Aug 1817,Thomas,WHITE,,,bach,,,Rebecca,BYATT,,,spin,,,,,,,,,John,PEARCE,William,HINDE,
DOR,Portland,St Georges,,24 Aug 1817,Richard,BYATT,,,bach,,,Ann,NEWMAN,,,spin,,,,,,,,,Henry,PITT,Elizabeth,PITT,
DOR,Portland,St Georges,,5 Oct 1817,John,GOULD,,,bach,,,Agness,STONE,,,spin,,,,,,,,,Abraham,STEVENS,William,HINDE,
DOR,Portland,St Georges,,9 Oct 1817,William,HELAY,,,bach,,,Mary,ATTWOOL,,,spin,,,,,,,,,Benjamin,SCRIVEN,Richard,PITT,John
DOR,Portland,St Georges,,12 Oct 1817,Robert,BENNETT,,,bach,,,Mary,MITCHELL,,,spin,,,,,,,,,Robert,BENNETT,William,HINDE,Susanna
DOR,Portland,St Georges,,6 Dec 1817,Nicholas,WAY,,,bach,,,Katherine,DINE,,,spin,,,,,,,,,Benjamin (mark of),SPRAICK?,John,DINE,Joseph
DOR,Portland,St Georges,,14 Dec 1817,Henry,SMITH,,,bach,,,Ruth,FUZZARD,,,spin,,,,,,,,,Henry,PITT,Mary,WHITE,
DOR,Portland,St Georges,,31 Jan 1818,John,PEARCE,,,bach,,,Martha,COMBEN,,,spin,,,,,,,,,Robert (mark of),COMBEN,William,HINDE,Mary
DOR,Portland,St Georges,,2 Feb 1818,William,ATTWOOLL,,,bach,,,Agnes,HINDE,,,spin,,,,,,,,,William,HINDE,Mary,PEARCE,Wm
DOR,Portland,St Georges,,19 Feb 1818,Edward,FRY,,,bach,,,Sarah,WALLIS,,St Ives Cornwall,spin,,,,,,,,,William,GILLENGER,Ann,DUKE,
DOR,Portland,St Georges,,21 Mar 1818,Thomas,STONE,,,bach,,,Sarah,WHITE,,,spin,,,,,,,,,John,WHITE,Barbara,WHITE,
DOR,Portland,St Georges,,21 May 1818,John Motyer,STONE,,,bach,,,Susanna,BENNETT,,,spin,,,,,,,,,Joseph,MOTYER,Joseph Motyer,STONE,Hannah
DOR,Portland,St Georges,,30 May 1818,Henry,SKINNER,,,bach,,,Mary,WHITE,,,spin,,,,,,,,,Zach,WHITE,Margaret,SKINNER,
DOR,Portland,St Georges,,22 Aug 1818,Robert,STONE,,,bach,,,Sarah,ANGEL,,,spin,,,,,,,,,Benjamin,SCRIVEN,Grace,ANGEL,
DOR,Portland,St Georges,,5 Sep 1818,Johnathan,COMBEN,,,bach,,,Mary,WHITE,,,spin,,,,,,,,,Bartholomew snr,COMBEN,Elizabeth,COMBEN,Bartho jnr
DOR,Portland,St Georges,,5 Oct 1818,Robert,SHADDOCK,,,bach,,,Ann,ELLIOTT,,,spin,,,,,,,,,Thomas,DRYER,William,ELLIOTT,Grace
DOR,Portland,St Georges,,Oct 1818,Edward,NEWMAN,,,bach,,,Jane,SCORE,,of Melcombe?,spin,,,,,,,,,,,,,
DOR,Portland,St Georges,,20 Oct 1818,Robert,ANTHONY,,,bach,,,Martha,WHITE,,,spin,,,,,,,,,Rebecca,PETERS,Wm,HINDE,
DOR,Portland,St Georges,,24 Oct 1818,James,BARTLETT,,,bach,,,Margaret,SPENCER,,,spin,,,,,,,,,William,SPENCER,Grace Butts,HINDE,
DOR,Portland,St Georges,,31 Oct 1818,William,WHITE,,,bach,,,Mary,DISKETT,,,spin,,,,,,,,,Henry,PITT,Jane,DISKETT,
DOR,Portland,St Georges,,Nov 1818,Richard,PITT,,,bach,,,Margery,MITCHELL,,,spin,,,,,,,,,,,,,
DOR,Portland,St Georges,,14 Nov 1818,Thomas,PITT,,,bach,,,Margery,MITCHELL,,,spin,,,,,,,,,Thos,WHITE,Susanna,LOWMAN,Benj
DOR,Portland,St Georges,,5 Dec 1818,John,PEARCE,,,bach,,,Dinah,HELLYER,,,spin,,,,,,,,,William,WHITE,Elizabeth,MOORE,
DOR,Portland,St Georges,,10 Jan 1819,John,STONE,,,bach,,,Jane,BYATT,,,spin,,,,,,,,,Hy,MITCHELL,Sarah,KINGSTON,
DOR,Portland,St Georges,,17 Jan 1819,Timothy,SCRIVEN,,,bach,,,Alice,LANO,,,spin,,,,,,,,,Thos,SANSOM,Margaret,LOWMAN,
DOR,Portland,St Georges,,15 Feb 1819,Edward,RODD,,,bach,,,Elizabeth,MASTERS,,,spin,,,,,,,,,Richard,?,Elizabeth,HODGE,
DOR,Portland,St Georges,,19 Feb 1819,Robert,PEARCE,,,bach,,,Rebecca,HELLYER,,,spin,,,,,,,,,William,WHITE,Sarah,PEARCE,
DOR,Portland,St Georges,,22 Feb 1819,Benjamin,FUZZARD,,,bach,,,Edith,ANGEL,,,spin,,,,,,,,,William,GIBBS,Francis,PEARCE,
DOR,Portland,St Georges,,18 Apr 1819,Henry,NOSTER,,,bach,,,Mary,WHITE,,,spin,,,,,,,,,Francis,NORSTER,Mary,WHITE,
DOR,Portland,St Georges,,20 Apr 1819,James,MILLS,,,bach,,,Elizabeth,WEAKLEY,,,spin,,,,,,,,,John,ALLEN,Agness,MILLS,
DOR,Portland,St Georges,,17 May 1819,Thomas,VOSS,,,bach,,,Ann,MITFORD,,,spin,,,,,,,,,Joseph,MATFORD,Wm,HINDE,
DOR,Portland,St Georges,,19 May 1819,John,ANDREWS,,,bach,,,Sarah,DAVIS,,,spin,,,,,,,,,Thos,FLEW,Grace Butts,HINDE,
DOR,Portland,St Georges,,10 Jun 1819,Richard,COMBEN,,,bach,,,Ann,STONE,,,spin,,,,,,,,,Henry,STONE,Shadrach,STONE,
DOR,Portland,St Georges,,13 Jun 1819,Edward,RUSSEL,,,bach,,,Elizabeth,WAY,,,spin,,,,,,,,,John,WAY,Sarah,PRICE,
DOR,Portland,St Georges,,13 Jun 1819,James,WHITE,,,bach,,,Susanna,GIBBS,,,spin,,,,,,,,,William,GIBBS,Joan,GIBBS,
DOR,Portland,St Georges,,20 Jul 1819,Charles,SNOOKE,,Winfrith Newburgh,,,,Ann,STEVENS,,,,,,,,,,,,John,MARWOOD,Rebecca,GREEN,
DOR,Portland,St Georges,,25 Jul 1819,Owen,LANO,,,bach,,,Grace,LANO,,,spin,,,,,,,,,Jonathan,LANO,William,HINDE,
DOR,Portland,St Georges,,26 Sep 1819,Richard,TALBOT,,,bach,,,Sarah,PEARCE,,,spin,,,,,,,,,Edward,PEARCE,Susanna,PEARCE,
DOR,Portland,St Georges,,28 Oct 1819,John,DINE,,,bach,,,Mary,WALLIS,,,spin,,,,,,,,,James,WALLIS,Francis,PEARCE,
DOR,Portland,St Georges,,20 Nov 1819,William,HANSFORD,,,bach,,,Mary,ROD,,,spin,,,,,,,,,Henry,STONE,Elizabeth,STEVENS,
DOR,Portland,St Georges,,25 Nov 1819,Robert,SMITH,,,bach,,,Anne,HINDE,,,spin,,,,,,,,,William,HINDE,Grace Butts,HINDE,
DOR,Portland,St Georges,,27 Nov 1819,Robert,ATWOOLL,,,bach,,,Elizabeth,ATWOOL,,,spin,,,,,,,,,John (mark of),MUDDLE,William,HINDE,
DOR,Portland,St Georges,,5 Dec 1819,Robert,SPENCER,,,bach,,,Susanna,LOWMAN,,,spin,,,,,,,,,John,STONE,Mary,LOWMAN,
DOR,Portland,St Georges,,19 Dec 1819,Robert,SCHOLLAR,,,Widower,,,Mary,SCHOLLAR,,,,,,,,,,,,Edward,SCHOLLAR,Robt,HINDE,
DOR,Portland,St Georges,,23 Dec 1819,William,ATTWOOLL,,,bach,,,Katherine Pearce,WAY,,,spin,,,,,,,,,John,MARWOOD,Ann,ATTWOOLL,
DOR,Portland,St Georges,,9 Jan 1820,Thomas,GIBBS,,,bach,,,Mary,WHITE,,,spin,,,,,,,,,John,GIBBS,Henry,BYATT,
DOR,Portland,St Georges,,6 Feb 1820,Shadrach,RUSSELL,,,bach,,,Elizabeth,WINZER,,,spin,,,,,,,,,William,FLANN,Mary,WINZAR,
DOR,Portland,St Georges,,15 Jun 1820,Joseph Motyer,STONE,,,bach,,,Mary,MOTYER,,,spin,,,,,,,,,Joseph,MOTYER,Elizabeth,MOTYER,
DOR,Portland,St Georges,,24 Jun 1820,Robert,ATTWOOLL,,,bach,,,Rebecca,SKINNER,,,spin,,,,,,,,,Edward,PEARCE,Elizabeth,BIRD,
DOR,Portland,St Georges,,9 Jul 1820,William,FLEW,,,bach,,,Grace Butts,HINDE,,,spin,,,,,,,,,Wm,SPENCER,Jane Sarah,ATKYNS,Elizabeth
DOR,Portland,St Georges,,22 Jul 1820,Thomas,SYMS,,,bach,,,Elizabeth,ANDREWS,,,spin,,,,,,,,,Isaac,ROD,Wm,HINDE,
DOR,Portland,St Georges,,23 Jul 1820,John,FALL,,,bach,,,Jane,ELLIOTT,,,spin,,,,,,,,,Abel,ATTWOOLL,Grace,ATTWOOLL,
DOR,Portland,St Georges,,6 Aug 1820,William Chissman,DINE,,,bach,,,Rebecca,STONE,,,spin,,,,,,,,,Thos,WHITE,?,DINE,
DOR,Portland,St Georges,,16 Sep 1820,Robert,PEARCE,,,bach,,,Ann,ATTWOOLL,,,spin,,,,,,,,,Edward,PEARCE,Jane,ATTWOOLL,
DOR,Portland,St Georges,,23 Sep 1820,Robert,RUSSELL,,,bach,,,Sarah,WINTER,,,spin,,,,,,,,,William,HINDE,Mary,WAY,
DOR,Portland,St Georges,,28 Sep 1820,John,WAY,,,bach,,,Elizabeth,BENNETT,,,spin,,,,,,,,,John,WAY,Sarah,ALLEN,
DOR,Portland,St Georges,,30 Sep 1820,Robert,PEARCE,,,bach,,,Jane,ANDREWS,,,spin,,,,,,,,,Edward,PEARCE,Joan,STONE,
DOR,Portland,St Georges,,21 Oct 1820,Edward,PEARCE,,,bach,,,Agness,PEARCE,,,spin,,,,,,,,,Edward,PEARCE,William,SCRIVEN,
DOR,Portland,St Georges,,21 Nov 1820,John,ACUTT,,,bach,,,Sarah,COMBEN,,,spin,,,,,,,,,William,HINDE,Mary,COMBEN,
DOR,Portland,St Georges,,3 Dec 1820,Thomas,LANO,,,bach,,,Margaret,LOWMAN,,,spin,,,,,,,,,John,SKINNER,Mary,LOWMAN,
DOR,Portland,St Georges,,8 Dec 1820,James,CARTER,,,bach,,,Barbara,WHITE,,,spin,,,,,,,,,William,PETERS,Barbara,WHITE,
DOR,Portland,St Georges,,17 Dec 1820,Henry,SMITH,,,Widower,,,Susanna,READ,,,Widow,,,,,,,,,William,ATTWOOLL,Elizabeth,FUZZARD,
DOR,Portland,St Georges,,21 Jan 1821,William Boatswain,MITCHELL,,,bach,,,Alice,READ,,,spin,,,,,,,,,Robert,BENNETT,William,HINDE,
DOR,Portland,St Georges,,5 Mar 1821,Robert,STONE,,,bach,,,Anne,WHITE,,,spin,,,,,,,,,Wm,STONE,Sarah,WHITE,
DOR,Portland,St Georges,,23 Mar 1821,John,BYATT,,,bach,,,Ann,COMBEN,,,spin,,,,,,,,,Christopher,COMBEN,Maria,COMBEN,
DOR,Portland,St Georges,,28 Apr 1821,Thomas,WAY,,,bach,,,Grace,ATTWOOLL,,,spin,,,,,,,,,Robert,DRYER,Elizabeth,ATTWOOLL,Betty
DOR,Portland,St Georges,,28 Apr 1821,Abraham,PETTERS,,,bach,,,Mary Ann,COMBEN,,,spin,,,,,,,,,Robert,DRYER,John,WAY,
DOR,Portland,St Georges,,29 Apr 1821,Robert,READ,,,bach,,,Mary,STONE,,,spin,,,,,,,,,Benjamin,SCRIVEN,Betty,WAY,Mary (mark of)
DOR,Portland,St Georges,,23 Jun 1821,Thomas,COMBEN,,,bach,,,Harriott,ANTHONY,,,spin,,,,,,,,,Richard (mark of),ALLEN,Robert,ANTHONY,Sarah
DOR,Portland,St Georges,,1 Jul 1821,Robert,HOLLEN,,,,,,Sarah,WHITE,,,Widow,,,,,,,,,William,HINDE,John,MEARS,
DOR,Portland,St Georges,,11 Aug 1821,Alexander,ATTWOOLL,,,bach,,,Grace,ANGEL,,,spin,,,,,,,,,Robert (mark of),MITCHELL,Rebecca,ANGEL,
DOR,Portland,St Georges,,9 Sep 1821,Thomas,COMBEN,,,bach,,,Elizabeth Comben,WHITE,,,spin,,,,,,,,,Robert,STONE,Judeth Comben,WHITE,
DOR,Portland,St Georges,,7 Oct 1821,Robert,COMBEN,,,bach,,,Susanna,DRYER,,,spin,,,,,,,,,Henry,DRYER,Mary,PITT,Sarah
DOR,Portland,St Georges,,27 Oct 1821,Richard,COMBEN,,,bach,,,Sarah,WHITE,,,spin,,,,,,,,,Robert,COMBEN,Elizabeth,COMBEN,
DOR,Portland,St Georges,,9 Nov 1821,Thomas,DAVIS,,,bach,,,Mary,FUZZARD,,,spin,,,,,,,,,Thos,FLEW,Elizabeth,FUZZARD,
DOR,Portland,St Georges,,14 Dec 1821,William,SCRIVEN,,,bach,,,Sarah,PEARCE,,,spin,,,,,,,,,Rebecca,PEARCE,William,PEARCE,
DOR,Portland,St Georges,,5 Jan 1822,Robert Comben,WHITE,,,bach,,,Elizabeth,SWEET,,,spin,,,,,,,,,Samuel (mark of),MITCHELL,Rebecca,PEARCE,
DOR,Portland,St Georges,,2 Feb 1822,John,NEWMAN,,,bach,,,Jane,ATTWOOLL,,,spin,,,,,,,,,William,HINDE,Elizabeth,SCORE,
DOR,Portland,St Georges,,2 Feb 1822,George,BUCK,,,bach,,,Susanna,PEARCE,,,spin,,,,,,,,,Abraham snr,PEARCE,Mary,LOWMAN,
DOR,Portland,St Georges,,7 Feb 1822,William,MURT,,,bach,,,Annes,DARK,,Padstow Cornwall,spin,,,,,,,,,James,BROOKS,Grace,BENNETT?,
DOR,Portland,St Georges,,16 Mar 1822,Henry Dryer,ATTWOOLL,,,bach,,,Rebecca Comben,WHITE,,,spin,,,,,,,,,William,HINDE,Elizabeth (mark of),ATTWOOLL,
DOR,Portland,St Georges,,13 Mar 1822,Robert,LANO,,,Widower,,,Mary,HEALEY,,,Widow,,,,,,,,,Abel,ATTWOOLL,Richard,PITT,
DOR,Portland,St Georges,,16 Apr 1822,William,WALLIS,,,Widower,,,Mary,OTTER,,,,,,,,,,,,William,HINDE,Allios,STEVENS,
DOR,Portland,St Georges,,18 Apr 1822,Robert,BYATT,,,bach,,,Mary,GIBBS,,,spin,,,,,,,,,Henry,PITT,Martha,GROVES,
DOR,Portland,St Georges,,27 Apr 1822,Robert,MITCHELL,,,bach,,,Mary,SKINNER,,,spin,,,,,,,,,John,PETTERS,Mary,LOWMAN,
DOR,Portland,St Georges,,2 May 1822,William,WALLIS,,,bach,,,Mary Gilbert,HOLLAND,,,spin,,,,,,,,,James,WALLIS,William,HINDE,
DOR,Portland,St Georges,,8 May 1822,William,COMBEN,,,bach,,,Jane,NORSTER,,,spin,,,,,,,,,Joan,GIBBS,William,HINDE,
DOR,Portland,St Georges,,17 May 1822,Francis,PEARCE,,,bach,,,Eleanor,MARWOOD,,,spin,,,,,,,,,John,PEARCE,Henry,STONE,
DOR,Portland,St Georges,,29 Jun 1822,Robert,SANSOM,,,bach,,,Mary,ATTWOOLL,,,spin,,,,,,,,,William,COLLINS,Abraham,STONE,
DOR,Portland,St Georges,,28 Jul 1822,William Butts,HINDE,,,bach,,,Harriott,FUZZARD,,,spin,,,,,,,,,Daniel,ANDREWS,Jane Miller,WHITE,
DOR,Portland,St Georges,,1 Aug 1822,Thomas,MILLS,,,bach,,,Ann,DAVIS,,,spin,,,,,,,,,Thos,FLEW,Mary,PEARCE,
DOR,Portland,St Georges,,3 Aug 1822,William,ATTWOOLL,,,bach,,,Jane,DISKETT,,,spin,,,,,,,,,Henry,PITT,Wm,HEATES?,Elizabeth
DOR,Portland,St Georges,,24 Aug 1822,Richard,FLEW,,,bach,,,Mary,COMBEN,,,spin,,,,,,,,,Thos,FLEW,Thos jnr,FLEW,
DOR,Portland,St Georges,,31 Aug 1822,Robert,ELLIOTT,,,bach,,,Agness,GIBBS,,,spin,,,,,,,,,Thomas,?,Elizabeth,ATTWOOLL,
DOR,Portland,St Georges,,22 Oct 1822,David,KING,,,bach,,,Anne,PEARCE,,,spin,,,,,,,,,Abraham,STONE,Jane,PEARCE,
DOR,Portland,St Georges,,2 Nov 1822,Henry,STONE,,,bach,,,Sarah,SANSOM,,,spin,,,,,,,,,John,GIBBS,Susanna,GIBBS,
DOR,Portland,St Georges,,18 Nov 1822,Bartholomew Comben,MITCHELL,,,bach,,,Elizabeth,COMBEN,,,spin,,,,,,,,,Hy,MITCHELL,Susan,?,
DOR,Portland,St Georges,,7 Dec 1822,Abel,COMBEN,,,bach,,,Sarah,STONE,,,spin,,,,,,,,,Jonathan,LANO,Robert,COMBEN,
DOR,Portland,St Georges,,19 Dec 1822,John,WHITE,,,bach,,,Maria,COMBEN,,,spin,,,,,,,,,William,HINDE,Elizabeth,PITT,Ann
DOR,Portland,St Georges,,24 Dec 1822,Richard,READ,,,bach,,,Mary,WHITE,,,spin,,,,,,,,,Robert,STONE,Mary,WAY,
DOR,Portland,St Georges,,8 Feb 1823,Richard,FALL,,,bach,,,Sarah,WINTER,,,spin,,,,,,,,,William,HINDE,Henry (mark of),WIGGATT,
DOR,Portland,St Georges,,8 Feb 1823,Bartholomew,COMBEN,,,bach,,,Barbara,WHITE,,,spin,,,,,,,,,John,WHITE,Martha,WHITE,
DOR,Portland,St Georges,,8 Feb 1823,Robert,FLANN,,,bach,,,Ann,WHITE,,,spin,,,,,,,,,Jonathan,COMBEN,Katherine,WHITE,
DOR,Portland,St Georges,,17 Apr 1823,Bartholomew,HINDE,,,bach,,,Ann,HINDE,,,spin,,,,,,,,,Barthw Comben,HINDE,Susanna,COMBEN,John
DOR,Portland,St Georges,,27 Apr 1823,Henry,WIGGATT,,,bach,,,Ann,FALL,,,spin,,,,,,,,,Abraham,WINTER,Elizabeth,SIMES,
DOR,Portland,St Georges,,10 May 1823,Thomas James,HANSFORD,,,bach,,,Ann,DUKE,,,spin,,,,,,,,,William,HANSFORD,Alice (mark of),WAY,
DOR,Portland,St Georges,,14 May 1823,William,DENMAN,,,bach,,,Elizabeth,WHITE,,,spin,,,,,,,,,William,HINDE,Grace,PEARCE,
DOR,Portland,St Georges,,1 Jun 1823,Isaac,ROD,,,bach,,,Elizabeth,STEVENS,,,spin,,,,,,,,,Richard,NOSTER,William,ATTWOOLL,
DOR,Portland,St Georges,,5 Jun 1823,William,WINTER,,,bach,,,Ann,WAY,,,,,,,,,,,,Francis,PEARCE,Mary,WAY,
DOR,Portland,St Georges,,22 Jun 1823,Alexander,ANDREWS,,,Widower,,,Susanna,STEVENS,,,,,,,,,,,,Abraham,STEVENS,Charlotte,MOORE,
DOR,Portland,St Georges,,5 Jul 1823,Robert,COMBEN,,,bach,,,Grace,FUZZARD,,,spin,,,,,,,,,William,HINDE,Mary,COMBEN,
DOR,Portland,St Georges,,19 Jul 1823,Robert,HINDE,,,bach,,,Joan,NEWTON,,,spin,,,,,,,,,William,NEWTON,Susanna,HINDE,
DOR,Portland,St Georges,,23 Jul 1823,Jennings,ATTWOOLL,,,bach,,,Sarah,WHITE,,,spin,,,,,,,,,Abel (mark of),COMBEN,Bartholomew Comben,WHITE,
DOR,Portland,St Georges,,18 Oct 1823,Robert,ANDREWS,,,bach,,,Margaret,MUDDLE,,,spin,,,,,,,,,Thos,ANDREWS,Emma,CHADDOCK,
DOR,Portland,St Georges,,26 Oct 1823,John,PEARCE,,,bach,,,Alice,WAY,,,spin,,,,,,,,,Edward,PEARCE,Mary,MITCHELL,
DOR,Portland,St Georges,,3 Jan 1824,Samuel,WINTER,,,bach,,,Jane,JAMES,,,spin,,,,,,,,,Samuel (mark of),MITCHELL,Sarah,JAMES,
DOR,Portland,St Georges,,4 Jan 1824,William,FLOWER,,Melcombe Regis,bach,,,Sarah,HARDY,,,spin,,,,,,,,,George,LEGG,Elizabeth (mark of),MADEN,
DOR,Portland,St Georges,,12 Jan 1824,Edward,BYATT,,,bach,,,Ann Hellyer,WHITE,,,spin,,,,,,,,,?,WHITE,Margery Hellyer,WHITE,
DOR,Portland,St Georges,,31 Jan 1824,John,COMBEN,,,,,,Susanna,READ,,Sutton Point,,,Preston,,,,,,,,WILLIAM,BURTT,MARY,POASS?
DOR,Portland,St Georges,,16 Feb 1824,Richard,PEARCE,,,bach,,,Mary,PEARCE,,,spin,,,,,,,,,Richd jnr,PEARCE,Rebecca,STONE,
DOR,Portland,St Georges,,28 Feb 1824,Robert,ATTWOOLL,,,bach,,,Mary,WAY,,,spin,,,,,,,,,Henry,ATTWOOLL,Elizabeth,ATTWOOLL,
DOR,Portland,St Georges,,6 Mar 1824,Thomas,GIBBS,,,bach,,,Mary,WAY,,,spin,,,,,,,,,Robert,ATTWOOLL,Ann,STONE,
DOR,Portland,St Georges,,14 Mar 1824,Thomas,GIBBS,,,bach,,,Ann,BYATT,,,spin,,,,,,,,,Thos,WHITE,Joan,GIBBS,
DOR,Portland,St Georges,,25 Mar 1824,William,HYDE,,,bach,,,Ann,SCRIVEN,,,spin,,,,,,,,,Robt B,HYDE,Mary,WAY,
DOR,Portland,St Georges,,27 Mar 1824,Daniel,ANDREWS,,,bach,,,Lucy Norster,HINDE,,,spin,,,,,,,,,William Butts,HINDE,Elizth,GIBBS,
DOR,Portland,St Georges,,13 May 1824,Robert,ROD,,,bach,,,Elizabeth,HASLER,,,spin,,,,,,,,,Richard,NOSTER,Rebecca,ROD,
DOR,Portland,St Georges,,9 Jul 1824,Edward,PEARCE,,,bach,,,Mary,WHITE,,,spin,,,,,,,,,John,PEARCE,Elizabeth,SEARLE,
DOR,Portland,St Georges,,10 Jul 1824,David,HODDER,,,bach,,,Mary,SCRIVEN,,,spin,,,,,,,,,Richard,BENFIELD,Elizabeth,SCRIVEN,
DOR,Portland,St Georges,,18 Jul 1824,John Attwooll,LANO,,,bach,,,Susanna,STEVENS,,,spin,,,,,,,,,Jonathan,LANO,Isaac,ROD,
DOR,Portland,St Georges,,27 Jul 1824,John,STONE,,,Widower,,,Mary,SCHOLLAR,,,,,,,,,,,,Robert,SCHOLLAR,William,HINDE,
DOR,Portland,St Georges,,7 Aug 1824,William Butts,HINDE,,,Widower,,,Mary,WHITE,,,,,,,,,,,,William,SPENCER,Jane Miller,WHITE,
DOR,Portland,St Georges,,12 Aug 1824,Joseph,BENNETT,,,bach,,,Harriott,MOTYER,,,spin,,,,,,,,,Joseph Motyer,STONE,Mary,MOTYER,
DOR,Portland,St Georges,,12 Sep 1824,Richard,STONE,,,bach,,,Susanna,ANGEL,,,spin,,,,,,,,,Joseph,MOTYER,Joseph Motyer,STONE,
DOR,Portland,St Georges,,19 Sep 1824,John,STONE,,,bach,,,Elizabeth Turner,MOTYER,,,spin,,,,,,,,,Joseph Motyer,STONE,Mary,MOTYER,
DOR,Portland,St Georges,,23 Sep 1824,John,MOORE,,,bach,,,Sarah,KINGSTON,,,spin,,,,,,,,,Abel,PEARCE,Ann,PEARCE,
DOR,Portland,St Georges,,27 Sep 1824,Henry,PAUL,,,bach,,,Isabella,WEST,,,spin,,,,,,,,,William,DENNIS,Catherine,CHADDOCK,
DOR,Portland,St Georges,,16 Oct 1824,John Ayles,NEWMAN,,,bach,,,Ann,FUZZARD,,,spin,,,,,,,,,William,GIBBS,Jane,LANO,
DOR,Portland,St Georges,,31 Oct 1824,William,STEVENS,,,widr,,,Ann,ATTWOOLL,,,spin,,,,,,,,,William,HURT?,Jane,ATTWOOLL,
DOR,Portland,St Georges,,15 Dec 1824,Charles,TUTT,,,bach,,,Susanna,SPENCER,,,spin,,,,,,,,,William,BARNES,Jane,GIBBS,
DOR,Portland,St Georges,,18 Dec 1824,John,WHITE,,,bach,,,Ann,NEWMAN,,,spin,,,,,,,,,Bartho,COMBEN,S,STONE,
DOR,Portland,St Georges,,24 Dec 1824,Richard Giffard,COX,,,bach,,,Sarah,TALBOT,,,spin,,,,,,,,,John,SCRIVEN,Elizabeth,PEARCE,
DOR,Portland,St Georges,,1 Jan 1825,Abraham,WINTER,,,bach,,,Mary,NEWTON,,,spin,,,,,,,,,William,HANSFORD,Ann,SCRIVEN,
DOR,Portland,St Georges,,23 Jan 1825,Thomas,BENNETT,,,bach,,,Mary Mitchell,WHITE,,,spin,,,,,,,,,Henry,SMITH,Susanna,GIBBS,
DOR,Portland,St Georges,,5 Feb 1825,William,STONE,,,bach,,,Susanna,STONE,,,spin,,,,,,,,,Robt,STONE,Rebecca,PEARCE,
DOR,Portland,St Georges,,12 Feb 1825,Robert,STONE,,,bach,,,Jane,ELLIOTT,,,spin,,,,,,,,,William,ELLIOTT,Jane,COMBEN,
DOR,Portland,St Georges,,5 Mar 1825,Joseph,MOTYER,,,Widower,,,Mary,HUNT,,,,,,,,,,,,Matthew (mark Of),HUNT,Ann,DINE,
DOR,Portland,St Georges,,24 Mar 1825,Joseph,WHITE,,,bach,,,Mary,WHITE,,,spin,,,,,,,,,Christopher,COMBEN,Rebecca,WHITE,
DOR,Portland,St Georges,,3 Apr 1825,John,WHITE,,,bach,,,Agnes,WAY,,,spin,,,,,,,,,John,PEARCE,Mary,PEARCE,
DOR,Portland,St Georges,,17 Apr 1825,Richard,SPENCER,,,bach,,,Sarah,WINTER,,,spin,,,,,,,,,Jno,WINTER,Jane,GIBBS,
DOR,Portland,St Georges,,5 Jun 1825,John,DUKE,,,bach,,,Elizabeth,FUZZARD,,,spin,,,,,,,,,Thos,HANSFORD,Mary,COSINS,
DOR,Portland,St Georges,,7 Jun 1825,John,PEARCE,,,bach,,,Susanna,FUZZARD,,,spin,,,,,,,,,Abel,PEARCE,Elizabeth,PEARCE,
DOR,Portland,St Georges,,2 Jul 1825,William,PITT,,,bach,,,Elizabeth,GIBBS,,,spin,,,,,,,,,James,MILNES,Susanna,LANO,
DOR,Portland,St Georges,,16 Jul 1825,Robert,ANTHONY,,,Widower,,,Ann,WINTER,,,,,,,,,,,,Abraham,WINTER,Ann B,SCRIVEN,
DOR,Portland,St Georges,,20 Jul 1825,Richard,TREVIS,,,bach,,,Sarah,ALLEN,,,spin,,,,,,,,,John Motyer,STONE,Sarah,TREAVIS,
DOR,Portland,St Georges,,1 Sep 1825,William,STONE,,,bach,,,Elizabeth,STONE,,,spin,,,,,,,,,Wm,STONE,Mary Ann (mark of),DRYER,
DOR,Portland,St Georges,,3 Sep 1825,William,LANO,,,Widower,,,Susannah,WINTER,,,,,,,,,,,,Jno,WINTER,Charlotte,WINTER,William
DOR,Portland,St Georges,,24 Sep 1825,William,ATTWOOLL,,,bach,,,Margaret,SKINNER,,,spin,,,,,,,,,Benj,PEARCE,Mary,LOWMAN,
DOR,Portland,St Georges,,15 Oct 1825,William,GIBBS,,,bach,,,Mary Noster,HANSFORD,,,spin,,,,,,,,,Thomas James,HANSFORD,Jno,WINTER,
DOR,Portland,St Georges,,15 Oct 1825,Robert,COMBEN,,,bach,,,Jane,ATTWOOLL,,,spin,,,,,,,,,?,ATTWOOLL,Rebecca,COLLINS,
DOR,Portland,St Georges,,Nov 1825,Matthew,HOBBS,,,bach,,,Harriat,GODFREY,,Hasleburey Somerset,,,,,,,,,,,,,,
DOR,Portland,St Georges,,19 Nov 1825,Edward,COMBEN,,,bach,,,Charlotte,NEWMAN,,,spin,,,,,,,,,Wm,COCKETT,Ann,COMBEN,
DOR,Portland,St Georges,,17 Dec 1825,Henry,MILLER,,,bach,,,Hannah,STONE,,,spin,,,,,,,,,William,HINDE,Abel (mark of),ELLIOTT,
DOR,Portland,St Georges,,1 Jan 1826,William,WHITE,,,,,,Elizabeth,HANSFORD,,,Widow,,,,,,,,,Joseph Motyer,STONE,John Attwooll,LANO,
DOR,Portland,St Georges,,11 Jan 1826,Thomas,DINE,,,bach,,,Rebeccah,STONE,,,spin,,,,,,,,,William,WHITE,Elizabeth,PEARCE,
DOR,Portland,St Georges,,22 Jan 1826,Daniel,ANDREWS,,,,,,Susanna,READ,,,Widow,,,,,,,,,Benjamin,WHITE,William,HANSFORD,
DOR,Portland,St Georges,,7 Feb 1826,Edward,STONE,,,bach,,,Mary,GILES,,Wyke Regis,spin,,,,,,,,,Edward (mark of),WHITE,Mary,ALLEN,
DOR,Portland,St Georges,,11 Feb 1826,Abel,ATTWOOLL,,,Widower,,,Mary,COOPER,,,Widow,,,,,,,,,William,HINDE,Rebecca,ATTWOOLL,
DOR,Portland,St Georges,,25 Mar 1826,John,WHITE,,,bach,,,Elizabeth Scriven,FLEW,,,spin,,,,,,,,,Joseph Motyer,STONE,Mary,PEARCE,
DOR,Portland,St Georges,,2 Apr 1826,Thomas,WIGGATT,,,bach,,,Sarah Winter,JAMES,,,spin,,,,,,,,,Abel,ATTWOOLL,Sarah,WINTER,
DOR,Portland,St Georges,,23 Apr 1826,Joseph James,HANSFORD,,,bach,,,Susannah,HOLLAND,,,spin,,,,,,,,,Elizabeth Ann (mark of),HANSFORD,William,HANSFORD,
DOR,Portland,St Georges,,3 Jun 1826,Thomas,COMBEN,,,bach,,,Ann,STONE,,,spin,,,,,,,,,Bartholomew,COMBEN,Susanna,GIBBS,
DOR,Portland,St Georges,,12 Jun 1826,William,LOVELL,,,bach,,,Katherine,STONE,,,spin,,,,,,,,,Thomas,PEARCE,Elizabeth,PEARCE,
DOR,Portland,St Georges,,14 Jun 1826,Amos,FOWLER,,,bach,,,Ann,RUSSELL,,,spin,,,,,,,,,William,HINDE,Mary,RUSSELL,
DOR,Portland,St Georges,,2 Jul 1826,Joseph,MOTYER,,,bach,,,Elizabeth,FEATHERSTONE,,,spin,,,,,,,,,?,,Elizabeth,MOTYER,
DOR,Portland,St Georges,,7 Jul 1826,Shadrach,STONE,,,bach,,,Sarah,COMBEN,,,spin,,,,,,,,,William,SPENCER,Ann,STONE,
DOR,Portland,St Georges,,22 Jul 1826,Richard,WHITE,,,bach,,,Mary,WHITE,,,spin,,,,,,,,,James,WHITE,Margery Hellier,WHITE,
DOR,Portland,St Georges,,Jul 1826,Thomas,SPENCER,,,Widower,,,Ann,GALPIN,,Bradford Peveril,Widow,,,,,,,,,,,,,
DOR,Portland,St Georges,,17 Aug 1826,Simon,CROCKER,,,bach,,,Mary,WINZAR,,,spin,,,,,,,,,Thos,WINZAR,Jane,ATTWOOLL,
DOR,Portland,St Georges,,7 Sep 1826,John,SWEET,,,bach,,,Hanna,STONE,,,spin,,,,,,,,,John,SWEET,Susan Attwooll (mark of),STONE,
DOR,Portland,St Georges,,17 Sep 1826,William,WHITE,,,bach,,,Susanna,GIBBS,,,spin,,,,,,,,,John,GIBBS,Elizabeth,GIBBS,
DOR,Portland,St Georges,,17 Sep 1826,Samuel,NORSTER,,,bach,,,Joan,GIBBS,,,spin,,,,,,,,,William,COMBEN,Jane,GIBBS,
DOR,Portland,St Georges,,Sep 1826,John,KEATES,,,bach,,,Sarah Green,SOMMERS,,Wyke Regis,spin,,,,,,,,,,,,,
DOR,Portland,St Georges,,8 Oct 1826,John,ABBOTT,,Weymouth,Widower,,,Jane,NEWTON,,,,,,,,,,,,William,GALPIN,Ann,GALPIN,
DOR,Portland,St Georges,,22 Oct 1826,James,WALLIS,,,bach,,,Mary,STEVENS,,,spin,,,,,,,,,Jonathan,LANO,Susanna,WALLIS,
DOR,Portland,St Georges,,29 Oct 1826,William Ayles,WHITE,,,bach,,,Grace,NEWMAN,,,spin,,,,,,,,,Richard,BYATT,Alice,NEWMAN,
DOR,Portland,St Georges,,Oct 1826,Edward,NEWMAN,,,bach,,,Jane,LANO,,,spin,,,,,,,,,,,,,
DOR,Portland,St Georges,,16 Nov 1826,John,ATTWOOLL,,,bach,,,Jane,ATTWOOLL,,,spin,,,,,,,,,?,,Mary,ATTWOOLL,
DOR,Portland,St Georges,,Nov 1826,Thomas,WHITE,,,bach,,,Elizabeth,ALLEN,,Weymouth,spin,,,,,,,,,,,,,
DOR,Portland,St Georges,,9 Dec 1826,George,SAMPSON,,,bach,,,Susanna Scriven,FLEW,,,spin,,,,,,,,,William,HINDE,Mary,PEARCE,
DOR,Portland,St Georges,,9 Dec 1826,John,STONE,,,Widower,,,Agnes,BYATT,,,,,,,,,,,,Edwd,STONE,Joan,PEARCE,
DOR,Portland,St Georges,,17 Dec 1826,Jonathan,LANO,,,Widower,,,Mary,MOORE,,,,,,,,,,,,Abel,PEARCE,Charlotte,MOORE,
DOR,Portland,St Georges,,22 Dec 1826,Thomas Lano,STONE,,,bach,,,Mary,COMBEN,,,spin,,,,,,,,,Benjamin,WHITE,Jane,ELLIOTT,
DOR,Portland,St Georges,,13 Jan 1827,John Thorner,ELLIS,,,bach,,,Susanna,NEWMAN,,,spin,,,,,,,,,Thomas,NEWMAN,Sarah,NEWMAN,
DOR,Portland,St Georges,,21 Jan 1827,Abraham,MITCHELL,,,bach,,,Mary,STONE,,,spin,,,,,,,,,Benjamin,STONE,Susanna Pearce,PETTERS,
DOR,Portland,St Georges,,17 Feb 1827,William,STONE,,,bach,,,Mary Pearce,STONE,,,spin,,,,,,,,,Timothy,SCRIVEN,Ann B,SCRIVEN,
DOR,Portland,St Georges,,24 Feb 1827,Isaac,STONE,,,bach,,,Elizabeth,FUZZARD,,,spin,,,,,,,,,John,SCRIVEN,Rebecca,ROD,
DOR,Portland,St Georges,,26 Feb 1827,Henry,MARSHALLSAY,,,Widower,,,Deborah,WHITE,,,,,,,,,,,,William,HINDE,Deborah,PEARCE,
DOR,Portland,St Georges,,Feb 1827,Edward,STONE,,,bach,,,Grace,MORRIS,,Wyke Regis,spin,,,,,,,,,,,,,
DOR,Portland,St Georges,,11 Mar 1827,John,DAMER,,,,,,Grace,ELLIOTT,,,Widow,,,,,,,,,John,DUKE,William,HINDE,
DOR,Portland,St Georges,,11 Mar 1827,Edward,NEWMAN,,,bach,,,Jane,LANO,,,spin,,,,,,,,,Thos,AYLES,Mary,LANO,
DOR,Portland,St Georges,,Mar 1827,John,DENNIS,,,,,,Sarah,STILES,,Wyke Regis,,,,,,,,,,,,,,
DOR,Portland,St Georges,,26 Mar 1827,Abel,ATTWOOLL,,,bach,,,Rebecca,ATTWOOLL,,,spin,,,,,,,,,Rob,ATTWOOLL,Robt,PEARCE,
DOR,Portland,St Georges,,21 Apr 1827,Alexander,ANDREWS,,,bach,,,Ann,ATTWOOLL,,,spin,,,,,,,,,Edward,ATTWOOLL,Elizabeth,ATTWOOLL,
DOR,Portland,St Georges,,22 Apr 1827,Thomas,COMBEN,,,bach,,,Susanna,WHITE,,,spin,,,,,,,,,A F,MEISSNER,Betty (mark of),FUZZARD,Elizabeth (mark of)
DOR,Portland,St Georges,,26 Apr 1827,Edward,STONE,,,bach,,,Ann,DINE,,,spin,,,,,,,,,Thomas,COMBEN,Ann,BENNETT,
DOR,Portland,St Georges,,26 Apr 1827,Benjamin,PEARCE,,,bach,,,Mary,LOWMAN,,,spin,,,,,,,,,Thos,LANO,Rebecca,LOWMAN,
DOR,Portland,St Georges,,29 Apr 1827,Robert,WHITE,,,bach,,,Elizabeth,WILLIAMS,,,spin,,,,,,,,,William,WHITE,Elizabeth,GIBBS,
DOR,Portland,St Georges,,26 May 1827,Robert,SANSOM,,,Widower,,,Margery Ellis,THORNER,,,,,,,,,,,,Abraham,WINTER,Abraham,STONE,
DOR,Portland,St Georges,,2 Jun 1827,William,RODD,,,bach,,,Elizabeth,STONE,,,spin,,,,,,,,,Ed Toby,STONE,William,HINDE,
DOR,Portland,St Georges,,2 Jun 1827,John,CARTER,,,bach,,,Elizabeth,MOTYER,,,spin,,,,,,,,,Joseph M,STONE,Jane,MOTYER,
DOR,Portland,St Georges,,2 Jun 1827,John,SPICER,,,bach,,,Sarah,MOTYER,,,spin,,,,,,,,,John Motyer,STONE,Jane,SPICER,
DOR,Portland,St Georges,,5 Jul 1827,William,HINDE,,,bach,,,Sarah,PETTERS,,,spin,,,,,,,,,William,PETTERS,Elizabeth,PEARCE,
DOR,Portland,St Georges,,7 Jul 1827,Edward,WAY,,,bach,,,Sarah,ATTWOOLL,,,spin,,,,,,,,,John,WAY,Mary,ATTWOOLL,
DOR,Portland,St Georges,,21 Jul 1827,Thomas,PEARCE,,,bach,,,Ann,PEARCE,,,spin,,,,,,,,,John,PEARCE,Rebecca,PEARCE,
DOR,Portland,St Georges,,Jul 1827,John,DOWELL,,,,,,Priscilla,GOVER,,Wyke Regis,,,,,,,,,,,,,,
DOR,Portland,St Georges,,4 Aug 1827,John,STONE,,,bach,,,Elizabeth,COMBEN,,,spin,,,,,,,,,John,PEARCE,Jane,COMBEN,
DOR,Portland,St Georges,,9 Aug 1827,Thomas,WHITE,,,bach,,,Mary,PEARCE,,,spin,,,,,,,,,Thos,WHITE,Jane,WHITE,
DOR,Portland,St Georges,,25 Aug 1827,John,STONE,,,bach,,,Ann,COMBEN,,,spin,,,,,,,,,Richard,NOSTER,William,GIBBS,
DOR,Portland,St Georges,,30 Aug 1827,Henry,ANGEL,,,bach,,,Ann,GRANT,,,spin,,,,,,,,,William,ANGEL,Rebecca,ANGEL,
DOR,Portland,St Georges,,8 Sep 1827,Henry,ATTWOOLL,,,bach,,,Rebecca,RODD,,,spin,,,,,,,,,John,SCRIVEN,Ann,RODD,
DOR,Portland,St Georges,,14 Oct 1827,Edward,PEARCE,,,bach,,,Flora,STONE,,,spin,,,,,,,,,John Attwooll,LANO,Elizabeth,PEARCE,
DOR,Portland,St Georges,,14 Oct 1827,Abraham,PEARCE,,,bach,,,Mary Crossman,STONE,,,spin,,,,,,,,,William,HINDE,Agness,PEARCE,
DOR,Portland,St Georges,,14 Oct 1827,Francis,FUZZARD,,,bach,,,Sarah,NEWMAN,,,spin,,,,,,,,,Thomas,DAVIS,Elizabeth,FUZZARD,
DOR,Portland,St Georges,,18 Oct 1827,Henry,STONE,,,bach,,,Hannah,STONE,,,spin,,,,,,,,,Wm,STONE,Betsy,STONE,
DOR,Portland,St Georges,,25 Oct 1827,Thomas,FLEW,,,bach,,,Rebecca,ANDREWS,,,spin,,,,,,,,,William,PEARCE,Mary,ANDREWS,
DOR,Portland,St Georges,,27 Oct 1827,Henry,STONE,,,bach,,,Rebecca,ATTWOOLL,,,spin,,,,,,,,,Geo,SPENCER,Ann,COMBEN,
DOR,Portland,St Georges,,24 Nov 1827,John,GIBBS,,,bach,,,Elizabeth,ALLEN,,,spin,,,,,,,,,Samuel,MITCHELL,William,HINDE,
DOR,Portland,St Georges,,1 Dec 1827,John,PEARCE,,,bach,,,Prudence,FLEW,,,spin,,,,,,,,,Edward,STONE,Susanna,PETTERS,
DOR,Portland,St Georges,,1 Dec 1827,Edward,STONE,,,bach,,,Joan,PEARCE,,,spin,,,,,,,,,William,BARNES,Mary,PEARCE,
DOR,Portland,St Georges,,6 Dec 1827,John,HINDE,,,bach,,,Susanna,COMBEN,,,spin,,,,,,,,,Bartho,HINDE,Harriott,COMBEN,
DOR,Portland,St Georges,,8 Dec 1827,Benjamin,STONE,,,bach,,,Elizabeth,ATTWOOLL,,,spin,,,,,,,,,John,SCRIVEN,Grace,ATTWOOLL,
DOR,Portland,St Georges,,23 Dec 1827,Joseph,SCRIVEN,,,,,,Elizabeth,WILLIAMS,,,Widow,,,,,,,,,John,SCRIVEN,Susanna,FLEW,
DOR,Portland,St Georges,,29 Dec 1827,George,CLARKE,,,bach,,,Elizabeth,STUKESBURY,,,spin,,,,,,,,,Edward,PEARCE,Mary,PEARCE,
DOR,Portland,St Georges,,16 Feb 1828,Robert,ATTWOOLL,,,bach,,,Jane,PEARCE,,,spin,,,,,,,,,William,PEARCE,Agness,PEARCE,
DOR,Portland,St Georges,,23 Feb 1828,Edward,PITT,,,bach,,,Elizabeth,GIBBS,,,spin,,,,,,,,,Rich,PITT,Elizabeth,PITT,Henry
DOR,Portland,St Georges,,8 Mar 1828,Henry,STONE,,,bach,,,Mary Ann,BENNETT,,,spin,,,,,,,,,Henry,STONE,Elizabeth,MITCHELL,
DOR,Portland,St Georges,,5 Apr 1828,Edward,COMBEN,,,bach,,,Jane,GIBBS,,,spin,,,,,,,,,Benjamin,SCRIVEN,Isabella,WINTER,Mary
DOR,Portland,St Georges,,5 Apr 1828,William,MILLER,,,bach,,,Sarah,WINTER,,,spin,,,,,,,,,Jno,WINTER,Danl,NUWLYN?,
DOR,Portland,St Georges,,Apr 1828,Robert,PEARCE,,,Widower,,,Jane,FLANN,,Wyke Regis,Widow,,,,,,,,,,,,,
DOR,Portland,St Georges,,19 Apr 1828,John,SKINNER,,,bach,,,Alice,STEVENS,,,spin,,,,,,,,,William,SPENCER,Rebecca,PEARCE,
DOR,Portland,St Georges,,26 Apr 1828,Joseph,BENNETT,,,,,,Elizabeth,ATTWOOLL,,,Widow,,,,,,,,,William,PEARCE,Jane,WHITE,
DOR,Portland,St Georges,,26 Apr 1828,Mathew,FANCY,,,bach,,,Jane,RODD,,,spin,,,,,,,,,William,HINDE,Mary,PEARCE,
DOR,Portland,St Georges,,15 May 1828,Philip Durrant,ATTWOOLL,,,bach,,,Susanna Pearce,BENFIELD,,,spin,,,,,,,,,Richard,BENFIELD,Rebecca,PEARCE,
DOR,Portland,St Georges,,24 May 1828,Abel,COMBEN,,,Widower,,,Mary Ann,ANTHONY,,,,,,,,,,,,Edward,PEARCE,Mary,PEARCE,
DOR,Portland,St Georges,,5 Jun 1828,Thomas,SIMES,,,bach,,,Esther,HINDE,,,spin,,,,,,,,,William,HINDE,Rebecca,COMBEN,
DOR,Portland,St Georges,,28 Jun 1828,Abraham,NORSTER,,,bach,,,Ruth,SANSOM,,,spin,,,,,,,,,William,COMBEN,Rebecca Lano,PITT,
DOR,Portland,St Georges,,2 Aug 1828,Thomas,COMBEN,,,bach,,,Elizabeth,WHITE,,,spin,,,,,,,,,Richard,COMBEN,Elizabeth,COMBEN,
DOR,Portland,St Georges,,2 Aug 1828,John,BARTLETT,,,bach,,,Sarah Wallis,LOWMAN,,,spin,,,,,,,,,John,PEARCE,Susanna,LOWMAN,
DOR,Portland,St Georges,,7 Aug 1828,John,MARWOOD,,,bach,,,Susanna,ALLEN,,,spin,,,,,,,,,Simon,PEARCE,Elizabeth,ALLEN,
DOR,Portland,St Georges,,24 Aug 1828,Joseph,READ,,,bach,,,Mary,PEARCE,,,spin,,,,,,,,,Richd,PEARCE,Susan,READ,
DOR,Portland,St Georges,,6 Sep 1828,Samuel,MITCHELL,,,bach,,,Mary,ANGEL,,,spin,,,,,,,,,William,HINDE,Mary Ann,MITCHELL,
DOR,Portland,St Georges,,11 Oct 1828,John,ANDREWS,,,bach,,,Mary,GIBBS,,,spin,,,,,,,,,Abraham,WINTER,William,HINDE,
DOR,Portland,St Georges,,23 Oct 1828,William,PEARCE,,,bach,,,Elizabeth,COMBEN,,,spin,,,,,,,,,Wm,SPENCER,Charlotte,MOORE,
DOR,Portland,St Georges,,25 Oct 1828,Henry,STONE,,,bach,,,Margery Hellyer,WHITE,,,spin,,,,,,,,,Barnard,WHITE,Henry,PITT,
DOR,Portland,St Georges,,2 Nov 1828,Robert,WHITE,,,bach,,,Susanna Attwooll,STONE,,,spin,,,,,,,,,Thos,WHITE,William,HINDE,
DOR,Portland,St Georges,,7 Nov 1828,David,SYMES,,,bach,,,Rebecca,COMBEN,,,spin,,,,,,,,,Shadrach,STONE,Edward,WHITTLE,
DOR,Portland,St Georges,,8 Nov 1828,William,STONE,,,bach,,,Elizabeth,MITCHELL,,,spin,,,,,,,,,John,WALLIS,Ann,MITCHELL,
DOR,Portland,St Georges,,22 Nov 1828,William,ROD,,,bach,,,Elizabeth,GIBBS,,,spin,,,,,,,,,John,GIBBS,Ann,RODD,
DOR,Portland,St Georges,,23 Nov 1828,William,GIBBS,,,bach,,,Jane,WHITE,,,spin,,,,,,,,,William,HINDE,Mary,RUSSELL,
DOR,Portland,St Georges,,11 Dec 1828,Thomas,COMBEN,,,bach,,,Rebecca,ANGEL,,,spin,,,,,,,,,Robert,COMBEN,Alice,NEWMAN,
DOR,Portland,St Georges,,25 Dec 1828,Robert Pearce,FLEW,,,bach,,,Mary Lano,PEARCE,,,spin,,,,,,,,,William,PEARCE,Elizabeth,STONE,
DOR,Portland,St Georges,,22 Dec 1828,Richard,COMBEN,,,bach,,,Mary,ATTWOOLL,,,spin,,,,,,,,,Henry,STONE,Elizabeth,ROD,
DOR,Portland,St Georges,,20 Jan 1829,Philip,GARNELL,,,bach,,,Sarah,STONE,,,spin,,,,,,,,,Abraham,PEARCE,Robert,STONE,
DOR,Portland,St Georges,,14 Feb 1829,Robert,FUZZARD,,,bach,,,Mary,MEARES,,,spin,,,,,,,,,Jno,MEARS,William,HINDE,
DOR,Portland,St Georges,,17 Feb 1829,Joseph Gillingham,ROLES,,,bach,,,Elizabeth James,HANSFORD,,,spin,,,,,,,,,Thomas James,HANSFORD,Elizabeth,DUKE,
DOR,Portland,St Georges,,20 Feb 1829,Robert,COMBEN,,,,,,Mary,HINDE,,,Widow,,,,,,,,,William,SPENCER,Mary,WHITE,
DOR,Portland,St Georges,,21 Feb 1829,Henry,BENNETT,,,bach,,,Mary,MITCHELL,,,spin,,,,,,,,,Thomas,BENNETT,Mary,BENNETT,
DOR,Portland,St Georges,,8 Mar 1829,Richard,LANO,,,bach,,,Jane Miller,WHITE,,,spin,,,,,,,,,Wm,SPENCER,Mary,WALLIS,
DOR,Portland,St Georges,,16 Apr 1829,Henry,MITCHELL,,,bach,,,Rebecca Attwooll,MILLS,,,spin,,,,,,,,,Wm,WALLIS,Ann,MILLS,
DOR,Portland,St Georges,,May 1829,William,WAY,,,bach,,,Martha,LILL,,Melcombe Regis,spin,,,,,,,,,,,,,
DOR,Portland,St Georges,,27 May 1829,Hugh,HINDE,,,bach,,,Ann,SCRIVEN,,,spin,,,,,,,,,Fras,HAINER?,Lucy Noster,ANDREWS,
DOR,Portland,St Georges,,6 Jun 1829,William,HINDE,,,bach,,,Mary,WINTER,,,spin,,,,,,,,,Jno,WINTER,Edith,ATTWOOLL,
DOR,Portland,St Georges,,8 Jun 1829,Robert,STONE,,,bach,,,Charlotte,WINTER,,,spin,,,,,,,,,Thomas,WINTER,Elizabeth,STONE,
DOR,Portland,St Georges,,13 Jun 1829,Abraham,WINTER,,,Widower,,,Susanna,WHITE,,,Widow,,,,,,,,,John,SCRIVEN,Mary,WHITE,
DOR,Portland,St Georges,,20 Jun 1829,John,BURROWES,,,Widower,,,Susanna,WILLIAMS,,Melcombe Regis,,,,,,,,,,Thomas,SMITH,William,HINDE,
DOR,Portland,St Georges,,5 Jul 1829,Robert,WAY,,,bach,,,Rebecca Lano,PITT,,,spin,,,,,,,,,Richd,PITT,Mary,DRYER,
DOR,Portland,St Georges,,6 Aug 1829,Robert,PEARCE,,,bach,,,Ann Read,ATTWOOLL,,,spin,,,,,,,,,Robert,PEARCE,Elizabeth,PEARCE,
DOR,Portland,St Georges,,15 Aug 1829,Thomas,SMITH,,,bach,,,Sarah,WHITE,,,spin,,,,,,,,,Robert,ANDREWS,William,HINDE,
DOR,Portland,St Georges,,23 Aug 1829,Richard,PEARCE,,,bach,,,Elizabeth,PEARCE,,,spin,,,,,,,,,Benj,PEARCE,Maria,PEARCE,
DOR,Portland,St Georges,,19 Sep 1829,John,COMBEN,,,bach,,,Jane,WHITE,,,spin,,,,,,,,,William,HINDE,Ann,WHITE,
DOR,Portland,St Georges,,11 Oct 1829,Richard Everett,HUTCHINGS,,,bach,,,Ann,WHITE,,,spin,,,,,,,,,Samuel,PATTEN,William,HINDE,
DOR,Portland,St Georges,,7 Nov 1829,Robert Lano,PEARCE,,,bach,,,Elizabeth,COMBEN,,,spin,,,,,,,,,William,HINDE,Isabella,WINTER,
DOR,Portland,St Georges,,14 Nov 1829,Abraham,GIBBS,,,bach,,,Sophia,COMBEN,,,spin,,,,,,,,,Robert,ELLIOTT,Elizabeth,RUSSELL?,
DOR,Portland,St Georges,,15 Nov 1829,Henry,PITT,,,bach,,,Elizabeth,WHITE,,,spin,,,,,,,,,Richd,PITT,Ann,GIBBS,
DOR,Portland,St Georges,,12 Dec 1829,William,TALBOT,,,bach,,,Elizabeth,STONE,,,spin,,,,,,,,,Richard,NOSTER,Jane,ELLIOTT,
DOR,Portland,St Georges,,25 Apr 1830,Thomas,MITCHELL,,,,,,Susanna,HELLYER,,,,,,,,,,,,Hy?,MITCHELL,Eliza,MITCHELL,
DOR,Portland,St Georges,,Mar 1830,Thomas,WINTER,,,,,,Sarah,HAYWARD,,,Widow,,,,,,,,,,,,,
DOR,Portland,St Georges,,11 Mar 1830,John,STONE,,,bach,,,Ann,RODD,,,spin,,,,,,,,,John,SCRIVEN,Ann,STONE,
DOR,Portland,St Georges,,28 Mar 1830,William,PETTERS,,,bach,,,Susanna,BYATT,,,spin,,,,,,,,,Richd,PETTERS,Mary,STONE,
DOR,Portland,St Georges,,Mar 1830,Samuel Bowden Watts,COMBEN,,,,,,Mary,COMBEN,,,Widow,,,,,,,,,,,,,
DOR,Portland,St Georges,,11 Apr 1830,Owen Pearce,SWEET,,,,,,Sarah,RICH,,,Widow,,,,,,,,,John,SWEET,William,HINDE,
DOR,Portland,St Georges,,Apr 1830,Jacob Hellyer,WHITE,,,bach,,,Rebecca,FUZZARD,,,spin,,,,,,,,,,,,,
DOR,Portland,St Georges,,2 May 1830,George,SEAMAN,,,bach,,,Sarah,TREVERS,,,spin,,,,,,,,,William,HINDE,Elizabeth,PITT,
DOR,Portland,St Georges,,25 May 1830,John,ANGEL,,,bach,,,Elizabeth,DAVIS,,,spin,,,,,,,,,John,ANGEL,Susanna,ANGEL,
DOR,Portland,St Georges,,27 May 1830,James,STODGELL,,,bach,,,Elizabeth,COOK,,,spin,,,,,,,,,William,BOATSWAIN,Jennings,WAY,Mary
DOR,Portland,St Georges,,3 Jun 1830,Edward,ATTWOOLL,,,bach,,,Katherine,WHITE,,,spin,,,,,,,,,William,ATTWOOLL,Martha,WHITE,
DOR,Portland,St Georges,,12 Jun 1830,Thomas,CARTER,,,bach,,,Elizabeth,HARDY,,,spin,,,,,,,,,James,CARTER,Martha,WHITE,
DOR,Portland,St Georges,,28 Jun 1830,William Butts,WHITE,,,bach,,,Elizabeth,ATTWOOLL,,,spin,,,,,,,,,William,SPENCER,Mary,WHITE,
DOR,Portland,St Georges,,10 Jul 1830,Edward,STONE,,,bach,,,Harriet,COMBEN,,,spin,,,,,,,,,John,HINDE,Susanna,HINDE,
DOR,Portland,St Georges,,25 Jul 1830,Robert,GIBBS,,,bach,,,Mary,COMBEN,,,spin,,,,,,,,,Barth,COMBEN,Sunna?,COMBEN,
DOR,Portland,St Georges,,13 Aug 1830,Thomas,SANSOM,,,bach,,,Jane,HOSKINS,,,spin,,,,,,,,,William,HINDE,Susanna,HOSKINS,
DOR,Portland,St Georges,,15 Sep 1830,William,LAKE,,,bach,,,Catherine,PEARCE,,,spin,,,,,,,,,John,LAKE,Elizabeth,ANTHONY,
DOR,Portland,St Georges,,19 Sep 1830,John,ANTHONY,,,bach,,,Elizabeth,RODD,,,spin,,,,,,,,,John,PEARCE,Elizabeth,ANTHONY,
DOR,Portland,St Georges,,23 Sep 1830,Charles,PENNY,,Melcombe Regis,bach,,,Georgiana Mary Ann,PORT,,,spin,,,,,,,,,J,PENN,Harriet,PORT,H (clerk)
DOR,Portland,St Georges,,24 Nov 1830,Henry,ATTWOOLL,,,bach,,,Jane,STONE,,,spin,,,,,,,,,John,BURROWES,?,?,Mary
DOR,Portland,St Georges,,12 Dec 1830,William,COMBEN,,,bach,,,Ruth,DRYER,,,spin,,,,,,,,,William,HINDE,Sarah,COMBEN,Richard
DOR,Portland,St Georges,,16 Dec 1830,John,PEARCE,,,bach,,,Elizabeth,ANTHONY,,,spin,,,,,,,,,John,ANTHONY,Susanna,ANTHONY,
DOR,Portland,St Georges,,6 Feb 1831,Richard,ALLEN,,,bach,,,Mary,STODGELL,,,spin,,,,,,,,,Ann,CHADDOCK,James,STODGELL,
DOR,Portland,St Georges,,7 Apr 1831,Samuel,PATTEN,,,bach,,,Jane,WHITE,,,spin,,,,,,,,,William,BARNES,Rebecca,WINTER,
DOR,Portland,St Georges,,25 Apr 1831,Daniel,NEWMAN,,,bach,,,Jane,YOUNG,,,spin,,,,,,,,,Benjamin,WHITE,Wm Butts,WHITE,
DOR,Portland,St Georges,,8 Jun 1831,Samuel,SCRIVEN,,,bach,,,Susanna,PEARCE,,,spin,,,,,,,,,Richard,BENFIELD,Jemima,BENENTT,
DOR,Portland,St Georges,,9 Jun 1831,Bartholomew,WHITE,,,bach,,,Maria,COMBEN,,,spin,,,,,,,,,Edward,ATTWOOLL,Rebecca,COLLINS,
DOR,Portland,St Georges,,20 Jun 1831,Joseph Bennett,WHITE,,,bach,,,Mary Ann,WHITE,,,spin,,,,,,,,,Thomas,WHITE,Benjamin,WHITE,
DOR,Portland,St Georges,,23 Jun 1831,John,SCORE,,,bach,,,Elizabeth,PEARCE,,,spin,,,,,,,,,John,PEARCE,Jemima,BENNETT,
DOR,Portland,St Georges,,23 Jun 1831,Nathaniel,COMBEN,,,bach,,,Jane,STONE,,,spin,,,,,,,,,Edward,ATTWOOLL,Richard,STONE,
DOR,Portland,St Georges,,13 Jul 1831,Thomas,STEUXBURY,,,bach,,,Sarah,TREVETT,,,spin,,,,,,,,,B,ADDISON,John,PEARCE,Rebecca
DOR,Portland,St Georges,,31 Aug 1831,William,PEARCE,,,bach,,,Elizabeth,ALLEN,,,spin,,,,,,,,,John,MARWOOD,Elizabeth,PEARCE,
DOR,Portland,St Georges,,1 Oct 1831,Henry,OTTER,,,bach,,,Rebecca,FALL,,,spin,,,,,,,,,Daniel,ANDREWS,Elizabeth,PEARCE,
DOR,Portland,St Georges,,30 Oct 1831,Thomas,WHITE,,,bach,,,Jane,READ,,,spin,,,,,,,,,Joseph,WHITE,Elizabeth,SCORE,
DOR,Portland,St Georges,,30 Oct 1831,Richard,MOORE,,,bach,,,Ann,STONE,,,spin,,,,,,,,,Richard,NOSTER,Charlotte,MOORE,
DOR,Portland,St Georges,,6 Nov 1831,Samuel,WINTER,,,bach,,,Rebecca,COMBEN,,,spin,,,,,,,,,Wm B,MITCHELL,Benjamin,WHITE,
DOR,Portland,St Georges,,25 Dec 1831,John,MOTYER,,,bach,,,Ann Watson,ROSE,,,spin,,,,,,,,,Robert,KERRIDGE,Mary Catherine,ROSE,
DOR,Portland,St Georges,,12 Jan 1832,Henry,LOWMAN,,,bach,,,Jane,HINDE,,,spin,,,,,,,,,William,SPENCER,Mary,PITT,
DOR,Portland,St Georges,,14 Jan 1832,John,SANSOM,,,bach,,,Susanna,COMBEN,,,spin,,,,,,,,,Robert,GIBBS,Charles,HINDE,
DOR,Portland,St Georges,,21 Jan 1832,Josiah,FLEW,,,bach,,,Ann,COMBEN,,,spin,,,,,,,,,William,COMBEN,Sarah,COMBEN,
DOR,Portland,St Georges,,4 Feb 1832,John Mosselsy,MITCHELL,,,bach,,,Jane,CHADDOCK,,,spin,,,,,,,,,John,WALLIS,Matilda,BEALE,
DOR,Portland,St Georges,,16 Mar 1832,William,WAY,,,bach,,,Elizabeth,DUKE,,,spin,,,,,,,,,Joseph,WAY,Harriott,DUKE,
DOR,Portland,St Georges,,23 Apr 1832,John,READ,,,bach,,,Ann Benfield,SCRIVEN,,,spin,,,,,,,,,Benjamin,SCRIVEN,John,SCRIVEN,Mary
DOR,Portland,St Georges,,20 May 1832,Joseph,WAIGHT,,,Widower,,,Mary,GIBBS,,,Widow,,,,,,,,,Samuel,WINGATE,Mary,MABEY,
DOR,Portland,St Georges,,26 May 1832,Benjamin,STONE,,,bach,,,Mary,COMBEN,,,spin,,,,,,,,,John,ANDREWS,Charles,HINDE,
DOR,Portland,St Georges,,Jun 1832,Thomas,WALLIS,,,,,,Ann Scriven,FLEW,,,,,,,,,,,,,,,,
DOR,Portland,St Georges,,9 Jun 1832,Isaac,NEWTON,,,bach,,,Ann,STONE,,,spin,,,,,,,,,Robert,HINDE,Robert James,HINDE,
DOR,Portland,St Georges,,11 Aug 1832,John Bartlett,PETTERS,,,bach,,,Susanna,ELLIOT,,,spin,,,,,,,,,Robert,STONE,Charles,HINDE,
DOR,Portland,St Georges,,19 Aug 1832,George Zachariah,WHITE,,,bach,,,Mary,SCRIVEN,,,spin,,,,,,,,,William,WHITE,Julianna Catherine,WHITE,
DOR,Portland,St Georges,,1 Sep 1832,Abel,ATTWOOLL,,,bach,,,Elizabeth,BIRD,,,spin,,,,,,,,,James,PEARCE,Mary,ATTWOOLL,
DOR,Portland,St Georges,,2 Sep 1832,Benjamin,STONE,,,bach,,,Elizabeth,AYLES,,,spin,,,,,,,,,William,GIBBS,Mary,PEARCE,
DOR,Portland,St Georges,,29 Sep 1832,Benjamin Cross,DOWEL,,,bach,,,Jane,BURD,,,spin,,,,,,,,,William,SPENCER,Abel,ATTWOOLL,
DOR,Portland,St Georges,,19 Oct 1832,John Samuel James,HANSFORD,,,bach,,,Elizabeth,FLEW,,,spin,,,,,,,,,John,ANDREWS,Jane,ANDREWS,
DOR,Portland,St Georges,,18 Nov 1832,William Lano,PEARCE,,,bach,,,Maria,BENNETT,,,spin,,,,,,,,,R P,FLEW,Elizabeth,PITT,
DOR,Portland,St Georges,,17 Feb 1833,Abel,PEARCE,,,Widower,,,Jane,READ,,,Widow,,,,,,,,,William,SPENCER,Rebecca,PEARCE,
DOR,Portland,St Georges,,21 Mar 1833,Daniel,MAGENIS,,,Widower,,,Ann,COLLINS,,,,,,,,,,,,C E N,HINDE,Mary White,HINDE,
DOR,Portland,St Georges,,Mar 1833,Joseph,DREW,,,,,,Eliza,MONDAY,,,,,,,,,,,,,,,,
DOR,Portland,St Georges,,25 Apr 1833,William,ALLEN,,,bach,,,Maria,PEARCE,,,spin,,,,,,,,,Richard,PEARCE,Jane,ELLIOTT,
DOR,Portland,St Georges,,28 Apr 1833,George,MILLEDGE,,,widr,,,Grace,FOWLER,,,spin,,,,,,,,,John Attwooll,LANO,George,?,
DOR,Portland,St Georges,,12 Jul 1833,John,LOWMAN,,,bach,,,Ann,ELLIOTT,,,spin,,,,,,,,,Richard,COMBEN,Mary,ELLIOTT,
DOR,Portland,St Georges,,1 Aug 1833,Flower Russell,PEARCE,,,bach,,,Elizabeth,PEARCE,,,spin,,,,,,,,,Robert,ANDREWS,Mary,PEARCE,
DOR,Portland,St Georges,,22 Dec 1833,Thomas,JOLLIFFE,,,bach,,,Deborah,PEARCE,,,spin,,,,,,,,,Henry,PEARCE,Elizabeth,PEARCE,
DOR,Portland,St Georges,,9 Jan 1834,Edward,SCHOLLAR,,,bach,,,Mary,SANSOM,,,spin,,,,,,,,,Charles E,HINDE,Elizabeth,ATTWOOLL,
DOR,Portland,St Georges,,15 Mar 1834,John Collins,DRYER,,,bach,,,Mary,PEARCE,,,spin,,,,,,,,,Edwd,STONE,Charlotte,DRYER,
DOR,Portland,St Georges,,10 Apr 1834,Thomas,WALLIS,,,bach,,,Ann Scriven,FLEW,,,spin,,,,,,,,,Benjamin,WHITE,James,WALLIS,
DOR,Portland,St Georges,,13 May 1834,Thomas Elliott,ANGEL,,,bach,,,Deborah,STONE,,,spin,,,,,,,,,William,SPENCER,Susan,ANGEL,
DOR,Portland,St Georges,,17 May 1834,Edward Comben,WHITE,,,bach,,,Mary Ann Scriven,FLEW,,,spin,,,,,,,,,Abraham (mark of),WINTER,Chas ?,HINDE,
DOR,Portland,St Georges,,22 Jun 1834,Daniel,DOBER,,Stalbridge,Widower,,,Susanna,COOPER,,,,,,,,,,,,Abel,ATTWOOLL,Rebecca,READ,
DOR,Portland,St Georges,,26 Jun 1834,Richard,STONE,,,bach,,,Maria,COX,,,spin,,,,,,,,,John,STONE,Rebecca,WHITE,
DOR,Portland,St Georges,,10 Jul 1834,Samuel,WINGATE,,,bach,,,Mary,MABEY,,,spin,,,,,,,,,Joseph,WAIGHT,Henrietta,WHITE,
DOR,Portland,St Georges,,10 Sep 1834,Richard Chadock,STONE,,,bach,,,Rebecca,HAYWARD,,,spin,,,,,,,,,William,WHITE,George,HAYWARD,
DOR,Portland,St Georges,,24 Sep 1834,Edward Pearce,LOWMAN,,,bach,,,Mary,WHITE,,,spin,,,,,,,,,William,SPENCER,Rebecca,LOWMAN,
DOR,Portland,St Georges,,23 Oct 1834,Joseph,PEARCE,,,bach,,,Elizabeth,STONE,,,spin,,,,,,,,,Richard,COMBEN,Agness,COMBEN,
DOR,Portland,St Georges,,1 Nov 1834,Jennins,SCHOLLAR,,,bach,,,Edith,ATTWOOLL,,,spin,,,,,,,,,Edward,WAY,Margery,ATTWOOLL,
DOR,Portland,St Georges,,13 Nov 1834,William,HOSKINS,,,bach,,,Mary Ann,CUTTLER,,,spin,,,,,,,,,Abel,PEARCE,Charles E N,HINDE,
DOR,Portland,St Georges,,25 Dec 1834,Henry,SANSOM,,,bach,,,Louisa,VEIRON,,,spin,,,,,,,,,Charles E N,HINDE,Hanner,ALLEN,
DOR,Portland,St Georges,,10 Jan 1835,Bartholomew,COMBEN,,,bach,,,Jane White,LAKE,,,spin,,,,,,,,,William,SPENCER,Abel,PEARCE,
DOR,Portland,St Georges,,19 Mar 1835,Christopher,GIBBS,,,bach,,,Mary,ANDREWS,,,spin,,,,,,,,,William C,ANDREWS,Jane,ANDREWS,
DOR,Portland,St Georges,,15 Apr 1835,James,ALLEN,,,bach,,,Elizabeth,PEARCE,,,spin,,,,,,,,,John,MARWOOD,Rebecca,LOWMAN,
DOR,Portland,St Georges,,9 May 1835,William,PEARCE,,,bach,,,Alice,WHITE,,,spin,,,,,,,,,Elizabeth,SCORE,Charles,HINDE,John (mark of)
DOR,Portland,St Georges,,13 May 1835,Robert,STONE,,,Widower,,,Elizabeth,STODGEL,,,Widow,,,,,,,,,Robert,STONE,Bartholomew C,WHITE,
DOR,Portland,St Georges,,30 May 1835,Richard,DRYER,,,bach,,,Rebecca,ATTWOOLL,,,spin,,,,,,,,,Thos,WAY,Mary Gibbs,DRYER,
DOR,Portland,St Georges,,4 Jun 1835,Abel Comben,PEARCE,,,bach,,,Susanna Scriven,FLEW,,,spin,,,,,,,,,William,SCRIVEN,Frances Rebecca,FLEW,
DOR,Portland,St Georges,,Jul 1835,John,PEARCE,,,Widower,,,Mary Ann,WARREN,,Weymouth,,,,,,,,,,,,,,
DOR,Portland,St Georges,,13 Oct 1835,Abel,COMBEN,,,bach,,,Mary,GIBBS,,,wid,,,,,,,,,Robert,COMBEN,Rebecca,ATTWOOLL,
DOR,Portland,St Georges,,23 Oct 1835,Richard,WHITE,,,Widower,,,Susannah Atwool,STONE,,,,,,,,,,,,Henry,STONE,Martha,WHITE,
DOR,Portland,St Georges,,25 Oct 1835,Henry,STONE,,,Widower,,,Ann,BYATT,,,Widow,,,,,,,,,Robert,WAIGHT,Charles,HINDE,
DOR,Portland,St Georges,,29 Nov 1835,Christopher Gibbs,MITCHELL,,,bach,,,Rebecca,ATTWOOLL,,,spin,,,,,,,,,Robert (mark of),BENNETT,Mary Ann,MITCHELL,
DOR,Portland,St Georges,,24 Dec 1835,Edward,SCHOLLAR,,,bach,,,Mary,ATTWOOLL,,,spin,,,,,,,,,Edward,WAY,Margery,ATTWOOLL,
DOR,Portland,St Georges,,26 Dec 1835,Edward Glover Chaddock,PEARCE,,,bach,,,Matilda Martin,BEAL(E,,,spin,,,,,,,,,Charles,HINDE,Ann,CHADDOCK,
DOR,Portland,St Georges,,6 Feb 1836,Abel,COMBEN,,,bach,,,Elizabeth,SCRIVEN,,,spin,,,,,,,,,John,SCRIVEN,Rebecca,COMBEN,
DOR,Portland,St Georges,,11 Feb 1836,Thomas,WAY,,,Widower,,,Susan(na),ATTWOOLL,,,,,,,,,,,,Richard,DRYER,Charles,HINDE,
DOR,Portland,St Georges,,15 Feb 1836,John,BENNETT,,,bach,,,Jane,ELLIOTT,,,spin,,,,,,,,,Henry,ATTWOOLL,Susan Elliott,READ,
DOR,Portland,St Georges,,2 Apr 1836,George Neale,GEE,,,bach,,,Ann,MITCHELL,,,spin,,,,,,,,,Charles,HINDE,Mary Ann Catherine,WAY,
DOR,Portland,St Georges,,16 Apr 1836,John,ANDREWS,,,bach,,,Elizabeth,ATTWOOLL,,,spin,,,,,,,,,William C,ANDREWS,Jane,ANDREWS,
DOR,Portland,St Georges,,14 May 1836,Robert Thomas Tidby,MEARS,,,bach,,,Hannah,ALLEN,,,spin,,,,,,,,,Richard,ALLEN,Charles,HINDE,
DOR,Portland,St Georges,,20 Jun 1836,William,DAVIS,,,bach,,,Bathsheba,ELLIOTT,,,spin,,,,,,,,,John,ANGEL,Mary Gibbs,DRYER,
DOR,Portland,St Georges,,25 Jun 1836,Bartholomew,COMBEN,,,bach,,,Susannah,ANTHONY,,,spin,,,,,,,,,Robert,COMBEN,Sarah,ATTWOOLL,
DOR,Portland,St Georges,,7 Jul 1836,Edward Marshallsey,DAVIS,,,bach,,,Jane,WHITE,,,spin,,,,,,,,,Thomas,MILLS,Sarah,COMBEN,
DOR,Portland,St Georges,,16 Jul 1836,Henry Byatt,LANO,,,,,,Elizabeth,MILLER,,,Widow,,,,,,,,,Robert,PETTERS,Mary Ann,CARTER,
DOR,Portland,St Georges,,30 Jul 1836,Robert,WAIGHT,,,bach,,,Ann,BYATT,,,spin,,,,,,,,,Henry,STONE,Charles,HINDE,
DOR,Portland,St Georges,,8 Aug 1836,Thomas,COMBEN,,,bach,,,Elizabeth,PITT,,,spin,,,,,,,,,Shadrach,STONE,Elizabeth,PEARCE,
DOR,Portland,St Georges,,19 Sep 1836,John,WELLMAN,,Tynham DOR,Widower,,,Elizabeth,SEYMOUR,,,,,,,,,,,,Abrm,WINTER,Elizabeth,PEARCE,
DOR,Portland,St Georges,,8 Oct 1836,William,ELLIOTT,,,bach,,,Jane,BENFIELD,,,spin,,,,,,,,,Robert,BENFIELD,Maria,COMBEN,
DOR,Portland,St Georges,,22 Oct 1836,Edward White,FLANN,,,bach,,,Sarah,VERION,,,spin,,,,,,,,,Henry,SANSOM,Charles,HINDE,
DOR,Portland,St Georges,,31 Oct 1836,William,STONE,,,bach,,,Elizabeth,ROD,,,spin,,,,,,,,,John,ROD,Sarah,ROD,
DOR,Portland,St Georges,,26 Nov 1836,William Ayles,STONE,,,bach,,,Rebecca,PEARCE,,,spin,,,,,,,,,Robert,ROD,Charles,HINDE,
DOR,Portland,St Georges,,29 Dec 1836,John,PEARCE,,,bach,,,Rebecca,PEARCE,,,spin,,,,,,,,,Jonathan Comben,PEARCE,Ann Lucretia,PEARCE,
DOR,Portland,St Georges,,31 Dec 1836,Robert,ANDREWS,,,bach,,,Elizabeth,STONE,,,spin,,,,,,,,,Robert,COMBEN,?,?,
DOR,Portland,St Georges,,7 Jan 1837,Abel,PEARCE,,,bach,,,Mary,COMBEN,,,spin,,,,,,,,,Abel,PEARCE,Rebecca,PEARCE,
DOR,Portland,St Georges,,21 Jan 1837,Richard,CARTER,,,bach,,,Elizabeth,SKINNER,,,spin,,,,,,,,,Richard,STONE,Elizabeth,MITCHELL,
DOR,Portland,St Georges,,11 Feb 1837,Shadrach,STONE,,,bach,,,Susannah,FLEW,,,spin,,,,,,,,,Henry,FLEW,Grace,PEARCE,
DOR,Portland,St Georges,,11 Feb 1837,John,FLEW,,,bach,,,Susannah,ATTWOOLL,,,spin,,,,,,,,,John (mark of),ATTWOOLL,Charles,HINDE,
DOR,Portland,St Georges,,21 Mar 1837,William,ANGEL,,,bach,,,Sarah,SCRIVEN,,,spin,,,,,,,,,Benjamin,SCRIVEN,Susanna,ANGEL,
DOR,Portland,St Georges,,31 Mar 1837,William,OTTER,,,bach,,,Mary,WHITE,,,spin,,,,,,,,,Henry,OTTER,Sarah Ann,OTTER,
DOR,Portland,St Georges,,22 Apr 1837,Abel,ATTWOOLL,,,bach,,,Priscilla,WHITE,,,spin,,,,,,,,,Benjamin,SCRIVEN,Rebecca,WHITE,
DOR,Portland,St Georges,,27 Apr 1837,Thomas Lano,ATTWOOLL,,,,,,Susannah,LOWMAN,,,,,,,,,,,,John,ATTWOOLL,Edith,ATTWOOLL,
DOR,Portland,St Georges,,13 May 1837,John,STEVENS,,,bach,,,Susannah,WALLIS,,,spin,,,,,,,,,John,DINE,Susanna,DINE,
DOR,Portland,St Georges,,22 Jun 1837,Richard Petters,FLEW,,,bach,,,Jane,ATTWOOLL,,,spin,,,,,,,,,Shadrach,STONE,Sally Stone,COMBEN,
DOR,Portland,St Georges,,24 Jun 1837,John,JOLLIFFE,,,bach,,,Elizabeth,SCORE,,,spin,,,,,,,,,William,PEARCE,Isabella,CHADDOCK,
