+INFO,capn-bob@pegleg2.demon.co.uk,password,SEQUENCED,BURIALS,cp437
#,CCC,Robert Wilkins,Dorset,DORPOABU1.CSV,07-Nov-2009
#,CREDIT,Ken Saunders,kvs1@compuserve.com
#,07-Nov-2009,,,
DOR,Portland,St Andrews,,27 Aug 1717,Grace,wo,John,,PEARCE,PEARCE,,,
DOR,Portland,St Andrews,,12 Sep 1717,Jone,,BENNETT,,,,,,
DOR,Portland,St Andrews,,16 Oct 1717,John,,DAVIS,,,,,,
DOR,Portland,St Andrews,,20 Oct 1717,Thomas,so,Robert,Agnes,ANDREWS,ANDREWS,,,
DOR,Portland,St Andrews,,20 Oct 1717,Alce,do,John,Mary,STONE,STONE,,,
DOR,Portland,St Andrews,,5 Feb 1717/18,Margaret,wo,Robert,,AYLES,AYLES,,,
DOR,Portland,St Andrews,,16 Mar 1717/18,Jasper,so,John,Mary,FLEMMING,FLEMMING,,,
DOR,Portland,St Andrews,,1718,,Dau of,,Edward,,TOBEY,,,
DOR,Portland,St Andrews,,May 1718,Susanna,do,John,Christian,MARSHALL?,MARSHALL?,,,
DOR,Portland,St Andrews,,May 1718,Mary,do,Thomas,Mary,PITT,PITT,,,
DOR,Portland,St Andrews,,26 Jun 1718,Robert,,MICHELL,,,,,,
DOR,Portland,St Andrews,,23 Jul 1718,Margery,wo,Edward,,ATTWOOLL,ATTWOOLL,,,
DOR,Portland,St Andrews,,14 Nov 1718,Ann,,PEARCE,,,,,,
DOR,Portland,St Andrews,,3 Jan 1718/19,George,so,Daniel,,ANDREWS,ANDREWS,,,
DOR,Portland,St Andrews,,7 Jan 1718/19,Sarah,,STONE,,,,,,
DOR,Portland,St Andrews,,29 Jan 1718/19,John,,BENFIELD,,,,,,
DOR,Portland,St Andrews,,8 Feb 1718/19,John,so,John,,ALLIN,ALLIN,,,
DOR,Portland,St Andrews,,1 Mar 1718/19,John,,STONE,,,,,,
DOR,Portland,St Andrews,,11 Mar 1718/19,John,,PEARCE,,,,,,
DOR,Portland,St Andrews,,25 Mar 1719,Owen,,PEARCE,,,,,,
DOR,Portland,St Andrews,,17 May 1719,Richard,so,Robert,Sarah,DRYER,DRYER,,,
DOR,Portland,St Andrews,,2 Dec 1719,the widow,,BYATT,,,,,,
DOR,Portland,St Andrews,,22 Feb 1719/20,Jonathan,,COMBYN,,,,,,
DOR,Portland,St Andrews,,14 Apr 1720,William Courteene,so,John,Ann,PRESTON,PRESTON,,,
DOR,Portland,St Andrews,,14 Apr 1720,Ann,do,Copas,Margery,ATTWOOLL,ATTWOOLL,,,
DOR,Portland,St Andrews,,15 May 1720,Alce,do,John,Mary,STONE,STONE,,,
DOR,Portland,St Andrews,,29 May 1720,Margaret,do,John,Mary,AYLES,AYLES,,,
DOR,Portland,St Andrews,,5 Jun 1720,Susanna,do,Augustine,,WHITE,WHITE,,,
DOR,Portland,St Andrews,,11 Sep 1720,Mary,do,Robert,,FLEW,FLEW,,,
DOR,Portland,St Andrews,,30 Sep 1720,Edward,,PEARCE,,,,,,
DOR,Portland,St Andrews,,10 Nov 1720,Abraham,,SWEET,,,,,,
DOR,Portland,St Andrews,,11 Dec 1720,Andrew,so,John,Mary,STONE,STONE,,,
DOR,Portland,St Andrews,,24 Dec 1720,Elizabeth,wo,Abel,,SWEET,SWEET,,,
DOR,Portland,St Andrews,,9 Feb 1720/21,Joan,wo,Roll,,ROD,ROD,,,
DOR,Portland,St Andrews,,12 Feb 1720/21,Lucretia,,MITCHELL,,,,,,
DOR,Portland,St Andrews,,10 Apr 1721,Giles,so,Giles,Ann,COMBYN,COMBYN,,,
DOR,Portland,St Andrews,,10 Apr 1721,Richard,so,Joseph,Jean,CHADDOCK,CHADDOCK,,,
DOR,Portland,St Andrews,,19 Apr 1721,Grace,,FLEW,,,,,,
DOR,Portland,St Andrews,,1 May 1721,?,,AYLES,,,,,,
DOR,Portland,St Andrews,,6 May 1721,Edward,,GLOVER,,,,,,
DOR,Portland,St Andrews,,1 Jun 1721,John,so,,Mary,FLEMING,FLEMING,,,
DOR,Portland,St Andrews,,1 Jun 1721,Ann,wo,Robt,,ATTWOOLL,ATTWOOLL,,,
DOR,Portland,St Andrews,,9 Jun 1721,Robert,,FLEW,,,,,,
DOR,Portland,St Andrews,,18 Jun 1721,Mary,wo,John,,STON,STON,,,
DOR,Portland,St Andrews,,24 Jun 1721,Edward,,BARTLETT,,,,,,
DOR,Portland,St Andrews,,28 Feb 1721/22,Robt,so,Willm,Ann,ELLIOT,ELLIOT,,,
DOR,Portland,St Andrews,,6 Jul 1722,William,,ELLIOATT,,,,,,
DOR,Portland,St Andrews,,17 Aug 1722,Ealse,,STONE,,,,,,
DOR,Portland,St Andrews,,29 Sep 1722,Rebeckey,,SCOLLER,,,,,,
DOR,Portland,St Andrews,,29 Oct 1722,Jane,,AYELLS,,,,,,
DOR,Portland,St Andrews,,25 Dec 1722,Thomas,,ALLEN,,,,,,
DOR,Portland,St Andrews,,25 Jan 1722/23,Edeth,,ATTWOOLL,,,,,,
DOR,Portland,St Andrews,,18 Feb 1722/23,Richard,,LAGE,,,,,,
DOR,Portland,St Andrews,,20 Feb 1722/23,Margett,,OUSELLY,,,,,,
DOR,Portland,St Andrews,,25 Apr 1723,John,,MASCALL,,,,,,
DOR,Portland,St Andrews,,1 May 1723,Anne,,MASTERS,,,,,,
DOR,Portland,St Andrews,,9 May 1723,Edward Jnr,,ATTWOOL,,,,,,
DOR,Portland,St Andrews,,4 Jun 1723,John,,AYLES,,,,,,
DOR,Portland,St Andrews,,4 Jul 1723,Robt,,AYLES,,,,,,
DOR,Portland,St Andrews,,6 Jul 1723,John,,PALMER,,,,,,
DOR,Portland,St Andrews,,10 Jul 1723,Tho,,ATTWOOLL,,,,,,
DOR,Portland,St Andrews,,15 Jul 1723,Margery,do,Edwd,,ATTWOOLL,ATTWOOLL,,,
DOR,Portland,St Andrews,,21 Jul 1723,Edward,so,Robert,Jane,ATTWOOL,ATTWOOL,,,
DOR,Portland,St Andrews,,12 Aug 1723,Giles,so,Giles,Anne,COMBEN,COMBEN,,,
DOR,Portland,St Andrews,,30 Aug 1723,Joan,wo,John,,ELLIOTT,ELLIOTT,,,
DOR,Portland,St Andrews,,25 Sep 1723,Robt,,ATTWOOLL,,,,,,
DOR,Portland,St Andrews,,9 Oct 1723,Catherine,do,Nicholas,Lucretia,HOSKYNS,HOSKYNS,,,
DOR,Portland,St Andrews,,8 Apr 1724,Philip,,NEWTON,,,,,,
DOR,Portland,St Andrews,,14 Jul 1724,Mary,,STONE,,,,,,
DOR,Portland,St Andrews,,23 Jul 1724,John,,SAMWAYS,,,,,,
DOR,Portland,St Andrews,,23 Jul 1724,Mary,do,John,Mary,STONE,STONE,,,
DOR,Portland,St Andrews,,12 Aug 1724,Andrew,so,Robert,Mary,ELLIOTT,ELLIOTT,,,
DOR,Portland,St Andrews,,5 Nov 1724,Grace,wo,Robert,,PEARCE,PEARCE,,,
DOR,Portland,St Andrews,,26 Nov 1724,William,,WHITE,,,,,,
DOR,Portland,St Andrews,,3 Dec 1724,Hester,wo,Edward,,PEARCE,PEARCE,,,
DOR,Portland,St Andrews,,16 Jan 1724/25,Richard,,NOSCITER,,,,,,
DOR,Portland,St Andrews,,5 Feb 1724/25,William,so,William,Susanna,ANDREWS,ANDREWS,,,
DOR,Portland,St Andrews,,6 Feb 1724/25,John,,PEARCE,,,,,,
DOR,Portland,St Andrews,,20 Feb 1724/25,Agnis,wo,Bartholomew,,COMBEN,COMBEN,,,
DOR,Portland,St Andrews,,20 Feb 1724/25,Richard,so,Robert,Elizabeth,CHADDOCK,CHADDOCK,,,
DOR,Portland,St Andrews,,28 Feb 1724/25,Rebecca,do,John,Mary,ELLIOTT,ELLIOTT,,,
DOR,Portland,St Andrews,,8 Mar 1724/25,Robert,so,John,Grace,MITCHELL,MITCHELL,,,
DOR,Portland,St Andrews,,28 Mar 1725,John,,PEARCE,,,,,,
DOR,Portland,St Andrews,,28 Apr 1725,John,,CHILES,,,,,,
DOR,Portland,St Andrews,,17 May 1725,Jane,,DORRANT,,,,,,
DOR,Portland,St Andrews,,3 Jul 1725,Patience,wo,Geo,,COMBEN,COMBEN,,,
DOR,Portland,St Andrews,,18 Aug 1725,Catherine,,WHITE,,,,,,
DOR,Portland,St Andrews,,25 Aug 1725,William,,ELLIOAT,,,,,,
DOR,Portland,St Andrews,,3 Oct 1725,Mary,do,Edward,Mary,PEARCE,PEARCE,,,
DOR,Portland,St Andrews,,6 Nov 1725,Shaderick,,STONE,,,,,,
DOR,Portland,St Andrews,,28 Nov 1725,Alexander,so,Robt,Grace,PEARCE,PEARCE,,,
DOR,Portland,St Andrews,,19 Dec 1725,Susanna,do,William,Mary,FLEW,FLEW,,,
DOR,Portland,St Andrews,,20 Feb 1725/26,John,so,Owen,Elizabeth,PEARCE,PEARCE,,,
DOR,Portland,St Andrews,,20 Feb 1725/26,Elizabeth,,GIBBS,,,,,,
DOR,Portland,St Andrews,,23 Mar 1726,Richard,,TOBY,,,,,,
DOR,Portland,St Andrews,,3 May 1726,Joanna,,FLEW,,,,,,
DOR,Portland,St Andrews,,21 May 1726,John,,WHITE,,,,,,
DOR,Portland,St Andrews,,24 Jun 1726,John,,PIT,,,,,,
DOR,Portland,St Andrews,,1 Nov 1726,Richard,so,John,Ann,NOSCITER,NOSCITER,,,
DOR,Portland,St Andrews,,17 Nov 1726,Agnes,,GENNINGS,,,,,,
DOR,Portland,St Andrews,,4 Jan 1727,Rebekah,,ATTWOOLL,,,,,,
DOR,Portland,St Andrews,,6 Jan 1727,Barnet,,ANDREWS,,,,,,
DOR,Portland,St Andrews,,16 Jan 1727,Ann,wo,Richard,,COMBEN,COMBEN,,,
DOR,Portland,St Andrews,,17 Jan 1727,John,so,Alexander,Eliz,ATTWOOLL,ATTWOOLL,,,
DOR,Portland,St Andrews,,19 Mar 1727,Alice,do,Robt,Mary,ELIOT,ELIOT,,,
DOR,Portland,St Andrews,,28 Mar 1727,Jane,wo,Giles,,LOCUST,LOCUST,,,
DOR,Portland,St Andrews,,3 Apr 1727,Grace,do,,the widow,FLEW,FLEW,,,
DOR,Portland,St Andrews,,4 Apr 1727,Willm,so,Philip,Margaret,HOLLAND,HOLLAND,,,
DOR,Portland,St Andrews,,17 Jul 1727,Robert,,WIGGAT,,,,,,
DOR,Portland,St Andrews,,18 Jul 1727,John,so,Joseph,Mary,SCRIVEN,SCRIVEN,,,
DOR,Portland,St Andrews,,21 Jul 1727,Mary,do,Wm,Mary,GIBBS,GIBBS,,,
DOR,Portland,St Andrews,,13 Sep 1727,Allse,,ELLIOAT,,,,,,
DOR,Portland,St Andrews,,17 Sep 1727,Hannah,do,,Alse,ELLIOAT,ELLIOAT,,,
DOR,Portland,St Andrews,,15 Oct 1727,Lucrisha,do,William,,COMBEN,COMBEN,,,
DOR,Portland,St Andrews,,10 Dec 1727,Philip,,HENDY,,,,,,
DOR,Portland,St Andrews,,2 Feb 1728,Mary,wo,Willm,,PEARCE,PEARCE,,,
DOR,Portland,St Andrews,,24 Feb 1728,Susannah,wo,Robert,,AYLES,AYLES,,,
DOR,Portland,St Andrews,,15 Mar 1728,Owen,so,Owen,Alice,ELLIOTT,ELLIOTT,,,
DOR,Portland,St Andrews,,28 Apr 1728,Willm,so,John,Mary,ALLEN,ALLEN,,,
DOR,Portland,St Andrews,,21 May 1728,Elizabeth,wo,Owen,,PEARCE,PEARCE,,,
DOR,Portland,St Andrews,,22 May 1728,William,,PEARCE,,,,,,
DOR,Portland,St Andrews,,22 Jul 1728,Mary,,ELLIOT,,,,,,
DOR,Portland,St Andrews,,4 Sep 1728,Joan,,WHITE,,,,,,
DOR,Portland,St Andrews,,17 Sep 1728,Joan,wo,Robert,,PEARCE,PEARCE,,,
DOR,Portland,St Andrews,,22 Sep 1728,Elizabeth,,CHILES,,,,,,
DOR,Portland,St Andrews,,26 Sep 1728,Edward,,PEARCE,,,,,,
DOR,Portland,St Andrews,,28 Sep 1728,Henry,,GIBBS,,,,,,
DOR,Portland,St Andrews,,30 Sep 1728,Willm,,GIBBS,,,,,,
DOR,Portland,St Andrews,,24 Oct 1728,Elizabeth,,PITT,,,,,,
DOR,Portland,St Andrews,,24 Nov 1728,Jane,wo,Robert,,COMBEN,COMBEN,,,
DOR,Portland,St Andrews,,12 Jan 1728/29,Betty,do,Jon,Susanna,PETERS,PETERS,,,
DOR,Portland,St Andrews,,26 Feb 1729,Elizabeth,,PEARCE,,,,,,
DOR,Portland,St Andrews,,14 Mar 1729,Catherine,,ROD,,,,,,
DOR,Portland,St Andrews,,6 Apr 1729,Willm,,ELLIOT,,,,,,
DOR,Portland,St Andrews,,25 Apr 1729,Ann,wo,Giles,,COMBEN,COMBEN,,,
DOR,Portland,St Andrews,,13 May 1729,John,,BYITT,,,,,,
DOR,Portland,St Andrews,,27 Aug 1729,John,,ELLIOT,,,,,,
DOR,Portland,St Andrews,,28 Aug 1729,Elizabeth,wo,Francis,,GILBERT,GILBERT,,,
DOR,Portland,St Andrews,,9 Sep 1729,Robert,,FLEW,,,,,,
DOR,Portland,St Andrews,,19 Sep 1729,Catharin,,RAYMENT,,,,,,
DOR,Portland,St Andrews,,29 Oct 1729,Catherine,do,Jon,Alice,WHITE,WHITE,,,
DOR,Portland,St Andrews,,7 Nov 1729,Jennings,,ELLIOT,,,,,,
DOR,Portland,St Andrews,,30 Nov 1729,Mary,,HIND,,,,,,
DOR,Portland,St Andrews,,9 Dec 1729,Sarah,wo,Abel,,FLEW,FLEW,,,
DOR,Portland,St Andrews,,14 Dec 1729,William,,COLLINS,,,,,,
DOR,Portland,St Andrews,,21 Dec 1729,Aves,,JAMES,,,widow,,,
DOR,Portland,St Andrews,,25 Dec 1729,Grace,,MUDDLE,,,widow,,,
DOR,Portland,St Andrews,,25 Dec 1729,Joan,wo,Wm,,DAVIES,DAVIES,,,
DOR,Portland,St Andrews,,11 Jan 1729/30,Grace,do,John,Grace,MUDDLE,MUDDLE,,,
DOR,Portland,St Andrews,,14 Jan 1729/30,William,,GIBBS,,,,,,
DOR,Portland,St Andrews,,17 Jan 1729/30,Joseph,so,Thos,Elizabeth,REED,REED,,,
DOR,Portland,St Andrews,,23 Jan 1729/30,Tabitha,do,Robt,Edith,PEARSE,PEARSE,,,
DOR,Portland,St Andrews,,30 Jan 1729/30,Rachel,do,John,Christian,MASCUL,MASCUL,,,
DOR,Portland,St Andrews,,11 Feb 1729/30,Margery,do,Robt,Elisa,PEARSE,PEARSE,,,
DOR,Portland,St Andrews,,22 Feb 1729/30,Elisabeth,do,Francis,Jane,GILBERT,GILBERT,,,
DOR,Portland,St Andrews,,24 Feb 1729/30,Grace,,JENNINGS,,,widow,,,
DOR,Portland,St Andrews,,25 Feb 1729/30,Alice,do,Thos,Alice,JAMES,JAMES,,,
DOR,Portland,St Andrews,,1 Mar 1729/30,Edwd,so,Richd,Elisa,FLANN,FLANN,,,
DOR,Portland,St Andrews,,1 Mar 1729/30,Elisabeth,,JENNINGS,,,pauper,,,
DOR,Portland,St Andrews,,2 Mar 1729/30,Robert,so,Edwd,,ATTWOOL,ATTWOOL,,,
DOR,Portland,St Andrews,,8 Mar 1729/30,Anne,,FLEMING,,,widow,,,
DOR,Portland,St Andrews,,8 Mar 1729/30,Percival,so,Philip,Mary,HENDY,HENDY,,,
DOR,Portland,St Andrews,,19 Mar 1729/30,Andrew,,BANNICK,,,pauper,,,
DOR,Portland,St Andrews,,19 Mar 1729/30,Soloman,so,Solomon,Mary,AYLES,AYLES,,,
DOR,Portland,St Andrews,,20 Apr 1730,Jane,do,Thomas,Jane,COMBEN,COMBEN,,,
DOR,Portland,St Andrews,,21 Apr 1730,Robertt,,PEARCE,,,,,,
DOR,Portland,St Andrews,,30 Apr 1730,Luke,,MORRAN,,,,,,
DOR,Portland,St Andrews,,6 May 1730,Robert,so,Robert,,CHIELLS,CHIELLS,,,
DOR,Portland,St Andrews,,20 May 1730,Simon,so,Luke,,MORRAN,MORRAN,,,
DOR,Portland,St Andrews,,29 May 1730,Elizabeth,wo,William,,WINTER,WINTER,,,
DOR,Portland,St Andrews,,29 May 1730,Susana,do,Edward,Hanna,PEARCE,PEARCE,,,
DOR,Portland,St Andrews,,1 Jun 1730,Abell,so,William,,FLEW,FLEW,,,
DOR,Portland,St Andrews,,1 Jun 1730,Susana,do,Luke,,MORRAN,MORRAN,,,
DOR,Portland,St Andrews,,1 Jun 1730,Elizabeth,wo,William,,ALLEN,ALLEN,,,
DOR,Portland,St Andrews,,7 Jun 1730,Margery,do,Daniel,,ANDREWS,ANDREWS,,,
DOR,Portland,St Andrews,,10 Jun 1730,Sansom,so,,Elizabeth,WINTER,WINTER,,,
DOR,Portland,St Andrews,,20 Jun 1730,Mary,do,Abraham,Mary,FLAN,FLAN,,,
DOR,Portland,St Andrews,,Jul 1730,William,,GIBBS,,,,,,
DOR,Portland,St Andrews,,30 Jul 1730,Edward,,ATTWOOLL,,,,,,
DOR,Portland,St Andrews,,15 Aug 1730,Richard,,HUNT,,,,,,
DOR,Portland,St Andrews,,16 Aug 1730,Allse,do,Benj,Ann,GIBBS,GIBBS,,,
DOR,Portland,St Andrews,,20 Aug 1730,Francis,,NOSETER,,,,,,
DOR,Portland,St Andrews,,23 Aug 1730,Mary,do,Willm,Joan,GIBBS,GIBBS,,,
DOR,Portland,St Andrews,,3 Sep 1730,Mary,do,Robertt,Susana,FLEW,FLEW,,,
DOR,Portland,St Andrews,,8 Sep 1730,Robert,so,Robert,Joan,WILLS,WILLS,,,
DOR,Portland,St Andrews,,25 Oct 1730,Joseph,so,Joseph,,SCOLLER,SCOLLER,,,
DOR,Portland,St Andrews,,17 Dec 1730,John,so,John,,ALLEN,ALLEN,,,
DOR,Portland,St Andrews,,31 Dec 1730,Mary,wo,Benjamin,,GIBBS?,GIBBS?,,,
DOR,Portland,St Andrews,,10 Jan 1730/31,John,so,John,A(?),WHIT,WHIT,,,
DOR,Portland,St Andrews,,31 Jan 1730/31,Mary,,CHADOCK,,,,,,
DOR,Portland,St Andrews,,3 Feb 1730/31,Elizabeth,do,Robert,Susana,CHILLSE,CHILLSE,,,
DOR,Portland,St Andrews,,8 Feb 1730/31,Jane,,OUSELY,,,,,,
DOR,Portland,St Andrews,,14 Feb 1730/31,Jane,wo,Nicholas,,MITCHELL,MITCHELL,,,
DOR,Portland,St Andrews,,15 Apr 1731,Thomas,so,Henry,Jane,SC(?),SC(?),,,
DOR,Portland,St Andrews,,9 Jul 1731,Susannah,,PEARSE,,,widow,,,
DOR,Portland,St Andrews,,27 Jul 1731,Susannah,wo,Jennings,,ELLIOT,ELLIOT,,,
DOR,Portland,St Andrews,,26 Sep 1731,Alexander,,ATTWOOL,,,,,,
DOR,Portland,St Andrews,,7 Oct 1731,Joan,wo,Owen,,LANER,LANER,,,
DOR,Portland,St Andrews,,7 Nov 1731,Ann,,STONE,,,,,,
DOR,Portland,St Andrews,,28 Nov 1731,Thomas,,SHADDOCK,,,,,,
DOR,Portland,St Andrews,,2 Dec 1731,Joan,,ANTHONY,,,,,,
DOR,Portland,St Andrews,,13 Dec 1731,Owen,,ELLIOT,,,,,,
DOR,Portland,St Andrews,,29 Dec 1731,Ann,,PETERS,,,,,,
DOR,Portland,St Andrews,,26 Jan 1732,Joseph,,SHADDOCK,,,,,,
DOR,Portland,St Andrews,,30 Jan 1732,Elizabeth,,CHILDS,,,,,,
DOR,Portland,St Andrews,,20 Apr 1732,Margarett,,WHITE,,,,,,
DOR,Portland,St Andrews,,25 Apr 1732,Robert,,KETTLE,,,,,,
DOR,Portland,St Andrews,,2 May 1732,Allies,,GIBBS,,,,,,
DOR,Portland,St Andrews,,10 May 1732,Mary,,FLEW,,,widow,,,
DOR,Portland,St Andrews,,20 May 1732,Agnes,,FLEW,,,,,,
DOR,Portland,St Andrews,,26 May 1732,Margaret,,PEARSE,,,widow,,,
DOR,Portland,St Andrews,,17 Jun 1732,John,,STONE,,,,,,
DOR,Portland,St Andrews,,21 Jun 1732,Shadrack,,STONE,,,,,,
DOR,Portland,St Andrews,,6 Jul 1732,Margery,,FLAN,,,,,,
DOR,Portland,St Andrews,,8 Aug 1732,Grace,,PITTS,,,,,,
DOR,Portland,St Andrews,,22 Nov 1732,Agnes,,FLAN,,,,,,
DOR,Portland,St Andrews,,25 Nov 1732,Robert,,BYATT,,,,,,
DOR,Portland,St Andrews,,22 Dec 1732,William,,PITT,,,,,,
DOR,Portland,St Andrews,,22 Dec 1732,Ann,,LEG,,,,,,
DOR,Portland,St Andrews,,22 Dec 1732,Isabella,,LEG,,,,,,
DOR,Portland,St Andrews,,28 Jan 1733,Francis,,NOSSITER,,,,,,
DOR,Portland,St Andrews,,23 Feb 1733,Sarah,,PEARSE,,,widow,,,
DOR,Portland,St Andrews,,2 Mar 1733,Robert,,ATTWOOL,,,,,,
DOR,Portland,St Andrews,,10 Mar 1733,John,,FLAN,,,,,,
DOR,Portland,St Andrews,,16 Mar 1733,Joan,,SAMMERS,,,,,,
DOR,Portland,St Andrews,,18 Mar 1733,Elizabeth,,GILBERT,,,,,,
DOR,Portland,St Andrews,,28 Mar 1733,Mary,,SKINNER,,,,,,
DOR,Portland,St Andrews,,4 Apr 1733,Elizabeth,,HILLIER,,,,,,
DOR,Portland,St Andrews,,27 Apr 1733,Robert,,MITCHEL,,,,,,
DOR,Portland,St Andrews,,3 Jun 1733,John,,PEARSE,,,,,,
DOR,Portland,St Andrews,,21 Jun 1733,Robert,,CHILDS,,,,,,
DOR,Portland,St Andrews,,29 Jun 1733,Margery,,ANDREWS,,,,,,
DOR,Portland,St Andrews,,30 Sep 1733,Hannah,,MASCHALL,,,,,,
DOR,Portland,St Andrews,,31 Jan 1734,William,,COMBEN,,,,,,
DOR,Portland,St Andrews,,11 Feb 1734,Francis,,GILBERT,,,,,,
DOR,Portland,St Andrews,,17 Feb 1734,Frances,,DRAKE,,,,,,
DOR,Portland,St Andrews,,21 Feb 1734,Elizabeth,,LEGG,,,,,,
DOR,Portland,St Andrews,,3 Mar 1734,Robert,,MITCHEL,,,,,,
DOR,Portland,St Andrews,,6 Mar 1734,John,,ALLEN,,,,,,
DOR,Portland,St Andrews,,12 Mar 1734,Jenny,,ALLEN,,,,,,
DOR,Portland,St Andrews,,20 Mar 1734,Elisabeth,,ALLEN,,,,,,
DOR,Portland,St Andrews,,6 Apr 1734,Margery,,WAY,,,,,,
DOR,Portland,St Andrews,,24 Apr 1734,Percival,,HENDY,,,,,,
DOR,Portland,St Andrews,,6 Jun 1734,John,,ANDREWS,,,,,,
DOR,Portland,St Andrews,,8 Jun 1734,Robt,,ROD,,,,,,
DOR,Portland,St Andrews,,14 Jun 1734,Owen,,LANO,,,,,,
DOR,Portland,St Andrews,,5 Sep 1734,John,,ELLIOT,,,,,,
DOR,Portland,St Andrews,,2 Dec 1734,Elizabeth,,AYLES,,,,,,
DOR,Portland,St Andrews,,10 Dec 1734,John,,MUDDLE,,,,,,
DOR,Portland,St Andrews,,25 Dec 1734,Stephen,,FLANN,,,,,,
DOR,Portland,St Andrews,,26 Jan 1735,Bartholomew,,MITCHEL,,,,,,
DOR,Portland,St Andrews,,26 Jan 1735,Ann,,MITCHEL,,,,,,
DOR,Portland,St Andrews,,28 Jan 1735,Abraham,,ANTHONY,,,,,,
DOR,Portland,St Andrews,,2 Feb 1735,Thomas,,LANO,,,,,,
DOR,Portland,St Andrews,,22 Mar 1735,Jennings,,ELLIOT,,,,,,
DOR,Portland,St Andrews,,11 Apr 1735,Ann Byatt,,COMBEN,,,,,,
DOR,Portland,St Andrews,,13 May 1735,Eleanor,,PURSS,,,,,,
DOR,Portland,St Andrews,,21 May 1735,Julian,,COMBYN,,,,,,
DOR,Portland,St Andrews,,26 Aug 1735,Joan,wo,Thomas,,GIBBS,GIBBS,,,
DOR,Portland,St Andrews,,14 Sep 1735,Grace,,PEARSE,,,,,,
DOR,Portland,St Andrews,,14 Oct 1735,Willm,,GOODALL,,,,,,
DOR,Portland,St Andrews,,30 Nov 1735,Ann,,JAMES,,,,,,
DOR,Portland,St Andrews,,14 Dec 1735,Isabella,,SKINNER,,,,,,
DOR,Portland,St Andrews,,17 Dec 1735,Augustine,,AYLES,,,,,,
DOR,Portland,St Andrews,,11 Jan 1736,Willm,,DAVIS,,,,,,
DOR,Portland,St Andrews,,16 Jan 1736,Henry,,ATTWOOL,,,,,,
DOR,Portland,St Andrews,,4 Feb 1736,John,,AYLES,,,,,,
DOR,Portland,St Andrews,,4 Feb 1736,Rebecca,,BYATT,,,,,,
DOR,Portland,St Andrews,,11 Feb 1736,Ann,,COMBEN,,,,,,
DOR,Portland,St Andrews,,11 Feb 1736,Wm,,WIGGATT,,,,,,
DOR,Portland,St Andrews,,23 Feb 1736,Wm,,COMBEN,,,,,,
DOR,Portland,St Andrews,,4 Apr 1736,Wm,,COMBEN,,,,,,
DOR,Portland,St Andrews,,25 May 1736,Mary,,NOSSITER,,,,,,
DOR,Portland,St Andrews,,29 Jun 1736,William,,COMBEN,,,,,,
DOR,Portland,St Andrews,,4 Sep 1736,Mary,,AYLES,,,,,,
DOR,Portland,St Andrews,,24 Oct 1736,Henry,,RUSSEL,,,,,,
DOR,Portland,St Andrews,,24 Oct 1736,Thomas,,GUPPY,,,,,,
DOR,Portland,St Andrews,,3 Dec 1736,Mary,,SCRIVEN,,,,,,
DOR,Portland,St Andrews,,19 Dec 1736,Shadrach,,STONE,,,,,,
DOR,Portland,St Andrews,,26 Dec 1736,Bartholomew,,COMBEN,,,,,,
DOR,Portland,St Andrews,,27 Dec 1736,Ann,,BYATT,,,,,,
DOR,Portland,St Andrews,,21 Jan 1736/37,Ann,,HAYNES,,,,,,
DOR,Portland,St Andrews,,22 Mar 1736/37,John,,POLLY,,,a sailor on board,,,
DOR,Portland,St Andrews,,28 Mar 1737,John,,MUDDLE,,,,,,
DOR,Portland,St Andrews,,5 May 1737,Agnes,wo,Thomas,,FLEW,FLEW,,,
DOR,Portland,St Andrews,,10 May 1737,Benjamin,,PEARSE,,,,,,
DOR,Portland,St Andrews,,12 May 1737,Jewel,,STOODLEY,,,,,,
DOR,Portland,St Andrews,,13 May 1737,Susanna,,STUCKEY,,,,,,
DOR,Portland,St Andrews,,1 Jun 1737,Lucretia,,STONE,,,,,,
DOR,Portland,St Andrews,,5 Jun 1737,John,,MITCHEL,,,,,,
DOR,Portland,St Andrews,,7 Jun 1737,Robert,,WELLS,,,,,,
DOR,Portland,St Andrews,,27 Jun 1737,Susannah,,COMBEN,,,,,,
DOR,Portland,St Andrews,,2 Jul 1737,Mary,,ELLIOT,,,,,,
DOR,Portland,St Andrews,,27 Jul 1737,Abel,,PEARSE,,,,,,
DOR,Portland,St Andrews,,29 Aug 1737,John,,GOVERS,,,,,,
DOR,Portland,St Andrews,,25 Sep 1737,Grace,,MUDDLE,,,,,,
DOR,Portland,St Andrews,,3 Oct 1737,Tamesin,,PITT,,,,,,
DOR,Portland,St Andrews,,20 Oct 1737,Rebecca,,LANO,,,,,,
DOR,Portland,St Andrews,,8 Nov 1737,Richard,,LANO,,,,,,
DOR,Portland,St Andrews,,8 Nov 1737,Augustine,,AYLES,,,,,,
DOR,Portland,St Andrews,,17 Nov 1737,Ann,,PAINTER,,,,,,
DOR,Portland,St Andrews,,20 Nov 1737,Hester,,STOODLEY,,,,,,
DOR,Portland,St Andrews,,27 Nov 1737,Sarah,,ATTWOOLL,,,,,,
DOR,Portland,St Andrews,,2 Dec 1737,John,,PURSS,,,,,,
DOR,Portland,St Andrews,,7 Feb 1737/38,Thomas,,READ,,,,,,
DOR,Portland,St Andrews,,25 Feb 1737/38,John,,ATTWOOLL,,,,,,
DOR,Portland,St Andrews,,2 Apr 1738,Joan,,FLEW,,,,,,
DOR,Portland,St Andrews,,17 Apr 1738,Eleanor,,GLOVER,,,,,,
DOR,Portland,St Andrews,,28 May 1738,William,,BELLOT,,,,,,
DOR,Portland,St Andrews,,14 Jul 1738,Agnes,,STONE,,,,,,
DOR,Portland,St Andrews,,1 Oct 1738,Mary,,GIBBS,,,,,,
DOR,Portland,St Andrews,,25 Dec 1738,Nicholas,,HILLIER,,,,,,
DOR,Portland,St Andrews,,5 Jan 1738/39,Thomas,,GIBBS,,,,,,
DOR,Portland,St Andrews,,7 Jan 1738/39,John,,STONE,,,,,,
DOR,Portland,St Andrews,,27 Jan 1738/39,Edith,,HANDSFORD,,,,,,
DOR,Portland,St Andrews,,30 Jan 1738/39,Henry,,STONE,,,,,,
DOR,Portland,St Andrews,,3 Feb 1738/39,Benjamin,,GIBBS,,,,,,
DOR,Portland,St Andrews,,16 Feb 1738/39,Henry,,SANSOM,,,,,,
DOR,Portland,St Andrews,,8 Mar 1738/39,Robert,,DRAKE,,,,,,
DOR,Portland,St Andrews,,25 Mar 1739,Ann,,DRAKE,,,,,,
DOR,Portland,St Andrews,,4 Apr 1739,Sarah Sutton,,HOLDRIGE,,,,,,
DOR,Portland,St Andrews,,8 Apr 1739,Mary,,MITCHEL,,,,,,
DOR,Portland,St Andrews,,16 Apr 1739,Henry,,PEARSE,,,,,,
DOR,Portland,St Andrews,,19 Apr 1739,Benjamin,,COLLINS,,,,,,
DOR,Portland,St Andrews,,22 Apr 1739,Joan,,HANDSFORD,,,,,,
DOR,Portland,St Andrews,,25 Apr 1739,Elizabeth,,NOSSITER,,,,,,
DOR,Portland,St Andrews,,29 Apr 1739,Mary,,WINTER,,,,,,
DOR,Portland,St Andrews,,2 May 1739,Esther,,LEG,,,,,,
DOR,Portland,St Andrews,,2 May 1739,Stephen,,FLANN,,,,,,
DOR,Portland,St Andrews,,2 May 1739,Rebecca,,ATTWOOLL,,,,,,
DOR,Portland,St Andrews,,6 May 1739,Andrew,,ELLIOT,,,,,,
DOR,Portland,St Andrews,,18 May 1739,Ann,,ATTWOOLL,,,,,,
DOR,Portland,St Andrews,,2 Jun 1739,Alice,,SWEET,,,,,,
DOR,Portland,St Andrews,,8 Jul 1739,John,,HANDSFORD,,,,,,
DOR,Portland,St Andrews,,15 Jul 1739,Mary,,STONE,,,,,,
DOR,Portland,St Andrews,,27 Aug 1739,Jane,,COMBEN,,,,,,
DOR,Portland,St Andrews,,29 Aug 1739,Grace,,GIBBS,,,,,,
DOR,Portland,St Andrews,,9 Sep 1739,Grace,,AYLES,,,,,,
DOR,Portland,St Andrews,,10 Nov 1739,Mary,,SANSOM,,,,,,
DOR,Portland,St Andrews,,1 Dec 1739,Thomas,,COMBEN,,,,,,
DOR,Portland,St Andrews,,2 Dec 1739,Jane,,HOLLAND,,,,,,
DOR,Portland,St Andrews,,6 Dec 1739,William,,GIBBS,,,,,,
DOR,Portland,St Andrews,,3 Jan 1739/40,Robt,,AYLES,,,,,,
DOR,Portland,St Andrews,,16 Jan 1739/40,Edward,,COOPER,,,,,,
DOR,Portland,St Andrews,,19 Jan 1739/40,Susannah,,PEARSE,,,,,,
DOR,Portland,St Andrews,,27 Jan 1739/40,John,,ANTHONY,,,,,,
DOR,Portland,St Andrews,,14 Feb 1739/40,Edith,,SCHOLLER,,,,,,
DOR,Portland,St Andrews,,27 Feb 1739/40,Thomas,,CHILDS,,,,,,
DOR,Portland,St Andrews,,23 Mar 1739/40,Abraham,,PEARSE,,,,,,
DOR,Portland,St Andrews,,5 Apr 1740,Thomas,,SKINNER,,,,,,
DOR,Portland,St Andrews,,27 Apr 1740,Thomas,,WINTER,,,,,,
DOR,Portland,St Andrews,,22 May 1740,Owen,,LANO,,,,,,
DOR,Portland,St Andrews,,25 May 1740,Susannah,,SWEET,,,,,,
DOR,Portland,St Andrews,,14 Jul 1740,Grace,,FLEW,,,widow,,,
DOR,Portland,St Andrews,,20 Jul 1740,Susannah,,FLANN,,,,,,
DOR,Portland,St Andrews,,27 Nov 1740,Agnes,,MITCHEL,,,,,,
DOR,Portland,St Andrews,,9 Jan 1740/41,Thomas,,JACOBS,,,,,,
DOR,Portland,St Andrews,,1 Feb 1740/41,John,,SCRIVEN,,,,,,
DOR,Portland,St Andrews,,10 Feb 1740/41,Richard,,FLANN,,,,,,
DOR,Portland,St Andrews,,16 Feb 1740/41,Joseph,,SCRIVEN,,,,,,
DOR,Portland,St Andrews,,18 Feb 1740/41,Mary,,GIBBS,,,,,,
DOR,Portland,St Andrews,,21 Feb 1740/41,William,,WAY,,,,,,
DOR,Portland,St Andrews,,27 Feb 1740/41,Lucy,,NOSSITER,,,,,,
DOR,Portland,St Andrews,,2 Mar 1740/41,Jenny,,WAY,,,,,,
DOR,Portland,St Andrews,,17 Mar 1740/41,Thomas,,WHITE,,,,,,
DOR,Portland,St Andrews,,20 Mar 1740/41,John,,ROD,,,,,,
DOR,Portland,St Andrews,,20 Mar 1740/41,Benjamin,,STONE,,,,,,
DOR,Portland,St Andrews,,23 Mar 1740/41,Susannah Sutton,,HOLDRIGE,,,,,,
DOR,Portland,St Andrews,,27 Mar 1741,Robt,,WIGGATE,,,,,,
DOR,Portland,St Andrews,,5 Apr 1741,Mary,,TOBY,,,,,,
DOR,Portland,St Andrews,,5 Apr 1741,Rebecca,,ATTWOOLL,,,,,,
DOR,Portland,St Andrews,,26 Apr 1741,John,,GIBBS,,,,,,
DOR,Portland,St Andrews,,4 May 1741,John,,ATTWOOLL,,,,,,
DOR,Portland,St Andrews,,7 May 1741,Richard,,MASTERS,,,,,,
DOR,Portland,St Andrews,,9 May 1741,Mary,,AYLES,,,,,,
DOR,Portland,St Andrews,,21 Jun 1741,Mary,,HIND,,,,,,
DOR,Portland,St Andrews,,5 Sep 1741,Robert,,PEARSE,,,,,,
DOR,Portland,St Andrews,,30 Sep 1741,Susannah,,LANO,,,,,,
DOR,Portland,St Andrews,,4 Nov 1741,Mary,,STEPHENS,,,,,,
DOR,Portland,St Andrews,,9 Dec 1741,Joseph,,SCHOLLAR,,,,,,
DOR,Portland,St Andrews,,27 Dec 1741,Richd,,PETERS,,,,,,
DOR,Portland,St Andrews,,23 Jan 1741/42,Susannah,,WIGGATE,,,,,,
DOR,Portland,St Andrews,,15 Feb 1741/42,Grace,,LANO,,,,,,
DOR,Portland,St Andrews,,12 Mar 1741/42,John,,GILBERT,,,,,,
DOR,Portland,St Andrews,,26 Mar 1742,Edward,,GLOVER,,,,,,
DOR,Portland,St Andrews,,2 Apr 1742,Mary,,SAMWAYS,,,,,,
DOR,Portland,St Andrews,,18 Apr 1742,John,,CHILDS,,,,,,
DOR,Portland,St Andrews,,25 Apr 1742,William,,RUSSELL,,,,,,
DOR,Portland,St Andrews,,12 May 1742,Michael,,JAMES,,,,,,
DOR,Portland,St Andrews,,30 May 1742,Robert,,SHADDOCK,,,,,,
DOR,Portland,St Andrews,,9 Jun 1742,Richd,,TOBY,,,,,,
DOR,Portland,St Andrews,,19 Jun 1742,Mary,,FLANN,,,,,,
DOR,Portland,St Andrews,,6 Jul 1742,Mary,,HANDSFORD,,,,,,
DOR,Portland,St Andrews,,26 Jul 1742,Thomas,,COMBEN,,,,,,
DOR,Portland,St Andrews,,15 Aug 1742,Joseph,,SCHOLLER,,,,,,
DOR,Portland,St Andrews,,15 Aug 1742,Walter Sutton,,HOLDRIGE,,,,,,
DOR,Portland,St Andrews,,27 Sep 1742,Elizabeth,,MITCHEL,,,,,,
DOR,Portland,St Andrews,,24 Oct 1742,Rebecca Sutton,,HOLDRIGE,,,,,,
DOR,Portland,St Andrews,,15 Nov 1742,John,,ROD,,,,,,
DOR,Portland,St Andrews,,28 Nov 1742,Catharina,,BENNET,,,,,,
DOR,Portland,St Andrews,,28 Jan 1742/43,Christiana,,MASCAL,,,,,,
DOR,Portland,St Andrews,,26 Feb 1742/43,Elisabeth,,AYLES,,,,,,
DOR,Portland,St Andrews,,5 Apr 1743,John,,WHITE,,,,,,
DOR,Portland,St Andrews,,14 Apr 1743,Sarah,,GLOVER,,,,,,
DOR,Portland,St Andrews,,17 Apr 1743,Edward,,PEARSE,,,,,,
DOR,Portland,St Andrews,,20 Apr 1743,Elisabeth,,WHITE,,,,,,
DOR,Portland,St Andrews,,13 May 1743,Robert,,PEARSE,,,,,,
DOR,Portland,St Andrews,,13 May 1743,Joseph,,PEARSE,,,,,,
DOR,Portland,St Andrews,,21 May 1743,William,,HIND,,,,,,
DOR,Portland,St Andrews,,21 May 1743,Richard,,TOBY,,,,,,
DOR,Portland,St Andrews,,19 Jun 1743,Mary,,READ,,,,,,
DOR,Portland,St Andrews,,14 Jul 1743,Betty,,ALLEN,,,,,,
DOR,Portland,St Andrews,,30 Jul 1743,Rebecca,,COMBEN,,,,,,
DOR,Portland,St Andrews,,31 Jul 1743,Betty,,SCHOLLAR,,,,,,
DOR,Portland,St Andrews,,1 Aug 1743,Abel,,FLEW,,,,,,
DOR,Portland,St Andrews,,3 Sep 1743,Ann,,NOSSITER,,,,,,
DOR,Portland,St Andrews,,2 Oct 1743,Abel,,SWEET,,,,,,
DOR,Portland,St Andrews,,27 Nov 1743,Mary,,PALMER,,,,,,
DOR,Portland,St Andrews,,3 Dec 1743,Mabeler,,CHILCOTT,,,,,,
DOR,Portland,St Andrews,,5 Dec 1743,Elisabeth,,HIND,,,,,,
DOR,Portland,St Andrews,,20 Dec 1743,Katherine,,ROD,,,,,,
DOR,Portland,St Andrews,,25 Dec 1743,Owen,,PEARSE,,,,,,
DOR,Portland,St Andrews,,2 Jan 1743/44,Katherine,,HARRIS,,,,,,
DOR,Portland,St Andrews,,6 Jan 1743/44,Edward,,ABBATH,,,,,,
DOR,Portland,St Andrews,,17 Jan 1743/44,Wm,,PEARSE,,,,,,
DOR,Portland,St Andrews,,3 Feb 1743/44,John,,BENFIELD,,,,,,
DOR,Portland,St Andrews,,20 Feb 1743/44,Joan,,SWEET,,,,,,
DOR,Portland,St Andrews,,16 Mar 1743/44,William,,PAINTER,,,,,,
DOR,Portland,St Andrews,,24 Apr 1744,Elisabeth,,HILLIER,,,,,,
DOR,Portland,St Andrews,,3 Jun 1744,John,,STONE,,,,,,
DOR,Portland,St Andrews,,27 Sep 1744,Elisabeth,,PEARSE,,,,,,
DOR,Portland,St Andrews,,28 Dec 1744,John,,ODAM,,,,,,
DOR,Portland,St Andrews,,20 Jan 1744/45,Thomas Symmonds,,SKINNER,,,,,,
DOR,Portland,St Andrews,,12 Feb 1744/45,George,,HOOPEY,,,,,,
DOR,Portland,St Andrews,,18 Mar 1744/45,Ann,,ATTWOOLL,,,,,,
DOR,Portland,St Andrews,,15 Jun 1745,Edward,,PEARSE,,,,,,
DOR,Portland,St Andrews,,11 Oct 1745,Rebecca,,WIGGATE,,,,,,
DOR,Portland,St Andrews,,29 Oct 1745,Thomas,,FLAN,,,,,,
DOR,Portland,St Andrews,,24 Nov 1745,Richard,,JENKINS,,,,,,
DOR,Portland,St Andrews,,3 Dec 1745,Rebecca,,WINTER,,,,,,
DOR,Portland,St Andrews,,23 Dec 1745,Giles,,COMBEN,,,,,,
DOR,Portland,St Andrews,,26 Dec 1745,Grace,,PEARSE,,,,,,
DOR,Portland,St Andrews,,23 Jan 1745/46,Thomas,,CHADDOCK,,,,,,
DOR,Portland,St Andrews,,4 Feb 1745/46,Norton,,CHEANNEY?,,,,,,
DOR,Portland,St Andrews,,12 Feb 1745/46,Edith,,PITT,,,,,,
DOR,Portland,St Andrews,,12 Feb 1745/46,Ann,,GOLLOP,,,,,,
DOR,Portland,St Andrews,,18 Feb 1745/46,Elisabeth,,COMBEN,,,,,,
DOR,Portland,St Andrews,,19 Feb 1745/46,Thomas,,FLEW,,,,,,
DOR,Portland,St Andrews,,23 Mar 1745/46,Mary,,STONE,,,,,,
DOR,Portland,St Andrews,,26 Mar 1746,Revd Daniel,,HARRIS,,,rector of Portland,,,
DOR,Portland,St Andrews,,30 Apr 1746,Edward,,TOBY,,,,,,
DOR,Portland,St Andrews,,31 May 1746,William,,MASTERS,,,,,,
DOR,Portland,St Andrews,,23 Jun 1746,John,,AYLES,,,,,,
DOR,Portland,St Andrews,,18 Jul 1746,John,,WELL,,,,,,
DOR,Portland,St Andrews,,25 Dec 1746,Zachariah,,WHITE,,,,,,
DOR,Portland,St Andrews,,5 Feb 1746/47,Robt,,GIBBS,,,,,,
DOR,Portland,St Andrews,,11 Feb 1746/47,Lydia,,PEARCE,,,,,,
DOR,Portland,St Andrews,,17 May 1747,John,,BYAT,,,,,,
DOR,Portland,St Andrews,,23 May 1747,Abraham,,NOSCITER,,,,,,
DOR,Portland,St Andrews,,7 Jun 1747,Jno,,STONE,,,,,,
DOR,Portland,St Andrews,,6 Oct 1747,Thos,,COMBEN,,,,,,
DOR,Portland,St Andrews,,16 Oct 1747,Jane,,SHADDOCK,,,,,,
DOR,Portland,St Andrews,,16 Oct 1747,Peter,,HUMBER,,,,,,
DOR,Portland,St Andrews,,25 Oct 1747,John,,HODGE,,,,,,
DOR,Portland,St Andrews,,26 Oct 1747,Elizabeth,,WATSON,infant,,,,,
DOR,Portland,St Andrews,,5 Nov 1747,Alice,,WHITE,infant,,,,,
DOR,Portland,St Andrews,,15 Nov 1747,Susannah,,PAINTER,,,,,,
DOR,Portland,St Andrews,,18 Nov 1747,Robt,,TOBY,,,,,,
DOR,Portland,St Andrews,,20 Dec 1747,Martha,,WIGGAT,,,,,,
DOR,Portland,St Andrews,,20 Dec 1747,Edith,,PITT,infant,,,,,
DOR,Portland,St Andrews,,27 Dec 1747,Jno,,STONE,,,,,,
DOR,Portland,St Andrews,,13 Jan 1747/48,Robt,,PEARCE,,,,,,
DOR,Portland,St Andrews,,14 Jan 1747/48,Margery,,FLEW,,,,,,
DOR,Portland,St Andrews,,15 Jan 1747/48,Hannah,,BYAT,,,,,,
DOR,Portland,St Andrews,,19 Jan 1747/48,Catherine,,PEARCE,,,,,,
DOR,Portland,St Andrews,,30 Jan 1747/48,Wm,,ALLEN,,,,,,
DOR,Portland,St Andrews,,4 Feb 1747/48,Edward,,ATTWOOL,,,,,,
DOR,Portland,St Andrews,,9 Feb 1747/48,Jno,,WAY,,,,,,
DOR,Portland,St Andrews,,9 Feb 1747/48,Wm Ously,,ATTWOOL,,infant,,,,
DOR,Portland,St Andrews,,15 Feb 1747/48,Susannah,,ATTWOLL,,,,,,
DOR,Portland,St Andrews,,23 Feb 1747/48,Esther,,HIND,,,,,,
DOR,Portland,St Andrews,,27 Feb 1748,Wm,,WHITE,,,,,,
