+INFO,capn-bob@pegleg2.demon.co.uk,password,SEQUENCED,MARRIAGES
#,CCC,Robert Wilkins,Dorset,DORPOAMA3.CSV,13-Feb-2010
#,CREDIT,Ken Saunders,kvs1@compuserve.com
#,13-Feb-2010,,,
+LDS
DOR,Portland,St Andrews,,9 Jun 1755,Edward,COOTE,,,,,,Elizabeth,PAINTER,,,,,,,,,,,,John,FUZZARD,John,STICKLAND,,,
DOR,Portland,St Andrews,,19 Apr 1755,Zechariah,WHITE,,,,,,Margery,HELLIAR,,,,,,,,,,,,Anne (mark Of),HELLIAR,Solomon,AILES,,,
DOR,Portland,St Andrews,,19 Jun 1755,Henry,BYATT,,,,,,Jane,WHITTLE,,,,,,,,,,,,Shadrack (mark Of),STONE,Solomon,AILES,,,
DOR,Portland,St Andrews,,5 Jul 1755,Abel,COMBEN,,,,,,Sarah,SWEET,,,,,,,,,,,,Jonathan,?,,,,,
DOR,Portland,St Andrews,,25 Sep 1755,James,WHITTEL,,,,,,Grace,RUSELL,,,,,,,,,,,,John,RUSSEL,Edward (mark Of),RUSSELL,,,
DOR,Portland,St Andrews,,31 Oct 1755,John,PEARCE,,,,,,Susanna,LANO,,,,,,,,,,,,John,COLLINS,William,PEARCE,,,
DOR,Portland,St Andrews,,4 Dec 1755,Daniel,ANDREWS,,,,,,Grace,ELLIOT,,,,,,,,,,,,Henery snr,ELLIOTT,Henry jnr,ELLIOTT,,,
DOR,Portland,St Andrews,,10 Jan 1756,William,ANTHONY,,,,,,Mary,STOUDLEY,,,,,,,,,,,,Edward,COMBEN,Robert,COMBEN,,,
DOR,Portland,St Andrews,,26 Jan 1756,Henry,SKINNER,,,,,,Rebecca,WHITTLE,,,,,,,,,,,,William,PEARCE,Phillip,DORANT,,,
DOR,Portland,St Andrews,,25 Feb 1756,Joseph,DISKET,,,,,,Ann,WINTER,,,,,,,,,,,,Joseph,REDE,William,WHITE,,,
DOR,Portland,St Andrews,,4 Aug 1756,Richard,HILLIER,,,,,,Mary,NOSCITOR,,,,,,,,,,,,John,NOSTER,John,NOSTER,,,
DOR,Portland,St Andrews,,13 Oct 1756,Robert,ATTWOLL,,,,,,Rebeccah,ANDREWS,,,,,,,,,,,,Richard,SCHOLLAR,Abel,ATTWOOLL,,,
DOR,Portland,St Andrews,,18 Oct 1756,John,COX,,,,,,Mary,COX,,,,,,,,,,,,Augustine,ELLIOTT,William,COX,,,
DOR,Portland,St Andrews,,25 Dec 1756,Stephen,DRYER,,,,,,Elizabeth,PEARCE,,,,,,,,,,,,Abel,COMBEN,John,PEARCE,,,
DOR,Portland,St Andrews,,20 Jan 1757,Philip,DURRANT,,,,,,Ann,BYATT,,,,,,,,,,,,Shadrack,STONE,Robert,PEARCE,,,
DOR,Portland,St Andrews,,5 May 1757,James,MOORE,,Hinton St Mary,,,,Rebecca,STONE,,,,,,,,,,,,Thos,ROPER,William,STONE,,,
DOR,Portland,St Andrews,,8 Aug 1757,Thomas,COMBEN,,,,,,Mary,LANO,,,,,,,,,,,,Jno,COLLINS,Wm,PEARCE,,,
DOR,Portland,St Andrews,,26 Sep 1757,Richard,SCHOLAR,,,,,,Margaret,ATWOOL,,,,,,,,,,,,John,HOLLAND,Mary (mark of),ATWOOL,,,
DOR,Portland,St Andrews,,30 Nov 1757,William,COX,,,,,,Mary,BYETTS,,,,,,,,,,,,William,PEARCE,Peter,VINE,,,
DOR,Portland,Tabernacle,,20 Apr 1758,John,DISCOT,,Singleton Sussex,,,,Hannah,WAY,,,,,,,,,,,,Robert,PEARCE,John,MOIES,,,
DOR,Portland,Tabernacle,,2 Jul 1758,William,WEY,,,,,,Sarah,HELLIER,,,,,,,,,,,,John,WAY,John,MOIES,,,
DOR,Portland,Tabernacle,,10 Jul 1758,John,NOSTER,,,,,,Ann,PEARCE,,,,,,,,,,,,Robert,PEARCE,William,PEARCE,,,
DOR,Portland,Tabernacle,,4 Sep 1758,Nathan,GRANT,,,,,,Sarah,WINTER,,,,,,,,,,,,Abraham,WINTER,John,PEARCE,,,
DOR,Portland,Tabernacle,,5 Sep 1758,Robert,RUSSEL,,,,,,Barbara,AYLES,,,,,,,,,,,,John,MOIES,William,?,,,
DOR,Portland,Tabernacle,,23 Oct 1758,Thomas,LANE,,,,,,Cathirine,ANDREWS,,,,,,,,,,,,Daniel,ANDREWS,John,COLLINS,,,
DOR,Portland,Tabernacle,,8 Dec 1758,Nicholas,WAY,,,,,,Elizabeth,TOBEY,,,,,,,,,,,,William,NELSON,Shadrack,STONE,,,
DOR,Portland,Tabernacle,,1 Jan 1759,Shadrack,STONE,,,,,,Mary,PEARCE,,,,,,,,,,,,Robert,PEARCE,Thos,ROPER,,,
DOR,Portland,Tabernacle,,17 Jan 1759,Thomas,COMBEN,,,,,,Martha,ANTHONY,,,,,,,,,,,,John,STONE,Robert,DRIAR,,,
DOR,Portland,Tabernacle,,20 Feb 1759,Shadreck,STONE,,,,,,Hannah,WAY,,,,,,,,,,,,William,NELSON,Robert,DRIER,,,
DOR,Portland,Tabernacle,,20 Feb 1759,John,SYMES,,,,,,Betty,LUCAS,,Martinstown,,,,,,,,,,John,FOOKES,Abraham,ANTHONY,,,
DOR,Portland,Tabernacle,,7 May 1759,Robert,ATWOOL,,,,,,Grace,PITT,,,,,,,,,,,,Robert,PITT,Henery,PITT,,,
DOR,Portland,Tabernacle,,5 Oct 1759,Abraham,FLANNS,,,,,,Margery,ANDREWS,,,,,,,,,,,,Daniel,ANDREWS,John,COLLINS,,,
DOR,Portland,Tabernacle,,15 Oct 1759,Jonathan,SWEET,,,,,,Elizabeth Allen,STONE,,,,,,,,,,,,William,HIND,Abel,COMBEN,,,
DOR,Portland,Tabernacle,,21 Oct 1759,William,WALLIS,,,,,,Ann,NOSSITER,,,,,,,,,,,,Robert,PEARCE,Wm,MOULAM,,,
DOR,Portland,Tabernacle,,3 Nov 1759,Richard,HANSFORD,,,,,,Joanna,MURREN,,,,,,,,,,,,Thomas,PITT,Wm,MOULAM,,,
DOR,Portland,Tabernacle,,20 Dec 1759,Robert,MITCHELL,,,,,,Jane,ANDREWS,,,,,,,,,,,,John,MITCHELL,Wm,MOULAM,,,
DOR,Portland,Tabernacle,,9 Feb 1760,John,ATWOOL,,,,,,Ann,SHADDOCK,,,,,,,,,,,,,Jonathan,COMBEN,John (mark of),ATWOOL,,
DOR,Portland,Tabernacle,,5 Apr 1760,John,TOBEY,,,,,,Elizabeth,JACOB,,,,,,,,,,,,Wm,READ,Robert,PEARCE,,,
DOR,Portland,Tabernacle,,19 Apr 1760,John,WHITE,,,,,,Anne,WINTER,,,,,,,,,,,,Abraham,WINTER,John,PEARCE,,,
DOR,Portland,Tabernacle,,15 May 1760,John,STONE,,,,,,Mary,WHITE,,,,,,,,,,,,Abraham,NOSTER,Richard,LOWMAN,,,
DOR,Portland,Tabernacle,,15 May 1760,Thomas,HARRIS,,,,,,Elizabeth,NEWMAN,,,,,,,,,,,,John,STONE,Richd,LOWMAN,,,
DOR,Portland,Tabernacle,,31 Jul 1760,Benjamin,PEARCE,,,,,,Susanna,PEARCE,,,,,,,,,,,,,William,BUTTS,Lucas,?,,
DOR,Portland,Tabernacle,,20 Aug 1760,Jasper,TEWKSBURY,,Holwell,,,,Sarah,FLANN,,,,,,,,,,,,,,John,WALLIS,Henry,,
DOR,Portland,Tabernacle,,6 Oct 1760,William,WHITE,,,,,,Anne,ATWOOLL,,,,,,,,,,,,,William,WAY,John,ALLEN,,
DOR,Portland,Tabernacle,,20 Oct 1760,Robert,ANTHONY,,,,,,Jane,SWEET,,,,,,,,,,,,,William,HINDE,Bartholomew,COMBEN,,
DOR,Portland,Tabernacle,,22 Jan 1761,John,NEWMAN,,,,,,Hannah,BYATT,,,,,,,,,,,,,John,PEARCE,John,PEARCE,,
DOR,Portland,Tabernacle,,5 Apr 1761,Christopher,SKINNER,,,,,,Martha,WILLIAMS,,,,,,,,,,,,,Shadrack,STONE,Wm,MOULAM,,
DOR,Portland,Tabernacle,,6 Jul 1761,Robert,PERIAM,,Folk,,,,Mary,FOWLER,,,,,,,,,,,,,John,ALLEN,Jonathan,COMBEN,,
DOR,Portland,Tabernacle,,9 Jul 1761,Henry,SANSOM,,,,,,Mary,ATWOOL,,,,,,,,,,,,,Robt,ATTWOOLL,Thomas,AYLES,,
DOR,Portland,Tabernacle,,13 Dec 1761,John,GUPPY,,,,,,Jane,WHITE,,,,,,,,,,,,,John,ALLEN,John,HELLYOR,,
DOR,Portland,Tabernacle,,21 Apr 1762,John,PEARCE,,,,,,Rebecca,ATTWOOLL,,,,,,,,,,,,,Stephen,DRIER,Ed,ATTWOOLL,,
DOR,Portland,Tabernacle,,25 Apr 1762,James,MOORE,,,,,,Elizabeth,ASKYLL,,,,,,,,,,,,,Shadrack,STONE,William,GILBERT,,
DOR,Portland,Tabernacle,,23 May 1762,Matthew,FLANN,,,,,,Agnes,ELLIOT,,,,,,,,,,,,,Robert,PITT,William,WHITE,,
DOR,Portland,Tabernacle,,29 Jul 1762,William,ODBER,,Stower Provost,,,,Mary,WATSON,,,,,,,,,,,,,Nathanial,GRAY,William,GILBERT,,
DOR,Portland,Tabernacle,,12 Aug 1762,John,STONE,,,,,,Rebecca,WIGGOT,,,,,,,,,,,,,William,WIGGATT,John,HELLYER,,
DOR,Portland,Tabernacle,,24 Aug 1762,Peter,VINE,,,,,,Jenny,HOLLAND,,,,,,,,,,,,,John,PEARCE,Thomas,?,,
DOR,Portland,Tabernacle,,6 Sep 1762,John,ATWELL,,,,,,Ann,COMBEN,,,,,,,,,,,,,Jane,COMBEN,Betty,PITT,,
DOR,Portland,Tabernacle,,1 Oct 1762,Abraham,NOSETER,,,,,,Rebecca,LANO,,,,,,,,,,,,,Jonathan,COMBEN,John,STONE,,
DOR,Portland,Tabernacle,,16 Oct 1762,Francis,NOSITER,,,,,,Grace,ATWOOLL,,,,,,,,,,,,,John,NORSTER,Stephen,DRIER,,
DOR,Portland,Tabernacle,,25 Dec 1763,James,CHILES,,,,,,Sarah,JACKET,,,,,,,,,,,,,,John,ALLLEN,Mary,,
DOR,Portland,Tabernacle,,9 Dec 1762,Robert,COMBEN,,,,,Southwell,Katherine,RAYMOND,,,,,,,,,,,,,William,William,HIND,,,
DOR,Portland,Tabernacle,,9 Dec 1762,Benjamin,GIBBS,,,,,Easton,Agnes,STONE,,,,,,,,,,,,,Shadrack,STONE,William,PEARCE,,
DOR,Portland,Tabernacle,,15 Dec 1762,Henry,STONE,,,,,,Elizabeth,ROOD,,,,,,,,,,,,,John,STONE,John,WINTER,,
DOR,Portland,Tabernacle,,27 Dec 1762,Benjamin,JAMES,,,,,,Mary,JACOBS,,,,,,,,,,,,,Abr,WINTER,Robert,PEARCE,,
DOR,Portland,Tabernacle,,1 Jan 1763,Bartholomew,COMBEN,,,,,,Mary,SANSOM,,,,,,,,,,,,,Christopher,GIBBS,Thomas,AYLES,,
DOR,Portland,Tabernacle,,3 Jan 1763,Stephen,CROSSMAN,,Melcombe Regis,,,,Edith,ELLIOT,,,,,,,,,,,,,William,PEARCE,John,PEARCE,,
DOR,Portland,Tabernacle,,9 Apr 1763,James,GOODRIDGE,,,,,,Alice,READ,,,,,,,,,,,,,Benj,PEARCE,Thomas,READ,,
DOR,Portland,Tabernacle,,9 Apr 1763,Edward,WHITTLE,,,,,,Hannah,HARRIS,,,,,,,,,,,,,Benj,PEARCE,Thomas,READ,,
DOR,Portland,Tabernacle,,25 Apr 1763,William,HIND,,,,,,Agnes,COMBEN,,,,,,,,,,,,,Abel,COMBEN,Robert,WIGGATT,,
DOR,Portland,Tabernacle,,28 May 1763,Robert,DRYER,,,,,,Elizabeth,COMBEN,,,,,,,,,,,,,Richd,PITT,Thos,PICOT,,
DOR,Portland,Tabernacle,,9 Jul 1763,Thomas,WHITE,,,,,,Mary,BENNETT,,,,,,,,,,,,,Robert,PITT,Christopher,GIBBS,,
DOR,Portland,Tabernacle,,16 Jul 1763,John,STONE,,,,,,Esther,TOBY,,,,,,,,,,,,,Shadrack,STONE,William,STONE,,
DOR,Portland,Tabernacle,,18 Sep 1763,Thomas,GIBBS,,Folkstone Kent,,,,Jane,COMBEN,,,,,,,,,,,,,John,WAY,Henry,ATTWOOLL,,
DOR,Portland,Tabernacle,,29 Dec 1763,Christopher,GIBBS,,,,,,Jenny,PIT,,,,,,,,,,,,,Robert,PITT,Robert,ATTWOOLL,,
DOR,Portland,Tabernacle,,16 Jan 1764,William,MILE,,Greenwich Kent,,,,Mary,COMBEN,,,,,,,,,,,,,George,JIFFERSON,John,TRENHAYLE,,
DOR,Portland,Tabernacle,,6 Feb 1764,William,CHICK,,,,,,Grace,MUDDLE,,,,,,,,,,,,,Jannens,ATTWOOLL,William,GILBERT,,
DOR,Portland,Tabernacle,,13 Feb 1764,Edward,TOBY,,,,,,Margery,PEARCE,,,,,,,,,,,,,David,GASS,William,READ,,
DOR,Portland,Tabernacle,,28 Feb 1764,Thomas,SYMES,,Portisham,,,,Alice,HENDY,,,,,,,,,,,,,Willm,READ,Henery,WINTER,,
DOR,Portland,Tabernacle,,15 May 1764,Robert,ROOD,,,,,,Elizabeth,WALLIS,,,,,,,,,,,,,George,JIFFERSON,Thomas,MITCHELL,,
DOR,Portland,Tabernacle,,26 May 1764,David,GLASS,,,,,,Dorothy,AYLES,,,,,,,,,,,,,John,ALLEN,Bartholomew,COMBEN,,
DOR,Portland,Tabernacle,,26 May 1764,Robert,MITCHEL,,,,,,Margery,ANDREWS,,,,,,,,,,,,,John,ALLEN,Bartho,COMBEN,,
DOR,Portland,Tabernacle,,26 May 1764,Edward,NEWMAN,,,,,,Sarah,WHITE,,,,,,,,,,,,,Abraham,NOSTOR,John,STONE,,
DOR,Portland,Tabernacle,,11 Jun 1764,John Pitt,WALLIS,,,,,,Sarah,ATTWOOL,,,,,,,,,,,,,William,WHITE,Robert,ROOD,,
DOR,Portland,Tabernacle,,27 Jun 1764,John,SCRIVEN,,,,,,Ann,GIBBS,,,,,,,,,,,,,Richd,TODHUNTER,John,PEARCE,,
DOR,Portland,Tabernacle,,15 Jul 1764,Robert,GREY,,Dorchester,,,,Mary,GILBERT,,,,,,,,,,,,,John,GOODEREDGE,William,GILBERT,,
DOR,Portland,Tabernacle,,26 Jul 1764,Edward,STONE,,,,,,Sarah,WINTER,,,,,,,,,,,,,Henry,WINTER,John Smith,TIZARD,,
DOR,Portland,Tabernacle,,9 Aug 1764,Thomas,JACOB,,,,,,Mary,TOBY,,,,,,,,,,,,,William,READ,William,BAILEY,,
DOR,Portland,Tabernacle,,12 Sep 1764,Robert,ATWOLL,,,,,,'-,WHITE,,,,,,,,,,,,,John,WAY,Wm,?,,
DOR,Portland,Tabernacle,,8 Nov 1764,William,PITT,,,,,,Elizabeth,GILBERT,,,,,,,,,,,,,Eliziabeth,GILBERT,Robert,PITT,,
DOR,Portland,Tabernacle,,21 Dec 1764,Zachariah,WHITE,,,,,,Mary,GIBBS,,,,,,,,,,,,,Benjamin,PEARCE,Abram,NOSTER,,
DOR,Portland,Tabernacle,,24 Dec 1764,William,BENNET,,,,,,Jenny,JACOBS,,,,,,,,,,,,,William,READ,Richard,BENNETT,,
DOR,Portland,Tabernacle,,18 May 1765,Edward,ATTWOOLL,,,,,,Mary,PITT,,,,,,,,,,,,,Robert,PITT,William,PITT,,
DOR,Portland,Tabernacle,,3 Jul 1765,Robert,MILLER,,,,,,Susanna,GIBBS,,,,,,,,,,,,,Benj,PEARCE,Edward,WHITTEL,,
DOR,Portland,Tabernacle,,13 Aug 1765,Thomas,PITT,,,,,,Sarah,PAVET,,,,,,,,,,,,,Robert,PITT,Elizabeth,PITT,,
DOR,Portland,Tabernacle,,14 Aug 1765,Wm,POTTS,,,,,,Margery,TOBY,,,,,,,,,,,,,John,WAY,Edith (mark of),SWEET,,
DOR,Portland,Tabernacle,,23 Sep 1765,John,PEARCE,,,,,,Elizabeth,ATWELL,,,,,,,,,,,,,Benjamin,PEARCE,Edwd,ATTWOOLL,,
DOR,Portland,Tabernacle,,21 Nov 1765,Owen,LANO,,,,,,Rebecca,PEARCE,,,,,,,,,,,,,Stepn,CROSSMAN,John,PEARCE,,
DOR,Portland,Tabernacle,,23 Dec 1765,Henry,MILLER,,,,,,Alice,GOODERIDGE,,,,,,,,,,,,,William,READ,John,GOODERIDGE,,
DOR,Portland,Tabernacle,,26 Dec 1765,Richd,WHITE,,,,,,Sarah,FLANN,,,,,,,,,,,,,Robert,PITT,John,GOODEREDGE,,
DOR,Portland,Tabernacle,,28 Dec 1765,Thomas,STEVENS,,,,,,Edith,PEARCE,,,,,,,,,,,,,Matthew,FLANN,Henery,HELLYER,,
DOR,Portland,Tabernacle,,29 Dec 1765,Thomas,MURREN,,,,,,Jane,JAMES,,,,,,,,,,,,,Edwd,ATTWOOLL,Wm,MUDDLE,,
DOR,Portland,Tabernacle,,6 Jan 1766,John,ROOD,,,,,,Ruth,WINTER,,,,,,,,,,,,,Abraham,WINTER,Thomas,STEVENS,,
DOR,Portland,Tabernacle,,6 Jan 1766,Joseph,GODDEN,,,,,,Margaret,HOLLAND,,,,,,,,,,,,,Peter,VINE,John,PEARCE,,
DOR,Portland,Tabernacle,,13 Jan 1766,Joseph,HARDY,,,,,,Sarah,STOODLEY,,,,,,,,,,,,,Wm,HELYAR,Ed,EVANS,,
DOR,Portland,Tabernacle,,26 Apr 1766,William Gilbert,ATWELL,,,,,,Edith,PITT,,,,,,,,,,,,,Robert,PITT,Robert,ATTWOOLL,,
DOR,Portland,St Georges,,12 Sep 1766,Robert,MITCHELL,,,,,,Mary,WINTER,,,,,,,,,,,,,Abraham,WINTER,Henry,WINTER,,
DOR,Portland,St Georges,,27 Sep 1766,Jennings,ATWOOLL,,,,,,Betty,SCHOLLAR,,,,,,,,,,,,,William,GILBERT,Henry,SANSOM,,
DOR,Portland,St Georges,,11 Oct 1766,Robert,STONE,,,,,,Ann,ROD,,,,,,,,,,,,,Isaac,ROD,John,HELLYOR,,
DOR,Portland,St Georges,,25 Oct 1766,John,GIFFARD,,,,,,Grace,HIND,,,,,,,,,,,,,Richard,LOWMAN,William,HINDE,,
DOR,Portland,St Georges,,15 Dec 1766,Robert,MILLER,,,,,,Betty,GODDING,,Portisham,,,,,,,,,,John,GODEN,John,HELLYR,,,
DOR,Portland,St Georges,,1 Jan 1767,John,WAY,,,,,,Mary,SHADDOCK,,,,,,,,,,,,,David,GLASS,Shadrack,STONE,,
DOR,Portland,St Georges,,23 Feb 1767,John,DAVIS,,,,,,Rebekah,COMBEN,,,,,,,,,,,,,Thos,GIBBS,John,ATWOOLL,,
DOR,Portland,St Georges,,28 Feb 1767,James,WALLIS,,,,,,Katherine,PEARCE,,,,,,,,,,,,,Robert,COMBEN,Edward,PEARCE,,
DOR,Portland,St Georges,,13 Mar 1767,John Jnr,CAWLEY,,Topsham Devon,,Surgeon,,Elizabeth,ROPER,,,,,,,,,,,,,Wm,HELYAR,R,DAUBERRY,,
DOR,Portland,St Georges,,13 Apr 1767,Robert,HOSKINS,,,,,,Mary,READ,,,,,,,,,,,,,William,READ,Richard,FOOKE,,
DOR,Portland,St Georges,,18 Jul 1767,Henry,PIT,,,,,,Polly,ALLEN,,,,,,,,,,,,,William,ALLEN,Sarah,ANDREWS,,
DOR,Portland,St Georges,,24 Jul 1767,William,STONE,,,,,,Grace,AYLES,,,,,,,,,,,,,John,FRIEND,John,PEARCE,,
DOR,Portland,St Georges,,27 Jul 1767,William,NORRIS,,Forthington DOR,,,,Martha,IRONSIDE,,,,,,,,,,,,,Robert,DRIER,William,BUTTS,,
DOR,Portland,St Georges,,28 Jul 1767,Benjamin,STONE,,,,,,Katherine White,ATWOOL,,,,,,,,,,,,,Shadrack,STONE,Jonathan,SWEETT,,
DOR,Portland,St Georges,,25 Sep 1767,William,ALLEN,,Portland,,,,Elizabeth,TOBY,,,,,,,,,,,,,William,READ,John,HELLYOR,,
DOR,Portland,St Georges,,6 Feb 1768,John,WHITE,,,,,,Elizabeth,SHADDOCK,,,,,,,,,,,,,Richard,BENNETT,Stephen,CROSSMAN,,
DOR,Portland,St Georges,,13 Feb 1768,Thomas,NEWMAN,,,,,,Judith,OTTERLER,,,,,,,,,,,,,Robert,PEARCE,Malachy,WHICKER,,
DOR,Portland,St Georges,,15 Feb 1768,Thomas,ELLIS,,,,,,Margaret,NEWMAN,,,,,,,,,,,,,Malachy,WHICKER,Robert,MITCHELL,,
DOR,Portland,St Georges,,10 Mar 1768,Stephen,ABBOT,,Weymouth,,Mariner,,Anne,GILBERT,,,,,,Isaac,ABBOTT,,William,GILBERT,,William,GILBERT,Isaac,ABBOTT,,,
DOR,Portland,St Georges,,21 Mar 1768,John,ELLIOTT,,,,,,Mary,BINFIELD,,,,,,,,,,,,,Robert,PEARCE,Edward,PEARCE,,
DOR,Portland,St Georges,,26 Apr 1768,Robert,PEARCE,,,,,,Marry,WIGGOTT,,,,,,,,,,,,,Benj,PEARCE,Robert,WIGGATT,,
DOR,Portland,St Georges,,2 May 1768,Bartholomew,COMBEN,,,,,,Judith,SWEET,,,,,,,,,,,,,Robert,WIGGATT,Robert,DRIER,,
DOR,Portland,St Georges,,18 Jun 1768,Robert,WIGGOTT,,,,,,Joan,DURRANT,,,,,,,,,,,,,Robert,PEARCE,Bartho,COMBEN,,
DOR,Portland,St Georges,,23 Aug 1768,William,WAY,,,,,,Grace,FLANN,,,,,,,,,,,,,Shadrack,STONE,William,READ,,
DOR,Portland,St Georges,,2 Oct 1768,John,BARTLETT,,,,,,Susanna,HILLIER,,,,,,,,,,,,,William,BUTTS,Henery,HELLYER,,
DOR,Portland,St Georges,,10 Nov 1768,Abel,SWEET,,,,,,Elizabeth,HOLLAND,,,,,,,,,,,,,Henery,HELLYER,John,STONE,,
DOR,Portland,St Georges,,10 Nov 1768,John,MITCHELL,,,,,,Mary,STONE,,,,,,,,,,,,,John,STONE,Abell,SWEETT,,
DOR,Portland,St Georges,,7 Nov 1768,William,ATTWOOLL,,,,,,Margery,WAY,,,,,,,,,,,,,William,WAY,Robert,PEARCE,,
DOR,Portland,St Georges,,12 Nov 1768,William,READ,,,,,,Alice,MITCHELL,,,,,,,,,,,,,Thomas,READ,Richard,BENNETT,,
DOR,Portland,St Georges,,19 May 1769,William,PEARCE,,,,,,Jane,PEARCE,,,,,,,,,William,PEARCE,,William,PEARCE,Bartholomew,COMBEN,,,
DOR,Portland,St Georges,,20 Oct 1769,Richd,LANO,,,,,,Jane,SANSOM,,,,,,,,,,,,,Abraham,NOSTER,Bartho,COMBEN,,
DOR,Portland,St Georges,,28 Oct 1769,Nathan,GRANT,,,,,,Elizabeth,WHITTEL,,,,,,,,,,,,,Abraham,WINTER,William,BUTTS,,
DOR,Portland,St Georges,,23 Nov 1769,John,GOODRIDGE,,,,,,Elizabeth,COMBEN,,,,,,,,,,,,,Edward,ATTWOOLL,William,BUTTS,,
DOR,Portland,St Georges,,23 Nov 1769,Edward,STONE,,,,,,Sarah,READ,,,,,,,,,,,,,Abraham,WINTER,Edward,ATTWOOLL,,
DOR,Portland,St Georges,,21 Dec 1769,John,THORNER,,,,,,Elizabeth,EYLES,,,,,,,,,,,,,William,BUTTS,Abraham,WINTER,,
DOR,Portland,St Georges,,21 Dec 1769,George,ELLIOTT,,,,,,Mary,BROWN,,,,,,,,,,,,,William,BUTTS,Abraham,WINTER,,
DOR,Portland,St Georges,,4 Jan 1770,Edward,PEARCE,,,,,,Jane,SCHOLAR,,,,,,,,,,,,,Peter,VINE,William,BUTTS,,
DOR,Portland,St Georges,,29 Jan 1770,Thomas,FLEW,,,,,,Rebecca,PEARCE,,,,,,,,,,,,,Benj,PEARCE,William,BUTTS,,
DOR,Portland,St Georges,,15 Feb 1770,John,ROD,,,,,,Lucy,STONE,,,,,,,,,,,,,William,STONE,William,BUTTS,,
DOR,Portland,St Georges,,18 May 1770,John,BYETT,,,,,,Agnes,STONE,,,,,,,,,,,,,William,BUTTS,Shadrack,STONE,,
DOR,Portland,St Georges,,28 May 1770,William,GIBBS,,,,,,Elizabeth,ELLIOTT,,,,,,,,,,,,,Wm,ELLIOTT,William,BUTTS,,
DOR,Portland,St Georges,,12 Jul 1770,Henry,HELLIAR,,,,,,Tabitha,PEARCE,,,,,,,,,,,,,Thomas,STEVENS,William,BUTTS,,
DOR,Portland,St Georges,,4 Aug 1770,John,PEARCE,,,,,,Agnes,HIND,,,,,,,,,,,,,William,PEARCE,William,BUTTS,,
DOR,Portland,St Georges,,7 Aug 1770,Thomas,COMBEN,,,,,,Susanna,SWEET,,,,,,,,,,,,,Abel,COMBEN,William,BUTTS,,
DOR,Portland,St Georges,,10 Sep 1770,Henry,PITFIELD,,,,,,Elizabeth,SWEET,,,,,,,,,,,,,William,BUTTS,William,READ,,
DOR,Portland,St Georges,,22 Oct 1770,Isaac,ROD,,,,,,Jenny,HELLIAR,,,,,,,,,,,,,Stepn,CROSSMAN,William,BUTTS,,
DOR,Portland,St Georges,,8 Dec 1770,Malachi,WHICKER,,Melcomb Regis,,,,Susannah,PAINTER,,,,,,,,,,,,,Nicholas,HOSKINS,William,BUTTS,,
DOR,Portland,St Georges,,26 Jan 1771,Richard,BENNET,,,,,,Susanna,WILLIAM,,Fleet,,,,,,,,,,John,ANGEL,William,BUTTS,,,
DOR,Portland,St Georges,,25 Mar 1771,John,CHAPPLE,,Wyke Regis,,,,Jane,CHICK,,,,,,,,,,,,John,PUCKETT,William,BUTTS,,,
DOR,Portland,St Georges,,4 Apr 1771,Nicholas,MITCHELL,,,,,,Elizabeth,MARSHALSAY,,Chickerel,,,,,,,,,,Edward,PEARCE,Shadrack,STONE,,,
DOR,Portland,St Georges,,27 Apr 1771,Edward,ATTWOOLL,,,,,,Grace,TOBY,,,,,,,,,,,,,Abel,ATTWOOLL,William,BUTTS,,
DOR,Portland,St Georges,,6 Jun 1771,Edward,CROUCH,,Melcomb Regis,,Mariner,,Elizabeth,GILBERT,,,,,,,,,,,,,William,PEARCE,William,BUTTS,,
DOR,Portland,St Georges,,14 Aug 1771,William,SER,,,,,,Margaret,LOWMAN,,,,,,,,,,,,,Richard,LOWMAN,William,BUTTS,,
DOR,Portland,St Georges,,16 Aug 1771,John,ALLEN,minor,,,,,Rebecca,COMBEN,minor,,,,,William ALLEN,,,,,,William,ALLEN,John,GOODERIDGE,,,
DOR,Portland,St Georges,,31 Aug 1771,Abel,ATTWOOLL,,,,,,Susanna,WIGGOT,,,,,,,,,,,,,Edwd,PEARCE,Rob,ATTWOOLL,,
DOR,Portland,St Georges,,24 Oct 1771,William,ELLIOT,,,,,,Mary,ANGEL,,,,,,,,,,,,,John,ANGEL,William,GIBBS,,
DOR,Portland,St Georges,,26 Oct 1771,Robert,SHADDOCK,,,,,,Ann,ATTWOOLL,,,,,,,,,,,,,Henry,WESTON,William,READ,,
DOR,Portland,St Georges,,21 Nov 1771,Thomas,LANO,,,,,,Susanna,MUDDLE,,,,,,,,,,,,,William,PEARCE,Edward,PEARCE,,
DOR,Portland,St Georges,,1771,Thos,FLANN,,,,,,Betty,MUDDLE,,,,,,,,,,,,,CHR,SKINNER,ROBERT,COMBEN,,
DOR,Portland,St Georges,,15 Nov 1771,John,STONE,,,,,,Agnes,STONE,,,,,,,,,,,,,Shadrack,STONE,John,STONE,,
DOR,Portland,St Georges,,17 Jan 1772,Edward,PEARCE,,,,,,Susanna,ATTWOLL,,,,,,,,,,,,,William,PEARCE,William,BUTTS,,
DOR,Portland,St Georges,,10 Jul 1772,Henry,PEARCE,,,,,,Anne,SCHOLLAR,,,,,,,,,,,,,Jennens,ATTWOOLL,William,SCHOLLAR,,
DOR,Portland,St Georges,,27 Jan 1773,Bartholomew,COMBEN,,,,,,Susanna,SANSOM,,,,,,,,,,,,,Benj,PEARCE,William,READ,,
DOR,Portland,St Georges,,12 Feb 1773,Thomas,LANO,,,,,,Mary,SCHOLAR,,,,,,,,,,,,,Jennenns,ATWOOL,William,BUTTS,,
DOR,Portland,St Georges,,19 Mar 1773,Edward,PEARCE,,,,,,Joan,LANO,,,,,,,,,,,,,Thomas,LAND,Willliam,BUTTS,,
DOR,Portland,St Georges,,9 Apr 1773,John,ANGEL,,,,,,Betty,PITT,,,,,,,,,,,,,Robert,PITT,Chr,GIBBS,,
DOR,Portland,St Georges,,17 Apr 1773,Richd,CUMBEN,,,bach,,,Mary Stone,HOSKINS,,,,,,,,,,,,,Robert,BENNETT,William,BUTTS,,
DOR,Portland,St Georges,,19 Apr 1773,Richard,LOWMAN,,,,,,Mary,COMBEN,,,Widow,,,,,,,,,William,PEARCE,William,BUTTS,,,
DOR,Portland,St Georges,,30 Apr 1773,John,STEVENS,,,,,,Susanna,PEARCE,,,,,,,,,,,,,John,PEARCE,William,BUTTS,,
DOR,Portland,St Georges,,28 May 1773,John,ELLIOT,,,,,,Mary,COMBEN,,,,,,,,,,,,,Robert,PEARCE,William,BUTTS,,
DOR,Portland,St Georges,,19 Sep 1773,Joseph,HARDY,,Broadway,,,,Hannah,NEWMAN,,,,,,,,,,,,,Robert,MITHELL,Henry,WINTER,,
DOR,Portland,St Georges,,24 Jan 1774,Richd,LOWMAN,,Swire,,,,Grace,GIBBS,,,,,,,,,,,,,Richard,LOWMAN,Abraham,PEARCE,,
DOR,Portland,St Georges,,24 Jan 1774,James,MILLS,,,,,,Susanna,GIBBS,,,,,,,,,,,,,Abraham,PEARCE,Richard,LOWMAN,,
DOR,Portland,St Georges,,4 Jan 1774,Bartholomew,WHITE,,,bach,,,Mary,STONE,,,,,,,,,,,,,William,STONE,William,BUTTS,,
DOR,Portland,St Georges,,6 Feb 1774,Alexander,ATTWOOLL,,,,,,Sarah,GOODERIDGE,,,,,,,,,,,,,John,GOODERIDGE,William,BUTTS,,
DOR,Portland,St Georges,,2 May 1774,William,BURT,,Upway,,,,Grace,GODEN,,Wyke Regis,,,,,,,,,,William,PITT,William,BUTTS,,,
DOR,Portland,St Georges,,6 May 1774,Edward,ATTWOOL,,,,,,Mary,WAY,,,,,,,,,,,,,Wm,WAY,Wm,ATTWOOLL,,
DOR,Portland,St Georges,,14 May 1774,Robert,ANDREWS,,,,,,Susanna,PEARCE,,,,,,,,,,,,,William,PEARCE,William,BUTTS,,
DOR,Portland,St Georges,,27 May 1774,James,SUMMERVALL,,,,,,Jane,POTTS,,,,,,,,,,,,,Edward,ATTWOOLL,John,KYSBY,,
DOR,Portland,St Georges,,21 Feb 1775,William,GOODERIDGE,,,,,,Ann,COMBEN,,,,,,,,,,,,,Robert,PEARCE,William,BUTTS,,
DOR,Portland,St Georges,,27 Feb 1775,Robert,MITCHELL,,,,,,Martha,ANGEL,,,,,,,,,,,,,Thos,GIBBS,Alexdr,WAY,,
DOR,Portland,St Georges,,23 Apr 1775,Benjamin,STONE,,,,,,Rebecca,STONE,,,,,,,,,,,,,Shadrack,STONE,William,BUTTS,,
DOR,Portland,St Georges,,23 Apr 1775,Thomas,JACOBS,,Melcomb Regis,,,,Martha,GODDEN,,Melcomb Regis,,,,,,,,,,Shadrack,STONE,William,BUTTS,,,
DOR,Portland,St Georges,,5 May 1775,Samual,FURZARD,,,bach,,,Susanna,ATTWOOLL,,,,,,,,,,,,Wm,PITT,William,BUTTS,,,
DOR,Portland,St Georges,,5 Jun 1775,Robert,WIGGOTT,,,bach,,,Sarah,BENNET,,,,,,,,,,,,Robert,BENNETT,William jnr,READ,,,
DOR,Portland,St Georges,,30 Jun 1775,Simon,PEARCE,,,bach,,,Ann,BYATT,,,,,,,,,,,,Henry,SKINNER,Thomas,STEVENS,,,
DOR,Portland,St Georges,,11 Jul 1775,Moore,JOLLIFFE,,Portisham,widr,,,Ann,WHITTLE,,,,,,,,,,,,Edward,ATTWOOLL,John,KYSBY,,,
DOR,Portland,St Georges,,24 Jul 1775,Abraham,WINTER,,,bach,,,Sarah,HELLIAR,,,,,,,,,,,,Abraham,NOSTER,William,HINDE,,,
DOR,Portland,St Georges,,24 Jul 1775,Edward,COMBEN,,,bach,,,Grace,MITCHELL,,,,,,,,,,,,William,HINDE,Abraham,NOSTER,,,
DOR,Portland,St Georges,,12 Aug 1775,William,WEY,,,bach,,,Rebecca,ALLEN,,,,,,,,,,,,Willm,ALLEN,William,ATTWOOLL,,,
DOR,Portland,St Georges,,22 Aug 1775,Thomas,SANSOM,,,bach,,,Susanna,LANO,,,,,,,,,,,,Abraham,NOSTER,William,BUTTS,,,
DOR,Portland,St Georges,,16 Sep 1775,Francis,PEARCE,,,bach,,,Rebecca,PETERS,,,,,,,,,,,,John,PEARCE,William,BUTTS,,,
DOR,Portland,St Georges,,6 Oct 1775,Edward,PEARCE,,,bach,,,Deborah,SCHOLLAR,,,,,,,,,,,,Robert,PEARCE,Bartho,COMBEN,,,
DOR,Portland,St Georges,,20 Oct 1775,Thomas,WHITE,,,,,,Annie,AYLES,,,,,,,,,,,,,William,STONE,William,BUTTS,,
DOR,Portland,St Georges,,1 Dec 1775,Peter,VINE,,,,,,Jane,JOLLIFFE,,Portisham,,,,,,,,,,James,JOLLIFFE,Moor,JOLLIFFE,,,
DOR,Portland,St Georges,,5 Jan 1776,Alexander,WAY,,,bach,,,Mary,WINTER,,,,,,,,,,,,Edward,ATTWOOLL,William,WINTER,,,
DOR,Portland,St Georges,,19 Jan 1776,Joseph,BENNETT,,,,,,Jane,ATTWOOLL,,,,,,,,,,,,Robert,PEARCE,Robert,BENNETT,,,
DOR,Portland,St Georges,,19 Jan 1776,Owen,PEARCE,,,bach,,,Catherine,ROOD,,,,,,,,,,,,Robert,PEARCE,Robert,BENNETT,,,
DOR,Portland,St Georges,,19 Jan 1776,Robert,MITCHELL,,,bach,,,Ann,COMBEN,,,,,,,,,,,,William,FLEW,Robert,PEARCE,,,
DOR,Portland,St Georges,,19 Feb 1776,Joseph,HELLIAR,,,bach,,,Susanna,WAY,,,,,,,,,,,,Wm,WAY,Wm,WAY,,,
DOR,Portland,St Georges,,19 Feb 1776,Joseph,MILLER,,,,,,Elizabeth,FLANN,,,,,,,,,,,,James,NEWTON,Alexander,WAY,,,
DOR,Portland,St Georges,,20 Feb 1776,Henry,ATTWOOLL,,,bach,,,Rebecca,AYLES,,,,,,,,,,,,Edward,ATTWOOLL,Wm,SANSOM,,,
DOR,Portland,St Georges,,5 Apr 1776,Wm,COLLINS,,,bach,,,Rebecca,SKINNER,,,,,,,,,,,,,Simon,PEARCE,William,BUTTS,,
DOR,Portland,St Georges,,26 Apr 1776,Edward,MARSHALSEY,,Chiceral,,,,Elizabeth C,SHADDOCK,,,,,,,,,,,,,William,BUTTS,Nicholas,MITCHELL,,
DOR,Portland,St Georges,,27 Apr 1776,Robert,HOLLAND,,,bach,,,Elizabeth,WINTERS,,,,,,,,,,,,Abraham,NOSTER,Peter,VINE,,,
DOR,Portland,St Georges,,26 May 1776,Christopher Byat,COMBEN,,,bach,,,Agnes,FLEW,,,,,,,,,,,,Willm,FLEW,William,BUTTS,,,
DOR,Portland,St Georges,,1 Jun 1776,John,ATWOOL,,,bach,,,Sarah,HOSKINS,,,,,,,,,,,,Barthw,COMBEN,William,BUTTS,,,
DOR,Portland,St Georges,,27 Jul 1776,Robert,PEARCE,,,bach,,,Mary,ELLIOTT,,,,,,,,,,,,William,GIBBS,William,SANSOM,,,
DOR,Portland,St Georges,,28 Jul 1776,Robert,PEARCE,,,bach,,,Eliz,DRYER,,,,,,,,,,,,Robt,DRIER,William,BUTTS,,,
DOR,Portland,St Georges,,24 Aug 1776,John,GOODRIDGE,,,widr,,,Mary,BASKCOMBE,,,,,,,,,,,,Chr,GIBBS,William,BUTTS,,,
DOR,Portland,St Georges,,26 Oct 1776,John,ELLIOTT,,,bach,,,Jane,ATTWOOL,,,,,,,,,,,,William,BUTTS,John,ALLEN,,,
DOR,Portland,St Georges,,27 Oct 1776,Matthew,SHEPPARD,,,,,,Alice,SYMES,,,Widow,,,,,,,,,Francis,PEARCE,Robert,PEARCE,,,
DOR,Portland,St Georges,,27 Oct 1776,William,DAVEDGE,,Portisham,,,,Eliz,HARRIS,,,Widow,,,,,,,,,Robert,PEARCE,Joseph,PEARCE,,,
DOR,Portland,St Georges,,24 Dec 1776,Abraham,PETERS,,,bach,,,Rebecca,WIGGOT,,,,,,,,,,,,Abel,ATTWOOLL,Mary,BUTTS,,,
DOR,Portland,St Georges,,31 Dec 1776,Robert,BENNET,,,bach,,,Ann,STONE,,,,,,,,,,,,William,BUTTS,John,BENNETT,,,
DOR,Portland,St Georges,,8 Feb 1777,John,ATWOOL,,,widr,,,Jane,McDONALD,,,,,,,,,,,,,Giles,COMBEN,William,BUTTS,,
DOR,Portland,St Georges,,10 Feb 1777,Robert,COMBEN,,,bach,,,Ann,CHADDOCK,,,,,,,,,,,,Barthw,COMBEN,Robt,CHADOCK,,,
DOR,Portland,St Georges,,4 Apr 1777,Thos,CHADOCK,,,bach,,,Eliz,FUZARD,,,,,,,,,,,,Tho,GIBBS,Thomas,PITT,,,
DOR,Portland,St Georges,,17 Mar 1777,Robert,MORRIS,,Wyke Regis,bach,,,Ann,WALTERS,,,,,,,,,,,,William,BUTTS,Henry,MITCHELL,,,
DOR,Portland,St Georges,,12 Apr 1777,John,TUCKER,,,,,,Mary,LOVELL,,,,,,,,,,,,,Thomas,FOOKS,William,BUTTS,,
DOR,Portland,St Georges,,2 May 1777,William,ATWOOL,,,bach,,,Jane,DORANT,,,,,,,,,,,,Robert,PEARCE,Robt,CHADDOCK,,,
DOR,Portland,St Georges,,3 May 1777,Joseph,READ,,,bach,,,Ann,NORTHOVER,,,,,,,,,,,,William,READ,William,BUTTS,,,
DOR,Portland,St Georges,,5 May 1777,Alexander,ANDREWS,,,bach,,,Mary,WINTER,,,,,,,,,,,,John,WINTER,William,BUTTS,,,
DOR,Portland,St Georges,,19 Nov 1777,William,PEARCE,,,bach,,,Elizabeth,COMBEN,,,,,,,,,,,,Bartho,COMBEN,William,BUTTS,,,
DOR,Portland,St Georges,,26 Nov 1777,Edward,COMBEN,,,widr,,,Alice,WHITE,,,,,,,,,,,,William,BUTTS,Thomas,WHITE,,,
DOR,Portland,St Georges,,17 Jan 1778,Thomas,READ,,,bach,,,Jane,MUDDLE,,,,,,,,,,,,Thomas,READ,John,GOODEREDGE,,,
DOR,Portland,St Georges,,30 Apr 1778,Zachariah,WHITE,,,bach,,,Mary,BUTTS,,,,,,,,,,,,Benj,PEARCE,Richard,PETTERS,,,
DOR,Portland,St Georges,,2 May 1778,Ezra,FLOOD,,Honiton,,,,Margery,FLANN,,,,,,,,,,,,,,John,GOODEREDGE,William,,
DOR,Portland,St Georges,,7 May 1778,Jonathan,COOK,,,bach,,,Jane,STONE,,,,,,,,,,,,,Robert,BENNETT,William,BUTTS,,
DOR,Portland,St Georges,,8 May 1778,John,READ,,,bach,,,Jenny,SHADDOCK,,,,,,,,,,,,,Robert,COMBEN,William,BUTTS,,
DOR,Portland,St Georges,,23 May 1778,James,NEWTON,,,bach,,,Jane,FLEW,,,,,,,,,,,,William,BUTTS,William,FLEW,,,
DOR,Portland,St Georges,,11 Jun 1778,William,WESTON,,Melcolm Regis,bach,,,Mary,ROPER,,,,,,,,,,,,Saml,WESTON,Mary,WILLIS,,,
DOR,Portland,St Georges,,6 Aug 1778,Robert,READ,,,bach,,,Katherine,BENNETT,,,,,,,,,,,,William,READ,William,ANGEL,,,
DOR,Portland,St Georges,,24 Dec 1778,John,COMBEN,,,bach,,,Elizabeth,HAWKINS,,,,,,,,,,,,Robert,PEARCE,William,BUTTS,,,
DOR,Portland,St Georges,,25 Dec 1778,William,SANSOM,,,bach,,,Martha,ELLIOT,,,,,,,,,,,,Thomas,SANSOM,William,BUTTS,,,
DOR,Portland,St Georges,,26 Dec 1778,Richard,PETERS,,,,,,Grace,PEARCE,,,,,,,,,,,,Robert,ANDREWS,William,BUTTS,,,
DOR,Portland,St Georges,,10 Jan 1779,Henery,SANSOM,,,bach,,,Elizabeth,COLLINS,,,,,,,,,,,,Richard,LANO,William,BUTTS,,,
DOR,Portland,St Georges,,19 Feb 1779,John,BENFIELD,,,bach,,,Jane,HOLLAND,,,,,,,,,,,,William,BENFIELD,William,BUTTS,,,
DOR,Portland,St Georges,,5 Jul 1779,William,MUDDLE,,,,,,Rebecca,READ,,,,,,,,,,,,Thomas,READ,William,BUTTS,,,
DOR,Portland,St Georges,,15 Jul 1779,John Gibbs,PEARCE,,,,,,Rebecca,PEARCE,,,,,,,,,,,,Jno,TAVER,John,SCRIVEN,SCRIVEN,,
DOR,Portland,St Georges,,3 Oct 1779,Abraham,ANTONY,,,widr,,,Elizabeth,WEBBER,,,,,,,,,,,,William,BUTTS,John (mark of),LEWIS?,,,
DOR,Portland,St Georges,,29 Oct 1779,William,MITCHEL,,,bach,,,Elizabeth,COMBEN,,,,,,,,,,,,William,BUTTS,Robert,ATTWOOLL,,,
DOR,Portland,St Georges,,28 Nov 1779,William,AYLES,,,bach,,,Eleanor,SCHOLAR,,,,,,,,,,,,Robert,SCHOLLAR,James,MILLS,,,
DOR,Portland,St Georges,,4 Dec 1779,John,MILLER,,Melcombe Regis,,Mariner,,Jane,COMBEN,,,,,,,,,,,,Jonathan,COMBEN,Willm,ANGEL,,,
DOR,Portland,St Georges,,7 Dec 1779,John,DISKETT,,,bach,,,Jane,FANCEY,,,,,,,,,,,,William,BUTTS,Robert,BENNETT,,,
DOR,Portland,St Georges,,7 Dec 1779,William,ANGEL,,,,,,Mary,ATWOOL,,,,,,,,,Robert,ATWOOL,,Robert,ATWOOL,John,KISBY,,,
DOR,Portland,St Georges,,17 Feb 1780,James,MILLS,,,bach,,,Ann,ELLIOT,,,,,,,,,,,,William,GIBBS,William,BUTTS,,,
DOR,Portland,St Georges,,31 Mar 1780,John,ANGELL,,,widr,,,Sarah,PEARCE,,,,,,,,,,,,Wm,WAY,Grace (mark of),PEARCE,,,
DOR,Portland,St Georges,,26 Apr 1780,John,MITCHAEL,,,,,,Mary,SANSOM,,,,,,,,,,,,Richard,LANO,Zachariah,WHITE,,,
DOR,Portland,St Georges,,27 Apr 1780,William,WAY,,,widr,,,Elizabeth,RUSSELL,,,,,,,,,,,,William,WAY,William,BUTTS,,,
DOR,Portland,St Georges,,1 May 1780,Edward,FLANN,,,bach,,,Susanna,HOLLAND,,,,,,,,,,,,Zachariah (mark of),WHITE,William,BUTTS,,,
DOR,Portland,St Georges,,1 May 1780,John,RUSSELL,,,bach,,,Mary,STONE,,,,,,,,,,,,Shadrack,STONE,William,BUTTS,,,
DOR,Portland,St Georges,,17 Jun 1780,Jeffery,RUSSELL,,Portesham,,,,Hannah,BARTLETTS,,Portesham,,,Portland,,,,,,,John,KYRBY,Richard,LANO,,,
DOR,Portland,St Georges,,20 Sep 1780,Walter,OLDGE,,,bach,,,Alice,OTTER,,,,,,,,,,,,William,BUTTS,John,GOODEREDGE,,,
DOR,Portland,St Georges,,2 Oct 1780,James,GREEN,,,,Mariner,,Rebecca,GOODEN,,,,,,,,,,,,John,ALLEN,Robert,SANSOM,,,
DOR,Portland,St Georges,,27 Nov 1780,Isaac,HELLYER,,,bach,,,Ann,NOSTER,,,,,,,,,,,,Jno,BAINBRIGGE,Jno,COOPER,,,
DOR,Portland,St Georges,,15 Dec 1780,John,BENNETT,,,bach,,,Susanna,STONE,,,,,,,,,,,,William,BUTTS,Richard,BENNETT,,,
DOR,Portland,St Georges,,28 Dec 1780,Henry,WIGGATT,,,bach,,,Jane,ATTWOOLL,,,,,,,,,,,,Barthw,COMBEN,William,BUTTS,,,
DOR,Portland,St Georges,,9 Feb 1781,Robert,SANSOM,,,bach,,,Mary,BENFIELD,,,,,,,,,,,,Richd,LANO,William,BUTTS,,,
DOR,Portland,St Georges,,8 Mar 1781,Henery,DRYER,,,,,,Grace,COLLINS,,,,,,,,,,,,?,DRIOR,William,BUTTS,,,
DOR,Portland,St Georges,,28 Jul 1781,William,BENFIELD,,,bach,,,Jane,LOWMAN,,,,,,,,,,,,William,BENFIELD,William,BUTTS,,,
DOR,Portland,St Georges,,30 Jul 1781,Francis,ANTONY,,,bach,,,Susanna,WHITE,,,,,,,,,,,,William,BUTTS,William,ATTWOOLL,,,
DOR,Portland,St Georges,,13 Aug 1781,John,PEARCE,,,widr,,,Mary,FLANN,,,,,,,,,,,,Barthw,COMBEN,William,BUTTS,,,
DOR,Portland,St Georges,,21 Sep 1781,William,MOORE,,,bach,,,Mary,FUZARD,,,,,,,,,,,,William,BUTTS,Benj,PEARCE,,,
DOR,Portland,St Georges,,27 Sep 1781,William,ATTWOOLL,,,bach,,,Agness,PEARCE,,,,,,,,,,,,William,BUTTS,Edward,PEARCE,,,
DOR,Portland,St Georges,,11 Oct 1781,Richard,MUDDLE,,,bach,,,Margery,SCHOLLAR,,,,,,,,,,,,William,BUTTS,Richard,SCHOLLAR,,,
DOR,Portland,St Georges,,17 Oct 1781,James,PEARCE,,,bach,,,Ann,HOLLAND,,,,,,,,,,,,Elizabeth,COMBEN,William,BUTTS,,,
DOR,Portland,St Georges,,3 Nov 1781,Matthew,FANCY,,,,,,Mary,ELLIOT,,,Widow,,,,,,,,,William,BUTTS,Thomas,LANO,,,
DOR,Portland,St Georges,,1 Jun 1782,Richard,LOWMAN,,,widr,,,Susanna,BENFIELD,,,,,,,,,,,,William,BUTTS,Robert,HINDE,,,
DOR,Portland,St Georges,,22 Jun 1782,Abraham,PEARCE,,,bach,,,Susanna,SANSOM,,,,,,,,,,,,William,PEARCE,Willm,BUTTS,,,
DOR,Portland,St Georges,,8 Aug 1782,Thomas,ELLIOTT,,,bach,,,Susanna,TOBY,,,,,,,,,,,,William,BUTTS,Robert,COMBEN,,,
DOR,Portland,St Georges,,25 Nov 1782,John,NOSSITER,,,widr,,,Eliz,OTTER,,,,,,,,,,,,Henery (mark of),OTTER,William,BUTTS,,,
DOR,Portland,St Georges,,15 Feb 1783,Richd,ALLEN,,,bach,,,Eliz,COMBEN,,,,,,,,,,,,William,WAY,William,ATTWOOLL,,,
DOR,Portland,St Georges,,25 Feb 1783,William,WHITE,,,bach,,,Ann,WHITE,,,,,,,,,,,,William,BUTTS,John,WINTER,,,
DOR,Portland,St Georges,,25 Feb 1783,William,GUICE,,Kitteminster,,Soldier,,Mary,ELLIOTT,,,,,,,,,,,,John,?,Zachariah,WHITE,,,
DOR,Portland,St Georges,,4 Mar 1783,William,WAY,,,widr,,,Rebecca,ATWOOL,,,,,,,,,,,,Shadrack,STONE,Samuel,FUZARD,,,
DOR,Portland,St Georges,,16 May 1783,Robert,COMBEN,,,widr,,,Grace,ELLIOTT,,,,,,,,,,,,Wm,SANSOM,Thos,ELLIOTT,,,
DOR,Portland,St Georges,,17 May 1783,Saml,MITCHEL,,,bach,,,Alice,READ,,,,,,,,,,,,William,READ,William,BUTTS,,,
DOR,Portland,St Georges,,7 Jun 1783,John,WHITE,,,bach,,,Rebecca,SANSOM,,,,,,,,,,,,Edwd,GILLBERT,Richard,LANO,,,
DOR,Portland,St Georges,,29 Jul 1783,John,STONE,,,widr,,,Elizabeth,WALLIS,,,,,,,,,,,,William,BUTTS,Grace,NORSTER,,,
DOR,Portland,St Georges,,23 Sep 1783,Richard,PITT,,,,,,Alice,COMBEN,,,Widow,,,,,,,,,Samuel,FUZARD,William,BUTTS,,,
DOR,Portland,St Georges,,4 Oct 1783,Thomas,DAVIS,,,bach,,,Sarah,SWEETT,,,,,,,,,,,,John,GOODERIDGE,William,PEARCE,,,
DOR,Portland,St Georges,,12 Nov 1783,William,ATTWOOLL,,,bach,,,Joan,DRIER,,,,,,,,,,,,Robert,DRIER,Thos,CHILES,,,
DOR,Portland,St Georges,,4 Dec 1783,Edwd Glover,CHADDOCK,,,,,,Ruth,COLLINS,,,,,,,,,,,,William,PEARCE,John,COLLINS,,,
DOR,Portland,St Georges,,11 Dec 1783,Henery,HIND,,,bach,,,Rebecca,DRIER,,,,,,,,,,,,Rob,DRIER,William,BUTTS,,,
DOR,Portland,St Georges,,12 Jan 1784,Wm,ATWOOL,,,,,,Agnes,ATWOOL,,,,,,,,,,,,Robert,PITT,William,BUTTS,,,
DOR,Portland,St Georges,,14 Jan 1784,Richard,SCHOLLAR,,,bach,,,Margery,COMBEN,,,,,,,,,,,,Edward,SCHOLLAR,William,BUTTS,,,
DOR,Portland,St Georges,,17 Jan 1784,Edwd,TOBY,,,,,,Ann,GOODERIDGE,,,,,,,,,,,,John,GOODERIDGE,John,ALLEN,,,
DOR,Portland,St Georges,,17 Jan 1784,Robt,SCHOLAR,,,bach,,,Hannah,CHADDOCK,,,,,,,,,,,,William,AYLES,Edward Glover,CHADDOCK,,,
DOR,Portland,St Georges,,25 Apr 1784,Robert,FUZARD,,,bach,,,Jane,GIBBS,,,,,,,,,,,,Barthw,COMBEN,William,BUTTS,,,
DOR,Portland,St Georges,,10 May 1784,John,WAY,,,bach,,,Rebecca,BYETT,,,,,,,,,,,,William,WAY,Simon,PEARCE,,,
DOR,Portland,St Georges,,3 Jun 1784,Robert,KINGSTON,,,bach,,,Ann,COLLINS,,,,,,,,,,,,John,COLLINS,William,ATTWOOLL,,,
DOR,Portland,St Georges,,21 Aug 1784,John,MUDDLE,,,bach,,,Rebecca,MUDDLE,,,,,,,,,,,,Thomas,LANO,William,BUTTS,,,
DOR,Portland,St Georges,,18 Sep 1784,John,WINTER,,,,,,Agnes,PEARCE,,,Widow,,,,,,,,,Richard,LAND,John,ALLEN,,,
DOR,Portland,St Georges,,20 Oct 1784,William,COX,,,bach,,,Mary,RUSSELL,,,,,,,,,,,,Edward,PEARCE,Kattern,WILLES,,,
DOR,Portland,St Georges,,20 Nov 1784,John,COMBEN,,,,,,Rebecca,MUDDLE,,,,,,,,,,,,E,TOBY,William,BUTTS,,,
DOR,Portland,St Georges,,7 Mar 1785,Robert,STONE,,,bach,,,Ann,WALLIS,,,,,,,,,,,,Edward,PEARCE,William,BUTTS,,,
DOR,Portland,St Georges,,24 Mar 1785,Thomas,CHILES,,,bach,,,Eliz,ALLEN,,,,,,,,,,,,William,ALLEN,Elizabeth,CHILES,,,
DOR,Portland,St Georges,,2 Apr 1785,Robert,HIND,,,bach,,,Ann,PEARCE,,,,,,,,,,,,John,SCRIVEN,William,BUTTS,,,
DOR,Portland,St Georges,,30 May 1785,John jnr,WAY,,,bach,Mariner,,Hester,TOBY,,,,,,,,,,,,Robert,ATTWOOLL,Thomas,AYLES,,,
DOR,Portland,St Georges,,12 Jun 1785,Moore,JOLLIFFE,,,,,,Elizabeth,MELLOR,,,Widow,,,,,,,,,William,BUTTS,Zachariah,WHITE,,,
DOR,Portland,St Georges,,19 Jun 1785,William,STONE,,,,,,Jane,STONE,,,Widow,,,,,,,,,Shadrack,STONE,Thomas,CHILES,,,
DOR,Portland,St Georges,,14 Jul 1785,John,READ,,,bach,,,Lucretia,ANTHONY,,,,,,,,,,,,Thomas,READ,Thos,READ,,,
DOR,Portland,St Georges,,4 Oct 1785,John,WINTER,,,bach,,,Sarah,ALLEN,,,,,,,,,,,,Alexander,WAY,William,BUTTS,,,
DOR,Portland,St Georges,,13 Nov 1785,Edward,STONE,,,bach,,,Agnes,STONE,,,,,,,,,,,,John,PEARCE,Edward,STONE,,,
DOR,Portland,St Georges,,5 Feb 1786,Robert,PEARCE,,,bach,,,Ann,PEARCE,,,,,,,,,,,,William,PEARCE,Edward,PEARCE,,,
DOR,Portland,St Georges,,27 Feb 1786,Robert,ATTWOOLL,,,bach,,,Mary,TOBY,,,,,,,,,,,,Robert,PITT,William,ANGEL,,,
DOR,Portland,St Georges,,28 Feb 1786,Benjamin,HOFF,,,bach,,,Elizabeth,HENDY,,,,,,,,,,,,William,READ,Robert,BENNETT,,,
DOR,Portland,St Georges,,8 Mar 1786,William,ELLIOTT,,,bach,,,Jane,COMBEN,,,,,,,,,,,,John,ELLIOTT,William,BUTTS,,,
DOR,Portland,St Georges,,25 Mar 1786,John,OTTER,,,bach,,,Mary,NEWMAN,,,,,,,,,,,,William,BUTTS,John,WHITE,,,
DOR,Portland,St Georges,,19 May 1786,Edward,ATWOOL,,,,,,Alice,BENNET,,,,,,,,,,,,Percival,MEGGS?,Benj,HOFF,,,
DOR,Portland,St Georges,,4 Jun 1786,Francis,NORSITER,,,bach,,,Jane,BYATT,,,,,,,,,,,,William,BUTTS,Robert,MITCHELL,,,
DOR,Portland,St Georges,,25 Jun 1786,Henry,OTTER,,,,,,Elizabeth,HARDY,,,Widow,,,,,,,,,Chris,GIBBS,William,ATTWOOL,,,
DOR,Portland,St Georges,,25 Jun 1786,William,WIGGATT,,,bach,,,Esther,MITCHELL,,,,,,,,,,,,Chr,GIBBS,William,ATTWOOLL,,,
DOR,Portland,St Georges,,12 Jul 1786,John,FUZARD,,,,,,Elizabeth,BYETT,,,,,,,,,,,,Simon,PEARCE,Mary,COMBEN,,,
DOR,Portland,St Georges,,30 Sep 1786,Thos,ELLIOT,,,bach,,,Mary,FLANN,,,,,,,,,,,,Matthew,FLANN,William,RUSSELL,,,
DOR,Portland,St Georges,,7 Oct 1786,Henry,OTTER,,,bach,,,Katherine,ALLEN,,,,,,,,,,,,William,BUTTS,William,MOORE,,,
DOR,Portland,St Georges,,14 Oct 1786,Henry,STONE,,,bach,,,Deborah,SCHOLLER,,,,,,,,,,,,Richard,SCHOLLER,Henry,SANSOM,,,
DOR,Portland,St Georges,,23 Oct 1786,John,SYMES,,,bach,,,Mary,GIBBS,,,,,,,,,,,,Thos,GIBBS,William,BUTTS,,,
DOR,Portland,St Georges,,28 Oct 1786,Richard,FLANN,,,bach,,,Elizabeth,MUDDLE,,,,,,,,,,,,Thomas,ORD,Thomas,LANO,,,
DOR,Portland,St Georges,,25 Nov 1786,Henery,WINTER,,,bach,,,Agness,COMBEN,,,,,,,,,,,,William,BUTTS,Henry,WINTER,,,
DOR,Portland,St Georges,,1 Dec 1786,Thomas,ORD,,,,,,Jane,FLAN,,,Widow,,,,,,,,,Zachariah,WHITE,Thomas,LAND,,,
DOR,Portland,St Georges,,13 Dec 1786,Matthew,GARDENER,,,bach,,,Ann,MUDDLE,,,,,,,,,,,,William,BUTTS,Benjamin,HOFF,,,
DOR,Portland,St Georges,,18 Dec 1786,Wm,WINTER,,,bach,,,Mary,ELLIOT,,,,,,,,,,,,William,BUTTS,Thomas,ELLIOTT,,,
DOR,Portland,St Georges,,30 Dec 1786,John,DISKETT,,,bach,,,Mary,COMBEN,,,,,,,,,,,,William,READ,William,BUTTS,,,
DOR,Portland,St Georges,,13 Jan 1787,Edward,SCHOLLER,,,bach,,,Joanna,GOODEN,,,,,,,,,,,,Henry,SANSOM,Richard,SCHOLLAR,,,
DOR,Portland,St Georges,,17 Feb 1787,Edward,STONE,,,bach,,,Mary,STONE,,,,,,,,,,,,Abraham,PEARCE,William,BUTTS,,,
DOR,Portland,St Georges,,19 Feb 1787,William,MITCHEL,,,bach,,,Margery,ATWOOL,,,,,,,,,,,,John,DUNMAN,Robt,CHADDOCK,,,
DOR,Portland,St Georges,,28 May 1787,Wm,WHITE,,,,,,Elizabeth,MILLER,,,,,,,,,,,,Robert,PITT,Zachariah,WHITE,,,
DOR,Portland,St Georges,,8 Jun 1787,John,PEARCE,,,bach,,,Catherine,ROD,,,,,,,,,,,,Thomas,READ,William,BUTTS,,,
DOR,Portland,St Georges,,23 Jun 1787,Thomas,ANDREWS,,,bach,,,Rebecca,ATTWOOLL,,,,,,,,,,,,Chr,GIBBS,John,COLLINS,,,
DOR,Portland,St Georges,,28 Jun 1787,Robert,PEARCE,,,,,,Catherine,PEARCE,,,Widow,,,,,,,,,Zachariah,WHITE,William,BUTTS,,,
DOR,Portland,St Georges,,6 Jul 1787,William,FLEW,,,bach,,,Elizabeth,SCRIVEN,,,,,,,,,,,,William,FLEW,William,BUTTS,,,
DOR,Portland,St Georges,,21 Jul 1787,Benjamin,MOSSE,,Melcombe Regis,,Clerk,,Rachael,GILBERT,,,Widow,,,,,,,,,Zachariah,WHITE,William,BUTTS,,,
DOR,Portland,St Georges,,18 Aug 1787,John,MARWOOD,,Honiton,bach,,,Susanna,PEARCE,,,,,,,,,,,,William,PEARCE,William,BUTTS,,,
DOR,Portland,St Georges,,15 Sep 1787,William,ANTONY,,,bach,,,Elizabeth,WAY,,,,,,,,,,,,Benj,MOSSE,Christopher,COMBEN,,,
DOR,Portland,St Georges,,27 Sep 1787,Thomas,LANO,,,bach,,,Susanna,HANSFORD,,,,,,,,,,,,Zachariah,WHITE,William,HANSFORD,,,
DOR,Portland,St Georges,,28 Dec 1787,Robert,SMITH,,,,,,Elizabeth,BENFIELD,,,,,,,,,,,,Zachariah,WHITE,John,ATWOOL,,,
DOR,Portland,St Georges,,31 Jan 1788,John,WHITE,,,bach,,,Martha,COOK,,,,,,,,,,,,William,BUTTS,Thomas,LANO,,,
DOR,Portland,St Georges,,18 Feb 1788,Thomas,MILLER,,,bach,,,Mary,WHITE,,,,,,,,,,,,William,BUTTS,Robert,PITT,,,
DOR,Portland,St Georges,,25 May 1788,Francis,FUZARD,,,bach,,,Mary,COMBEN,,,,,,,,,,,,Barthw,COMBEN,Thomas,NEWMAN,,,
DOR,Portland,St Georges,,31 May 1788,John,NOSSITER,,,,,,Alice,HOLLAND,,,,,,,,,,,,Thomas,NEWMAN,William,BUTTS,,,
DOR,Portland,St Georges,,6 Jul 1788,John,WIGGATT,,,bach,,,Elizabeth,WHITE,,,,,,,,,,,,Robert,BENNETT,Robert,ATTWOOLL,,,
DOR,Portland,St Georges,,26 Jul 1788,John,SCRIVEN,,,,,,Mary,MITCHEL,,,Widow,,,,,,,,,Abraham,PEARCE,Richard,LANO,,,
DOR,Portland,St Georges,,1 Nov 1788,William,RUSSELL,,,bach,,,Mary,WALLIS,,,,,,,,,,,,Edward,STONE,Richard,LANO,,,
DOR,Portland,St Georges,,4 Nov 1788,Robt,FLANN,,,,,,Grace,WILLIAMS,,,Widow,,,,,,,,,Thomas,GIBBS,William,BUTTS,,,
DOR,Portland,St Georges,,16 Nov 1788,William,WOODFORDE,,,bach,,,Ann,DUKES,,,,,,,,,,,,John,GILBERT,Jennins,ATTWOOLL,,,
DOR,Portland,St Georges,,22 Dec 1788,Edward,VINE,,,,,,Catherine,COMBEN,,,Widow,,,,,,,,,William,BUTTS,John,SCRIVEN,,,
DOR,Portland,St Georges,,16 Jan 1789,Robert,MITCHEL,,,bach,,,Elizabeth,PEARCE,,,,,,,,,,,,Benj,PEARCE,William,PEARCE,,,
DOR,Portland,St Georges,,2 Feb 1789,Edward,NEWMAN,,,bach,,,Susanna,PARK,,,,,,,,,,,,John,WHITE,William,BUTTS,,,
DOR,Portland,St Georges,,14 Feb 1789,Abraham,NORSTER,,,bach,,,Mary,HANSFORD,,,,,,,,,,,,Saml,FUZARD,William,HANSFORD,,,
DOR,Portland,St Georges,,13 Jun 1789,Philip,HOLLAND,,,bach,,,Magery,TOBY,,,,,,,,,,,,Jeremiah,ANCELL,Edwd (mark of),TOBY,,,
DOR,Portland,St Georges,,16 Jul 1789,Nicholas,WEY,,,,,,Ann,PITCHER,,,,,,,,,,,,William,BUTTS,John,GIBBS,,,
DOR,Portland,St Georges,,30 Jul 1789,Abraham,FLAN,,,,,,Elizabeth,DRYER,,,,,,,,,,,,Robert,DRIER,Michael,FEATHERSTONEHAUGH,,,
DOR,Portland,St Georges,,5 Aug 1789,William,HOLLAND,,,bach,,,Mary,GRAY,,,,,,,,,,,,William,BUTTS,Joseph,MOTYER,,,
DOR,Portland,St Georges,,19 Oct 1789,Henry,STONE,,,bach,,,Sarah,BARTLETT,,,,,,,,,,,,Shadrack,STONE,Zachariah,WHITE,,,
DOR,Portland,St Georges,,23 Oct 1789,Henry,STONE,,,bach,,,Sarah,STONE,,,,,,,,,,,,William,STONE,William,BUTTS,,,
DOR,Portland,St Georges,,11 Nov 1789,Richard,HELLYER,,,bach,,,Sarah,WHITE,,,,,,,,,,,,Zachariah,WHITE,Stephen,DAVIES,,,
DOR,Portland,St Georges,,23 Nov 1789,John,COX,,,bach,,,Elizabeth,GIFFARD,,,,,,,,,,,,Thomas,LANO,John,THOMPSON,,,
DOR,Portland,St Georges,,12 Dec 1789,Thomas,WEATLEY,,,bach,,,Elizabeth,ALLEN,,,,,,,,,,,,John,ALLEN,William,BUTTS,,,
DOR,Portland,St Georges,,9 Jan 1790,William,MOTHYER,,,bach,,,Joan,PEARCE,,,,,,,,,,,,Richd,LANO,Benjamin,GIBBS,,,
DOR,Portland,St Georges,,12 Jan 1790,Richard,COMBEN,,,bach,,,Jane,WALLACE,,,,,,,,,,,,William,ATTWOOLL,Robert,STONE,,,
DOR,Portland,St Georges,,8 Apr 1790,Henry,PEARCE,,,,,,Grace,AYLES,,,,,,,,,,,,Thoams,AYLES,John,SKINNER,,,
DOR,Portland,St Georges,,21 Apr 1790,John,GIBS,,,bach,,,Susanna,ATWOOL,,,,,,,,,,,,Thos,GIBBS,John,CREASEY,,,
DOR,Portland,St Georges,,1 May 1790,Robert,COMBEN,,,bach,,,Sarah,READ,,,,,,,,,,,,Abraham,PETTERS,William,BUTTS,,,
DOR,Portland,St Georges,,6 May 1790,John,ATWOOL,,,bach,,,Mary,COLLINS,,,,,,,,,,,,Robert,DRIER,William,COLLINS,,,
DOR,Portland,St Georges,,8 May 1790,Robert,WAY,,,bach,,,Katherine,WALLIS,,,,,,,,,,,,Edward,PEARCE,Robert,SCHOLLAR,,,
DOR,Portland,St Georges,,28 May 1790,Benjamin,STONE,,,,,,Elizabeth,MINTERN,,,,,,,,,,,,Robt,WIGGATT,John,ELLIOTT,,,
DOR,Portland,St Georges,,2 Jun 1790,John,WHITE,,,bach,,,Rebecca,COMBEN,,,,,,,,,,,,William,BENNETT,Sarah,WIGGATT,,,
DOR,Portland,St Georges,,4 Sep 1790,John,ROD,,,bach,,,Sarah,NEWMAN,,,,,,,,,,,,John,PEARCE,William,BUTTS,,,
DOR,Portland,St Georges,,20 Sep 1790,John,SKINNER,,,bach,,,Eliz,LOWMAN,,,,,,,,,,,,Henry,LOWMAN,Willm,BENFIELD,,,
DOR,Portland,St Georges,,22 Oct 1790,Thomas,WIGGAT,,,bach,,,Mary,MITCHELL,,,,,,,,,,,,Abel,ATTWOOLL,John,WIGGATT,,,
DOR,Portland,St Georges,,10 Dec 1790,Henry,LOWMAN,,,,,,Rebeccah,PEARCE,,,,,,,,,,,,Benj,PEARCE,William,PEARCE,,,
DOR,Portland,St Georges,,11 Dec 1790,John,BYETT,,,bach,,,Mary,PITT,,,,,,,,,,,,Richd,LANO,Richd,PITT,,,
DOR,Portland,St Georges,,30 Dec 1790,Edward,ALLEN,,,bach,,,Ann,COMBEN,,,,,,,,,,,,Benj,PEARCE,John,SKINNER,,,
DOR,Portland,St Georges,,22 Jan 1791,John Gibbs,PEARCE,,,,,,Alice,COMBEN,,,,,,,,,,,,Richard,LANO,John,ELLIOTT,,,
DOR,Portland,St Georges,,21 Feb 1791,Matthew,POND,,,bach,,,Mary,SHADDOCK,,,,,,,,,,,,John,DUNMAN,Robt,CHADDOCK,,,
DOR,Portland,St Georges,,21 Mar 1791,Henry,ATWOOL,,,bach,,,Jane,ATTWOOL,,,,,,,,,,,,Christopher,GIBBS,Richd,LANO,,,
DOR,Portland,St Georges,,23 May 1791,Richard,BESS,,,bach,,,Elizth,COMBEN,,,,,,,,,,,,Richd,STONE,William,BUTTS,,,
DOR,Portland,St Georges,,8 Jun 1791,Wm,DISKET,,,,,,Mary,PRINE,,,,,,,,,,,,Ann,CARDY,?,WILLIAMS,,,
DOR,Portland,St Georges,,11 Aug 1791,Thomas,NEWMAN,,,bach,,,Ann,AYLES,,,,,,,,,,,,Zach,WHITE,Robert,MITCHELL,,,
DOR,Portland,St Georges,,17 Aug 1791,Joseph,WINTER,,,bach,,,Elizabeth,SYMNS,,,,,,,,,,,,John,CARTER,William,BUTTS,,,
DOR,Portland,St Georges,,3 Sep 1791,Stephen,DRIER,,,,,,Joan,FLEW,,,,,,,,,,,,James,NEWTON,Thos,WHITE,WHITE,,
DOR,Portland,St Georges,,15 Sep 1791,Joseph,WAY,,,bach,,,Sarah,CHILES,,,,,,,,,,,,William,SCHOLLAR,Mary,CHILES,,,
DOR,Portland,St Georges,,10 Oct 1791,Shadrack,STONE,,,bach,,,Mary,MOTYER,,,,,,,,,,,,Joseph,MOTYER,John,MOTYER,,,
DOR,Portland,St Georges,,3 Nov 1791,John,STONE,,,bach,,,Sarah,COMBEN,,,,,,,,,,,,Edward,STONE,Edward Tobey,STONE,,,
DOR,Portland,St Georges,,17 Dec 1791,Henry,MITCHELL,,,bach,,,Elizth,COMBEN,,,,,,,,,,,,Richard,LANO,John,SCRIVEN,,,
DOR,Portland,St Georges,,13 Jan 1792,Robert,WHITE,,,bach,,,Mary,SWEET,,,,,,,,,,,,William,BUTTS,Richard,SPENCER,,,
DOR,Portland,St Georges,,29 Mar 1792,John,COLLINS,,,bach,,,Jane,PIT,,,,,,,,,,,,Richard,LANO,Shadrack,STONE,,,
DOR,Portland,St Georges,,31 Mar 1792,Robert,ATTWOOL,,,,,,Mary,FLEW,,,,,,,,,,,,Edward,ATTWOOLL,William,FLEW,,,
DOR,Portland,St Georges,,20 Apr 1792,Thomas,WHITE,,,bach,,,Susanna,ATWOOL,,,,,,,,,,,,Cha,BULLEN?,Wm Gilbert,ATTWOOLL,,,
DOR,Portland,St Georges,,7 May 1792,Bartholomew,COMBEN,,,bach,,,Mary,WHITTLE,,,,,,,,,,,,John,PEARCE,William,COLLINS,,,
DOR,Portland,St Georges,,27 May 1792,John,BROWN,,,bach,,,Mary,RUSSELL,,,,,,,,,,,,Jonathan,COOK,Robert,STONE,,,
DOR,Portland,St Georges,,15 Jun 1792,William,STONE,,,bach,,,Catherine,ROD,,,,,,,,,,,,John,PEARCE,William,BUTTS,,,
DOR,Portland,St Georges,,7 Jul 1792,Benjamin,GIBBS,,,bach,,,Rebecca,STONE,,,,,,,,,,,,William,GIBBS,James,WALLIS,,,
DOR,Portland,St Georges,,26 Jul 1792,Shadrach,STONE,,,bach,,,Ann,SCRIVEN,,,,,,,,,,,,Edward,PEARCE,William,GIBBS,,,
DOR,Portland,St Georges,,31 Jul 1792,John,WHITE,,,bach,,,Jane,ANTHONY,,,,,,,,,,,,Thomas,WHITE,William,BUTTS,,,
DOR,Portland,St Georges,,3 Aug 1792,Thomas,WHITE,,,bach,,,Mary,PEARCE,,,,,,,,,,,,Isaac,DAVIES,Richard,LANO,,,
DOR,Portland,St Georges,,7 Aug 1792,John,DAVIS,,,bach,,,Sarah,STONE,,,,,,,,,,,,Edward,STONE,William,BUTTS,,,
DOR,Portland,St Georges,,31 Aug 1792,Thos,JAMES,,,bach,,,Mary,WINTER,,,,,,,,,,,,Thomas,JACKET?,Abraham,WINTER,,,
DOR,Portland,St Georges,,14 Sep 1792,Robert,WHITE,,,,,,Elizabeth,STONE,,,,,,,,,,,,Thomas,WHITE,Robert,STONE,,,
DOR,Portland,St Georges,,10 Oct 1792,Joseph,MOTYER,,,,,,Sarah,CHILES,,,Widow,,,,,,,,,Edward,PEARCE,William,BUTTS,,,
DOR,Portland,St Georges,,20 Dec 1792,Robt,MITCHELL,,,bach,,,Grace,NORSTER,,,,,,,,,,,,James,CASS?,William,BUTTS,,,
DOR,Portland,St Georges,,11 Jan 1793,John,WHITE,,,bach,,,Elizabeth,COMBEN,,,,,,,,,,,,Abel,COMBEN,Richard,SPENCER,,,
DOR,Portland,St Georges,,31 Jan 1793,John,FALL,,,bach,,,Rebeccah,WINTER,,,,,,,,,,,,Thomas,LANO,William,BUTTS,,,
DOR,Portland,St Georges,,7 Feb 1793,Robert,COMBEN,,,bach,,,Mary,FLANN,,,,,,,,,,,,Richard,SPENCER,Thomas,GIBBS,,,
DOR,Portland,St Georges,,10 Mar 1793,Thomas,WHITE,,,,,,Rebeccah,MILLER,,,,,,,,,,,,Richard,PEARCE,Bartholomew,COMBEN,,,
DOR,Portland,St Georges,,6 Apr 1793,Isaac,DAMER,,,,,,Elizabeth,FLAN,,,Widow,,,,,,,,,John,GILBERT,?,ATTWOOLL,,,
DOR,Portland,St Georges,,13 Apr 1793,John,STEWKSBURY,,,bach,,,Elizabeth,PETERS,,,,,,,,,,,,Edward,PEARCE,Richd,PETTERS,,,
DOR,Portland,St Georges,,20 Apr 1793,Joseph,SCRVEN,,,bach,,,Jane,WHITTLE,,,,,,,,,,,,William,BUTTS,William,WAY,,,
DOR,Portland,St Georges,,27 Apr 1793,John,WAY,,,bach,,,Martha,RUSSEL,,,,,,,,,,,,John snr,WAY,Robert,SCHOLLAR,,,
DOR,Portland,St Georges,,15 Jun 1793,Edwd,PEARCE,,,,,,Rebeccah,WEY,,,Widow,,,,,,,,,Benj,PEARCE,Joseph,MOTYER,,,
DOR,Portland,St Georges,,16 Jun 1793,Henry,BYETT,,,bach,,,Rebecah,ALLEN,,,,,,,,,,,,Richard snr,LANO,Richard jnr,LANO,,,
DOR,Portland,St Georges,,16 Jun 1793,Robert,ANTHONY,,,bach,,,Grace,TOBY,,,,,,,,,,,,Richard jnr,LANO,Edward,TOBY,,,
DOR,Portland,St Georges,,6 Jul 1793,William,SCHOLAR,,,bach,,,Mary,CHILES,,,,,,,,,,,,Joseph,WAY,Elizabeth,CHILES,,,
DOR,Portland,St Georges,,6 Jul 1793,Henry,HARD,,,bach,fisherman,,Dorothy,ALLEN,,,,,,,,,,,,John,ALLEN,John,ALLEN,,,
DOR,Portland,St Georges,,19 Sep 1793,Henry,WINTER,,,,,,Eliz,TOBY,,,,,,,,,,,,Wm,NORTHMOOR,Richard,LANO,,,
DOR,Portland,St Georges,,29 Sep 1793,James,WALLIS,,,bach,,,Susanna,PEARCE,,,,,,,,,,,,Robert,PEARCE,William,BUTTS,,,
DOR,Portland,St Georges,,5 Oct 1793,Isaac,ROD,,,widr,,,Mary,PEARCE,,,,,,,,,,,,William,BUTTS,William,GIBBS,,,
DOR,Portland,St Georges,,5 Oct 1793,William,STONE,,,bach,,,Catherine,WHITE,,,,,,,,,,,,Thomas (mark of),MILLER,William,BUTTS,,,
DOR,Portland,St Georges,,26 Oct 1793,Benjamin,STONE,,,bach,,,Ann,STONE,,,,,,,,,,,,William,BUTTS,John,RUSSELL,,,
DOR,Portland,St Georges,,9 Nov 1793,Francis,PEARCE,,,widr,,,Elizabeth,WINTER,,,,,,,,,,,,Robert,PEARCE,William,BUTTS,,,
DOR,Portland,St Georges,,15 Nov 1793,John,CARTER,,,bach,,,Elizth,ROD,,,,,,,,,,,,Moor,JOLLIFFE,William,BUTTS,,,
DOR,Portland,St Georges,,30 Nov 1793,William,GIBBS,,,,,,Jane,LANO,,,,,,,,,,,,Thomas,LANO,Richard,SPENCER,,,
DOR,Portland,St Georges,,7 Dec 1793,John,PEARCE,,,bach,,,Ruth,ROD,,,,,,,,,,,,John,ROD,William,BUTTS,,,
DOR,Portland,St Georges,,24 Dec 1793,Bartholomew,HINDE,,,bach,,,Joan,DURRANT,,,,,,,,,,,,William,ATTWOOLL,John,WINTER,,,
DOR,Portland,St Georges,,11 Jan 1794,Henry,HELLYER,,,bach,,,Margery,JACOB,,,,,,,,,,,,John,WELLS,William,BUTTS,,,
DOR,Portland,St Georges,,18 Jan 1794,John,BENNETT,,,bach,,,Alice,JACOB,,,,,,,,,,,,John,WELLS,William,BUTTS,,,
DOR,Portland,St Georges,,22 Feb 1794,John,ANTHONY,,,bach,,,Barbara,TOBY,,,,,,,,,,,,Robert,ATTWOOLL,Edward,TOBY,,,
DOR,Portland,St Georges,,1 Mar 1794,Henry,ATTWOOLL,,,bach,,,Susannah,FLOW,,,,,,,,,,,,Robert,PEARCE,Isaac,ROD?,,,
DOR,Portland,St Georges,,6 Mar 1794,John,WHITE,,,bach,,,Grace,PITT,,,,,,,,,,,,Richard,LANO,William,BUTTS,,,
DOR,Portland,St Georges,,8 Mar 1794,Bartholomew,COMBEN,,,bach,,,Margery,ATTWOOLL,,,,,,,,,,,,Jennens,ATTWOOLL,Jennins,SCHOLLAR,,,
DOR,Portland,St Georges,,6 May 1794,John,WHITE,,,bach,,,Jane,JAMES,,,,,,,,,,,,William,WHITE,William,READ,William,,
DOR,Portland,St Georges,,15 May 1794,William,NEWMAN,,,bach,,,Elizabeth,OTTER,,,,,,,,,,,,John,PEARCE,George,ANDREWS,,,
DOR,Portland,St Georges,,17 May 1794,Richard,SPENCER,,,bach,,,Susannah,BYETT,,,,,,,,,,,,John,HIND,William,BUTTS,,,
DOR,Portland,St Georges,,30 May 1794,Richard,LANO,,,bach,,,Joan,GIBBS,,,,,,,,,,,,John,GILBERT,Richd,PITT,,,
DOR,Portland,St Georges,,12 Jun 1794,Thomas,AYLES,,,bach,,,Rebecca,PEARCE,,,,,,,,,,,,Benj,PEARCE,Henry,LOWMAN,,,
DOR,Portland,St Georges,,25 Oct 1794,Richard,NOSTER,,,bach,,,Jane,LANO,,,,,,,,,,,,Richard,LANO,John,BROWN,,,
DOR,Portland,St Georges,,28 Nov 1794,Robert,RODD,,,bach,,,Jane,STONE,,,,,,,,,,,,?,ROD,John,SKINNER,,,
DOR,Portland,St Georges,,24 Dec 1794,Henry,DRIER,,,bach,,,Jane,FLAN,,,,,,,,,,,,William,HINDE,William,BENNETT,,,
DOR,Portland,St Georges,,31 Dec 1794,Richard,PITT,,,bach,,,Rebecca,LANO,,,,,,,,,,,,Richd snr,LANO,Richard jnr,LANO,,,
DOR,Portland,St Georges,,1 Jan 1795,William,DISKETT,,,bach,,,Mary,WHITTLE,,,,,,,,,,,,Robt,BENNETT,Thomas,LANO,,,
DOR,Portland,St Georges,,9 Feb 1795,Francis,FUZZARD,,,widr,,,Mary,ALLEN,,,,,,,,,,,,Richard snr,LANO,Benj jnr,PEARCE,Richard jnr,,
DOR,Portland,St Georges,,28 Feb 1795,John,STONE,,,bach,,,Elizabeth,PEARCE,,,,,,,,,,,,Simon,PEARCE,Francis,PEARCE,,,
DOR,Portland,St Georges,,12 Apr 1795,Robert,ATTWOOL,,,bach,,,Mary,PEARCE,,,,,,,,,,,,Edward,PEARCE,William,BUTTS,,,
DOR,Portland,St Georges,,18 Apr 1795,John,STONE,,,bach,,,Elizabeth,SCHOLLAR,,,,,,,,,,,,Henry,SANSOM,Jennins,SCHOLLAR,,,
DOR,Portland,St Georges,,25 Apr 1795,William,HINDE,,,bach,,,Lucy,NORSTER,,,,,,,,,,,,Richard jnr,LANO,Edward,STONE,,,
DOR,Portland,St Georges,,6 Sep 1795,Thomas,GIBBS,,,bach,,,Sarah,ATTWOOLL,,,,,,,,,,,,Edward,ATTWOOLL,Thos,SANSOM,,,
DOR,Portland,St Georges,,21 Sep 1795,John,FLANN,,,bach,,,Mary,HURRY,,,,,,,,,,,,Matthew,FLANN,Edward,TOBY,,,
DOR,Portland,St Georges,,3 Jan 1796,Bartholomew,COMBEN,,,bach,,,Mary,PEARCE,,,,,,,,,,,,Edwd,ALLEN,John,PEARCE,,,
DOR,Portland,St Georges,,12 Jan 1796,Richard,PEARCE,,,bach,,,Sarah Russell,PEARCE,,,,,,,,,,,,Wm,PEARCE,George,PAYNE,,,
DOR,Portland,St Georges,,7 Feb 1796,Abraham,WINTER,,,bach,,,Luce,ROD,,,,,,,,,,,,John,ROD,John,PEARCE,,,
DOR,Portland,St Georges,,7 Apr 1796,Edwd,COMBEN,,,bach,,,Mary,ATWOOL,,,,,,,,,,,,Jennens,ATTWOOLL,William,BUTTS,,,
DOR,Portland,St Georges,,7 Apr 1796,Richard,WHITE,,,bach,,,Mary,NEWMAN,,,,,,,,,,,,Zachh,WHITE,Thos,NEWMAN,,,
DOR,Portland,St Georges,,17 Jun 1796,John,SWEET,,,bach,,,Elizabeth,PEARCE,,,,,,,,,,,,John,PEARCE,Owen,PEARCE,,,
DOR,Portland,St Georges,,7 Jul 1796,George,ANDREWS,,,bach,,,Ann,SIMS,,,,,,,,,,,,Flower,RUSSELL,Joseph,WINTER,,,
DOR,Portland,St Georges,,29 Oct 1796,John,COMBEN,,,bach,,,Elizabeth,HOLLAND,,,,,,,,,,,,John,WINTER,Richard,BYATT,,,
DOR,Portland,St Georges,,18 Feb 1797,Thomas,STEVENS,,,bach,,,Elizabeth,LANO,,,,,,,,,,,,Simon,PEARCE,Richard,NOSTER,,,
DOR,Portland,St Georges,,11 Mar 1797,Robert,PEARCE,,,bach,,,Mary,STONE,,,,,,,,,,,,Thos,WHITE,Edward,PEARCE,,,
DOR,Portland,St Georges,,20 May 1797,William,ELLIOTT,,,widr,mariner,,Grace,GULLY,,,,,,,,,,,,William,GIBBS,Zachh,WHITE,,,
DOR,Portland,St Georges,,10 Jun 1797,Bartholomew,COMBEN,,,,,,Agness,STONE,,,,,,,,,,,,John,HINDE,Edward,STONE,William,,
DOR,Portland,St Georges,,13 Jul 1797,Peter,VINE,,,,,,Ann,BASCOMB,,,,,,,,,,,,Joseph,WAY,Nicholas,WAY,,,
DOR,Portland,St Georges,,12 Sep 1797,Robert,DRIER,,,,,,Sarah,ATWOOL,,,,,,,,,,,,Edwd,ATTWOOLL,William,HINDE,,,
DOR,Portland,St Georges,,15 Oct 1797,William,HINDE,,,widr,,,Jenny Butts,WHITE,,,,,,,,,,,,John,HIND,John,ANDREWS,,,
DOR,Portland,St Georges,,11 Dec 1797,Thomas,WAY,,,,Mariner,,Ruth,GIBBS,,,,,,,,,,,,Thos,GIBBS,Nicholas,WAY,,,
DOR,Portland,St Georges,,28 Jan 1798,Edward,TOBY,,,bach,,,Sarah,SCORE,,,,,,,,,,,,Robert,ATTWOOLL,William,STONE,,,
DOR,Portland,St Georges,,14 Feb 1798,Isaac,HELLIER,,,,,,Jane,DUNMAN,,,Widow,,,,,,,,,Richard,LANO,Nicholas,GIBBS,,,
DOR,Portland,St Georges,,1 Mar 1798,Jonathan,COMBEN,,,,,,Susanna,LANO,,,,,,,,,,,,Thomas,LANO,Richard,SPENCER,,,
DOR,Portland,St Georges,,25 May 1798,William,WHITTLE,,,,,,Sarah,MILLER,,,,,,,,,,,,Joseph,MILLER,William,BUTTS,,,
DOR,Portland,St Georges,,23 Jul 1798,William,GIBBS,,,bach,,,Susanna,BENNET,,,,,,,,,,,,Richd jnr,LANO,Richard,BENNETT,,,
DOR,Portland,St Georges,,22 Aug 1798,William,PEARCE,,,bach,,,Susanna,PEARCE,,,,,,,,,,,,Richd,PEARCE,William,BUTTS,,,
DOR,Portland,St Georges,,5 Dec 1798,Simon,PEARCE,,,,,,Rebeccah,NORSTER,,,,,,,,,,,,Thomas,STEVENS,RICHARD Jun,LANO,,,
DOR,Portland,St Georges,,8 Dec 1798,Abel,ATWOOL,,,,,,Jane,ATWOOL,,,,,,,,,,,,EDWARD,PEARCE,WILLIAM,BUTTS,,,
DOR,Portland,St Georges,,24 Jan 1799,John,ELLIS,,,,,,Sarah,THORNER,,,,,,,,,,,,WILLIAM,LANO,WILLIAM,BUTTS,,,
DOR,Portland,St Georges,,2 Mar 1799,Benjamin,STONE,,,,,,Mary,SCRIVEN,,,,,,,,,,,,John,SCRIVEN,William,BUTTS,,,
DOR,Portland,St Georges,,2 Mar 1799,Edwd,STONE,,,,,,Rebeccah,LANO,,,,,,,,,,,,Richard,NOSTER,William,BUTTS,,,
DOR,Portland,St Georges,,7 Mar 1799,Benjamin,PEARCE,,,bach,,,Jane,LANO,,,,,,,,,,,,John,STEWART,Samuel,WALLIS,,,
DOR,Portland,St Georges,,12 Oct 1799,Christopher,COMBEN,,,,,,Ann,STONE,,,,,,,,,,,,William,BUTTS,Edward,STONE,,,
DOR,Portland,St Georges,,21 Nov 1799,Bernard,WHITE,,,,Cordwainer,,Sarah,HELLYAR,,,,,,,,,,,,Amos,WHITE,James,TREVIS,,,
DOR,Portland,St Georges,,12 Dec 1799,Joseph,MOTYER,,,,,,Sarah,WINTER,,,Widow,,,,,,,,,Thomas,KELK,E,MILLWARD,,,
DOR,Portland,St Georges,,30 Dec 1799,Nicholas,WAY,,,,,,Ann,READ,,,,,,,,,,,,Christopher,PROWSE,Robert,WAY,,,
DOR,Portland,St Georges,,24 May 1800,Robert,BENNET,,,,,,Mary,ATWOOL,,,,,,,,,,,,William,GIBBS,Samuel,PAYNE,,,
DOR,Portland,St Georges,,30 Jul 1800,Abel,COMBEN,,,,,,Rebeccah,WHITTLE,,,,,,,,,,,,Benj,HOFF,William,BUTTS,,,
DOR,Portland,St Georges,,8 Aug 1800,John,WINTER,,,bach,,,Susanna,SANSOM,,,,,,,,,,,,Barth,LANO,Henry,PEARCE,,,
DOR,Portland,St Georges,,9 Aug 1800,John,STONE,,,bach,,,Edith,ATWOOL,,,,,,,,,,,,Robt,ATTWOOLL,Edward,STONE,,,
DOR,Portland,St Georges,,7 Sep 1800,Edward,STONE,,,,,,Ann,SHADDOCK,,,,,,,,,,,,Robt,SHADDOCK,William,BUTTS,,,
DOR,Portland,St Georges,,17 Sep 1800,William,LOWMAN,,,bach,,,Susanna,WALLIS,,,,,,,,,,,,William,BUTTS,Edward Tobey,STONE,,,
DOR,Portland,St Georges,,4 Oct 1800,John,STONE,,,,mariner,,Mary,WHITE,,,,,,,,,,,,William,ATTWOOLL,William,HINDE,,,
DOR,Portland,St Georges,,1 Nov 1800,George,GIBBS,,,,Mariner,,Mary,WELLS,,,,,,,,,,,,T,GIBBS,William,STONE,,,
DOR,Portland,St Georges,,17 Nov 1800,Shadrach,STONE,,,bach,,,Susannah,LANO,,,,,,,,,,,,Christopher,PROWSE,William,HINDE,,,
DOR,Portland,St Georges,,31 Jan 1801,Francis,ANTHONY,,,bach,,,Grace,STONE,,,,,,,,,,,,William,ALLEN,William,BUTTS,,,
DOR,Portland,St Georges,,18 Mar 1801,Alexander,ATWOOL,,,,mariner,,Alice,FLANN,,,,,,,,,,,,John,GIBBS,Robert,PITT,,,
DOR,Portland,St Georges,,25 Mar 1801,William,PEARCE,,,bach,,,Mary,RUSSELL,,,,,,,,,,,,Fras,TRUSCOTT,William,BUTTS,,,
DOR,Portland,St Georges,,8 Apr 1801,Edward,ALLN,,,bach,,,Sarah,BENNETT,,,,,,,,,,,,John snr,ALLEN,John jnr,ALLEN,,,
DOR,Portland,St Georges,,11 Apr 1801,Owen,PEARCE,,,bach,,,Luce,STONE,,,,,,,,,,,,William,STONE,Thos,COMBEN,,,
DOR,Portland,St Georges,,16 Apr 1801,Edward,STONE,,,bach,,,Rebecca,NEWMAN,,,,,,,,,,,,William,BUTTS,Elizabeth,NEWMAN,,,
DOR,Portland,St Georges,,22 Apr 1801,Bartholomew,COMBEN,,,bach,,,Susanna,COX,,,,,,,,,,,,Edward Tobey,STONE,William,BUTTS,,,
DOR,Portland,St Georges,,18 Sep 1801,Stephen,TREVIS,,,bach,,,Elizabeth,NEWMAN,,,,,,,,,,,,Thos,NEWMAN,Robert,PITT,,,
DOR,Portland,St Georges,,26 Sep 1801,Benjamin,STONE,,,bach,,,Jane,ELLIOTT,,,,,,,,,,,,John,ELLIOTT,Benj,STONE,,,
DOR,Portland,St Georges,,19 Dec 1801,James,WHITE,,,,,,Jane,ATTWOOL,,,,,,,,,,,,Jennens,ATTWOOLL,Bernard,WHITE,,,
DOR,Portland,St Georges,,19 Dec 1801,William,LANO,,,,,,Rebeccah,ATTWOOLL,,,,,,,,,,,,Edward,ATTWOOLL,Richard Jnr,LANO,,,
DOR,Portland,St Georges,,1 Jan 1802,John,PEARCE,,,bach,,,Susannah,SPENCER,,,,,,,,,,,,Henry,PEARCE,Robert,LANO,,,
DOR,Portland,St Georges,,20 Feb 1802,John,ANDREWS,,,bach,,,Rebeccah,COLLINS,,,,,,,,,,,,Henry,PEARCE,John,SKINNER,,,
DOR,Portland,St Georges,,26 May 1802,Edward,STONE,,,bach,,,Rebeccah,BYETT,,,,,,,,,,,,William,GIBBS,Ann,GIBBS,,,
DOR,Portland,St Georges,,24 Jun 1802,Edward,PEARCE,,,,,,Mary,PEARCE,,,,,,,,,,,,Henry,PEARCE,William,BUTTS,,,
DOR,Portland,St Georges,,4 Aug 1802,Jinnings,ATTWOOL,,,,,,Barbara,ANTHONY,,,Widow,,,,,,,,,Edward,TOBY,Robert,ATTWOOLL,,,
DOR,Portland,St Georges,,16 Aug 1802,Thomas,REED,,,,,,Joan,MOTYER,,,Widow,,,,,,,,,William,RUSSELL,William,BUTTS,,,
DOR,Portland,St Georges,,7 Oct 1802,William,SCRIVEN,,,bach,,,Ann,WHITE,,,,,,,,,,,,Joseph,SCRIVEN,John,WHITE,,,
DOR,Portland,St Georges,,Nov 1802,Henry,ANGELL,,Abbotsbury,,,,Edith,ANGEL,,,,,Chisel,,,,,,,William,ATWOOLL,Issac,ROD,,,
DOR,Portland,St Georges,,4 Dec 1802,Bartholomew,COMBEN,,,,,,Jane,COLLINS,,,Widow,,,,,,,,,Batholomew,COMBEN,William,PEARCE,,,
DOR,Portland,St Georges,,20 Apr 1803,William,ELLIOT,,,bach,,,Ann Byatt,COMBEN,,,,,,,,,,,,Edwd,ATTWOOLL,Christopher,COMBEN,,,
DOR,Portland,St Georges,,22 Apr 1803,Thomas,STEUXBURY,,,,,,Mary,BARTLET,,,,,,,,,,,,William,BUTTS,Joseph,MILLER,,,
DOR,Portland,St Georges,,13 May 1803,William,PEARCE,,,bach,,,Grace,COMBEN,,,,,,,,,,,,Bartholomew,COMBEN,Abraham,MILLS,,,
DOR,Portland,St Georges,,27 May 1803,Bartholomew,WHITE,,,,,,Ann,MITCHEL,,,,,,,,,,,,Richard,PETERS,John,FLEW,,,
DOR,Portland,St Georges,,18 Jun 1803,John,ROD,,,,,,Rebeccah,CH1CK,,,,,,,,,,,,Abraham,WINTERS,William,BUTTS,,,
DOR,Portland,St Georges,,23 Jun 1803,Henry,PITT,,,,,,Elizabeth,PEARCE,,,,,,,,,,,,Barter,,Robert,SCHOLLAR,Barter,,
DOR,Portland,St Georges,,13 Jun 1803,Robert,PITT,,,,,,Susanna,PEARCE,,,,,,,,,,,,Robert,SCHOLLAR,John,ALLEN,,,
DOR,Portland,St Georges,,9 Jul 1803,Robert,SCHOLLAR,,,,,,Hannah,DURDEN,,Melcombe Regis,Widow,,,,,,,,,Edwd,PEARCE,Fras,TRUSCOTT,,,
DOR,Portland,St Georges,,18 Aug 1803,Richard,COMBEN,,,,,,Jane,SCOBLE,,,,,,,,,,,,,,Willm,ANGEL,Mary,,
