+INFO,capn-bob@pegleg2.demon.co.uk,password,SEQUENCED,BURIALS,cp437
#,CCC,Robert Wilkins,DOR,DORPOGBU1.CSV,19-Oct-2009
#,CREDIT,Ken Saunders,kvs1@compuserve.com
#,19-Oct-2009,,,
DOR,Portland,St Georges,,  Jan 1806,?,,,,,ATTWOOLL,,,
DOR,Portland,St Georges,,19 Jan 1806,?,,,,,DAVIS,,,
DOR,Portland,St Georges,,19 Jan 1806,Robert,,,,,PEARCE,,,
DOR,Portland,St Georges,,21 Jan 1806,Elizabeth,,,,,STEVENS,,,
DOR,Portland,St Georges,,27 Jan 1806,Elizabeth,,,,,TOBY,,,
DOR,Portland,St Georges,,3  Feb 1806,(Ja)ne,,,,,LANO,,,
DOR,Portland,St Georges,,4  Feb 1806,Rebecca,,,,,WINTER,,,
DOR,Portland,St Georges,,9  Feb 1806,Abel,,,,,COMBEN,,,
DOR,Portland,St Georges,,13 Feb 1806,Mary,,,,,LANO,,,
DOR,Portland,St Georges,,19 Feb 1806,Rebecca,,,,,LANO,,,
DOR,Portland,St Georges,,  Feb 1806,Mary,,,,,FLANN,,,
DOR,Portland,St Georges,,  Mar 1806,Catherine,,,,,MILLER,,,
DOR,Portland,St Georges,,18 Mar 1806,Lucrice,,,,,PEARCE,,,
DOR,Portland,St Georges,,  Mar 1806,Mary,,,,,WAY,,,
DOR,Portland,St Georges,,  Apr 1806,Anne,,,,,ANDREWS,,,
DOR,Portland,St Georges,, Apr 1806,Richard,,,,,WHITE,,,
DOR,Portland,St Georges,,24 Apr 1806,Edward,,,,,STONE,,,
DOR,Portland,St Georges,,4  May 1806,Joan,,,,,WIGGITT,,,
DOR,Portland,St Georges,,11 May 1806,?,,,,,WHITE,,,
DOR,Portland,St Georges,,21 May 1806,Nathaniel Dysaman,,,,,COMBEN,,,
DOR,Portland,St Georges,,3  Jun 1806,William,,,,,PEARCE,,,
DOR,Portland,St Georges,,8  Jun 1806,?,,,,,?,,,
DOR,Portland,St Georges,,8  Jun 1806,?,,,,,PETERS,,,
DOR,Portland,St Georges,,10 Jun 1806,William,,,,,BYATT,,,
DOR,Portland,St Georges,,16 Jun 1806,Henry,,,,,PITT,,,
DOR,Portland,St Georges,,19 Jul 1806,Susanna,,,,,ATTWOOLL,,,
DOR,Portland,St Georges,,26 Jul 1806,Mary,,,,,LANO,,,
DOR,Portland,St Georges,,10 Aug 1806,Mary,,,,,STONE,,,
DOR,Portland,St Georges,,20 Aug 1806,Rebecca,,,,,GIBBS,,,
DOR,Portland,St Georges,,  Aug 1806,Henry,,,,,OTTLER,,,
DOR,Portland,St Georges,,30 Aug 1806,Abraham,,,,,GIBBS,,,
DOR,Portland,St Georges,,30 Aug 1806,Jane,,,,,GIBBS,,,
DOR,Portland,St Georges,,31 Aug 1806,?,,,,,JAMES,,,
DOR,Portland,St Georges,,3  Oct 1806,Edward,,,,,TOBY,,,
DOR,Portland,St Georges,,4  Oct 1806,Mary,,,,,WHITE,,,
DOR,Portland,St Georges,,11 Oct 1806,Richard,,,,,PETERS,,,
DOR,Portland,St Georges,,31 Oct 1806,Lucretia,,,,,STONE,,,
DOR,Portland,St Georges,,25 Nov 1806,Mathew,,,,,GARDINER,,,
DOR,Portland,St Georges,,30 Nov 1806,Benjamin,,,,,STONE,,,
DOR,Portland,St Georges,,8  Dec 1806,Thomas,,,,,MURRAIN,,,
DOR,Portland,St Georges,,19 Dec 1806,William,,,,,STONE,,,
DOR,Portland,St Georges,,5  Jan 1807,Robert,,,,,PITT,,,
DOR,Portland,St Georges,,12 Jan 1807,James,,,,,SWIERS?,,,
DOR,Portland,St Georges,,14 Jan 1807,Agnes,,,,,ATTWOOLL,,,
DOR,Portland,St Georges,,14 Jan 1807,John,,,,,ANGEL,,,
DOR,Portland,St Georges,,16 Jan 1807,Agnes,,,,,GIBBS,,,
DOR,Portland,St Georges,,20 Jan 1807,Susan,,,,,FLEW,,,
DOR,Portland,St Georges,,22 Jan 1807,John,,,,,ATTWOOLL,,,
DOR,Portland,St Georges,,22 Jan 1807,Edward,,,,,STONE,,,
DOR,Portland,St Georges,,15 Feb 1807,Mary,,,,,PEARCE,,,
DOR,Portland,St Georges,,22 Mar 1807,Rebecca,,,,,ROD,,,
DOR,Portland,St Georges,,28 Mar 1807,John,,,,,DAVIS,,,
DOR,Portland,St Georges,,12 Apr 1807,Elizabeth,,,,,WHITE,,,
DOR,Portland,St Georges,,21 Apr 1807,Grace,,,,,MITCHEL,,,
DOR,Portland,St Georges,,10 May 1807,Elizabeth,,,,,AYLES,,,
DOR,Portland,St Georges,,3  May 1807,John,,,,,ATTWOOLL,,,
DOR,Portland,St Georges,,3  May 1807,Rebecca,,,,,WAY,,,
DOR,Portland,St Georges,,25 Jun 1807,Robert,,,,,DRYER,,,
DOR,Portland,St Georges,,27 Jun 1807,Susanna,,,,,ATTWOOLL,,,
DOR,Portland,St Georges,,18 Jul 1807,Grace,,,,,ELLOTH,,,
DOR,Portland,St Georges,,16 Aug 1807,Stephen,,,,,DRYER,,,
DOR,Portland,St Georges,,29 Aug 1807,Elizth,,,,,AYLES,,,
DOR,Portland,St Georges,,1  Nov 1807,Ann,,,,,STONE,,,
DOR,Portland,St Georges,,15 Nov 1807,Mary,,,,,STONE,,,
DOR,Portland,St Georges,,16 Nov 1807,Mary,,,,,WHITE,,,
DOR,Portland,St Georges,,21 Nov 1807,Mary,,,,,ANGEL,,,
DOR,Portland,St Georges,,18 Dec 1807,Joan,,,,,WINTER,,,
DOR,Portland,St Georges,,26 Dec 1807,Henry,,,,,MITCHEL,,,
DOR,Portland,St Georges,,26 Dec 1807,Mary,,,,,BENNETT,,,
DOR,Portland,St Georges,,2  Jan 1808,Henry,,,,,PITT,,,
DOR,Portland,St Georges,,7  Jan 1808,Henry,so,Henry,Susa,ATTWOOLL,ATTWOOLL,,,
DOR,Portland,St Georges,,27 Feb 1808,Ann,,,,,DISKET,,,
DOR,Portland,St Georges,,28 Feb 1808,Hester,do,Robt,Deborah,WHITE,WHITE,,,
DOR,Portland,St Georges,,11 Mar 1808,Ann,do,Abrm,Sarah,WINTER,WINTER,,,
DOR,Portland,St Georges,,29 Mar 1808,Hannah,wo,Joseph,,HARDEY,HARDEY,,,
DOR,Portland,St Georges,,2  Apr 1808,Jane,,,,,LANO,,,
DOR,Portland,St Georges,,11 Apr 1808,Lucretia,wo,Owen,,PEARCE,PEARCE,,,
DOR,Portland,St Georges,,12 May 1808,Henry,,,,,SANSOM,,,
DOR,Portland,St Georges,,22 May 1808,Ed,,,,,ATTWOOLL,,,
DOR,Portland,St Georges,,30 May 1808,Mary,wo,John,,RICH,RICH,,,
DOR,Portland,St Georges,,28 Jun 1808,Robt,,,,,WAY,,,
DOR,Portland,St Georges,,4  Jul 1808,Issac,,,,,HELLYER,,,
DOR,Portland,St Georges,,20 Jul 1808,Richard,,,,,LOWMAN,,,
DOR,Portland,St Georges,,12 Aug 1808,William,,,,,WHITE,,,
DOR,Portland,St Georges,,14 Aug 1808,Mary,,,,,LEE?,,,
DOR,Portland,St Georges,,22 Aug 1808,Jane,,,,,WIGGOTT,,,
DOR,Portland,St Georges,,28 Aug 1808,Susanna,,,,,CHILES,,,
DOR,Portland,St Georges,,30 Aug 1808,Edith,wo,Wm Gilbert,,ATTWOOLL,ATTWOOLL,,,
DOR,Portland,St Georges,,9  Sep 1808,Francis,,,,,NOSTER,,,
DOR,Portland,St Georges,,12 Sep 1808,Jane,wo,Benjm,,WHITE,WHITE,,,
DOR,Portland,St Georges,,16 Sep 1808,Richard,,,,,DRYER,,,
DOR,Portland,St Georges,,25 Sep 1808,Mary,do,John,Susanna,MARRHOOD,MARRHOOD,,,
DOR,Portland,St Georges,,15 Oct 1808,Mary,,,,,SHADDOCK,,,
DOR,Portland,St Georges,,25 Oct 1808,Sarah,wo,Robt,,DRYER,DRYER,,,
DOR,Portland,St Georges,,29 Oct 1808,John,,,,,WHITE,,,
DOR,Portland,St Georges,,9  Nov 1808,Richd,,,,,TALBOT,,,
DOR,Portland,St Georges,,9  Nov 1808,Rebecca,wo,Abrm,,PEETERS,PEETERS,,,
DOR,Portland,St Georges,,17 Nov 1808,Susanna,wo,Henry,,ATTWOOLL,ATTWOOLL,,,
DOR,Portland,St Georges,,17 Nov 1808,Henry,so,John,Elizabeth,FUZZARD,FUZZARD,,,
DOR,Portland,St Georges,,23 Nov 1808,Elizabeth,,,,,HELLYER,,,
DOR,Portland,St Georges,,25 Nov 1808,William,,,,,WAY,,,
DOR,Portland,St Georges,,28 Nov 1808,William,,,,,CHUCK?,,,
DOR,Portland,St Georges,,1  Dec 1808,Thomas,,,,,LANO,,,
DOR,Portland,St Georges,,5  Dec 1808,Jacob,so,Issac,Ann,HELLYER,HELLYER,,,
DOR,Portland,St Georges,,11 Dec 1808,John,,,,,COMBEN,,,
DOR,Portland,St Georges,,17 Dec 1808,Jane,,,,,BENNETT,,,
DOR,Portland,St Georges,,3  Jan 1809,Henry,,,,,OTTER,,,
DOR,Portland,St Georges,,3  Jan 1809,Katherine,,,,,OTTER,,,
DOR,Portland,St Georges,,3  Jan 1809,Barbara,,,,,MINTON,,,
DOR,Portland,St Georges,,8  Jan 1809,Richd,so,Richd,Elizh,BESS,BESS,,,
DOR,Portland,St Georges,,8  Jan 1809,Wm,so,Wm,Mary,ATTWOOLL,ATTWOOLL,,,
DOR,Portland,St Georges,,14 Jan 1809,Rebecca,wo,Wm,,WALLIS,WALLIS,,,
DOR,Portland,St Georges,,21 Jan 1809,Thomas,,,,,LANO,,,
DOR,Portland,St Georges,,27 Jan 1809,Joseph,,,,,CLARKE,,,of the Dixon gun brig
DOR,Portland,St Georges,,3  Feb 1809,Benjn,,,,,HARRIS,,,brought a Shore
DOR,Portland,St Georges,,9  Feb 1809,John,,,,,WAY,,,
DOR,Portland,St Georges,,14 Feb 1809,Elizh,wo,John,,STONE,STONE,,,
DOR,Portland,St Georges,,17 Feb 1809,Jane,wo,John,,MILLER,MILLER,,,
DOR,Portland,St Georges,,5  Mar 1809,Margaret,,,,,SCOTT,,,
DOR,Portland,St Georges,,23 Mar 1809,John,,,,,WHITE,,,
DOR,Portland,St Georges,,12 May 1809,Sarah,,,,,LANO,,,
DOR,Portland,St Georges,,21 May 1809,William,so,Wm,Sarah,PEARCE,PEARCE,,,
DOR,Portland,St Georges,,24 May 1809,Susannah,wo,Wm,,GIBBS,GIBBS,,,
DOR,Portland,St Georges,,28 May 1809,Matthew,,,,,STREET,,Weymouth,
DOR,Portland,St Georges,,1  Jun 1809,Mary Pearce,do,Thos,Mary,FLEW,FLEW,,,
DOR,Portland,St Georges,,17 Jun 1809,William,so,Henry,,ATTWOOLL,ATTWOOLL,,,
DOR,Portland,St Georges,,27 Jun 1809,Robt,so,Thos,Mary,WIGGITT,WIGGITT,,,
DOR,Portland,St Georges,,27 Jun 1809,Susanna,do,Henry,,ATTWOOLL,ATTWOOLL,,,
DOR,Portland,St Georges,,9  Oct 1809,Rebecca,,,,,COMBEN,,,
DOR,Portland,St Georges,,14 Oct 1809,Philip,,,,,HOLLAND,,,
DOR,Portland,St Georges,,19 Oct 1809,Mary,wo,Henry,,WINTER,WINTER,,,
DOR,Portland,St Georges,,26 Oct 1809,Agness,wo,Edwd,,STONE,STONE,,,
DOR,Portland,St Georges,,28 Oct 1809,Mary,wo,Robt,,PEARCE,PEARCE,,,
DOR,Portland,St Georges,,13 Nov 1809,Jonathan Comben,,,,,LANO,,,
DOR,Portland,St Georges,,18 Nov 1809,Mary,do,,Elizh,SWEET,SWEET,,,
DOR,Portland,St Georges,,17 Jan 1810,Jane,,,,,WHITE,,,
DOR,Portland,St Georges,,8  Feb 1810,Kathn,wo,Ed,,VINE,VINE,,,
DOR,Portland,St Georges,,14 Feb 1810,Rich Score,so,Isaac,,ROD,ROD,,,
DOR,Portland,St Georges,,19 Feb 1810,Robart,,,,,WAGGIT,,,
DOR,Portland,St Georges,,4  Mar 1810,Elizabeth,,,,,CARR,,,
DOR,Portland,St Georges,,6  Mar 1810,Tobitha,wo,Wm,,BENFEILD,BENFEILD,,,
DOR,Portland,St Georges,,7  Mar 1810,Lucy,wo,Rich,,SHADDOCK,SHADDOCK,,,
DOR,Portland,St Georges,,7 Mar 1810,John,so,Ed,Jane,BIRD,BIRD,,,
DOR,Portland,St Georges,,8  Mar 1810,Ann,do,Ed Glover,,SHADDOCK,SHADDOCK,,,
DOR,Portland,St Georges,,2  Apr 1810,Jane,do,Ed,Ann,STONE,STONE,,,
DOR,Portland,St Georges,,5  Apr 1810,Mary,do,John,Elizabeth,CARTER,CARTER,,,
DOR,Portland,St Georges,,5  Apr 1810,Mary,do,Ed,Rabacca,STONE,STONE,,,
DOR,Portland,St Georges,,10 Apr 1810,Wm,so,Bathw,Elizath,COMBAN,COMBAN,,,
DOR,Portland,St Georges,,22 Apr 1810,Zach,,,,,WHITE,,,
DOR,Portland,St Georges,,22 Apr 1810,Mary,,,,,PEARCE,,,
DOR,Portland,St Georges,,6  May 1810,Grace,wo,John,,DUNMAN,DUNMAN,,,
DOR,Portland,St Georges,,6  May 1810,Susannah,,,,,SPINCER,,,
DOR,Portland,St Georges,,18 May 1810,John,so,Peter,Mary,CANVOT?,CANVOT?,,,
DOR,Portland,St Georges,,31 May 1810,Richard,,,,,PITT,,,
DOR,Portland,St Georges,,15 Jun 1810,Rechel,do,Isaac,Ann,HELLYER,HELLYER,,,
DOR,Portland,St Georges,,5  Jul 1810,Elizath,wo,John,,THORNER,THORNER,,,
DOR,Portland,St Georges,,23 Jul 1810,Edward,,,,,GRAY,,,
DOR,Portland,St Georges,,28 Jul 1810,Margaret,wo,Wm,,SKINER,SKINER,,,
DOR,Portland,St Georges,,6  Aug 1810,John,,,,,ALLEN,,,
DOR,Portland,St Georges,,11 Aug 1810,Mary,do,Tobias,Alice,WILLIAMS,WILLIAMS,,,
DOR,Portland,St Georges,,19 Aug 1810,Mary,,,,,COX,,,
DOR,Portland,St Georges,,12 Sep 1810,Bathw,,,,,WHITE,,,
DOR,Portland,St Georges,,23 Sep 1810,Hester,do,Wm,Elizabeth,PEARCE,PEARCE,,,
DOR,Portland,St Georges,,10 Oct 1810,Ann,do,Nichls,Ann,WEY,WEY,,,
DOR,Portland,St Georges,,24 Oct 1810,Richard,,,,,COMBEN,,,
DOR,Portland,St Georges,,28 Oct 1810,Robart,so,,Katherine,WEY,WEY,,,
DOR,Portland,St Georges,,16 Nov 1810,John,,,,,STONE,,,
DOR,Portland,St Georges,,19 Nov 1810,Mary,wo,John,,SCRIVEN,SCRIVEN,,,
DOR,Portland,St Georges,,27 Nov 1810,Mary,do,,Katherine,WEY,WEY,,,
DOR,Portland,St Georges,,27 Nov 1810,Elizabeth,do,,Katherine,WEY,WEY,,,
DOR,Portland,St Georges,,5  Dec 1810,Benjamin,so,John,,SCRIVEN,SCRIVEN,,,
DOR,Portland,St Georges,,12 Dec 1810,Thomas,,,,,CROWDER,,,
DOR,Portland,St Georges,,13 Dec 1810,Nicholas,,,,,WEY,,,
DOR,Portland,St Georges,,18 Dec 1810,William,,,,,WINTER,,,
DOR,Portland,St Georges,,20 Dec 1810,Alice,do,Robt,Mary,SAMSON,SAMSON,,,
DOR,Portland,St Georges,,25 Dec 1810,Margery,,,,,COMBAN,,,
DOR,Portland,St Georges,,25 Dec 1810,John,,,,,WIGGETT,,,
DOR,Portland,St Georges,,10 Jan 1811,Mary,,,,,LANO,,,
DOR,Portland,St Georges,,10 Jan 1811,Elizabeth,,,,,DRYER,,,
DOR,Portland,St Georges,,10 Jan 1811,Elizabith,,,,,WEY,,,
DOR,Portland,St Georges,,11 Jan 1811,Mary,wo,Thomas,,CHESALET,CHESALET,,,
DOR,Portland,St Georges,,19 Jan 1811,Rebecca,wo,James,,CORNER?,CORNER?,,,
DOR,Portland,St Georges,,27 Jan 1811,Jane,,,,,ATTWOOLL,,,
DOR,Portland,St Georges,,27 Jan 1811,Henry,so,John,Agness,BEYETT,BEYETT,,,
DOR,Portland,St Georges,,27 Jan 1811,Elizabeth,,,,,DRYER,,,
DOR,Portland,St Georges,,29 Jan 1811,Robart,,,,,DRYER,,,
DOR,Portland,St Georges,,10 Feb 1811,Daniel,,,,,ADDISON,50,,clerk
DOR,Portland,St Georges,,7  Mar 1811,Abraham,,,,,PETERS,57,,
DOR,Portland,St Georges,,7  Apr 1811,Mary Stone,do,Richard,,SHADDICK;,SHADDICK;,2,,
DOR,Portland,St Georges,,16 Apr 1811,Ann,do,,Ann,WHITE,WHITE,,,
DOR,Portland,St Georges,,21 Apr 1811,Ann,,,,,WHITE,,,
DOR,Portland,St Georges,,21 Apr 1811,Mary,wo,Edwd,,RUSSEL,RUSSEL,,,
DOR,Portland,St Georges,,23 Apr 1811,Zacariah,so,John,A,WHITE,WHITE,,,
DOR,Portland,St Georges,,23 Apr 1811,Thos,,,,,JOHNS,,,
DOR,Portland,St Georges,,7  May 1811,Jane,,,,,MOURSON?,,,
DOR,Portland,St Georges,,19 May 1811,Jacob,,,,,NEWMAN,,,
DOR,Portland,St Georges,,9  Jun 1811,Benjamin,,,,,GIBBS,,,
DOR,Portland,St Georges,,17 Jun 1811,Ann Byatt,,,,,COMBAN,,,
DOR,Portland,St Georges,,17 Jun 1811,Joan,do,Edward,Mary,PEARCE,PEARCE,,,
DOR,Portland,St Georges,,20 Jun 1811,John Pitt,,,,,WALLIS,,,
DOR,Portland,St Georges,,28 Jun 1811,William,so,William,Catherine,COLLINS,COLLINS,,,
DOR,Portland,St Georges,,28 Jun 1811,Edward,so,John,Sarah,STEVENS,STEVENS,,,
DOR,Portland,St Georges,,28 Jun 1811,William John Edward,so,Henry,Mary,PEARCE,PEARCE,,,
DOR,Portland,St Georges,,30 Jun 1811,?,,,,,?,,,a stranger found drowned
DOR,Portland,St Georges,,4  Jul 1811,John Ousely,so,William,-,ATTWOOLL,ATTWOOLL,,,
DOR,Portland,St Georges,,1 Aug 1811,Wm,so,Robt,Elizabith,MITCHELL,MITCHELL,,,
DOR,Portland,St Georges,,30 Aug 1811,William,,,,,BUTTS,81,,
DOR,Portland,St Georges,,11 Sep 1811,Jane,do,Thomas,Susannah,WHITE,WHITE,,,
DOR,Portland,St Georges,,11 Sep 1811,Thomas,so,Thomas,Rebecca,WHITE,WHITE,,,
DOR,Portland,St Georges,,18 Sep 1811,Edward,,,,,NEWMAN,,,
DOR,Portland,St Georges,,21 Sep 1811,Benjamin,so,Robert,Elizabeth,MITCHELL,MITCHELL,,,
DOR,Portland,St Georges,,30 Sep 1811,Ester,do,Wm,Sarah,WHITTLE,WHITTLE,,,
DOR,Portland,St Georges,,10 Oct 1811,Walter,,,,,ALDRIDGE,,,
DOR,Portland,St Georges,,15 Oct 1811,Ann,,,,,DAMNER,,,
DOR,Portland,St Georges,,14 Nov 1811,Robert,,,,,HOSKINS,,,
DOR,Portland,St Georges,,25 Nov 1811,Joan,wo,Stephen,,DRYER,DRYER,,,
DOR,Portland,St Georges,,15 Dec 1811,Elizabeth,do,Bartholomew,Mary,COMBAN,COMBAN,,,
DOR,Portland,St Georges,,17 Dec 1811,Mary,wo,Robert,,SAMSON,SAMSON,,,
DOR,Portland,St Georges,,1  Jan 1812,Thomas,so,Robert,,SAMSON,SAMSON,,,
DOR,Portland,St Georges,,6  Jan 1812,Ann,wo,Thomas,,NEWMAN,NEWMAN,,,
DOR,Portland,St Georges,,10 Jan 1812,Alice,,,,,MILLER,,,
DOR,Portland,St Georges,,5  Feb 1812,Susannah,do,Wm,Grace,PEARCE,PEARCE,,,
DOR,Portland,St Georges,,6  Feb 1812,Jane,do,Alexander,Marjary,ANDREWS,ANDREWS,,,
DOR,Portland,St Georges,,7  Feb 1812,Jane,wo,Richard,,LANO,LANO,,,
DOR,Portland,St Georges,,13 Feb 1812,Elizabeth,wo,Joseph,,MILLER,MILLER,,,
DOR,Portland,St Georges,,14 Feb 1812,Bartholomew,so,Bartholomew,Jane,COMBAN,COMBAN,,,
DOR,Portland,St Georges,,10 Mar 1812,Elizabeth,do,William Johnson,Alice,BARNES,BARNES,,,
DOR,Portland,St Georges,,13 Mar 1812,Thomas,,,,,PITT,,,
DOR,Portland,St Georges,,30 Mar 1812,Jane,do,William,Sarah,WHITTLE,WHITTLE,,,
DOR,Portland,St Georges,,3  May 1812,Hester,do,Shaorh?,Susannah,STONE,STONE,,,
DOR,Portland,St Georges,,10 May 1812,Edith,wo,Thomas,,STEVENS,STEVENS,,,
DOR,Portland,St Georges,,22 May 1812,Susannah,,,,,LOWMAN,,,
DOR,Portland,St Georges,,9  Jun 1812,Elizabeth,,,,,MITCHELE,,,
DOR,Portland,St Georges,,27 Jun 1812,Karthrnah,,,,,WINTER,,,
DOR,Portland,St Georges,,13 Jul 1812,Grace,,,,,LANO,,,
DOR,Portland,St Georges,,18 Jul 1812,Alice,,,,,PITT,,,
DOR,Portland,St Georges,,19 Jul 1812,Bartholomew,,,,,COMBEN,,,
DOR,Portland,St Georges,,4  Aug 1812,Benjamin,so,Benjamin,Mary,PEARCE,PEARCE,,,
DOR,Portland,St Georges,,14 Aug 1812,Mary White,do,William,Jenny Butts,HINDE,HINDE,,,
DOR,Portland,St Georges,,30 Aug 1812,Jennings,so,Jennings,Elizabeth,ATTWOOLL,ATTWOOLL,,,
DOR,Portland,St Georges,,3  Sep 1812,Bartholomew,so,Bartholomew,Elizabeth,COMBAN,COMBAN,,,
DOR,Portland,St Georges,,18 Sep 1812,Mary,wo,Bartholomew,,WHITE,WHITE,,,
DOR,Portland,St Georges,,29 Sep 1812,Jane,do,Edward,Sarah,STONE,STONE,,,
DOR,Portland,St Georges,,29 Sep 1812,Simon Wills,so,George,Mary,GIBBS,GIBBS,,,
DOR,Portland,St Georges,,2  Oct 1812,Francis,so,John,Alice,PEARCE,PEARCE,,,
DOR,Portland,St Georges,,4  Oct 1812,Henry,so,William,Sarah,SANSOM,SANSOM,,,
DOR,Portland,St Georges,,5  Oct 1812,Elizabeth,do,Abraham,Elizabeth,FLANN,FLANN,,,
DOR,Portland,St Georges,,8  Oct 1812,Edward,,,,,RUSSELL,,,
DOR,Portland,St Georges,,8  Oct 1812,Robart,so,Robart,Susannah,FLEW,FLEW,,,
DOR,Portland,St Georges,,8  Oct 1812,Peter,so,Peter,Ann,VINE,VINE,,,
DOR,Portland,St Georges,,9  Oct 1812,Sarah,do,John,Alice,WINTER,WINTER,,,
DOR,Portland,St Georges,,11 Oct 1812,?,,,,,?,,,girl unknown taken up floating on the water of the Parish of Burton; Coroner's warrant
DOR,Portland,St Georges,,15 Oct 1812,Elizabeth,do,Henry,Elizabeth,PITT,PITT,,,
DOR,Portland,St Georges,,16 Oct 1812,William,so,Alexander,Alice,ATTWOOLL,ATTWOOLL,,,
DOR,Portland,St Georges,,16 Oct 1812,William,so,Robart,Grace,ELLIOTT,ELLIOTT,,,
DOR,Portland,St Georges,,20 Oct 1812,Thomas,so,Robart,Mary,ATTWOOLL,ATTWOOLL,,,
DOR,Portland,St Georges,,23 Oct 1812,Jane,do,Henry,Jane,DRYER,DRYER,,,
DOR,Portland,St Georges,,25 Oct 1812,Ann,do,John,Mary,BEYETT,BEYETT,,,
DOR,Portland,St Georges,,23 Oct 1812,John,so,Isaac,Elizabeth,ROD,ROD,,,
DOR,Portland,St Georges,,27 Oct 1812,John,so,Peter,Ann,VINE,VINE,,,
DOR,Portland,St Georges,,30 Oct 1812,Richard Hellyer,so,Joseph,Mary,WHITE,WHITE,,,
DOR,Portland,St Georges,,8  Nov 1812,Robart Andrews,so,Thomas,Rebacech,AYLES,AYLES,,,
DOR,Portland,St Georges,,13 Nov 1812,Abrham,so,William,-,WALLIS,WALLIS,,,
DOR,Portland,St Georges,,13 Nov 1812,William,so,Benjamin,Mary,STONE,STONE,,,
DOR,Portland,St Georges,,15 Nov 1812,John,so,Henry,Elizabeth,PITT,PITT,,,
DOR,Portland,St Georges,,18 Nov 1812,Eliza,do,Thomas,Elizabeth,WHITE,WHITE,,,
DOR,Portland,St Georges,,22 Nov 1812,Ann,do,Henry,Joan,PEARCE,PEARCE,,,
DOR,Portland,St Georges,,27 Nov 1812,Mary,,,,,JACOB,,,
DOR,Portland,St Georges,,3  Dec 1812,Edward,so,Edward,Sarah,ALLEN,ALLEN,,,
DOR,Portland,St Georges,,6  Dec 1812,George,so,John Collens,Ann,DRYER,DRYER,,,
DOR,Portland,St Georges,,20 Dec 1812,Bartholow,so,Thomas,Susannah,WHITE,WHITE,,,
DOR,Portland,St Georges,,20 Dec 1812,Mariah,do,,Mary,HUNT,HUNT,,,
