+INFO,capn-bob@pegleg2.demon.co.uk,password,SEQUENCED,MARRIAGES
#,CCC,Robert Wilkins,Dorset,DORPOGMA.CSV,11-Feb-2010
#,CREDIT,Ken Saunders,kvs1@compuserve.com
#,11-Feb-2010,,,
DOR,Portland,St Georges,,20 Aug 1803,Robert,FLEW,,,,,,Susanna,SCRIVEN,,,,,,,,,,,,John,SCRIVEN,Christian,GREEN,
DOR,Portland,St Georges,,22 Sep 1803,Edward,WHITTLE,,,,,,Mary,COMBEN,,,,,,,,,,,William COLLINS,Barth COMBEN,Banns,,,
DOR,Portland,St Georges,,24 Sep 1803,John,MITCHELL,,,,,,Grace,WILLIAMS,,,,,,,,,,,Nicholas WAY,Ann CHILES,,,,
DOR,Portland,St Georges,,7 Oct 1803,William,PEARCE,,,,,,Sarah,PEARCE,,,,,,,,,,,Edwd PEARCE,Jane PEARCE,Banns,,,
DOR,Portland,St Georges,,22 Oct 1803,John,SANSOM,,,,,,Mary,BENFIELD,,,,,,,,,,,Barth COMBEN,Susanna SANSOM,Banns,,,
DOR,Portland,St Georges,,18 Nov 1803,Richard,LANO,,,widr,,,Elizabeth,GIBBS,,,wid,,,,,,,,Henry LOWMAN,Thomas LANO,Banns,,,
DOR,Portland,St Georges,,11 Feb 1804,Benjamin,PEARCE,,,bach,,,Mary,FLEW,,,spin,,,,,,,,Thomas READ,John FLEW,Banns,,,
DOR,Portland,St Georges,,31 Mar 1804,Robert,LANO,,,bach,,,Mary,ATTWOOLL,,,spin,,,,,,,,Edward ATTWOOLL,Mary LANO,Banns,,,
DOR,Portland,St Georges,,28 Apr 1804,Thomas,COMBEN,,,bach,,,Mary,FLAN,,,spin,,,,,,,,Richard PETTERS,Elizabeth ATTWOOLL,Banns,,,
DOR,Portland,St Georges,,01 Mar 1804,Robert,HOSKINS,,,,,,Martha,CHANNON,,Of Lime,,,,,,,,,,,,,,Banns only - Married at Lime
DOR,Portland,St Georges,,12 May 1804,Jennings,SCHOLLAR,,,bach,,,Joan,PEARCE,,,spin,,,,,,,,Edward PEARCE,William BUTTS,Banns,,,
DOR,Portland,St Georges,,26 May 1804,Edward,PEARCE,,,bach,,,Mary,LANO,,,spin,,,,,,,,Edward PEARCE,Abel PEARCE,Banns,,,
DOR,Portland,St Georges,,8 Sep 1804,Henry,SCORE,,,bach,,,Rebeccah,ROD,,,spin,,,,,,,,John ROD,William BUTTS,Banns,,,
DOR,Portland,St Georges,,28 Sep 1804,John,GIBBS,,,bach,,,Susannah,SANSOM,,,spin,,,,,,,,Benj PEARCE,Thos PEARCE,Banns,,,
DOR,Portland,St Georges,,6 Oct 1804,Thomas,WHITE,,,bach,,,Susannah,COMBEN,,,spin,,,,,,,,Zach WHITE,Robert WHITE,Banns,,,
DOR,Portland,St Georges,,15 Oct 1804,Bartholomew,COMBEN,,,widr,,,Mary,DISMORE,,,spin,,,,,,,,R LEWIS,Benj PEARCE,Banns,,,
DOR,Portland,St Georges,,16 Oct 1804,Augustin,WHITE,,,bach,,,Dorothea,MITCHEL,,,spin,,,,,,,,Bernard WHITE,William BUTTS,Banns,,,
DOR,Portland,St Georges,,20 Oct 1804,William,ATWOOL,,,bach,,,Hannah,HARDEY,,,spin,,,,,,,,Isaac ROD,John GIBBS,Banns,,,
DOR,Portland,St Georges,,01 Nov 1804,John,CROCKER,,Piddletrent,,Bach,,Ann,SCORE,,,,Spin,,,,,,,,Francis OLD,SARAH TOBEY,,,Banns only
DOR,Portland,St Georges,,29 Nov 1804,William,NEWTON,,,bach,,,Ann,SANSOM,,,spin,,,,,,,,Wm HIND,James NEWTON,Banns,,,
DOR,Portland,St Georges,,1 Dec 1804,Thomas,WHITE,,,bach,,,Elizabeth,STONE,,,spin,,,,,,,,Thos WHITE,William STONE,Banns,,,
DOR,Portland,St Georges,,24 Dec 1804,Bartholomew,COMBEN,,,bach,,,Elizabeth,COLLINS,,,spin,,,,,,,,John SKINNER,Daniel ANDREWS,Banns,,,
DOR,Portland,St Georges,,22 Dec 1804,Robert,WHITE,,,bach,,,Susannah,BENNET,,,spin,,,,,,,,Thos WHITE,William STONE,Banns,,,
DOR,Portland,St Georges,,22 Dec 1804,William,STONE,,,bach,,,Susannah,HELLYER,,,wid,,,,,,,,Martha WHITE,Elizth (X) WHITE,Banns,,,
DOR,Portland,St Georges,,24 Jan 1805,William,GIBBS,,,,,,Sarah,WIGGATE,,,,,,,,,,,Wm HENSHAW,John JORDAN,Banns,,,
DOR,Portland,St Georges,,24 Jan 1805,John,AYLES,,,,,,Elizabeth,PEARCE,,,,,,,,,,,Edward PEARCE,William AYLES,Banns,,,
DOR,Portland,St Georges,,13 Feb 1805,Joseph,READ,,,,,,Martha,ELLIOT,,,,,,,,,,,Thos ELLIOTT,John Ayles ATTWOOLL,Banns,,,
DOR,Portland,St Georges,,2 Mar 1805,William,PEARCE,,,bach,,,Mary,BENNET,,,spin,,,,,,,,Edward PEARCE,Abrm NORSTER,Banns,,,
DOR,Portland,St Georges,,Feb 1805,William,PEARCE,,,bach,,,Mary,WHITE,,,spin,,,,,,,,,Banns only,,,,
DOR,Portland,St Georges,,17 Apr 1805,Thomas,FLEW,,,bach,,,Mary,PEARCE,,,spin,,,,,,,,William GIBBS,Abrm MILLS,Banns,,,
DOR,Portland,St Georges,,18 Apr 1805,Abel,PEARCE,,,bach,,,Rebecca,MOORE,,,,,,,,,,,William MOORE,James MOORE,Banns,,,
DOR,Portland,St Georges,,19 Apr 1805,William,RICE,,,bach,,,Rebecca,WALLIS,,,spin,,,,,,,,Andw YEOMAN,William BUTTS,Banns,,,
DOR,Portland,St Georges,,20 Apr 1805,John,FUZZARD,,,bach,,,Margery,CHICK,,,spin,,,,,,,,William WAY,Thos AYLES,Banns,,,
DOR,Portland,St Georges,,20 Apr 1805,John Ayles,ATTWOOLL,,,bach,,,Mary,READ,,,spin,,,,,,,,Thos AYLES,William WAY,Banns,,,
DOR,Portland,St Georges,,3 May 1805,Isaac,STONE,,,,,,Susanna,COMBEN,,,,,,,,,,,Bartho COMBEN,Robert LANO,Banns,,,
DOR,Portland,St Georges,,6 Jul 1805,Isaac,ROD,,,bach,,,Elizabeth,SCORE,,,spin,,,,,,,,Edward TOBY,Richd SCORE,Banns,,,
DOR,Portland,St Georges,,3 Aug 1805,John,WHITE,,,bach,,,Rebecca,STONE,,,spin,,,,,,,,Benjamin STONE,William BUTTS,Banns,,,
DOR,Portland,St Georges,,31 Jul 1805,Cornelius,CROSSMAN,,Weymouth,,,,Mary,STONE,,,spin,,,,,,,,,Banns only,,,,
DOR,Portland,St Georges,,21 Sep 1805,Andrew Cooper,YEOMAN,,,widr,,,Elizabeth,RUSSELL,,,wid,,,,,,,,Wm RICE,William BUTTS,Banns,,,
DOR,Portland,St Georges,,30 Nov 1805,Thomas,RUSSELL,,,bach,,,Eleanor,DEAMOR,,,spin,,,,,,,,Zach WHITE,William BUTTS,Banns,,,
DOR,Portland,St Georges,,4 Dec 1805,James,WALLIS,,,bach,,,Jane,RAIMENT,,,spin,,,,,,,,John MARWOOD,William BUTTS,Banns,,,
DOR,Portland,St Georges,,7 Dec 1805,Samuel Pittman,MITCHELL,,,bach,,,Diana,RUSSELL,,,spin,,,,,,,,Mary HOSKINS,(?) PEARCE,Banns,,,
DOR,Portland,St Georges,,24 Dec 1805,James,SANSOM,,,bach,,,Mary,ROD,,,spin,,,,,,,,Abraham WINTER,William BUTTS,Banns,,,
DOR,Portland,St Georges,,1 Jan 1806,John,BENNETT,,,bach,,,Margery,COMBEN,,,spin,,,,,,,,Robert STONE,William HANSFORD,Banns,,,
DOR,Portland,St Georges,,14 Jan 1806,Alexander,ANDREWS,,,bach,,,Margery,WHITE,,,spin,,,,,,,,Abraham WINTER,William SANSOM,Banns,,,
DOR,Portland,St Georges,,15 Feb 1806,William,ANGEL,,,bach,,,Ann,TOBEY,,,spin,,,,,,,,James ALLEN,John ANGEL,Banns,,,
DOR,Portland,St Georges,,28 Feb 1806,Richard,BENNETT,,,bach,,,Rebecca,ATWOOL,,,spin,,,,,,,,William GIBBS,Wm GIBBS Jnr,Banns,,,
DOR,Portland,St Georges,,16 Apr 1806,Richard,PEARCE,,,widr,,,Alice,BENNETT,,,wid,,,,,,,,Thos PEARCE,Edwd PEARCE,Abraham PEARCE,Banns,,
DOR,Portland,St Georges,,19 Apr 1806,Thomas,BIRD,,,bach,,,Elizabeth,FLAN,,,spin,,,,,,,,Robt BENNETT,Richard SANSOM,Banns,,,
DOR,Portland,St Georges,,22 May 1806,Joseph,WAY,,,bach,,,Elizabeth,CHICK,,,spin,,,,,,,,Samuel FUZZARD,William WAY,Banns,,,
DOR,Portland,St Georges,,May 1806,Henry,WINTER,,,widr,,,Mary,STRICKLAND,,of Stoke,wid,,,,,,,,,Banns only,,,,
DOR,Portland,St Georges,,17 Jul 1806,William,BENNETT,,,bach,,,Jane,ANDREWS,,,spin,,,,,,,,Edward Glover CHADDOCK,Rebecca ANDREWS,Banns,,,
DOR,Portland,St Georges,,Aug 1806,Benjamin,SCRIVEN,,,bach,,,Jane,BENFIELD,,,spin,,,,,,,,,Banns only,,,,
DOR,Portland,St Georges,,23 Aug 1806,John,STONE,,,bach,,,Mary,ATTWOOLL,,,spin,,,,,,,,Robert ATTWOOLL,Susanna ATTWOOLL,Licence,,,
DOR,Portland,St Georges,,14 Sep 1806,John Collins,DRYER,,,bach,,,Ann,CHILES,,,spin,,,,,,,,Jno C DRYER,Henry DRYER,Susanna (X) SHADDOCK,Banns,,
DOR,Portland,St Georges,,22 Sep 1806,John,PEARCE,,,bach,,,Alice,SANSOM,,,spin,,,,,,,,Robert PEARCE,Wm BENFIELD,Banns,,,
DOR,Portland,St Georges,,26 Oct 1806,William,SANSOM,,,bach,,,Sarah,SHIKLE,,,spin,,,,,,,,John PEARCE,Jane PEARCE,Banns,,,
DOR,Portland,St Georges,,6 Dec 1806,John,ANTHONY,,,bach,,,Elizabeth,ATTWOOLL,,,spin,,,,,,,,Edward ATTWOOLL,Katherine ATTWOOLL,Banns,,,
DOR,Portland,St Georges,,18 Jan 1807,William,ATWOOLL,,,bach,,,Mary,HINDE,,,spin,,,,,,,,Wm HIND,Edward PEARCE,Grace (X) HINDE,Banns,,
DOR,Portland,St Georges,,5 Feb 1807,Jennings,ATWOOL,,,bach,,,Elizabeth,ELLIOTT,,,spin,,,,,,,,Thomas ELLIOTT,William BUTTS,Banns,,,
DOR,Portland,St Georges,,7 Feb 1807,John,STONE,,,bach,,,Margery,CHADDOCK,,,spin,,,,,,,,Robert CHADDOCK,Isaac ROD,Banns,,,
DOR,Portland,St Georges,,7 Feb 1807,Robert Lano,PEARCE,,,bach,,,Lucy,STONE,,,spin,,,,,,,,Isaac ROD,Alexander WAY,Banns,,,
DOR,Portland,St Georges,,7 Feb 1807,Peter,COVEVOT?,,,bach,,,Margery,CHADDOCK,,,spin,,,,,,,,Alexander WAY,Isaac ROD,Banns,,,
DOR,Portland,St Georges,,14 Feb 1807,John,STEVENS,,,bach,,,Sarah,STONE,,,spin,,,,,,,,Tabitha PEARCE,Abraham PEARCE,Edwd (?),Banns,,
DOR,Portland,St Georges,,7 Mar 1807,John,FLEW,,,bach,,,Anne,PETERS,,,spin,,,,,,,,Henry PEARCE,Frances FLEW,Banns,,,
DOR,Portland,St Georges,,7 Mar 1807,William,WHITE,,,bach,,,Anne,COMBEN,,,spin,,,,,,,,Robert WHITE,Grace (X) COMBEN,Banns,,,
DOR,Portland,St Georges,,25 Apr 1807,Abraham,WHITE,,,bach,,,Elizabeth,HOSKINS,,,spin,,,,,,,,Barth COMBEN,William BUTTS,Banns,,,
DOR,Portland,St Georges,,3 Jun 1807,Thomas,STONE,,,bach,,,Agnes,HINDE,,,spin,,,,,,,,Francis PEARCE,Wm HINDE,Banns,,,
DOR,Portland,St Georges,,10 Jun 1807,Mathew,FANCY,,,widr,,,Elizabeth,STONE,,,spin,,,,,,,,Robert STONE,William BUTTS,Banns,,,
DOR,Portland,St Georges,,20 Jun 1807,Samuel,FUZZARD,,,bach,,,Anne,MITCHELL,,,spin,,,,,,,,Samuel FUZZARD,Susanna FUZZARD,Banns,,,
DOR,Portland,St Georges,,2 Jul 1807,Abraham,PEARCE,,,bach,,,Rebecca,PEARCE,,,spin,,,,,,,,Henry PEARCE,Elizabeth PEARCE,Banns,,,
DOR,Portland,St Georges,,22 Aug 1807,Benjamin,SCRIVEN,,,bach,,,Jane,BENFIELD,,,spin,,,,,,,,John SCRIVEN,Timothy SCRIVEN,Banns,,,
DOR,Portland,St Georges,,12 Sep 1807,John,STONE,,,bach,,,Elizabeth,SHADDOCK,,,spin,,,,,,,,Robt CHADDOCK,Lucy STONE,Banns,,,
DOR,Portland,St Georges,,Sep 1807,Richard,HARDY,,,bach,,,Mary,WHITE,,,spin,,,,,,,,,Banns only,,,,
DOR,Portland,St Georges,,26 Sep 1807,William,COX,,,widr,,,Mary,STEWKSBURY,,,wid,,,,,,,,Abraham PETTERS,Elizabeth (X) BARTLETT,Banns; Banns book gives STEWXBURY,,,
DOR,Portland,St Georges,,Oct 1807,Joseph,BEAL,,Melcombe Regis,bach,,,Mary,COOK,,,spin,,,,,,,,,Banns only,,,,
DOR,Portland,St Georges,,8 Oct 1807,Henry,PEARCE,,,bach,,,Joan,MILLER,,,wid,,,,,,,,Robert SCHOLLAR,Grace PEARCE,Licence,,,
DOR,Portland,St Georges,,3 Dec 1807,Robert,DRYER,,,bach,,,Ruth,WAY,,,wid,,,,,,,,Robt DRYOR,Henry DRYER,Banns,,,
DOR,Portland,St Georges,,7 Jan 1808,Richard,DRYER,,,bach,,,Sarah,WEGGETH,,,spin,,,,,,,,John RUSSELL,Richard SANSOM,Banns,,,
DOR,Portland,St Georges,,16 Jan 1808,John,WHITE,,,bach,,,Sarah,BENNETT,,,spin,,,,,,,,Robt BENNETT,Robert STONE,Banns,,,
DOR,Portland,St Georges,,11 Feb 1808,John,WINTER,,,bach,,,Alice,COMBEN,,,spin,,,,,,,,Josh WHITE,Wm WHITE,Banns,,,
DOR,Portland,St Georges,,27 Feb 1808,John,ANGEL,,,bach,,,Susanna,ELLIOTT,,,spin,,,,,,,,Thos ELLIOTT,Joseph READ,Banns,,,
DOR,Portland,St Georges,,16 Apr 1808,Abraham,MILLS,,,bach,,,Alice,ATTWOOLL,,,spin,,,,,,,,Robert PEARCE,Grace (X) ATTWOOLL,Banns,,,
DOR,Portland,St Georges,,30 Apr 1808,Robert,WHITE,,,bach,,,Elizabeth,HELLYER,,,spin,,,,,,,,Thos WHITE,Rachel HELLYER,Banns,,,
DOR,Portland,St Georges,,7 May 1808,Robt,WOOLEDGE,,,bach,,,Martha,WHITE,,,spin,,,,,,,,Thos WHITE,Thos WHITE,Banns,,,
DOR,Portland,St Georges,,Apr 1808,William,POPPLE?,,,bach,,,Esther,GALPIN,,Wyke Regis,spin,,,,,,,,,Banns only,,,,
DOR,Portland,St Georges,,5 Jun 1808,Benjamin,WHITE,,,bach,,,Jane,MILLER,,,spin,,,,,,,,Wm HINDE,Robert STONE,Banns,,,
DOR,Portland,St Georges,,17 Jun 1808,Robert,ROD,,,bach,,,Catherine,PEARCE,,,spin,,,,,,,,Abraham WINTER,William BUTTS,Banns,,,
DOR,Portland,St Georges,,18 Jun 1808,Robert,STONE,,,bach,,,Grace,PITT,,,spin,,,,,,,,Jonathan Comben LANO,Marg MOORE,Banns,,,
DOR,Portland,St Georges,,23 Jun 1808,William,COLLINS,,,bach,,,Katherine,ATTWOOLL,,,spin,,,,,,,,Edward PEARCE,John SKINNER,Banns,,,
DOR,Portland,St Georges,,25 Jun 1808,John,LAKE,,,bach,,,Edith Pitt,ATTWOOLL,,,spin,,,,,,,,William ATTWOOLL,Edward ALLEN,Banns,,,
DOR,Portland,St Georges,,28 Jul 1808,William,MOORE,,,bach,,,Lucretia,LANO,,,spin,,,,,,,,Willm MOORE Snr,Elizabeth MOORE,Banns,,,
DOR,Portland,St Georges,,6 Aug 1808,William,ALLEN,,,bach,,,Hannah,ATTWOOLL,,,spin,,,,,,,,Jennens ATTWOOLL,Ann ATTWOOLL,Banns,,,
DOR,Portland,St Georges,,27 Aug 1808,John,RUSSELL,,,bach,,,Edith,PITT,,,spin,,,,,,,,Wm ALLEN,John RUSSELL,Banns,,,
DOR,Portland,St Georges,,8 Sep 1808,Robert,ELLIOTT,,,bach,,,Grace,FUZZARD,,,spin,,,,,,,,Ann WHITE,Elizabeth COMBEN,Banns,,,
DOR,Portland,St Georges,,1 Oct 1808,Robert,PEARCE,,,bach,,,Grace,ATTWOOLL,,,spin,,,,,,,,Robert STONE,William STONE,Banns,,,
DOR,Portland,St Georges,,6 Oct 1808,Jonathan,LANO,,,bach,,,Susanna,LANO,,,spin,,,,,,,,Richard NOSTER,Eliza SCHOLLAR,Banns,,,
DOR,Portland,St Georges,,7 Oct 1808,John,STONE,,,bach,,,Elizabeth,SPENCER,,,spin,,,,,,,,John PEARCE,Wm SPENCER,Banns,,,
DOR,Portland,St Georges,,8 Oct 1808,Robert Andrews,ATTWOOLL,,,bach,,,Elizabeth,ALLEN,,,spin,,,,,,,,Thomas AYLES,Elizabeth PEARCE,Banns,,,
DOR,Portland,St Georges,,27 Nov 1808,William,ALLEN,,,bach,,,Jane,PITT,,,spin,,,,,,,,Henry PITT,Edward ALLEN,Banns,,,
DOR,Portland,St Georges,,3 Dec 1808,Henry,BENNETT,,,bach,,,Elizabeth,ALLEN,,,spin,,,,,,,,Robert BENNETT,Grace PEARCE,Banns,,,
DOR,Portland,St Georges,,23 Dec 1808,William,SPENCER,,,bach,,,Margery,WHITE,,,spin,,,,,,,,John STONE,Jane SPENCER,Banns,,,
DOR,Portland,St Georges,,21 Jan 1809,William,BENFIELD,,,bach,,,Tabitha,PEARCE,,,spin,,,,,,,,William BENFIELD,Abel (?),Banns,,,
DOR,Portland,St Georges,,20 Jan 1809,William,PEARCE,,,bach,,,Mary,WHITE,,,wid,,,,,,,,Robert PEARCE,Richard SANSOM,Licence,,,
DOR,Portland,St Georges,,28 Jan 1809,Edward,BIRD,,,bach,,,Jane,ROD,,,spin,,,,,,,,Richard SANSOM,Robert LANO,Banns,,,
DOR,Portland,St Georges,,14 Feb 1809,Richard,PEARCE,,,,,,Susannah,SHADDOCK,,,,,,,,,,,Edwd Glover CHADDOCK,John Collins DRYER,,,,
DOR,Portland,St Georges,,6 May 1809,Richard,SHADDOCK,,,bach,,,Lucy,STONE,,,spin,,,,,,,,Robt SHADDOCK,Agness STONE,Banns,,,
DOR,Portland,St Georges,,24 Jun 1809,Richard,STONE,,,bach,,,Elizabeth,COMBEN,,,spin,,,,,,,,Edward Toby STONE,Zachariah WHITE,Banns,,,
DOR,Portland,St Georges,,23 Jul 1809,John,STONE,,,widr,,,Susannah,WAY,,,spin,,,,,,,,Robert ATTWOOLL,Wm HIND,Licence,,,
DOR,Portland,St Georges,,25 Oct 1809,William,WHITE,,,bach,,,Elizabeth,PEARCE,,,spin,,,,,,,,Wm PEARCE,Jane PEARCE,Licence,,,
DOR,Portland,St Georges,,18 Nov 1809,John,PETTERS,,,bach,,,Elizabeth,MITCHELL,,,spin,,,,,,,,Henry PEARCE,Martha CADY,Banns,,,
DOR,Portland,St Georges,,25 Nov 1809,Robert,PEARCE,,,bach,,,Jane,FLEW,,,spin,,,,,,,,Wm HINDE,Jone STONE,Banns,,,
DOR,Portland,St Georges,,Oct 1809,Robert,PEARCE,,,bach,,,Elizabeth,FLEW,,,spin,,,,,,,,,Banns only,,,,
DOR,Portland,St Georges,,2 Dec 1809,Thomas,FLEW,,,bach,,,Elizabeth,DAVIS,,,spin,,,,,,,,Jonathan SWEET,Wm HIND,Banns,,,
DOR,Portland,St Georges,,8 Dec 1809,Henry,GIBBS,,,bach,,,Ann,ATTWOOLL,,,spin,,,,,,,,Bartholomew COMBEN,John GIBBS,Banns,,,
DOR,Portland,St Georges,,9 Dec 1809,Henry,WINTER,,,bach,,,Elizabeth,BENNETT,,,spin,,,,,,,,Joseph BENNETT,Robert PEARCE,Banns,,,
DOR,Portland,St Georges,,31 Dec 1809,Henry,PEARCE,,,bach,,,Mary,LANO,,,spin,,,,,,,,Henry LOWMAN,(?) PEARCE,Banns,,,
DOR,Portland,St Georges,,22 Jan 1810,Joseph,WHITE,,,bach,,,Mary,HELLYER,,,spin,,,,,,,,Edward PEARCE,William STONE,Banns,,,
DOR,Portland,St Georges,,27 Jan 1810,William,OTTER,,,bach,,,Ann,WINTER,,,spin,,,,,,,,Henery WINTER,Simon Durrant ATTWOOLL,Banns,,,
DOR,Portland,St Georges,,31 Jan 1810,Samuel,SWANSON,,,bach,Royal Artillery,,Elizabeth,JAMES,,,spin,,,,,,,,Wm RICE,Ben WHITE,Banns; Banns book gives Samuel SWANSON (wid),,,
DOR,Portland,St Georges,,10 Feb 1810,Alexander,SHADDOCK,,,bach,,,Jane,MUDDLE,,,spin,,,,,,,,John WINTER,Richard SANSOM,Banns,,,
DOR,Portland,St Georges,,25 Feb 1810,Zachariah,WHITE,,,bach,,,Sarah,PITT,,,spin,,,,,,,,Robert STONE,William HINDE,Banns,,,
DOR,Portland,St Georges,,Mar 1810,Robert,PEARCE,,,,,,Alice,PITT,,,,,,,,,,,,Banns Only,,,,
DOR,Portland,St Georges,,13 Apr 1810,Martin,COOPER,,,bach,,,Mary,READ,,,spin,,,,,,,,Robt BENNETT,Robert STONE,Banns,,,
DOR,Portland,St Georges,,4 May 1810,William,HELLYER,,,bach,,,Ann,BENNETT,,,spin,,,,,,,,Robert BENNETT,Mary PEARCE,Banns,,,
DOR,Portland,St Georges,,19 May 1810,William,PETTERS,,,bach,,,Susannah,BARTLETT,,,spin,,,,,,,,William HINDE,Agness ATTWOOLL,Banns,,,
DOR,Portland,St Georges,,13 May 1810,John,BENFIELD,,,bach,,,Grace,SCHOLLAR,,,spin,,,,,,,,Edward SCHOLLAR,Robert STONE,Banns,,,
DOR,Portland,St Georges,,30 Jun 1810,William,FLANN,,,bach,,,Elizabeth,WHITE,,,spin,,,,,,,,William HINDE,Elizabeth STANDARD,Wm SPENCER,Banns,,
DOR,Portland,St Georges,,14 Jul 1810,Simon Durrant,ATTWOOLL,,,bach,,,Rebecca,COMBEN,,,spin,,,,,,,,Wm ATTWOOLL,Wm HINDE,Banns,,,
DOR,Portland,St Georges,,2 Aug 1810,Thomas,ELLIOTT,,,bach,,,Jane,READ,,,spin,,,,,,,,Thos READ,Ann WAY,Nicholas WAY,Banns,,
DOR,Portland,St Georges,,5 Aug 1810,Robert,PEARCE,,,bach,,,Grace,WHITE,,,spin,,,,,,,,William HINDE,Edward STONE,Banns,,,
DOR,Portland,St Georges,,Aug 1810,John,MABEY,,Weymouth,bach,,,Susannah,ALLEN,,,spin,,,,,,,,,Banns only,,,,
DOR,Portland,St Georges,,2 Sep 1810,Titus,SMITH,,Birdport,bach,,,Elizabeth,FLEW,,,spin,,,,,,,,Benjamin PEARCE,John FLEW,Banns,,,
DOR,Portland,St Georges,,8 Sep 1810,Richard,WINTER,,,bach,,,Jane,BYATT,,,spin,,,,,,,,Henry PITT,Henry DRYOR,Banns,,,
DOR,Portland,St Georges,,8 Sep 1810,John,MILLER,,,bach,,,Grace,COMBEN,,,spin,,,,,,,,Henry PITT,Henry DRYER,Banns,,,
DOR,Portland,St Georges,,25 Nov 1810,William,GIBBS,,,widr,,,Mary,PEARCE,,,wid,,,,,,,,Edward PEARCE,William SCRIVEN,Banns,,,
DOR,Portland,St Georges,,21 Feb 1811,Thomas,READ,,,bach,,,Susannah,ALLEN,,,spin,,,,,,,,Edward WAY,Henry DRYER,Banns,,,
DOR,Portland,St Georges,,21 Apr 1811,Edward,ALLEN,,,bach,,,Elizabeth,ATTWOOLL,,,spin,,,,,,,,John LAKE,Wm HINDE,Banns,,,
DOR,Portland,St Georges,,8 Jun 1811,James,STURT,,Melcomb Regis cum Radipole,,,,Susannah,ANDREWS,,,,,,,,,,,Daniel ANDREWS,William HINDE,Licence,,,
DOR,Portland,St Georges,,7 Jul 1811,John,HELLYAR,,,bach,,,Elizabeth,YEOMAN,,,wid,,,,,,,,John SCRIVEN,William HINDE,Banns,,,
DOR,Portland,St Georges,,13 Jul 1811,William,WHITE,,,bach,,,Elizabeth,ATTWOOLL,,,spin,,,,,,,,Bernard WHITE,John ELLIOTT,Banns,,,
DOR,Portland,St Georges,,28 Jul 1811,Henry,ATTWOOLL,,,bach,,,Mary,DUNMAN,,,spin,,,,,,,,Robt PEARCE,William HINDE,Banns,,,
DOR,Portland,St Georges,,6 Aug 1811,William Johnstone,BARNES,,,bach,,,Alice,BENNETT,,,spin,,,,,,,,Joseph BENNETT,Wm ATTWOOLL,Banns,,,
DOR,Portland,St Georges,,11 Aug 1811,John,WAY,,,bach,,,Mary,MITCHELL,,,spin,,,,,,,,Samuel (X) MITCHELL,William HIND,Banns,,,
DOR,Portland,St Georges,,27 Oct 1811,Abel,ATTWOOLL,,,bach,,,Ann,LANO,,,spin,,,,,,,,Jonathan LANO,Owen LANO,Banns,,,
DOR,Portland,St Georges,,16 Nov 1811,John,BENNETT,,,bach,,,Susannah,CHADDOCK,,,spin,,,,,,,,Robt SHADDOCK,Richd SHADDOCK,Banns,,,
DOR,Portland,St Georges,,19 Jan 1812,Edward,COMBEN,,,bach,,,Susannah,ATTWOOLL,,,spin,,,,,,,,Wm HINDE,William PEARCE,Banns,,,
DOR,Portland,St Georges,,21 Mar 1812,William,BENFIELD,,,bach,,,Jane,PEARCE,,,spin,,,,,,,,Edward PEARCE Snr,Edward PEARCE Jnr,Banns,,,
DOR,Portland,St Georges,,9 Apr 1812,Robert,VEIRON,,,bach,,,Sarah,MILLER,,,spin,,,,,,,,Richard WINGATE,James BROOKS,Banns,,,
DOR,Portland,St Georges,,17 May 1812,William,HILL,,,bach,,,Elizabeth,HUNT,,,spin,,,,,,,,George HILL,William HIND,Banns,,,
DOR,Portland,St Georges,,18 May 1812,Thomas James,READ,,,bach,,,Sarah,MOTYER,,,spin,,,,,,,,Thos READ,William HINDE,Banns,,,
DOR,Portland,St Georges,,23 May 1812,Jonathan,COMBEN,,,bach,,,Mary,HINDE,,,spin,,,,,,,,Robert HINDE,William HIND,Banns,,,
DOR,Portland,St Georges,,10 Jul 1812,Henry,MITCHELL,,,bach,,,Elizabeth,WHITE,,,spin,,,,,,,,H MITCHELL,Robt LANO,Banns,,,
DOR,Portland,St Georges,,23 Jul 1812,William,PEARCE,,,bach,,,Ann,ATTWOOLL,,,spin,,,,,,,,Edward PEARCE,William HINDE,Banns,,,
DOR,Portland,St Georges,,25 Jul 1812,William,SANSOM,,,bach,,,Grace,PEARCE,,,spin,,,,,,,,Edwd PEARCE,Richard SANSOM,Banns,,,
DOR,Portland,St Georges,,29 Jul 1812,Benjamin,PEARCE,,,bach,,,Jane,PEARCE,,,spin,,,,,,,,Henry PEARCE,Joseph GREEN,Banns,,,
DOR,Portland,St Georges,,19 Sep 1812,Richard,COOK,,,bach,,,Rebeccah Flew,NEWTON,,,spin,,,,,,,,William HIND,Joan NEWTON,Banns,,,
DOR,Portland,St Georges,,31 Oct 1812,John,OTTER,,,bach,,,Elizabeth,COX,,,spin,,,,,,,,Edward PEARCE,John HELLYER,Banns,,,
