+INFO,capn-bob@pegleg2.demon.co.uk,password,SEQUENCED,MARRIAGES
#,CCC,Bob Wilkins,Dorset,DORRAMMA1.CSV,01-Sep-2012
#,CREDIT,,
#,01-Sep-2012,Parish Records,
DOR,Rampisham,St Michael,,1743,John,FRAMPTON,,,,,,Lydia,WILLS,,,,,,,,,,,,,,,,
DOR,Rampisham,St Michael,,1747,Morgan,CHILLIOTT,,Swyre,,,,Anne,HINSEL,,Netherbury,,,,,,,,,,,,,,
DOR,Rampisham,St Michael,,23 Jul 1749,Ezekiol,CHULOS,,,,,,Mary,SHOCROFT,,,,,,,,,,,,,,,,
DOR,Rampisham,St Michael,,12 Mar 1750/1,John,BARROT,,,,,,Joan,,,,,,,,,,,,,,,,,
DOR,Rampisham,St Michael,,16 Jul 1754,Thomas,?ODE,,Melbury Osmond,,,,Ann,FRAMPTON,,,,,,,,,,,,,,,,
DOR,Rampisham,St Michael,,30 Jun 1755,William,CUNDUM,,,,,,Mary,,,,,,,,,,,,,,,,,
DOR,Rampisham,St Michael,,1757,Samuel,CHURCHILL,,,,,,Rebekah,,,,,,,,,,,,,,,,,
DOR,Rampisham,St Michael,,31 Jul 1760,John,HUMBER,,,,,,Margaret,,,,,,,,,,,,,,,,,
DOR,Rampisham,St Michael,,22 Jul 1770,William,ELLIS,,Luccombe,,,,Lydia,YEATES,,Cattistock,,,,,,,,,,,,,,
DOR,Rampisham,St Michael,,17 Sep 1773,Thomas,TAYLOR,,,,,,,,,,,,,,,,,,,,,,,
DOR,Rampisham,St Michael,,15 Jan 1782,John,NEALE,,,,,,Eilizabeth,SWAFFIELD,,,,,,,,,,,,,,,,
DOR,Rampisham,St Michael,,28 May 1787,Edmund,ELLIS,,,,,,Elizabeth,SMITH,,,,,,,,,,,,,,,,
DOR,Rampisham,St Michael,,28 May 1787,Joseph,SWAFFIELD,,,,,,Mary,SWAFFIELD,,,,,,,,,,,,,,,,
DOR,Rampisham,St Michael,,09 Dec 1788,Edmund,NEALE,,East Coker,,,,Elizabeth,LEAKE,,,,,,,,,,,,,,,,
DOR,Rampisham,St Michael,,26 Apr 1795,Phillip,FRAMPTON,,,,,,Mary,ELLIS,,,,,,,,,,,,,,,,
DOR,Rampisham,St Michael,,09 Sep 1800,Joseph,NEWMAN,,,,,,Susannah,LEWIS,,,,,,,,,,,,,,,,
DOR,Rampisham,St Michael,,23 Feb 1809,Edward,WHITE,,,,,,Elizabeth,GALE,,,,,,,,,,,,,,,,
DOR,Rampisham,St Michael,,23 Dec 1811,Thomas,CURTIS,,,,,,Mary Ann ,GARD,,,,,,,,,,,,,,,,
DOR,Rampisham,St Michael,,23 Aug 1814,John,GARD,,,,,,Mary,SWAFFIELD,,,,,,,,,,,,,,,,
DOR,Rampisham,St Michael,,1815,Benjamin,BISHOP,,,,,,Caroline,GARD,,,,,,,,,,,,,,,,
DOR,Rampisham,St Michael,,07 Jan 1815,Abel,FRAMPTON,,,,,,Mary,FRAMPTON,,,,,,,,,,,,,,,,
DOR,Rampisham,St Michael,,27 Mar 1817,James,FRAMPTON,,,,,,Judith,PITCHER,,,,,,,,,,,,,,,,
DOR,Rampisham,St Michael,,1817,William,FRAMPTON,,,,,,Annie,PITCHER,,,,,,,,,,,,,,,,
DOR,Rampisham,St Michael,,23 Jun 1818,John,RUGG,,Montecute,,,,Hannah,SWAFFIELD,,,,,,,,,,,,,,,,
DOR,Rampisham,St Michael,,03 Feb 1818,George,SWAFFIELD,,Evershot,,,,Catherine,NEAL,,,,,,,,,,,,,,,,
DOR,Rampisham,St Michael,,03 Jan 1820,William,ELLIS,,,,,,Harriet,SWAFFIELD,,,,,,,,,,,,,,,,
DOR,Rampisham,St Michael,,12 Feb 1822,George,BOSBY,,,,,,Phyllis,NEAL,,,,,,,,,,,,,,,,
DOR,Rampisham,St Michael,,14 Nov 1824,George,HOSKINS,,,,,,Mary,TAYLOR,,,,,,,,,,,,,,,,
DOR,Rampisham,St Michael,,07 Feb 1826,Robert,BISHOP,,Halstock,,,,Mary,NEALE,,,,,,,,,,,,,,,,
DOR,Rampisham,St Michael,,26 Jan 1826,Bernard,GALE,,Corscombe,,,,Sarah ,FRAMPTON,,,,,,,,,,,,,,,,
DOR,Rampisham,St Michael,,03 Oct 1826,George,SQUIBB,,Melbury Osmond,,,,Martha,SWAFFIELD,,,,,,,,,,,,,,,,
DOR,Rampisham,St Michael,,06 Nov 1826,Nathaniel Rides,WILLS,,,,,,Elizabeth,ELYETT,,,,,,,,,,,,,,,,
DOR,Rampisham,St Michael,,03 Mar 1829,Albert,MEECH,,Corscombe,,,,Judith,SWAFFIELD,,,,,,,,,,,,,,,,
DOR,Rampisham,St Michael,,27 Sep 1830,George,GANGE?,,,,,,Elizabeth,WHITE,,,,,,,,,,,,,,,,
DOR,Rampisham,St Michael,,23 Mar 1830,Thomas,WILLS,,,,,,Hannah,HOSKINS,,,,,,,,,,,,,,,,
DOR,Rampisham,St Michael,,13 Jun 1833,Thomas,TAYLOR,,,,,,Edith,WHITE,,,,,,,,,,,,,,,,
DOR,Rampisham,St Michael,,09 Apr 1833,Robert,WILLS,,,,,,Louisa,BOLLEN,,,,,,,,,,,,,,,,
DOR,Rampisham,St Michael,,25 Jun 1835,Charles,BARRETT,,,,,,Sarah,BOLLEN,,,,,,,,,,,,,,,,
DOR,Rampisham,St Michael,,05 Mar 1838,John,PARTRIDGE,Full age,,,,,Elizabeth,FRAMPTON,Full age,,,,,,,,Phillip,UNSWORTH,,,,,,
DOR,Rampisham,St Michael,,08 Mar 1839,Joseph,FRAMPTON,43,,widower,,,Frances,HARDY,19,,,,,,,,,,,,,,,
DOR,Rampisham,St Michael,,14 Jul 1841,John Morcell,CROTCHETT,Full age,,,,Lancashire,Charlotte Mary,COOPER,Full age,,,,,,,,Blakely,,,,,,,
DOR,Rampisham,St Michael,,17 Aug 1841,Thomas,GREENHAM,Full age,,,,,Sarah,BISHOP,Full age,,,,,,,,Benjamin,,,,,,,
DOR,Rampisham,St Michael,,14 Mar 1844,Charles,GOOCH,30,,,,,Mary,TUCK,29,,,,,John,,,William,,,,,,,
DOR,Rampisham,St Michael,,06 Dec 1844,John,RING,24,Yetminster,,,,Maria,SMITH,25,,,,,,,,,,,,,,,
DOR,Rampisham,St Michael,,04 Feb 1845,Robert,BARTLETT,Full age,East Coker,,,,Emily,PAUL,,,minor,,,George,,,Thomas,,,,,,,
DOR,Rampisham,St Michael,,29 Oct 1845,Henry,GUPPY,25,,,,,Jane Elizabeth,GUPPY,22,,,,,Harry,,,Robert,,,,,,,
DOR,Rampisham,St Michael,,15 Dec 1846,Benjamin,HOWES,31,,,,,Mary,FRAMPTON,40,,,,,Benjamin,,,Phillip,,,,,,,
