+INFO,capn-bob@pegleg2.demon.co.uk,password,SEQUENCED,MARRIAGES
#,CCC,Bob Wilkins,Dorset,DORWCHMA.CSV,02-Feb-2012
#,CREDIT,,
#,03-Feb-2012,Parish Registers transcribed by Terry Pine,
DOR,West Chelborough,St Andrew,,10 May 1673,Elias,WELLMAN,,,,,,Grace,SHOOLES,,,,,,,,,,,,,,,,
DOR,West Chelborough,St Andrew,,21 Feb 1675/6,Nicholas,BROWN,,,,,,Anne,LARDER,,,widow,,,,,,,,,,,,,
DOR,West Chelborough,St Andrew,,10 Oct 1685,,HEWLETT,,,,,,Ann,HOSKINS,,,,,,,,,,,,,,,,
DOR,West Chelborough,St Andrew,,07 May 1689,John,HALLET,,,,,,Mary,FRENCH,,,,,,,,,,,,,,,,
DOR,West Chelborough,St Andrew,,14 Sep 1689,William,WARREN,,,,,,Elizabeth,SQUIBB,,,,,,,,,,,,,,,,
DOR,West Chelborough,St Andrew,,09 Nov 1699,Robert,WHITE,,,,,,Grace,RUSSEL,,,widow,,,,,,,,,,,,,
DOR,West Chelborough,St Andrew,,22 Jun 1702,Nicholas,ISAAC,,,,,,Joan,BRIDLE,,,,,,,,,,,,,,,,
DOR,West Chelborough,St Andrew,,09 May 1703,John,COX,,,,,,Grace,WELLMAN,,,,,,,,,,,,,,,,Lic
DOR,West Chelborough,St Andrew,,05 Jun 1703,John,BATTER,,,,,,Mary,BRIDLES,,,,,,,,,,,,,,,,
DOR,West Chelborough,St Andrew,,25 Jul 1704,Francis,COX,,,,,,Chatrian,DONN,,,,,,,,,,,,,,,,
DOR,West Chelborough,St Andrew,,25 May 1708,Alexander,WELLMAN,,,,,,Joan,FURMAGE,,,,,,,,,,,,,,,,
DOR,West Chelborough,St Andrew,,06 Nov 1710,John,WILLS,,Yeovil,,,,Joan,ROBERTS,,Evershot,,,,,,,,,,,,,,
DOR,West Chelborough,St Andrew,,24 Feb 1711/2,Ezekiel,POPE,,Toller Porcorum,,,,Mary,ALLEN,,,,,,,,,,,,,,,,
DOR,West Chelborough,St Andrew,,03 May 1711,George,GUPPY,,,,,,Grace,CRANE,,Toller Porcorum,,,,,,,,,,,,,,
DOR,West Chelborough,St Andrew,,24 Feb 1718/9,Richard,JEY,,,,,,Hannah,DOUCH,,,,,,,,,,,,,,,,
DOR,West Chelborough,St Andrew,,03 May 1718,Jeremiah,PITMAN,,,,,,Susannah,HELE,,,,,,,,,,,,,,,,
DOR,West Chelborough,St Andrew,,23 Jun 1718,John,DOUCH,,,,,,Hannah,BUTCHER,,,,,,,,,,,,,,,,
DOR,West Chelborough,St Andrew,,04 Nov 1725,John,ROPER,,,,,,Ann,BARTLET,,,,,,,,,,,,,,,,Groom alias JAMES
DOR,West Chelborough,St Andrew,,04 Nov 1724,John,JAMES,,,,,,Ann,BARTLET,,,,,,,,,,,,,,,,Groom alias ROPER
DOR,West Chelborough,St Andrew,,24 Nov 1724,Robert,EASTON,,,,,,Mary,ABBOT,,,,,,,,,,,,,,,,
DOR,West Chelborough,St Andrew,,24 May 1725,John,WILLS,,,,,,Elizabeth,CHURCHILL,,,,,,,,,,,,,,,,
DOR,West Chelborough,St Andrew,,22 Jun 1725,John,WARREN,,,,,,Ann,COOMBS,,,,,,,,,,,,,,,,
DOR,West Chelborough,St Andrew,,14 Feb 1726/7,John,WATKINS,,,,,,Clemence,ANTILL,,,,,,,,,,,,,,,,
DOR,West Chelborough,St Andrew,,13 Jan 1752,William,TAYLOR,,,,,,Catherine,FOX,,,,,,,,,,,,,,,,
DOR,West Chelborough,St Andrew,,12 May 1753,Richard,CHURCHILL,,,,,,Elizabeth,ALLEN,,,,,,,,,,,,,,,,
DOR,West Chelborough,St Andrew,,19 Mar 1754,Joseph,BROWN,,,,,,Nanny,CLARK,,,,,,,,,,,,,,,,
DOR,West Chelborough,St Andrew,,06 Feb 1758,John,DIMONT,,Corscombe,,,,Joan,SEYMORE,,,,,,,,,,,,,,,,
DOR,West Chelborough,St Andrew,,30 Apr 1782,James,BAKER,,Luscomb,,,,Mary,MAYO,,,,,,,,,,,,,,,,Lic
DOR,West Chelborough,St Andrew,,23 Apr 1789,Robert,PATTEN,,,,,,Lydia,CURTIS,,,,,,,,,,,,,,,,
DOR,West Chelborough,St Andrew,,25 Apr 1791,Edward,MEADWAY,,,,,,Sarah,MAYO,,,,,,,,,,,,,,,,
DOR,West Chelborough,St Andrew,,21 Jun 1791,William,PATTEN,,,,,,Susannah,BARTLET,,,,,,,,,,,,,,,,
DOR,West Chelborough,St Andrew,,26 Apr 1792,Robert,PATTEN,,,,,,Elizabeth,DOWLE,,Fordington,,,,,,,,,,,,,,Lic
DOR,West Chelborough,St Andrew,,02 Sep 1792,David,DIMENT,,,,,,Betty,PATTEN,,,,,,,,,,,,,,,,
DOR,West Chelborough,St Andrew,,09 May 1793,Matthias,KELLAWAY,,,,,,Sarah,NAILE,,,,,,,,,,,,,,,,
DOR,West Chelborough,St Andrew,,23 Feb 1794,Thomas,NAILE,,,,,,Elizabeth,BARTLETT,,,,,,,,,,,,,,,,
DOR,West Chelborough,St Andrew,,09 May 1797,Robert,WILLS,,,,,,Elizabeth,ELLIS,,,,,,,,,,,,,,,,
DOR,West Chelborough,St Andrew,,21 Jan 1799,William,PARK,,,,,,Mary,HANNAM,,,,,,,,,,,,,,,,
DOR,West Chelborough,St Andrew,,01 Oct 1799,Thomas,HARDY,,,,,,Ann,PATTEN,,,,,,,,,,,,,,,,
DOR,West Chelborough,St Andrew,,16 Feb 1801,Henry,GILLINGHAM,,Corsecombe,,,,Elizabeth,HANHAM,,,,,,,,,,,,,,,,
DOR,West Chelborough,St Andrew,,13 Oct 1802,Thomas,HARDY,,,,,,Jane,BRYANT,,,,,,,,,,,,,,,,
DOR,West Chelborough,St Andrew,,08 Nov 1803,John,SHAVE,,,,,,Elizabeth,NAILE,,,,,,,,,,,,,,,,
DOR,West Chelborough,St Andrew,,18 Sep 1804,John,WHITTY,,East Chekborough,,,,Mary,REINDELL,,,,,,,,,,,,,,,,
DOR,West Chelborough,St Andrew,,29 Jan 1805,William,BARTLETT,,,,,,Elizabeth,BURT,,,,,,,,,,,,,,,,
DOR,West Chelborough,St Andrew,,30 May 1811,William,DAW,,,,,,Sarah,MARTIN,,Corscombe,widow,,,,,,,,,,,,,Lic
DOR,West Chelborough,St Andrew,,02 Jun 1831,Thomas,COGGEN,,Melbury Osmond,,,,Harriet,MAYO,,,,,,,,,,,,,,,,
DOR,West Chelborough,St Andrew,,19 Mar 1834,Joseph,DUNFORD,,,,,,Mary,GOLDING,,,,,,,,,,,,,,,,
DOR,West Chelborough,St Andrew,,11 Jul 1825,John,DUNNING,,Cerne Abbas,,,,Sarah,NORTHOVER,,,,,,,,,,,,,,,,
DOR,West Chelborough,St Andrew,,18 May 1819,John,FOUNTIAN,,,,,,Ann,MAYO,,,,,,,,,,,,,,,,
DOR,West Chelborough,St Andrew,,19 Mar 1820,Absolom,GERRARD,,,,,,Ann,HAUSFORD,,,,,,,,,,,,,,,,
DOR,West Chelborough,St Andrew,,18 Dec 1821,George,GILLINGHAM,,Rampisham,,,,Jane,NOSEHAM?,,,,,,,,,,,,,,,,
DOR,West Chelborough,St Andrew,,22 Apr 1833,Edmund,HARDY,,,,,,Mary Ann,WHITTY,,,,,,,,,,,,,,,,
DOR,West Chelborough,St Andrew,,05 Oct 1835,William,HARDY,,,,,,Hannah,WHITTY,,,,,,,,,,,,,,,,
DOR,West Chelborough,St Andrew,,27 Sep 1830,John,HAYNES,,Earl Stoke WIL,widower,,,Martha,NORTHOVER,,,,,,,,,,,,,,,,
DOR,West Chelborough,St Andrew,,29 Jul 1823,William,HUNT,,,,,,Mary,SWATRIDGE,,Rampisham,,,,,,,,,,,,,,
DOR,West Chelborough,St Andrew,,01 Jul 1823,James,ISAAC,,,,,,Sarah,FRAMPTON,,,,,,,,,,,,,,,,
DOR,West Chelborough,St Andrew,,08 Nov 1827,Jonathon,MEECH,,Corscombe,,,,Susan,DAW,,,,,,,,,,,,,,,,
DOR,West Chelborough,St Andrew,,23 Jan 1826,James,PARK,,Corscombe,,,,Sarah ,WHITTY,,,,,,,,,,,,,,,,
DOR,West Chelborough,St Andrew,,13 Feb 1827,Gearge,STRONG,,Melbury  Sandford,,,,Sarah,MAYO,,,,,,,,,,,,,,,,
DOR,West Chelborough,St Andrew,,* * 1816,John,SIMMONDS,,,,,,Fanny,ELLIS,,,,,,,,,,,,,,,,
DOR,West Chelborough,St Andrew,,01 Jan 1833,George,WHITTY,,,,,,Mary,EVERY,,,,,,,,,,,,,,,,
DOR,West Chelborough,St Andrew,,14 Aug 1833,John,WHITTY,,,,,,Elizabeth,HARDY,,,,,,,,,,,,,,,,
DOR,West Chelborough,St Andrew,,09 Feb 1835,John,WHITTY,,,,,,Jane,PATTEN,,,,,,,,,,,,,,,,
DOR,West Chelborough,St Andrew,,,,,,,,,,,,,,,,,,,,,,,,,,,
