+INFO,petergoggin@bigpond.com,password,SEQUENCED,BURIALS,cp437
#,CCC,Peter Goggin,Australia,HAMLITBU.CSV,11-Jul-09
#,CREDIT,Fred W. Montague,fred@montague.me.uk
#,11-Jul-09,Parish Registers 1738 to 1930,Converted form Excel Spreadsheet,Verified
HAM,Littleton,St. Catherines,,02 Apr 1738,Richard,son of,John,,POCOCK,POCOCK,,,Notes
HAM,Littleton,St. Catherines,,25 Jun 1738,Robert,,,,NORMAN,NORMAN,,,Notes
HAM,Littleton,St. Catherines,,15 Jul 1738,Thomas,,,,BELLINGER,BELLINGER,,,Notes
HAM,Littleton,St. Catherines,,31 Dec 1738,Anne,,,,BELLINGER,BELLINGER,,,Notes
HAM,Littleton,St. Catherines,,17 Jan 1739,Anne,Daughter of,Richard,Elizabeth,SNOW,SNOW,,,Notes
HAM,Littleton,St. Catherines,,20 Oct  1743,Grace,,,,BELLINGER,BELLINGER,,,Notes
HAM,Littleton,St. Catherines,,10 Jun 1746,Mary,Daughter of,Richard,Elizabeth,SNOW,SNOW,,,Notes
HAM,Littleton,St. Catherines,,20 Jun 1748,Thomas,,,,EMBER ?,EMBER ?,,,Notes
HAM,Littleton,St. Catherines,,09 Aug 1752,William,Son of,John,,SNOW,SNOW,,,Notes
HAM,Littleton,St. Catherines,,11 Jun 1753,Thomas,,,,SMITH,SMITH,,,Notes
HAM,Littleton,St. Catherines,,13 May 1756,John,,,,CLARE,CLARE,,,Notes
HAM,Littleton,St. Catherines,,02 Jan 1757,William,,,,PENTON,PENTON,,,Notes
HAM,Littleton,St. Catherines,,29 May 1758,Henry,,,,HATER,HATER,,,Notes
HAM,Littleton,St. Catherines,,06 Aug 1758,William,,,,PAGE,PAGE,,,Notes
HAM,Littleton,St. Catherines,,24 May 1760,Luke,,,,WALLACE,WALLACE,,,Notes
HAM,Littleton,St. Catherines,,20 Apr 1771,Elizabeth,wife of,Richard,,SNOW,SNOW,,,Notes
HAM,Littleton,St. Catherines,,29 Apr 1773,Richard,,,,ANTHONY,ANTHONY,,,Notes
HAM,Littleton,St. Catherines,,13 Dec 1773,Richard,,,,SNOW,SNOW,,,Notes
HAM,Littleton,St. Catherines,,27 Jun 1775,Elizabeth,,,,PENTON,PENTON,,,Notes
HAM,Littleton,St. Catherines,,27 Jun 1775,Frances,,,,PENTON,PENTON,,,Notes
HAM,Littleton,St. Catherines,,06 Apr 1776,James,,,,BELLINGER,BELLINGER,,,Notes
HAM,Littleton,St. Catherines,,08 Aug 1778,William,,,,HAYTER,HAYTER,,,Notes
HAM,Littleton,St. Catherines,,05 Nov 1778,John,,,,SNOW,SNOW,,late of the parish of Hursley,Notes
HAM,Littleton,St. Catherines,,30 Nov 1778,Thomas,,,,CROSSWELL,CROSSWELL,,,Notes
HAM,Littleton,St. Catherines,,12 Jul 1779,John,,,,SNOW,SNOW,,,Notes
HAM,Littleton,St. Catherines,,31 Jul 1779,Anne,Daughter of,John,,SNOW,SNOW,,,Notes
HAM,Littleton,St. Catherines,,05 Apr 1780,William,,,,PETERS,PETERS,,,Notes
HAM,Littleton,St. Catherines,,03 Apr 1781,Alexander,,,,BAVAGE,BAVAGE,,,Notes
HAM,Littleton,St. Catherines,,12 Apr 1781,Mary,,,,PENTON,PENTON,,,Notes
HAM,Littleton,St. Catherines,,22 Jan 1782,Augustine,,,,HAYTER,HAYTER,,,Notes
HAM,Littleton,St. Catherines,,15 May 1782,Sarah,,,,PENTON,PENTON,,,Notes
HAM,Littleton,St. Catherines,,11 Apr 1783,Elizabeth,,,,SNOW,SNOW,,,Notes
HAM,Littleton,St. Catherines,,23 Nov 1783,Henry,,,,PAGE,PAGE,,,Notes
HAM,Littleton,St. Catherines,,14 Dec 1784,John,,,,COLLIS,COLLIS,,,Notes
HAM,Littleton,St. Catherines,,06 Apr 1785,Ann,,,,BREWER,BREWER,,,Notes
HAM,Littleton,St. Catherines,,24 May 1786,James,,,,CROPWELL,CROPWELL,,,Notes
HAM,Littleton,St. Catherines,,26 Jun 1788,Sarah,,,,BAVAGE,BAVAGE,,,Notes
HAM,Littleton,St. Catherines,,03 Aug 1788,Stephen,,,,PAGE,PAGE,,,Notes
HAM,Littleton,St. Catherines,,01 Dec 1789,James,,,,PENTON,PENTON,,,Notes
HAM,Littleton,St. Catherines,,11 Dec 1789,John,,,,WAKE,WAKE,,,Notes
HAM,Littleton,St. Catherines,,12 Dec 1791,James,,,,SNOW,SNOW,,,Notes
HAM,Littleton,St. Catherines,,28 May 1792,Anne,,,,PENTON,PENTON,,,Notes
HAM,Littleton,St. Catherines,,14 Sep 1795,Abraham,,,,MORRIS,MORRIS,,,Notes
HAM,Littleton,St. Catherines,,09 Sep 1796,Sarah,,,,PITTER,PITTER,,,Notes
HAM,Littleton,St. Catherines,,07 Nov 1796,Sarah,,,,HAYTER,HAYTER,,,Notes
HAM,Littleton,St. Catherines,,19 Dec 1796,Peter,,,,FRAMPTON,FRAMPTON,,,Notes
HAM,Littleton,St. Catherines,,30 Dec 1796,Benjamin,,,,BATCHELOR,BATCHELOR,,,Notes
HAM,Littleton,St. Catherines,,17 May 1797,Mary,,,,ANTHONY,ANTHONY,,,Notes
HAM,Littleton,St. Catherines,,23 Dec 1798,William,,,,PENTON,PENTON,,,Notes
HAM,Littleton,St. Catherines,,23 Jul 1799,William,,,,TARRANT,TARRANT,,,Notes
HAM,Littleton,St. Catherines,,15 Mar 1800,Sarah,,,,MORRIS,MORRIS,,,Notes
HAM,Littleton,St. Catherines,,12 Jul 1801,William,,,,BLAKE,BLAKE,,,Notes
HAM,Littleton,St. Catherines,,20 Nov 1802,Richard,,,,FIFIELD,FIFIELD,,,Notes
HAM,Littleton,St. Catherines,,16 Nov 1803,John,,,,PICALL,PICALL,,,Notes
HAM,Littleton,St. Catherines,,27 Sep 1804,William,,,,SNOW,SNOW,,,Notes
HAM,Littleton,St. Catherines,,05 Jun 1805,Jane,,,,PYKE,PYKE,,,Notes
HAM,Littleton,St. Catherines,,29 Oct  1805,Susannah,,,,SNOW,SNOW,,,Notes
HAM,Littleton,St. Catherines,,28 Nov 1806,James,,,,SNOW,SNOW,,,Notes
HAM,Littleton,St. Catherines,,20 Feb 1807,Francis,,,,BUXEY,BUXEY,,,Notes
HAM,Littleton,St. Catherines,,15 Mar 1807,William,,,,GODWIN,GODWIN,,,Notes
HAM,Littleton,St. Catherines,,13 May 1807,Jane,,,,TARRANT,TARRANT,,,Notes
HAM,Littleton,St. Catherines,,01 Jul 1808,Sarah,,,,WHEELER,WHEELER,,,Notes
HAM,Littleton,St. Catherines,,08 Feb 1809,William,,,,WADE,WADE,,,Notes
HAM,Littleton,St. Catherines,,12 Jul 1809,William,,,,BRUNNING,BRUNNING,,,Notes
HAM,Littleton,St. Catherines,,03 Aug 1809,Rachael,,,,FIFIELD,FIFIELD,,,Notes
HAM,Littleton,St. Catherines,,12 Oct  1809,Mary,,,,FIFIELD,FIFIELD,,,Notes
HAM,Littleton,St. Catherines,,06 Jun 1810,Robert,,,,HANNAN,HANNAN,,,Notes
HAM,Littleton,St. Catherines,,14 Feb 1811,Charles,,,,WADE,WADE,,,Notes
HAM,Littleton,St. Catherines,,12 Jan 1812,John,,,,WHEELER,WHEELER,,,Notes
HAM,Littleton,St. Catherines,,05 Feb 1812,William,,,,WADE,WADE,,,Notes
HAM,Littleton,St. Catherines,,05 Feb 1812,Ann,,,,WADE,WADE,,,Notes
HAM,Littleton,St. Catherines,,13 Apr 1812,Hannah,,,,BACHELOR,BACHELOR,,,Notes
HAM,Littleton,St. Catherines,1,03 Mar 1813,Jane,,,,WHEELER,WHEELER,52,Winchester,Notes
HAM,Littleton,St. Catherines,2,04 Apr 1813,Charlotte,,,,WHEELER,WHEELER,29,Winchester,Notes
HAM,Littleton,St. Catherines,3,11 Jun 1813,Henry,,,,TARRANT,TARRANT,45,Littleton,Notes
HAM,Littleton,St. Catherines,4,,,,,,VOID,VOID,,,Notes
HAM,Littleton,St. Catherines,5,27 Oct  1815,Thomas,,,,TARRANT,TARRANT,15,Littleton,Notes
HAM,Littleton,St. Catherines,9,09 May 1815,Sarah,,,,TARRANT,TARRANT,46,Littleton,Notes
HAM,Littleton,St. Catherines,10,21 Apr 1816,Martha,,,,CROSWELL,CROSWELL,75,Littleton,Notes
HAM,Littleton,St. Catherines,11,28 May 1816,William,,,,SCOTT,SCOTT,21,Littleton,Notes
HAM,Littleton,St. Catherines,12,19 Nov 1816,Harriet,,,,BUXAY,BUXAY,12,Littleton,Notes
HAM,Littleton,St. Catherines,13,06 Mar 1817,Richard,,,,FIFIELD,FIFIELD,33,"Parish of St.Mich., Queenhithe",Notes
HAM,Littleton,St. Catherines,14,21 Dec 1817,Henrietta,,,,WADE,WADE,8m,Crawley,Notes
HAM,Littleton,St. Catherines,15,01 Mar 1818,Robert,,,,FIFIELD,FIFIELD,73,Littleton,Notes
HAM,Littleton,St. Catherines,16,29 Apr 1818,Robert,,,,BAYSPOOLE,BAYSPOOLE,73,Littleton,Notes
HAM,Littleton,St. Catherines,17,04 Apr 1818,Sarah,,,,BUXAY,BUXAY,12,Littleton,Notes
HAM,Littleton,St. Catherines,18,23 May 1819,Elizabeth,,,,SPRATT,SPRATT,44,Littleton,Notes
HAM,Littleton,St. Catherines,19,05 Apr 1823,Ann,,,,BAYSPOOLE,BAYSPOOLE,81,Littleton,Notes
HAM,Littleton,St. Catherines,20,09 Jan 1824,Elizabeth,,,,BAKER,BAKER,65,Littleton,Notes
HAM,Littleton,St. Catherines,21,02 Jul 1824,William,,,,HAYTER,HAYTER,4m,Littleton,Notes
HAM,Littleton,St. Catherines,22,09 Nov 1824,Henry,,,,PENTON,PENTON,65,Littleton,Notes
HAM,Littleton,St. Catherines,23,07 Jan 1825,Thomas,,,,GRIST,GRIST,4,Littleton,Notes
HAM,Littleton,St. Catherines,24,07 Oct  1826,George,,,,SPRATT,SPRATT,51,Littleton,Notes
HAM,Littleton,St. Catherines,24,26 Jun 1826,Robert,,,,DABNEY,DABNEY,78,Littleton,Notes
HAM,Littleton,St. Catherines,25,18 Feb 1827,Harriet,,,,PENTON,PENTON,24,Littleton,Notes
HAM,Littleton,St. Catherines,27,01 Feb 1828,Ann,,,,CHURCHER,CHURCHER,13,Littleton,Notes
HAM,Littleton,St. Catherines,28,22 Feb 1828,Samuel,,,,VEALE,VEALE,22,Littleton,Notes
HAM,Littleton,St. Catherines,29,04 Apr 1828,Sarah,,,,CROSWELL,CROSWELL,63,Littleton,Notes
HAM,Littleton,St. Catherines,30,13 Apr 1828,Sarah,,,,SHEARMAN,SHEARMAN,30,Littleton,Notes
HAM,Littleton,St. Catherines,31,29 Oct  1828,Lucy,,,,MORRELL,MORRELL,41,Littleton,Notes
HAM,Littleton,St. Catherines,32,08 Aug 1829,Charles,,,,KIMBER,KIMBER,2,Littleton,Notes
HAM,Littleton,St. Catherines,33,20 Oct  1829,Elizabeth,,,,SNOW,SNOW,56,Littleton,Notes
HAM,Littleton,St. Catherines,34,05 Nov 1829,Sarah,,,,BANTING,BANTING,83,Littleton,Notes
HAM,Littleton,St. Catherines,35,05 Apr 1832,John,,,,TARRANT,TARRANT,25,Littleton,Notes
HAM,Littleton,St. Catherines,36,05 Apr 1832,James,,,,NOYCE,NOYCE,2m,Littleton,Notes
HAM,Littleton,St. Catherines,37,20 May 1832,Sarah,,,,TONGER,TONGER,56,Littleton,Notes
HAM,Littleton,St. Catherines,38,28 Dec 1832,Harriet,,,,MILES,MILES,14,Littleton,Notes
HAM,Littleton,St. Catherines,39,11 Jan 1835,Mary,,,,BUXAY,BUXAY,87,Littleton,Notes
HAM,Littleton,St. Catherines,40,15 May 1835,Ann,,,,DAFFNEY,DAFFNEY,86,Littleton,Notes
HAM,Littleton,St. Catherines,41,21 Feb 1836,Ann Elizabeth,,,,CHURCHER,CHURCHER,2,Winchester,Notes
HAM,Littleton,St. Catherines,42,22 Aug 1836,Richard,,,,SNOW,SNOW,63,Isington,Notes
HAM,Littleton,St. Catherines,43,05 Feb 1837,James,,,,GRIST,GRIST,2,Littleton,Notes
HAM,Littleton,St. Catherines,44,11 Mar 1837,Anne,,,,PENTON,PENTON,71,Littleton,Notes
HAM,Littleton,St. Catherines,45,14 Jul 1837,Mary,,,,VEALE,VEALE,90,Easton,Notes
HAM,Littleton,St. Catherines,46,31 Mar 1830,Olive,,,,SOUTHWELL,SOUTHWELL,63,Littleton,Notes
HAM,Littleton,St. Catherines,47,08 Apr 1839,Thomas,,,,PYKE,PYKE,79,Sutton,Notes
HAM,Littleton,St. Catherines,48,02 May 1839,Elizabeth,,,,NOYCE,NOYCE,63,Week,Notes
HAM,Littleton,St. Catherines,49,31 Jan 1840,Albert,,,,MILES,MILES,18,Littleton,Notes
HAM,Littleton,St. Catherines,50,12 Oct  1841,Henry,,,,CHALWIN,CHALWIN,2dys,Littleton,Notes
HAM,Littleton,St. Catherines,51,09 Dec 1841,Cely,,,,MILES,MILES,17,Littleton,Notes
HAM,Littleton,St. Catherines,52,14 Jul 1842,Elizabeth,,,,SHEARMER,SHEARMER,20,Littleton,Notes
HAM,Littleton,St. Catherines,53,20 Sep 1842,Esther,,,,SHEARMER,SHEARMER,16,Littleton,Notes
HAM,Littleton,St. Catherines,54,24 Sep 1842,John,,,,BUCKSEY,BUCKSEY,71,Littleton,Notes
HAM,Littleton,St. Catherines,55,09 Oct  1843,Ann Eliza,,,,FITT,FITT,7,Littleton,Notes
HAM,Littleton,St. Catherines,56,02 Nov 1843,William,,,,SNOW,SNOW,74,Littleton,Notes
HAM,Littleton,St. Catherines,57,06 Apr 1844,William,,,,SAVAGE,SAVAGE,20,Winchester,Notes
HAM,Littleton,St. Catherines,58,25 Jun 1844,Mary,,,,BUTLER,BUTLER,2dys,Littleton,Notes
HAM,Littleton,St. Catherines,59,11 Dec 1844,James,,,,PENTON,PENTON,13,Littleton,Notes
HAM,Littleton,St. Catherines,60,28 Dec 1844,James,,,,PENTON,PENTON,15,Littleton,Notes
HAM,Littleton,St. Catherines,61,02 Jan 1845,John,,,,PENTON,PENTON,13,Littleton,Notes
HAM,Littleton,St. Catherines,62,25 Jan 1845,Susan,,,,BUTLER,BUTLER,2,Littleton,Notes
HAM,Littleton,St. Catherines,63,21 Feb 1845,Sarah,,,,BROWNING,BROWNING,3,Littleton,Notes
HAM,Littleton,St. Catherines,64,28 Mar 1845,Elizabeth,,,,KIMBER,KIMBER,7,Norwood,Notes
HAM,Littleton,St. Catherines,65,02 May 1845,Louisa,,,,BROWNING,BROWNING,1,Littleton,Notes
HAM,Littleton,St. Catherines,66,31 Oct  1845,James,,,,KIMBER,KIMBER,69,Littleton,Notes
HAM,Littleton,St. Catherines,67,28 Dec 1846,Richard,,,,SOUTHWELL,SOUTHWELL,79,Winchester,Notes
HAM,Littleton,St. Catherines,68,07 May 1847,Sarah,,,,PENTON,PENTON,2,Littleton,Notes
HAM,Littleton,St. Catherines,69,13 Aug 1847,Elizabeth,,,,KIMBER,KIMBER,28,Week,Notes
HAM,Littleton,St. Catherines,70,17 Oct  1847,Susan Jane,,,,CHALWIN,CHALWIN,4m,Littleton,Notes
HAM,Littleton,St. Catherines,71,28 Nov 1847,James,,,,SNOW,SNOW,64,Littleton,Notes
HAM,Littleton,St. Catherines,72,11 Jun 1848,Ann,,,,SHEARMER,SHEARMER,39,Littleton,Notes
HAM,Littleton,St. Catherines,73,25 Jun 1848,Elizabeth,,,,SNOW,SNOW,32,Littleton,Notes
HAM,Littleton,St. Catherines,74,12 Dec 1849,William,,,,SNOW,SNOW,70,Littleton,Notes
HAM,Littleton,St. Catherines,75,23 May 1850,Mary Ann,,,,BROOKS,BROOKS,62,"Hyde, Winchester",Notes
HAM,Littleton,St. Catherines,76,28 Jul 1850,William,,,,KIMBER,KIMBER,39,Littleton,Notes
HAM,Littleton,St. Catherines,77,22 Jul 1851,Ernest,,,,SANDOM,SANDOM,8m,Norwood,Notes
HAM,Littleton,St. Catherines,78,21 Mar 1852,Sarah,,,,BUTLER,BUTLER,74,Littleton,Notes
HAM,Littleton,St. Catherines,79,29 Apr 1852,Thomas,,,,SANDOM,SANDOM,4m,Littleton,Notes
HAM,Littleton,St. Catherines,80,21 Jul 1852,John,,,,NOYCE,NOYCE,81,Littleton,Notes
HAM,Littleton,St. Catherines,81,02 Dec 1852,James,,,,PENTON,PENTON,61,Littleton,Notes
HAM,Littleton,St. Catherines,82,10 May 1853,Jesse,,,,PENTON,PENTON,25,"St.Mary Kalendar, Winchester",Notes
HAM,Littleton,St. Catherines,83,14 Aug 1853,Mary,,,,SNOW,SNOW,74,Winchester,Notes
HAM,Littleton,St. Catherines,84,15 Sep 1854,Robert,,,,FIFIELD,FIFIELD,63,Littleton,Notes
HAM,Littleton,St. Catherines,85,01 Apr 1855,Jane,,,,PENTON,PENTON,19,Littleton,Notes
HAM,Littleton,St. Catherines,86,04 Sep 1856,Thomas,,,,DAY,DAY,73,Littleton,Notes
HAM,Littleton,St. Catherines,87,23 Nov 1856,Stephen,,,,BUNDY,BUNDY,75,Littleton,Notes
HAM,Littleton,St. Catherines,88,03 May 1857,Richard,,,,BUTLER,BUTLER,79,Littleton,Notes
HAM,Littleton,St. Catherines,89,03 Jun 1858,Mary,,,,BUCKSEY,BUCKSEY,84,Norwood,Notes
HAM,Littleton,St. Catherines,90,11 Nov 1859,Thomas,,,,SANDOM,SANDOM,77,Littleton,Notes
HAM,Littleton,St. Catherines,91,31 May 1860,Elizabeth,,,,MILES,MILES,72,Littleton,Notes
HAM,Littleton,St. Catherines,92,01 Dec 1860,Louisa,,,,BUCKSEY,BUCKSEY,27,Norwood,Notes
HAM,Littleton,St. Catherines,93,10 Dec 1860,James,,,,BUCKSEY,BUCKSEY,51,Littleton,Notes
HAM,Littleton,St. Catherines,94,08 Jan 1861,Harriet,,,,SNOW,SNOW,29,Winchester,Notes
HAM,Littleton,St. Catherines,95,08 Sep 1861,Mary,,,,SNOW,SNOW,1,Crawley,Notes
HAM,Littleton,St. Catherines,96,07 Mar 1862,Catherine,,,,FITT,FITT,29,Littleton,Notes
HAM,Littleton,St. Catherines,97,27 Mar 1862,Martha,,,,TREVIS,TREVIS,9,Littleton,Notes
HAM,Littleton,St. Catherines,98,16 May 1863,Ellen,,,,MUNDY,MUNDY,2,"Hyde, Winchester",Notes
HAM,Littleton,St. Catherines,99,01 Sep 1863,Susan,,,,MILES,MILES,4m,Littleton,Notes
HAM,Littleton,St. Catherines,100,06 Apr 1864,Edward,,,,FITT,FITT,76,Littleton,Notes
HAM,Littleton,St. Catherines,101,28 Oct  1864,Elizabeth,,,,GOATER,GOATER,33,Littleton,Notes
HAM,Littleton,St. Catherines,102,17 Jan 1865,John James,,,,PENTON,PENTON,14dys,Winchester,Notes
HAM,Littleton,St. Catherines,103,01 Feb 1865,Edwin,,,,PENTON,PENTON,25,Vauxhall,Notes
HAM,Littleton,St. Catherines,104,14 Aug 1866,John,,,,MILES,MILES,82,Sparsholt,Notes
HAM,Littleton,St. Catherines,105,29 Aug 1866,Charles,,,,PENTON,PENTON,70,Littleton,Notes
HAM,Littleton,St. Catherines,106,17 Oct  1866,Charlotte,,,,BUNDY,BUNDY,90,Crawley,Notes
HAM,Littleton,St. Catherines,107,22 Mar 1867,George,,,,BROWNING,BROWNING,61,Littleton,Notes
HAM,Littleton,St. Catherines,108,09 May 1867,William George,,,,PENTON,PENTON,6wks,Littleton,Notes
HAM,Littleton,St. Catherines,109,07 Jun 1867,Sarah,,,,GOATER,GOATER,52,Crawley,Notes
HAM,Littleton,St. Catherines,110,30 Jul 1867,Eliza,,,,FITT,FITT,27,Littleton,Notes
HAM,Littleton,St. Catherines,111,28 Aug 1867,Frances ,,,,SNOW,SNOW,85,Littleton,Notes
HAM,Littleton,St. Catherines,112,08 Feb 1870,Ann,,,,FITT,FITT,74,Winchester,Notes
HAM,Littleton,St. Catherines,113,21 Feb 1870,Martha,,,,BUTLER,BUTLER,65,"Harestock, Littleton",Notes
HAM,Littleton,St. Catherines,114,30 May 1871,Frederick John,,,,GOATER,GOATER,8m,Crawley,Notes
HAM,Littleton,St. Catherines,115,23 Sep 1873,George,,,,PENTON,PENTON,4,Winchester,Notes
HAM,Littleton,St. Catherines,116,02 Jun 1874,Elizabeth,,,,SANDOM,SANDOM,85,Crawley,Notes
HAM,Littleton,St. Catherines,117,13 Jul 1876,Henry,,,,GOATER,GOATER,43,Crawley,Notes
HAM,Littleton,St. Catherines,118,20 Aug 1876,Ernest,,,,PENTON,PENTON,5m,Littleton,Notes
HAM,Littleton,St. Catherines,119,27 Aug 1876,Elizabeth Agnes,,,,SANDOM,SANDOM,7m,Littleton,Notes
HAM,Littleton,St. Catherines,120,21 Jan 1877,Napoleon,,,,STREET,STREET,7m,Littleton,Notes
HAM,Littleton,St. Catherines,121,11 Apr 1877,Albert Edward,,,,STENT,STENT,2m,Harestock,Notes
HAM,Littleton,St. Catherines,122,12 Apr 1877,Montague Sidney Henry,,,,STENT,STENT,17m,Harestock,Notes
HAM,Littleton,St. Catherines,123,11 Dec 1877,Mary,,,,PENTON,PENTON,75,"Union House, Winchester",Notes
HAM,Littleton,St. Catherines,124,31 Dec 1878,Sarah,,,,DAY,DAY,95,Crawley,Notes
HAM,Littleton,St. Catherines,125,23 Apr 1879,Clara Selina Jane,,,,PEARCE,PEARCE,3,Harestock,Notes
HAM,Littleton,St. Catherines,126,17 Mar 1880,Maria,,,,PENTON,PENTON,80,Littleton,Notes
HAM,Littleton,St. Catherines,127,27 Aug 1880,Lucy,,,,PENTON,PENTON,2,Crawley,Notes
HAM,Littleton,St. Catherines,128,23 Oct  1880,William,,,,BUTLER,BUTLER,74,Littleton,Notes
HAM,Littleton,St. Catherines,129,25 May 1881,Henry,,,,WAREHAM,WAREHAM,70,Littleton,Notes
HAM,Littleton,St. Catherines,130,22 Jun 1881,George,,,,BLANCHARD,BLANCHARD,62,Littleton,Notes
HAM,Littleton,St. Catherines,131,05 Dec 1881,Robert,,,,WRAY,WRAY,3wks,Harestock,Notes
HAM,Littleton,St. Catherines,132,09 Feb 1882,Alice Louisa,,,,JEROME,JEROME,3,Harestock,Notes
HAM,Littleton,St. Catherines,133,30 Sep 1883,Alice,,,,WALTER,WALTER,1m,Harestock,Notes
HAM,Littleton,St. Catherines,134,,,,,,VOID,VOID,,,Notes
HAM,Littleton,St. Catherines,135,03 Dec 1883,Fanny Hayter,,,,FIFIELD,FIFIELD,81,Littleton,Notes
HAM,Littleton,St. Catherines,136,20 Feb 1884,Elizabeth,,,,BUTLER,BUTLER,66,Littleton,Notes
HAM,Littleton,St. Catherines,137,07 Jul 1884,Susan,,,,MESSENGER,MESSENGER,39,Littleton,Notes
HAM,Littleton,St. Catherines,138,28 Jan 1885,Emm Ellen,,,,OAKLEY,OAKLEY,16m,Littleton,Notes
HAM,Littleton,St. Catherines,139,21 Nov 1885,John,,,,CREES,CREES,74,Harestock,Notes
HAM,Littleton,St. Catherines,140,24 Nov 1885,Frances Mary,,,,BISHOP,BISHOP,3 wks,Littleton,Notes
HAM,Littleton,St. Catherines,141,27 Dec 1885,William Henry,,,,BISHOP,BISHOP,7 wks,Littleton,Notes
HAM,Littleton,St. Catherines,142,21 Feb 1886,Ethel Kate,,,,BISHOP,BISHOP,1y 8m,Littleton,Notes
HAM,Littleton,St. Catherines,143,20 Apr 1886,Rosaline,,,,TAIT,TAIT,33,Harestock,Notes
HAM,Littleton,St. Catherines,144,12 Jul 1886,Emma,,,,SERLE,SERLE,4m,Harestock,Notes
HAM,Littleton,St. Catherines,145,12 Jan 1887,Henry,,,,PENTON,PENTON,63,Winchester,Notes
HAM,Littleton,St. Catherines,146,17 Jan 1887,Alice Amelia,,,,BALSON,BALSON,17m,Littleton,Notes
HAM,Littleton,St. Catherines,147,31 Oct  1887,Charles,,,,SANDOM,SANDOM,67,Littleton,Notes
HAM,Littleton,St. Catherines,148,17 Apr 1888,Ann,,,,HEWITT,HEWITT,75,Littleton,Notes
HAM,Littleton,St. Catherines,149,07 Nov 1888,Ann,,,,KING,KING,48,Sparsholt,Notes
HAM,Littleton,St. Catherines,150,27 Aug 1889,Laura,,,,SHRUB,SHRUB,6,"Harestock, Littleton",Notes
HAM,Littleton,St. Catherines,151,31 Dec 1889,Violet Ethel,,,,MESSENGER,MESSENGER,1,Littleton,Notes
HAM,Littleton,St. Catherines,152,05 Sep 1890,Rhoda Annie,,,,KIMBER,KIMBER,13,Sparsholt,Notes
HAM,Littleton,St. Catherines,153,13 Oct  1890,Archibald,,,,BALSON,BALSON,11y 4m,Winchester,Notes
HAM,Littleton,St. Catherines,154,08 Mar 1891,Jane,,,,BALSON,BALSON,1 day,Winchester,Notes
HAM,Littleton,St. Catherines,155,24 Mar 1892,Fanny,,,,MOULD,MOULD,74,Littleton,Notes
HAM,Littleton,St. Catherines,156,29 Aug 1892,Jane,,,,GOATER?,GOATER?,29,Littleton,Notes
HAM,Littleton,St. Catherines,157,04 Nov 1892,Mary Ann,,,,BUNGAY,BUNGAY,52,"Harestock,Littleton",Notes
HAM,Littleton,St. Catherines,158,07 May 1893,Edith Mary,,,,MESSENGER,MESSENGER,14,Littleton,Notes
HAM,Littleton,St. Catherines,159,14 Sep 1893,Herbert George,,,,BISHOP,BISHOP,4m,Littleton,Notes
HAM,Littleton,St. Catherines,160,19 Jul 1894,Jane,,,,ALLEN,ALLEN,69,Littleton,Notes
HAM,Littleton,St. Catherines,161,20 Sep 1894,John,,,,BUTLER,BUTLER,79,"S.Bartholomew, Winchester",Notes
HAM,Littleton,St. Catherines,162,22 Mar 1895,Elizabeth Jane,,,,HICKMAN,HICKMAN,76,Littleton,Notes
HAM,Littleton,St. Catherines,163,03 Jul 1895,Lewis,,,,STUBBS,STUBBS,2dys,Littleton,Notes
HAM,Littleton,St. Catherines,164,16 Feb 1896,Lewis Roland,,,,BISHOP,BISHOP,4,Littleton,Notes
HAM,Littleton,St. Catherines,165,22 Mar 1897,Frederick,,,,SPICER,SPICER,1,Harestock,Notes
HAM,Littleton,St. Catherines,166,22 Jul 1897,Sarah,,,,COLLIS,COLLIS,36,Winchester,Notes
HAM,Littleton,St. Catherines,167,25 Oct  1897,Thomas,,,,HERN  N. PENTON,HERN  N. PENTON,59,Littleton,Notes
HAM,Littleton,St. Catherines,168,26 Oct  1897,Thomas,,,,ANDREWS,ANDREWS,50,Harestock,Notes
HAM,Littleton,St. Catherines,169,11 Sep 1898,Charlotte,,,,KIMBER,KIMBER,91,Littleton,Notes
HAM,Littleton,St. Catherines,170,28 Jan 1899,Frederick Jerry ?,,,,BAILY,BAILY,79,Littleton,Notes
HAM,Littleton,St. Catherines,171,20 Feb 1899,Agnes,,,,HOLDAWAY,HOLDAWAY,75,"Harestock, Littleton",Notes
HAM,Littleton,St. Catherines,172,20 Jan 1900,George William,,,,MILES,MILES,3,Littleton,Notes
HAM,Littleton,St. Catherines,173,16 Jun 1900,Olive,,,,BAILEY,BAILEY,82,Littleton,Notes
HAM,Littleton,St. Catherines,174,8 Sep 1900,George,,,,SMITH,SMITH,72,"Union House, Winchester",Notes
HAM,Littleton,St. Catherines,175,23 May 1901,Thomas Hayter,,,,FIFIELD,FIFIELD,75,Littleton,Notes
HAM,Littleton,St. Catherines,176,18 Sep 1901,Richard Hayter,,,,FIFIELD,FIFIELD,67,Littleton ,Notes
HAM,Littleton,St. Catherines,177,18 Jan 1904,Charles,,,,FOX,FOX,11m,Harestock,Notes
HAM,Littleton,St. Catherines,178,26 Apr 1904,Caroline,,,,SANDOM,SANDOM,80,Littleton,Notes
HAM,Littleton,St. Catherines,179,20 Oct  1904,Henry Sollers   Gunning Sparks,,,,KNIGHT,KNIGHT,76,Harestock,Notes
HAM,Littleton,St. Catherines,180,5 Jan 1905,Elizabeth,,,,FIFIELD,FIFIELD,78,"14 Upper Elmer's End Rd, Beckenham",Notes
HAM,Littleton,St. Catherines,181,14 Nov 1907,Florence,,,,TAYLOR,TAYLOR,6,Harestock (temporarily ),Notes
HAM,Littleton,St. Catherines,182,3 Mar 1909,Elias Brinsden,,,,CHAPMAN,CHAPMAN,60,Littleton,Notes
HAM,Littleton,St. Catherines,183,16 Aug 1909,Henry,,,,READING,READING,65,Littleton,Notes
HAM,Littleton,St. Catherines,184,14 Apr 1910,Henry Herbert,,,,HOLDAWAY,HOLDAWAY,83,Littleton,Notes
HAM,Littleton,St. Catherines,185,23 Jan 1911,Isaac,,,,PENTON,PENTON,76,Littleton,Notes
HAM,Littleton,St. Catherines,186,11 Nov 1911,Kate,,,,COOPER,COOPER,27,Harestock,Notes
HAM,Littleton,St. Catherines,187,30 Jul 1912,Harriet,,,,HEWETT,HEWETT,82,Harestock,Notes
HAM,Littleton,St. Catherines,188,31 Dec 1912,Mary,,,,BIRKS,BIRKS,39,Littleton,Notes
HAM,Littleton,St. Catherines,189,18 Mar 1913,Barrington Charles Hunter      ,,,,WILSON,WILSON,6m,"Hyde Lodge, Winchester",Notes
HAM,Littleton,St. Catherines,190,10 Mar 1914,Robert,,,,HUDD,HUDD,5dys,"Littleton House Cottages,Crawley",Notes
HAM,Littleton,St. Catherines,191,2 Apr 1914,Rose,,,,PENTON,PENTON,69,Littleton,Notes
HAM,Littleton,St. Catherines,192,3 Dec 1914,Frederick,,,,HALSON,HALSON,53,"The Hollies, Littleton",Notes
HAM,Littleton,St. Catherines,193,19 May 1915,Mary Sarah,,,,READING,READING,76,"Sunnyside, Littleton",Notes
HAM,Littleton,St. Catherines,194,28 Aug 1915,Mary Ann,,,,HERN  N. PENTON,HERN  N. PENTON,83,Littleton,Notes
HAM,Littleton,St. Catherines,195,13 Mar 1916,Peter,,,,GOATER,GOATER,81,Littleton,Notes
HAM,Littleton,St. Catherines,196,19 Sep 1916,Helen Mary,,,,VICARS,VICARS,65,13 Bonamy St. London E.C.,Notes
HAM,Littleton,St. Catherines,197,29 Sep 1916,George,,,,VIDLER,VIDLER,9m,"Church Lane, Littleton",Notes
HAM,Littleton,St. Catherines,198,20 Oct  1916,Vera,,,,FIELDER,FIELDER,10wks,"Harestock, Littleton",Notes
HAM,Littleton,St. Catherines,199,5 Nov 1916,Sarah,,,,CHAPMAN,CHAPMAN,72,Easton,Notes
HAM,Littleton,St. Catherines,200,10 Mar 1917,Henry,,,,HATT,HATT,69,"Ratcliff, Littleton",Notes
HAM,Littleton,St. Catherines,201,20 Mar 1917,Olive,,,,GREGORY,GREGORY,3,"Lower Farm, Littleton",Notes
HAM,Littleton,St. Catherines,202,22 Mar 1917,George,,,,TYLER,TYLER,86,Littleton,Notes
HAM,Littleton,St. Catherines,203,5 Jul 1918,Charles Kimpton,,,,DELLER,DELLER,59,"The Hollies, Littleton",Notes
HAM,Littleton,St. Catherines,204,22 Aug 1918,Richard Lathburg,,,,OSMOND,OSMOND,14,"Sydney House, Littleton",Notes
HAM,Littleton,St. Catherines,205,8 Jan 1920,David,,,,WESTON,WESTON,60,"Harestock, Littleton",Notes
HAM,Littleton,St. Catherines,206,21 Feb 1920,Gilbert George,,,,HILLIER,HILLIER,32,Littleton,Notes
HAM,Littleton,St. Catherines,207,19 Jul 1921,Sylvia Joyce,,,,MATTHEWS,MATTHEWS,4,"12 Clifton Road, Winchester",Notes
HAM,Littleton,St. Catherines,208,3 Aug 1921,Fanny,,,,GOATER,GOATER,84,"1 St.Paul's Hill, Winchester",Notes
HAM,Littleton,St. Catherines,209,21 Jan 1922,William,,,,GLASSPOOL,GLASSPOOL,31,Harestock Cottages,Notes
HAM,Littleton,St. Catherines,210,2 Feb 1922,Rose Hannah,,,,HARMAN,HARMAN,49,Littleton House,Notes
HAM,Littleton,St. Catherines,211,11 Apr 1922,William Frimley,,,,STEELE,STEELE,71,"1 St.Paul's Hill, Winchester",Notes
HAM,Littleton,St. Catherines,212,21 Aug 1922,Mary Ann,,,,INKPEN,INKPEN,70,Littleton,Notes
HAM,Littleton,St. Catherines,213,2 Jan 1923,Frederick Henry,,,,JEWELL,JEWELL,32,Littleton,Notes
HAM,Littleton,St. Catherines,214,20 Aug 1923,Isabel Charlotte,,,,CLARK-KENNEDY,CLARK-KENNEDY,59,Harestock Lodge,Notes
HAM,Littleton,St. Catherines,215,2 Feb 1924,Elizabeth,,,,ROBSON,ROBSON,69,Harestock Cottages,Notes
HAM,Littleton,St. Catherines,216,2 Sep 1924,Alice Maud Kennedy,,,,PURVIS,PURVIS,80,Harestock Lodge,Notes
HAM,Littleton,St. Catherines,217,4 Sep 1924,James,,,,LAPPER,LAPPER,74,Littleton,Notes
HAM,Littleton,St. Catherines,218,2 Jan 1925,George Ernest,,,,WILLIAMS,WILLIAMS,c.21,R.A.F. Flowerdown,Notes
HAM,Littleton,St. Catherines,219,21 Aug 1925,Gordon John,,,,CLAY,CLAY,17m,"48 Stuart Crescent, Stanmore,Win.",Notes
HAM,Littleton,St. Catherines,220,15 Mar 1926,Nellie,,,,WRAY,WRAY,34,R.A.F. Flowerdown,Notes
HAM,Littleton,St. Catherines,221,22 May 1926,William Hunter Butler,,,,LITTLE,LITTLE,78,"The Cedars, Winchester",Notes
HAM,Littleton,St. Catherines,222,20 Sep 1926,Amy Powys,,,,LITTLE,LITTLE,72,"The Cedars, Winchester",Notes
HAM,Littleton,St. Catherines,223,27 Sep 1927,Emma,,,,FILES?,FILES?,75,Littleton,Notes
HAM,Littleton,St. Catherines,224,22 Jan 1927,Alice Maude Mary,,,,SAUNDERS,SAUNDERS,53,Littleton,Notes
HAM,Littleton,St. Catherines,225,4 May 1927,Julie Magdalen,,,,STOPHER,STOPHER,42,"The Moorings, Littleton",Notes
HAM,Littleton,St. Catherines,226,11 Jun 1927,Harry,,,,SMITH,SMITH,68,Littleton,Notes
HAM,Littleton,St. Catherines,227,16 Aug 1927,Charles,,,,WESTON,WESTON,51,Littleton,Notes
HAM,Littleton,St. Catherines,228,29 Nov 1927,George Mottram Andrew,,,,HEWETT,HEWETT,68,"The Warren, Harestock",Notes
HAM,Littleton,St. Catherines,229,26 May 1928,Alice Martha Mary,,,,ADLAM,ADLAM,53,"Hillbrow, Littleton",Notes
HAM,Littleton,St. Catherines,230,15 Oct  1928,Sidney,,,,ADLAM,ADLAM,55,"Hillbrow, Littleton",Notes
HAM,Littleton,St. Catherines,231,18 Oct  1928,Arthur Frederick,,,,PELLY,PELLY,23,R.A.F. Flowerdown,Notes
HAM,Littleton,St. Catherines,232,5 Nov 1928,Emily Jane,,,,HUBBARD,HUBBARD,73,Littleton,Notes
HAM,Littleton,St. Catherines,233,7 Feb 1929,Edward Gordon Cecil,,,,BILES,BILES,2m,Littleton,Notes
HAM,Littleton,St. Catherines,234,7 Mar 1929,Elizabeth,,,,SHEPPARD,SHEPPARD,72,Littleton,Notes
HAM,Littleton,St. Catherines,235,21 Mar 1929,Frederick,,,,RICKETTS,RICKETTS,77,Littleton,Notes
HAM,Littleton,St. Catherines,236,11 May 1929,Matthew Oliver Frederick,,,,JACKSON,JACKSON,64,Winchester,Notes
HAM,Littleton,St. Catherines,237,,G.,,,,DUBBS,DUBBS,,,Notes
HAM,Littleton,St. Catherines,237,23 Dec 1929,William Francis,,,,IVATT,IVATT,59,Winchester,Notes
HAM,Littleton,St. Catherines,238,18 Mar 1930,George Ashdown,,,,HUBBARD,HUBBARD,87,"Catford, Kent",Notes
HAM,Littleton,St. Catherines,239,17 Mar 1930,David John,,,,LOVELL,LOVELL,10m,Littleton,Notes
HAM,Littleton,St. Catherines,240,5 May 1930,William,,,,GILES,GILES,83,Littleton,Notes
HAM,Littleton,St. Catherines,241,11 Nov 1930,Maria,,,,HATT,HATT,78,"Ratcliff House, Littleton",Notes
HAM,Littleton,St. Catherines,242,25 Nov 1930,Kate,,,,AVERY,AVERY,56,"St.Paul's Hill, Winchester",Notes
HAM,Littleton,St. Catherines,243,28 Nov 1930,Albert,,,,ELMS,ELMS,1dy,Littleton,Notes
HAM,Littleton,St. Catherines,1,02 Apr 1738,Richard,Son of,John,Female Rel,POCOCK,POCOCK,,Address,Notes
HAM,Littleton,St. Catherines,1,02 Apr 1738,Richard,Son of,John,Female Rel,POCOCK,POCOCK,,Address,Notes
HAM,Littleton,St. Catherines,1,02 Apr 1738,Richard,Son of,John,Female Rel,POCOCK,POCOCK,,Address,Notes
HAM,Littleton,St. Catherines,1,02 Apr 1738,Richard,Son of,John,Female Rel,POCOCK,POCOCK,,Address,Notes
HAM,Littleton,St. Catherines,1,02 Apr 1738,Richard,Son of,John,Female Rel,POCOCK,POCOCK,,Address,Notes
HAM,Littleton,St. Catherines,1,02 Apr 1738,Richard,Son of,John,Female Rel,POCOCK,POCOCK,,Address,Notes
HAM,Littleton,St. Catherines,1,02 Apr 1738,Richard,Son of,John,Female Rel,POCOCK,POCOCK,,Address,Notes
HAM,Littleton,St. Catherines,1,02 Apr 1738,Richard,Son of,John,Female Rel,POCOCK,POCOCK,,Address,Notes
HAM,Littleton,St. Catherines,1,02 Apr 1738,Richard,Son of,John,Female Rel,POCOCK,POCOCK,,Address,Notes
HAM,Littleton,St. Catherines,1,02 Apr 1738,Richard,Son of,John,Female Rel,POCOCK,POCOCK,,Address,Notes
HAM,Littleton,St. Catherines,1,02 Apr 1738,Richard,Son of,John,Female Rel,POCOCK,POCOCK,,Address,Notes
HAM,Littleton,St. Catherines,1,02 Apr 1738,Richard,Son of,John,Female Rel,POCOCK,POCOCK,,Address,Notes
HAM,Littleton,St. Catherines,1,02 Apr 1738,Richard,Son of,John,Female Rel,POCOCK,POCOCK,,Address,Notes
HAM,Littleton,St. Catherines,1,02 Apr 1738,Richard,Son of,John,Female Rel,POCOCK,POCOCK,,Address,Notes
HAM,Littleton,St. Catherines,1,02 Apr 1738,Richard,Son of,John,Female Rel,POCOCK,POCOCK,,Address,Notes
HAM,Littleton,St. Catherines,1,02 Apr 1738,Richard,Son of,John,Female Rel,POCOCK,POCOCK,,Address,Notes
HAM,Littleton,St. Catherines,1,02 Apr 1738,Richard,Son of,John,Female Rel,POCOCK,POCOCK,,Address,Notes
HAM,Littleton,St. Catherines,1,02 Apr 1738,Richard,Son of,John,Female Rel,POCOCK,POCOCK,,Address,Notes
HAM,Littleton,St. Catherines,1,02 Apr 1738,Richard,Son of,John,Female Rel,POCOCK,POCOCK,,Address,Notes
HAM,Littleton,St. Catherines,1,02 Apr 1738,Richard,Son of,John,Female Rel,POCOCK,POCOCK,,Address,Notes
HAM,Littleton,St. Catherines,1,02 Apr 1738,Richard,Son of,John,Female Rel,POCOCK,POCOCK,,Address,Notes
HAM,Littleton,St. Catherines,1,02 Apr 1738,Richard,Son of,John,Female Rel,POCOCK,POCOCK,,Address,Notes
HAM,Littleton,St. Catherines,1,02 Apr 1738,Richard,Son of,John,Female Rel,POCOCK,POCOCK,,Address,Notes
HAM,Littleton,St. Catherines,1,02 Apr 1738,Richard,Son of,John,Female Rel,POCOCK,POCOCK,,Address,Notes
HAM,Littleton,St. Catherines,1,02 Apr 1738,Richard,Son of,John,Female Rel,POCOCK,POCOCK,,Address,Notes
HAM,Littleton,St. Catherines,1,02 Apr 1738,Richard,Son of,John,Female Rel,POCOCK,POCOCK,,Address,Notes
HAM,Littleton,St. Catherines,1,02 Apr 1738,Richard,Son of,John,Female Rel,POCOCK,POCOCK,,Address,Notes
HAM,Littleton,St. Catherines,1,02 Apr 1738,Richard,Son of,John,Female Rel,POCOCK,POCOCK,,Address,Notes
HAM,Littleton,St. Catherines,1,02 Apr 1738,Richard,Son of,John,Female Rel,POCOCK,POCOCK,,Address,Notes
HAM,Littleton,St. Catherines,1,02 Apr 1738,Richard,Son of,John,Female Rel,POCOCK,POCOCK,,Address,Notes
HAM,Littleton,St. Catherines,1,02 Apr 1738,Richard,Son of,John,Female Rel,POCOCK,POCOCK,,Address,Notes
HAM,Littleton,St. Catherines,1,02 Apr 1738,Richard,Son of,John,Female Rel,POCOCK,POCOCK,,Address,Notes
HAM,Littleton,St. Catherines,1,02 Apr 1738,Richard,Son of,John,Female Rel,POCOCK,POCOCK,,Address,Notes
HAM,Littleton,St. Catherines,1,02 Apr 1738,Richard,Son of,John,Female Rel,POCOCK,POCOCK,,Address,Notes
HAM,Littleton,St. Catherines,1,02 Apr 1738,Richard,Son of,John,Female Rel,POCOCK,POCOCK,,Address,Notes
HAM,Littleton,St. Catherines,1,02 Apr 1738,Richard,Son of,John,Female Rel,POCOCK,POCOCK,,Address,Notes
HAM,Littleton,St. Catherines,1,02 Apr 1738,Richard,Son of,John,Female Rel,POCOCK,POCOCK,,Address,Notes
HAM,Littleton,St. Catherines,1,02 Apr 1738,Richard,Son of,John,Female Rel,POCOCK,POCOCK,,Address,Notes
HAM,Littleton,St. Catherines,1,02 Apr 1738,Richard,Son of,John,Female Rel,POCOCK,POCOCK,,Address,Notes
