+INFO,richardakelly@hotmail.com,password,SEQUENCED,MARRIAGES, 
#,CCC,Richard Kelly,Hertfordshire,HRTWILMA.CSV,16 Apr 2007 
#,CREDIT,Richard Kelly,richardakelly@hotmail.com 
#,4 Feb 2009,complete from start of records in 1558 to end of 1911 although there is a gap in the records 1677-1685 and several entries from mid 1600s are badly faded and illegible
HRT,Willian,All Saints EX,,8 Oct 1559,Thomas,BUCKMASTER,,,,,,Margerie,CHATTERTON,,,,,,,,,,,,,,,,
HRT,Willian,All Saints EX,,7 Oct 1560,William,BLOW,,,,,,Elizabeth,TURNER,,,,,,,,,,,,,,,,
HRT,Willian,All Saints EX,,30 Oct 1560,Lawrence,GROBB,,,,,,Agnes,HILL,,,,,,,,,,,,,,,,
HRT,Willian,All Saints EX,,18 Jan 1561/2,Robert,BAMBURIE,,,,,,Joane,MORRIS,,,,,,,,,,,,,,,,
HRT,Willian,All Saints EX,,12 Jul 1562,Thomas,HUNT,,,,,,Margaret,DODSON,,,widow,,,,,,,,,,,,,
HRT,Willian,All Saints EX,,19 Jul 1562,John,BAKER,,,,,,Margaret,DENNIS,,,,,,,,,,,,,,,,
HRT,Willian,All Saints EX,,1 Nov 1562,Francis,CADWELL,,,,,,Elizabeth,CHAPMAN,,,,,,,,,,,,,,,,
HRT,Willian,All Saints EX,,12 Nov 1562,Henrie,STEDE,,,,,,Ann,THRESHER,,,,,,,,,,,,,,,,
HRT,Willian,All Saints EX,,19 Sep 1563,John,AUDLEY,,,,,,Elizabeth,HUNT,,,,,,,,,,,,,,,,
HRT,Willian,All Saints EX,,14 Aug 1567,Thomas,NORTH,,,,,,Alice,WOODLAND,,,widow,,,,,,,,,,,,,
HRT,Willian,All Saints EX,,12 Feb 1567/8,Thomas,TYNDALL,,,,,,Dennis,BENET,,,widow,,,,,,,,,,,,,
HRT,Willian,All Saints EX,,25 Nov 1568,John,START,,,,,,Margaret,?,,,widow,,,,,,,,,,,,,[bride surname illegible]
HRT,Willian,All Saints EX,,30 Jan 1568/9,Thomas,ALLEN,,,,,,Agnes,CANNON,,,widow,,,,,,,,,,,,,
HRT,Willian,All Saints EX,,13 Feb 1568/9,George,NORTH,,,,,,Alice,HUNT,,,,,,,,,,,,,,,,
HRT,Willian,All Saints EX,,9 Oct 1569,William,PLOMER,,,,,,Elizabeth,RAMBOLD,,,,,,,,,,,,,,,,
HRT,Willian,All Saints EX,,15 Jul 1571,William,CANON,,,,,,Margaret,ADAMS,,,,,,,,,,,,,,,,
HRT,Willian,All Saints EX,,9 Nov 1572,Robert,CHAPMAN,,,,,,Agnes,BRIGGS,,,,,,,,,,,,,,,,
HRT,Willian,All Saints EX,,4 May 1574,Thomas,ROWE,,,,,,Margerie,PRESTON,,,,,,,,,,,,,,,,
HRT,Willian,All Saints EX,,6 Oct 1575,James,HUNT,,,,,,Agnes,MONKS,,,,,,,,,,,,,,,,
HRT,Willian,All Saints EX,,1 May 1576,Lewis,MORRIS,,,,,,Elizabeth,WALS,,,,,,,,,,,,,,,,
HRT,Willian,All Saints EX,,3 Jun 1577,John,TURNER,,,,,,Joane,WOODLAND,,,,,,,,,,,,,,,,
HRT,Willian,All Saints EX,,19 Oct 1578,John,CANON,,,,,,Agnes,BLOW,,,,,,,,,,,,,,,,
HRT,Willian,All Saints EX,,4 May 1581,Robert,START,,,,,,Agnes,TITFORD,,,,,,,,,,,,,,,,
HRT,Willian,All Saints EX,,14 Oct 1582,William,WATERS,,,,,,Alice,CANON,,,,,,,,,,,,,,,,
HRT,Willian,All Saints EX,,24 Oct 1582,John,HOY,,,,,,Elizabeth,SLOW,,,,,,,,,,,,,,,,
HRT,Willian,All Saints EX,,11 Nov 1582,Henry,SHOLFORD,,,,,,Alice,CUDALL,,,,,,,,,,,,,,,,
HRT,Willian,All Saints EX,,10 Dec 1583,William,WOODLAND,,,,,,Joane,SAWELL,,,,,,,,,,,,,,,,
HRT,Willian,All Saints EX,,15 Dec 1583,Edward,FLOYD,,,,,,Elizabeth,FOXE,,,,,,,,,,,,,,,,
HRT,Willian,All Saints EX,,24 May 1584,Richard,FOSTER,,,,,,Margaret,START,,,,,,,,,,,,,,,,
HRT,Willian,All Saints EX,,30 Jan 1585/6,Robert,ABBE,,,,,,Ann,CADWELL,,,,,,,,,,,,,,,,
HRT,Willian,All Saints EX,,25 Sep 1586,John,FOSTER,,,,,,Agnes,CADWELL,,,,,,,,,,,,,,,,
HRT,Willian,All Saints EX,,24 Sep 1587,Charles,DERMER,,,,,,Joane,STRETCHER,,,,,,,,,,,,,,,,
HRT,Willian,All Saints EX,,28 Sep 1589,John,HYNSON,,,,,,Margarett,CADWELL,,,,,,,,,,,,,,,,
HRT,Willian,All Saints EX,,20 Oct 1591,Richard,DOGGETT,,,,,,Elizabeth,DENTON,,,,,,,,,,,,,,,,
HRT,Willian,All Saints EX,,2 Jul 1592,William,GAME,,,,,,Alice,WOODLAND,,,,,,,,,,,,,,,,
HRT,Willian,All Saints EX,,12 Feb 1592/3,William,BUTLER,,,,,,Ann,WILSON,,,,,,,,,,,,,,,,Mr William Butler and Mrs Ann Wilson 
HRT,Willian,All Saints EX,,14 Nov 1593,William,STRETCHER,,,,,,Margarett,NORTH,,,,,,,,,,,,,,,,
HRT,Willian,All Saints EX,,13 Oct 1594,John,WOODLAND,,,,,,Ann,SMYTH,,,,,,,,,,,,,,,,
HRT,Willian,All Saints EX,,5 Oct 1595,John,WILES,,,,,,Marie,RICHARDSON,,,,,,,,,,,,,,,,
HRT,Willian,All Saints EX,,3 May 1596,Alvred,BIRTBYE,,,,,,Margarie,ALESON,,,,,,,,,,,,,,,,Mr Alvred Birtbye 
HRT,Willian,All Saints EX,,21 Jun 1596,Richard,SPRING,,,,,,Joane,MICHELL,,,,,,,,,,,,,,,,
HRT,Willian,All Saints EX,,1602,James,HUNKEN,,,,,,Alice,CANON,,,,,,,,,,,,,,,,[date illegible]
HRT,Willian,All Saints EX,,5 Aug 1602,John,MICHELL,,,,,,Catharine,KYMPTON,,,,,,,,,,,,,,,,
HRT,Willian,All Saints EX,,1 Oct 1604,John,CANON,,,,,,Ann,WOODFYLD,,,,,,,,,,,,,,,,
HRT,Willian,All Saints EX,,3 Oct 1604,Henrie,HEWSTER,,,,,,Dennis,TYNDALL,,,,,,,,,,,,,,,,
HRT,Willian,All Saints EX,,27 Jan 1607/8,Henry,MALE,,,,,,Elizabeth,LYMEN?,,,,,,,,,,,,,,,,Mr Henry Male and Mrs Elizabeth Lymen 
HRT,Willian,All Saints EX,,28 Jul 1608,Thomas,WILSON,,,,,,Lucia,FOUL?,,,,,,,,,,,,,,,,Mr Thomas Wilson and Mrs Lucia Foul? 
HRT,Willian,All Saints EX,,23 Feb 1608/9,John,REYNOLDS,,,,,,Margarett,LOVERTHRIP?,,,,,,,,,,,,,,,,
HRT,Willian,All Saints EX,,1610,George,KYMPTON,,,,,,Agnes,HUNT,,,,,,,,,,,,,,,,[date illegible]
HRT,Willian,All Saints EX,,28 Sep 1610,Henry,SPURLING,,,,,,Grace,MULLINGTON,,,,,,,,,,,,,,,,
HRT,Willian,All Saints EX,,29 Sep 1611,John,BRANSON?,,,,Esquire,,Jane,LUMON,,,,Gentle woman,,,,,,,,,,,,
HRT,Willian,All Saints EX,,21 Nov 1611,William,BIGG,,,,,,Elizabeth,COLLINSBY,,,,,,,,,,,,,,,,
HRT,Willian,All Saints EX,,28 Nov 1611,William,COLLINSBY,,,,,,Elizabeth,BIGG,,,,,,,,,,,,,,,,
HRT,Willian,All Saints EX,,16 Apr 1612,Thomas,?,,,,,,Elizabeth,PHILLIPS,,,,,,,,,,,,,,,,
HRT,Willian,All Saints EX,,10 Oct 1615,Mathew,MARSHALL,,,,,,Margarie,?,,,,,,,,,,,,,,,,[Not clear if bride's surname is present or not]
HRT,Willian,All Saints EX,,7 Oct 1616,Robert,ATKINS?,,,,,,Elizabeth,THORLEY?,,,,,,,,,,,,,,,,
HRT,Willian,All Saints EX,,3 Oct 1619,Robert,WYLD,,,,,,Ann,WATERS,,,,,,,,,,,,,,,,
HRT,Willian,All Saints EX,,9 Oct 1620,John,NORTH,,,,,,Dorothie,BUGLER,,,,,,,,,,,,,,,,
HRT,Willian,All Saints EX,,7 Aug 1621,Georg,PERIE,,,,,,Margaret,YARDELY,,,,,,,,,,,,,,,,
HRT,Willian,All Saints EX,,6 Oct 1622,Thomas,SHEPHERD,,,,,,Isabell,VALENTYN,,,,,,,,,,,,,,,,
HRT,Willian,All Saints EX,,24 Aug 1624,Edward,SMITH,,,,,,Agnes,TURNER,,,,,,,,,,,,,,,,
HRT,Willian,All Saints EX,,1626,?,?,,,,,,?,?,,,,,,,,,,,,,,,,[Completely illegible]
HRT,Willian,All Saints EX,,1626,?,?,,,,,,?,?,,,,,,,,,,,,,,,,[Completely illegible]
HRT,Willian,All Saints EX,,2 Apr 1626,Michel,ARMESTEED,,,,,,Joane,SKEY,,Baldock,,,,,,,,,,,,,,
HRT,Willian,All Saints EX,,1628,James,FLOTT,,,,,,Marie,SHREEDER,,,,,,,,,,,,,,,,
HRT,Willian,All Saints EX,,1 Jul 1630,William,UNDERWOOD,,Weston,widower,,,Elizabeth,?,,,,,,,,,,,,,,,,
HRT,Willian,All Saints EX,,4 Jul 1630,William,ROBESON,,,,,,Eliz,GAME,,,widow,,,,,,,,,,,,,
HRT,Willian,All Saints EX,,24 Nov 1632,Thomas,BEARD,,,,,,Jude,WARNER,,,,,,,,,,,,,,,,
HRT,Willian,All Saints EX,,1 Jan 1633/4,Robert,HODGES,,,,,,Katherine,FERRILL,,,,,,,,,Mr,FERRILL,,,,,,
HRT,Willian,All Saints EX,,Jul 1634,Edward,MAYNARD,,,,,,Sarah,SMITH,,,,,,,,,Mr,FERRILL,,,,,,
HRT,Willian,All Saints EX,,1635,?,?,,,,,,?,?,,,,,,,,,,,,,,,,[Completely illegible]
HRT,Willian,All Saints EX,,1635,?,?,,,,,,?,?,,,,,,,,,,,,,,,,[Completely illegible]
HRT,Willian,All Saints EX,,1 Nov 1635,Richard,THOMAS,,Willian,,,,Susan,FREMAN,,Stevenage,,,,,,,,,,,,,,
HRT,Willian,All Saints EX,,1636,?,?,,,,,,?,?,,,,,,,,,,,,,,,,[Completely illegible]
HRT,Willian,All Saints EX,,17 Jan 1635/6,William,BUGGE,,,,,,Annis,KNOTT,,,widow,,,,,,,,,,,,,
HRT,Willian,All Saints EX,,28 Feb 1635/6,Edward,MERRYDALE,,,,,,Judeth,WILSON,,,,,,,,,,,,,,,,Mr Edward Merrydale and Mrs Judeth Wilson; by licence
HRT,Willian,All Saints EX,,23 Oct 1636,?,DODSON,,,,,,Annis,CAUDLE,,,,,,,,,,,,,,,,
HRT,Willian,All Saints EX,,6 Nov 1636,Richard,BRAND?,,,,,,Margarett,CANNON,,,,,,,,,,,,,,,,
HRT,Willian,All Saints EX,,1637,?,WINTER,,,,,,Elizabeth,?,,,,,,,,,,,,,,,,
HRT,Willian,All Saints EX,,10 Feb 1636/7,William,W?,,,,,,Judeth,BRAYE,,,,,,,,,,,,,,,,by licence
HRT,Willian,All Saints EX,,8 Oct 1637,Robert,ACRES,,,,,,Judeth,BUNIUN,,,,,,,,,,,,,,,,
HRT,Willian,All Saints EX,,1638,Thomas,?,,,,,,Marie,GOODWIN,,,,,,,,,,,,,,,,
HRT,Willian,All Saints EX,,1639,?,?,,,,,,?,?,,,,,,,,,,,,,,,,[Completely illegible]
HRT,Willian,All Saints EX,,24 Jun 1640,?,BUTTERFIELD,,,,,,Elizabeth,?,,,,,,,,,,,,,,,,
HRT,Willian,All Saints EX,,10 Mar 1641/2,John,MOULE,,Baldock,,,,Susan,?IES,,Baldock,widow,,,,,,,,,,,,,
HRT,Willian,All Saints EX,,15 Jun 1642,Phillipe,WALTER,,,,Gentleman,,Anne,HOAMES,,,widow,Gentle,,,,,,,,,,,,Mr Phillipe Walter
HRT,Willian,All Saints EX,,21 Jul 1642,George,AUDLYE,,Willian,,,,Susanna,HURST,,Willian,,,,,,,,,,,,,,by licence
HRT,Willian,All Saints EX,,27 Apr 1643,Thomas,RAYMONT,,Bengeo,,,,Sarah,GREENE,,Willian,,,,,,,,,,,,,,by licence
HRT,Willian,All Saints EX,,17 Jul 1643,John,FARMER,,Purton [Pirton],,,,Francis,HUNTE,,Gilden Morden [Guilden Morden],,,,,,,,,,,,,,
HRT,Willian,All Saints EX,,14 Apr 1654,Benjamin,HORNOLD,,,,,,Joan,BONIS,,,,,,,,,,,,,,,,
HRT,Willian,All Saints EX,,4 May 1654,John,LETTES,,,,,,Elezebeth,HORNOLD,,,,,,,,,,,,,,,,
HRT,Willian,All Saints EX,,3 Jul 1654,Neckolas,PHIPP,,,,,,An,ELSOM,,,,,,,,,,,,,,,,
HRT,Willian,All Saints EX,,15 Sep 1654,Philep,MARSHALL,,Luton,,,,Mary,STRECHER,,Willian,,,,,,,,,,,,,,
HRT,Willian,All Saints EX,,12 Jul 1655,Thomas,EZARD,,,,,,An,ADCOCK,,,,,,,,,,,,,,,,
HRT,Willian,All Saints EX,,12 Oct 1655,Lancelot,MOWBERIE,,,,,,Susana,THOMAS,,,,,,,,,,,,,,,,
HRT,Willian,All Saints EX,,26 Sep 1656,Thomas,CHILD,,,,,,Dorithy,SANDERS,,,,,,,,,,,,,,,,
HRT,Willian,All Saints EX,,2 Oct 1656,John,BACKER,,,,,,Sislie,NORTTON,,,,,,,,,,,,,,,,
HRT,Willian,All Saints EX,,15 Oct 1656,Richard,KITTELL,,,,,,Ann,PO?,,,,,,,,,,,,,,,,
HRT,Willian,All Saints EX,,10 Jun 1658,Nathanell,FELD,,Walkern,,,,Mary,LOVE,,Letchworth,,,,,,,,,,,,,,
HRT,Willian,All Saints EX,,26 Jul 1658,Rechard,BEARD,,,,,,Cathern,FIELD,,,,,,,,,,,,,,,,
HRT,Willian,All Saints EX,,2 Nov 1659,John,OUTRED,,,,,,Margarie,BEARD,,,,,,,,,,,,,,,,
HRT,Willian,All Saints EX,,11 Feb 1660/1,Charls,BRAY,,,,,,Ann,WRIGHT,,,,,,,,,,,,,,,,by licence
HRT,Willian,All Saints EX,,31 Mar 1662,Georg,GRIFFIN,,,,,,Cicely,BOMAN,,,widow,,,,,,,,,,,,,
HRT,Willian,All Saints EX,,16 Jun 1662,John,GRAPES,,,,,,Mary,ALBURNE,,,,,,,,,,,,,,,,
HRT,Willian,All Saints EX,,6 Oct 1663,Francis,PATES,,,,,,Grace,FAGE,,,,,,,,,,,,,,,,
HRT,Willian,All Saints EX,,11 Oct 1663,John,ARMERTAGE,,Graveley,,,,Mary,AUSTIN,,Graveley,,,,,,,,,,,,,,
HRT,Willian,All Saints EX,,11 Jan 1663/4,Thomas,MATHEWS,,Baldock,,,,Grace,HONER,,Weston,,,,,,,,,,,,,,
HRT,Willian,All Saints EX,,11 Apr 1664,Thomas,IZARD,,,,,,Mary,BURR,,,,,,,,,,,,,,,,
HRT,Willian,All Saints EX,,2 Oct 1665,Mathew,EYLOTT,,,,,,Alice,DICKENSON,,,,,,,,,,,,,,,,
HRT,Willian,All Saints EX,,3 Oct 1665,John,CATLINE,,,,,,Mercy,HOLLENDWORTH,,,,,,,,,,,,,,,,
HRT,Willian,All Saints EX,,4 Oct 1666,John,FIELD,,,,,,Mary,SAMMON,,,,,,,,,,,,,,,,
HRT,Willian,All Saints EX,,14 Nov 1666,Edward,BIRDLE,,Hatfield,,,,Esther,GREEN,,,,,,,,,,,,,,,,Both in the County of Hartford
HRT,Willian,All Saints EX,,2 Jul 1667,Thomas,CROUCH,,Weston,,,,Sarah,HORNER,,Weston,,,,,,,,,,,,,,
HRT,Willian,All Saints EX,,6 Oct 1669,John,WIDOWES,,Willian,,,,Mary,CAWDEL,,Willian,,,,,,,,,,,,,,
HRT,Willian,All Saints EX,,21 Oct 1669,Richard,NOKES,,Willian,,,,Jane,RAY,,Willian,,,,,,,,,,,,,,
HRT,Willian,All Saints EX,,12 Jan 1669/70,Georg,BUTTERFIELD,,,,,,Grace,NEEDHAM,,Letchworth,,,,,,,,,,,,,,
HRT,Willian,All Saints EX,,18 Jun 1672,Thomas,EVERSHALL,,Hitchin,,,,Joanna,ACRES,,Willian,,,,,,,,,,,,,,
HRT,Willian,All Saints EX,,23 Jul 1685,Nicholas,RASE,,,,,,Mary,LOWE,,,,,,,,,,,,,,,,
HRT,Willian,All Saints EX,,15 Dec 1685,Robert,HYDE,,,,,,Elizabeth,HORNOLD,,,,,,,,,,,,,,,,
HRT,Willian,All Saints EX,,13 Apr 1686,Thomas,PRIST,,,,,,Grace,CROUCH,,,,,,,,,,,,,,,,
HRT,Willian,All Saints EX,,17 Nov 1693,Geoffrey,PAIN,,Hinxworth,,,,Ann,IZZARD,,Baldock,,,,,,,,,,,,,,
HRT,Willian,All Saints EX,,22 May 1694,Robert,TRISTRAM,,,,,,Ann,AUDLEY,,Hitchin,,,,,,,,,,,,,,Mr Robert Tristram & Mrs Ann Audley 
HRT,Willian,All Saints EX,,20 Jul 1694,Benjamin,HORNOLD,,,,,,Sarah,SMITH,,,,,,,,,,,,,,,,
HRT,Willian,All Saints EX,,21 Sep 1695,George,CHAPMAN,,,,,,Elizabeth,SPRIGGS,,Shillington,,,,,,,,,,,,,,
HRT,Willian,All Saints EX,,17 Oct 1695,John,GOODWYN,,,,,,Ann,GODFREY,,Baldock,,,,,,,,,,,,,,Mr John Goodwyn & Mrs Ann Godfrey 
HRT,Willian,All Saints EX,,21 Nov 1695,James,HICKLE,,Ippolets [St Ippolyts],,,,Mary,HARMER,,Hinxworth,,,,,,,,,,,,,,
HRT,Willian,All Saints EX,,21 Sep 1696,Daniel,LAWRENCE,,Little Nusey [?],,,,Dorothy,JOYNER,,,,,,,,,,,,,,,,[groom parish illegible]
HRT,Willian,All Saints EX,,24 Jun 1697,James,CAWDELL,,,,,,Ann,OUTRID,,,,,,,,,,,,,,,,
HRT,Willian,All Saints EX,,13 Oct 1697,Richard,CLARKE,,Hitchin,,,,Elizabeth,WRIGHT,,Royston,,,,,,,,,,,,,,by licence 
HRT,Willian,All Saints EX,,28 Oct 1697,Richard,PLOMMER,,,,,,Martha,DODSON,,,,,,,,,,,,,,,,
HRT,Willian,All Saints EX,,10 Oct 1700,Matthew,LUMBAS,,Weston,,,,Mary,EYLOT,,Willian,,,,,,,,,,,,,,
HRT,Willian,All Saints EX,,24 Oct 1700,George,LAWRENCE,,,,,,Ann,WEBB,,,,,,,,,,,,,,,,
HRT,Willian,All Saints EX,,19 Nov 1700,Nathanael,WELSH,,Kings Walden,,,,Hannah,CAMFIELD,,,,,,,,,,,,,,,,
HRT,Willian,All Saints EX,,24 Nov 1700,William,COOK,,,,,,Eliz,CAMFIELD,,,,,,,,,,,,,,,,
HRT,Willian,All Saints EX,,29 Sep 1701,Richard,SMITH,,,,,,Ann,CHALKLEY,,St Hippolets [St Ippolyts],,,,,,,,,,,,,,by licence
HRT,Willian,All Saints EX,,8 Jan 1701/2,William,GREGORY,,Shillington,,,,Mary,PHILLIPS,,Willian,,,,,,,,,,,,,,by licence 
HRT,Willian,All Saints EX,,2 Apr 1702,Thomas,HILL,,Barton,,,,Ann,ANSELL,,Lilley,,,,,,,,,,,,,,by licence 
HRT,Willian,All Saints EX,,8 Oct 1702,John,DAY,,,,,,Eliz,BUNN,,St Hippolets [St Ippolyts],,,,,,,,,,,,,,by licence
HRT,Willian,All Saints EX,,29 Oct 1702,William,NUTTEN,,,,,,Mary,PURSER,,,,,,,,,,,,,,,,
HRT,Willian,All Saints EX,,21 Apr 1703,Richard,ELSOM,,,,,,Eliz,WAWBY,,,,,,,,,,,,,,,,by licence 
HRT,Willian,All Saints EX,,10 Dec 1703,John,HILL,,Ampthill,,,,Ann,CARTER,,Lilley,,,,,,,,,,,,,,by licence 
HRT,Willian,All Saints EX,,17 Apr 1704,William,BRITTAIN,,,,,,Mary,CAMFIELD,,,,,,,,,,,,,,,,
HRT,Willian,All Saints EX,,9 Nov 1704,Thomas,LAWRENGE,,,,,,Sarah,CAMFIELD,,,,,,,,,,,,,,,,
HRT,Willian,All Saints EX,,29 Jun 1705,Joseph,SALE,,,,,,Elizabeth,SHAMBROOK,,,,,,,,,,,,,,,,
HRT,Willian,All Saints EX,,20 Oct 1705,John,WELSH,,Willian,,,,Elizabeth,DAWSON,,St Ippolyts,,,,,,,,,,,,,,by licence. [Bride parish spelt St Hippolets]
HRT,Willian,All Saints EX,,22 Nov 1705,Thomas,ING,,,,,,Elizabeth,JEENES,,,,,,,,,,,,,,,,
HRT,Willian,All Saints EX,,5 Feb 1705/6,William,COLLINS,,,,,,Sarah,DRAPER,,,,,,,,,,,,,,,,
HRT,Willian,All Saints EX,,24 Nov 1706,John,NASH,,Kimpton,,,,Elizabeth,PRAT,,Ayot St Lawrence,,,,,,,,,,,,,,by licence. [Bride parish given as 'St Lawrence Ayot']
HRT,Willian,All Saints EX,,15 Feb 1706/7,John,MAN,,Ashwell,,,,Mary,EDWARDS,,,,,,,,,,,,,,,,
HRT,Willian,All Saints EX,,1 May 1710,Thomas,FOLBIGG,,,,,,Ann,CAWDELL,,,,,,,,,,,,,,,,
HRT,Willian,All Saints EX,,30 Aug 1710,John,HUGHES,,Hitchin,,,,Mary,HALSTEAD,,Pauls Walden,,,,,,,,,,,,,,by licence 
HRT,Willian,All Saints EX,,8 Feb 1710/1,Georg,LOWE,,Wymondley Magna [Great Wymondley],,,,Jane,PARKER,,Hitchin,,,,,,,,,,,,,,by licence 
HRT,Willian,All Saints EX,,26 Feb 1711/2,Henry,HALE,,,,,,Mary,BULL,,Wallington,,,,,,,,,,,,,,by licence 
HRT,Willian,All Saints EX,,4 Nov 1712,John,BISHOP,,,,,,Elizabeth,YARNISH,,,,,,,,,,,,,,,,by licence 
HRT,Willian,All Saints EX,,5 Feb 1712/3,James,GRIMES,,,,,,Ann,HOW,,Willian,,,,,,,,,,,,,,
HRT,Willian,All Saints EX,,4 Jun 1713,Jno,CHAPMAN,,,,,,Elizabeth,HALSEY,,,,,,,,,,,,,,,,by licence 
HRT,Willian,All Saints EX,,9 Sep 1714,Peter,WIGSBEY,,,,,,Susanna,HOMERSTONE,,,,,,,,,,,,,,,,
HRT,Willian,All Saints EX,,17 Oct 1714,Wm,ABERN,,,,,,Elisabeth,CAWDELL,,,,,,,,,,,,,,,,
HRT,Willian,All Saints EX,,4 Jan 1714/5,Wm,STAR,,,,,,Mary,FIELD,,,,,,,,,,,,,,,,
HRT,Willian,All Saints EX,,13 Apr 1715,Wright,IZZARD,,,,,,Sarah,EVERETT,,,,,,,,,,,,,,,,
HRT,Willian,All Saints EX,,10 May 1715,George,IZZARD,,,,,,Sarah,GRAPES,,,,,,,,,,,,,,,,
HRT,Willian,All Saints EX,,26 May 1715,Henry,LIMOND,,,,,,Hannah,WELSH,,,,,,,,,,,,,,,,
HRT,Willian,All Saints EX,,17 Jul 1715,Tho,WELSH,,,,,,Mary,SAMMS,,,,,,,,,,,,,,,,
HRT,Willian,All Saints EX,,3 Nov 1715,Robert,HALL,,,,,,Sarah,COLLINS,,,,,,,,,,,,,,,,
HRT,Willian,All Saints EX,,8 Jul 1716,Tho,HARE,,,,,,Sarah,FIELD,,,,,,,,,,,,,,,,
HRT,Willian,All Saints EX,,26 Aug 1716,Tho,SCARBOROUGH,,,,,,Sarah,?,,,,,,,,,,,,,,,,[No bride's surname given]
HRT,Willian,All Saints EX,,1717,Tho,FIELD,,,,,,Martha,PRIEST,,,,,,,,,,,,,,,,
HRT,Willian,All Saints EX,,2 Jun 1717,John,FIDGIN,,,,,,Alice,SANDERS,,,,,,,,,,,,,,,,
HRT,Willian,All Saints EX,,9 Nov 1718,Jeremiah,BAYFOOT,,,,,,Joanna,CHAPMAN,,,,,,,,,,,,,,,,
HRT,Willian,All Saints EX,,31 Mar 1719,William,ROE,,,,,,Mary,LINCOLN,,,,,,,,,,,,,,,,
HRT,Willian,All Saints EX,,29 Oct 1719,Edward,SWAIN,,,,,,Mary,CAWDELL,,,,,,,,,,,,,,,,
HRT,Willian,All Saints EX,,22 Sep 1720,Richard,PLUMMER,,,,,,Anne,LAWRENCE,,,,,,,,,,,,,,,,
HRT,Willian,All Saints EX,,18 Oct 1720,William,SHEPHALL,,,,,,Sarah,TRUSSEL,,,,,,,,,,,,,,,,
HRT,Willian,All Saints EX,,27 Apr 1721,Michael,SAMMS,,,,,,Mary,INGERSON,,,,,,,,,,,,,,,,
HRT,Willian,All Saints EX,,30 Jul 1721,John,LAMAN,,,,,,Elizabeth,BLAND,,,,,,,,,,,,,,,,
HRT,Willian,All Saints EX,,4 Oct 1721,John,FERGERTSON,,,,,,Elizabeth,MUNT,,,,,,,,,,,,,,,,
HRT,Willian,All Saints EX,,20 Nov 1721,Tho,BESS,,,,,,Hannah,SAMMS,,,,,,,,,,,,,,,,
HRT,Willian,All Saints EX,,1 Sep 1724,John,FELLS,,,,,,Elizabeth,GOODMAN,,,,,,,,,,,,,,,,by licence 
HRT,Willian,All Saints EX,,21 Sep 1724,John,CROUCH,,,,,,Martha,HENSON,,,,,,,,,,,,,,,,by licence 
HRT,Willian,All Saints EX,,17 May 1725,John,IZARD,,,,,,Ann,CAWDELL,,,,,,,,,,,,,,,,by licence 
HRT,Willian,All Saints EX,,27 Jun 1725,George,SABY,,Ashwell,,,,Anne,EDWARDS,,Ashwell,,,,,,,,,,,,,,by licence 
HRT,Willian,All Saints EX,,29 Oct 1728,Will,TOMERLIN,,Arlesey,,,,Sarah,IZZARD,,Willian,,,,,,,,,,,,,,
HRT,Willian,All Saints EX,,14 Feb 1728/9,John,HUNT,,,,,,Martha,BONHEST,,,,,,,,,,,,,,,,
HRT,Willian,All Saints EX,,7 Apr 1729,Richard,GILBERT,,,,,,Frances,NASH,,,,,,,,,,,,,,,,
HRT,Willian,All Saints EX,,1 Oct 1729,John,BOMAN,,Baldock,,,,Esther,BENNET,,Willian,,,,,,,,,,,,,,
HRT,Willian,All Saints EX,,30 Oct 1729,Richard,ENDERSBY,,Shiltlington [Shillington],,,,Ann,ADAMS,,Willian,,,,,,,,,,,,,,
HRT,Willian,All Saints EX,,29 Mar 1730,Will,PAGE,,Stevenage,,,,Mary,SHATBOLT,,Willian,,,,,,,,,,,,,,
HRT,Willian,All Saints EX,,11 Oct 1730,Tho,KING,,Sandy,,,,Mary,BREWER,,Sandy,,,,,,,,,,,,,,
HRT,Willian,All Saints EX,,29 Oct 1730,John,BENNET,,Willian,,,,Mary Roe,WIDDON,,Willian,,,,,,,,,,,,,,
HRT,Willian,All Saints EX,,21 Sep 1732,John,ELLIS,,Baldock,,,,Mercy,SMITH,,Willian,,,,,,,,,,,,,,
HRT,Willian,All Saints EX,,23 Apr 1733,Thomas,SMITH,,Willian,,,,Jane,PENNE,,Willian,,,,,,,,,,,,,,
HRT,Willian,All Saints EX,,8 Oct 1733,Sigismond,COOK,,Willian,,,,Elizabeth,FIELD,,Willian,,,,,,,,,,,,,,
HRT,Willian,All Saints EX,,29 Oct 1733,Edward,GEVES,,,,,,Sarah,GAYLER,,,,,,,,,,,,,,,,[no parishes specified]
HRT,Willian,All Saints EX,,11 Nov 1733,Richard,KIMPTON,,Letchworth,,,,Eliz,BARRINGER,,Willian,,,,,,,,,,,,,,
HRT,Willian,All Saints EX,,16 Feb 1734/5,Will,COCK,,Great Wymondley,,,,Sarah,HALL,,Willian,,,,,,,,,,,,,,
HRT,Willian,All Saints EX,,27 Apr 1735,Edward,HANGER,,Flitton,,,,Ann,WEB,,Willian,,,,,,,,,,,,,,
HRT,Willian,All Saints EX,,2 Oct 1737,John,WARBOIS,,Guilden Morden Cambridgeshire,,,,Sarah,WETTENSTALL,,Willian,,,,,,,,,,,,,,
HRT,Willian,All Saints EX,,24 Nov 1737,Thomas,BLAIR,,Sandy,,,,Sarah,CHRISTMAS,,Willian,,,,,,,,,,,,,,by licence 
HRT,Willian,All Saints EX,,13 Nov 1738,Will,PLUMER,,Much Wymondley [Great Wymondley],,,,Sarah,PORTER,,Willian,,,,,,,,,,,,,,
HRT,Willian,All Saints EX,,11 Oct 1739,Robert,TILCOCK,,Willian,,,,Catherine,FOSTER,,Baldock,,,,,,,,,,,,,,by licence 
HRT,Willian,All Saints EX,,9 Nov 1739,Thomas,WILLIAMS,,Willian,,,,Mary,WELCH,,Willian,,,,,,,,,,,,,,
HRT,Willian,All Saints EX,,8 Apr 1740,William,WILSHIRE,,Willian,,,,Mary,IZARD,,Willian,,,,,,,,,,,,,,
HRT,Willian,All Saints EX,,12 Sep 1742,Samuel,MORGAN,,Offley,,,,Susan,SINGLE,,Willian,,,,,,,,,,,,,,
HRT,Willian,All Saints EX,,27 Feb 1742/3,William,SMITH,,Willian,,,,Sarah,GRIMES,,Willian,,,,,,,,,,,,,,
HRT,Willian,All Saints EX,,11 Apr 1743,William,FEILD,,Willian,,,,Martha,SPICER,,Willian,,,,,,,,,,,,,,
HRT,Willian,All Saints EX,,2 Sep 1743,John,PHILIPS,,Willian,,,,Jane,TITMOSS,,Willian,,,,,,,,,,,,,,
HRT,Willian,All Saints EX,,2 Oct 1743,John,WELCH,,Little Wymondley,,,,Mary,GREY,,Willian,,,,,,,,,,,,,,
HRT,Willian,All Saints EX,,10 Oct 1743,William,FILLER,,Clothall,,,,Elizabeth,HEARL,,Willian,,,,,,,,,,,,,,
HRT,Willian,All Saints EX,,22 Sep 1744,James,GATWARD,,Willian,,,,Elizabeth,ELLIS,,Willian,,,,,,,,,,,,,,
HRT,Willian,All Saints EX,,10 Oct 1745,John,LYNAM,,Willian,,,,Sarah,CROUCH,,Offley,,,,,,,,,,,,,,
HRT,Willian,All Saints EX,,2 Oct 1746,William,ROE,,Stevenage,,,,Sarah,MOLES,,Willian,,,,,,,,,,,,,,
HRT,Willian,All Saints EX,,22 Oct 1746,Joseph,CHERRY,,Stevenage,,,,Sarah,BENTLEY,,Willian,,,,,,,,,,,,,,
HRT,Willian,All Saints EX,,27 Oct 1747,Robert,TILNEY,,Willian,,,,Hannah,COOK,,Willian,,,,,,,,,,,,,,
HRT,Willian,All Saints EX,,23 Nov 1747,James,WRIGHT,,Letchworth,,,,Hannah,FIELD,,Willian,,,,,,,,,,,,,,
HRT,Willian,All Saints EX,,16 Oct 1748,Richard,BEECH,,Willian,,,,Ann,GRIMES,,Willian,,,,,,,,,,,,,,
HRT,Willian,All Saints EX,,29 Oct 1748,William,CANNON,,Willian,,,,Sarah,FORDHAM,,Willian,,,,,,,,,,,,,,
HRT,Willian,All Saints EX,,14 Oct 1749,William,IMPEY,,Willian,,,,Susanna,HUNT,,Willian,,,,,,,,,,,,,,
HRT,Willian,All Saints EX,,28 Nov 1751,John,FOLBIG,,,,,,Lydia,WOODFIELD,,,,,,,,,,,,,,,,by licence 
HRT,Willian,All Saints EX,,2 Sep 1753,George,TURNER,,,,,,Ann,SCURFY,,,,,,,,,,,,,,,,
HRT,Willian,All Saints EX,,13 Sep 1754,Richard,DEARMER,,Willian,,,,Sarah,FORDHAM,,Willian,,,,,,,,,,James,GATWARD,William,CANNON,both sign x; bride's name given as Sarah in Banns but Hannah in Marriage [duplicate entry to record ambiguity in bride's name]
HRT,Willian,All Saints EX,,13 Sep 1754,Richard,DEARMER,,Willian,,,,Hannah,FORDHAM,,Willian,,,,,,,,,,James,GATWARD,William,CANNON,both sign x; bride's name given as Sarah in Banns but Hannah in Marriage
HRT,Willian,All Saints EX,,22 Apr 1755,John,SPICER,,Stevenage,,,,Ann,BENT,,Willian,,,,,,,,,,Jno Crouch,PRIEST,John,BONHEST,both sign x; by licence and consent of her mother 
HRT,Willian,All Saints EX,,24 Oct 1756,John,GILBERT,,Willian,,,,Alice,SYMONDS,,Willian,,,,,,,,,,Robeart,TILNEAY,William,LAWRENCE,both sign x
HRT,Willian,All Saints EX,,29 May 1758,Robert,COLE,,Holowell Huntingdonshire,,,,Mary,HARRIS,,Willian,spinster,,,,,,,,,Benj,HARRIS,John,COLE,by licence 
HRT,Willian,All Saints EX,,11 Oct 1758,Thomas,FIELD,,Willian,,,,Hannah,GILBERT,,Willian,,,,,,,,,,William,COOK,William,LAWRENCE,both sign x
HRT,Willian,All Saints EX,,27 Nov 1759,William,RAMSAY,,Willian,,,,Mary,GEARY,,Willian,,,,,,,,,,William,COOK,William,LAWRENCE,both sign x
HRT,Willian,All Saints EX,,24 Mar 1760,Robert,CURRAL,,Hatfield,,,,Mary,IZARD,,Willian,,,,,,,,,,William,COOK,William,PARCEL,both sign x
HRT,Willian,All Saints EX,,3 Jan 1761,Charles,SHAMBROOK,,Willian,,,,Hannah,BONHEST,,Willian,,,,,,,,,,William,COOK,Robert,TILNEAY,both sign x
HRT,Willian,All Saints EX,,9 Jun 1761,Thomas,KING,,Warden,,,,Ann,HARRIS,,Willian,spinster,,,,,,,,,Benj,HARRIS,Wm,KING,
HRT,Willian,All Saints EX,,1 Sep 1761,William,COOK,,Willian,,,,Elizabeth,EVANS,,Willian,,,,,,,,,,Jno,ROBINS,Robeart,TILNEAY,
HRT,Willian,All Saints EX,,12 Oct 1761,Thomas,RAMSAY,,Willian,,,,Elizabeth,SCURFY,,Willian,,,,,,,,,,William,COOK,Robert,TILNEAY,both sign x
HRT,Willian,All Saints EX,,15 Oct 1761,Thomas,WRIGHT,,Willian,,,,Elizabeth,HARRIS,,Willian,,,,,,,,,,William,COOK,Robert,TILNEAY,both sign x
HRT,Willian,All Saints EX,,12 Oct 1762,William,FRANKLIN,,Barton,,,,Ann,BONFIELD,,Willian,,,,,,,,,,William,COOK,Robert,TILNEAY,both sign x
HRT,Willian,All Saints EX,,17 Oct 1763,John,PEARSON,,Willian,,,,Mary,CONQUEST,,Willian,,,,,,,,,,Robeart,TILNEAY,Richard,KIMPTON,she signs x. 
HRT,Willian,All Saints EX,,9 Apr 1765,John,GILES,,Willian,,,,Susanna,LIMAN,,Willian,,,,,,,,,,Robeart,TILNEAY,William,COOK,both sign x
HRT,Willian,All Saints EX,,6 Feb 1766,John,KIMPTON,,Letchworth,,,,Mary,WILLIAMS,,Willian,,,,,,,,,,Thomas,WILLIAMS,Richard,KIMPTON,
HRT,Willian,All Saints EX,,31 Mar 1766,William,ARNOLD,,Much Wymondley [Great Wymondley],,,,Mary,BONHEST,,Willian,,,,,,,,,,William,COOK,Robeart,TILNEAY,both sign x
HRT,Willian,All Saints EX,,27 Sep 1766,Thomas,BENNET,,Hertford St Andrew,,,,Joanna,CURRAL,,Willian,,,,,,,,,,John,LUCK,William,COOK,both sign x; by licence 
HRT,Willian,All Saints EX,,28 Sep 1766,John,COOK,,Willian,,,,Sarah,LEE,,Willian,,,,,,,,,,William,COOK,Robeart,TILNEAY,
HRT,Willian,All Saints EX,,2 Nov 1766,Richard,DEARMER,,Willian,,,,Martha,CURRAL,,Willian,,,,,,,,,,Walter,ADAMS,Robeart,TILNEAY,both sign x
HRT,Willian,All Saints EX,,19 Jan 1768,James,BATES,,Baldock,,,,Mary,FIELD,,Willian,,,,,,,,,,John,KIMPTON,John,COOK,she signs x. 
HRT,Willian,All Saints EX,,23 Dec 1769,William,BONHEST,,Willian,,,,Hannah,COLLINS,,Willian,,,,,,,,,,John,KIMPTON,John,COOK,both sign x
HRT,Willian,All Saints EX,,15 Oct 1770,Edward,ROBERTS,,Hitchin,,,,Mary,SMITH,,Willian,,,,,,,,,,John,LUCK,William,COOK,both sign x; Edward Roberts now at Hitchin (whose legal settlement is at Bodwarry in Flintshire) 
HRT,Willian,All Saints EX,,18 Sep 1771,William,WALKER,,Willian,,,,Ann,RAMSAY,,Willian,,,,,,,,,,William,COOK,John,KIMPTON,both sign x
HRT,Willian,All Saints EX,,16 Oct 1773,Isaac,NASH,,Letchworth,,,,Elizabeth,TAYLOR,,Willian,,,,,,,,,,?,SHAMBROOK,James,BATES,both sign x
HRT,Willian,All Saints EX,,15 Oct 1774,John,BARNS,,Willian,,,,Susanna,IMPY,,Willian,,,,,,,,,,James,BATES,Thomas,FIELD,both sign x; Thomas Field parish clerk
HRT,Willian,All Saints EX,,6 May 1776,Thomas,HOLLINGWORTH,,Hitchin,,,,Hannah,FRENCH,,Willian,,,,,,,,,,James,BATES,John,STALLER,he signs x. 
HRT,Willian,All Saints EX,,31 May 1776,John,RUSH,,Willian,,,,Alice,SPICER,,Willian,,,,,,,,,,William,COOKE,William,HARROWDINE,both sign x
HRT,Willian,All Saints EX,,13 Mar 1777,Joseph,GREGORY,,Hampton Middlesex,,,,Mary,RAMSAY,,Willian,,,,,,,,,,William,GUDGIN,John,COOK,she signs x; by licence 
HRT,Willian,All Saints EX,,29 May 1777,William,DEACON,,Tingrey,,,,Sarah,FOLBIGG,,Willian,,,,,,,,,,John,?,John Crouch,PRIEST,by licence 
HRT,Willian,All Saints EX,,15 Oct 1778,Thomas,BRACEY,,Letchworth,,,,Mary,SPARKES,,Willian,,,,,,,,,,James,BATES,John,KERSHAN,both sign x
HRT,Willian,All Saints EX,,31 Oct 1778,Thomas,HORTON,,Willian,,,,Elizabeth,IZARD,,Willian,,,,,,,,,,William,ARMANTAGE,James,BATES,both sign x
HRT,Willian,All Saints EX,,8 Jun 1779,George,RAMSAY,,Willian,,,,Susan,VINES,,Langford,,,,,,,,,,Wm,LYLO,John,LUCK,both sign x; by licence 
HRT,Willian,All Saints EX,,19 Oct 1780,William,ARMANTAGE,,Willian,,,,Ann,MARSOM,,Willian,,,,,,,,,,Thomas,SHADBOLT,John,SHADBOLT,
HRT,Willian,All Saints EX,,5 Jan 1781,William,DEARMAN,,Weston,,,,Elizabeth,DAY,,Willian,,,,,,,,,,William,COOKE,Inman,FIELD,both sign x
HRT,Willian,All Saints EX,,31 Oct 1781,Solomon,GALE,,Willian,,,,Ann,WILLIAMS,,Willian,,,,,,,,,,James,BATES,William,COOKE,both sign x
HRT,Willian,All Saints EX,,22 Nov 1782,James,WALKER,,Willian,,,,Amy,COLE,,Willian,,,,,,,,,,William,COOKE,Robert,TILNEY,he signs x; bride signed Amey Cole 
HRT,Willian,All Saints EX,,8 Feb 1785,Jonathan,ROBINSON,,Willian,,,,Sarah,FRIGG,,Baldock,,,,,,,,,,Robart,DAY,David,FRIGG,both sign x
HRT,Willian,All Saints EX,,17 Oct 1785,Michael,DRAPER,,Willian,,,,Sarah,HUNT,,Willian,widow,,,,,,,,,James,BATES,William,COOKE,she signs x. 
HRT,Willian,All Saints EX,,24 Oct 1785,James,BURGESS,,Willian,,,,Jane,GILBERT,,Willian,,,,,,,,,,James,BATES,W,ARMANTAGE,both sign x
HRT,Willian,All Saints EX,,16 Feb 1786,James,SMITH,,Clothall,,,,Ann,FOLBIGG,,Willian,,,,,,,,,,John Cawdell,FOLBIGG,John,BARON,Groom signed James Smyth. by licence 
HRT,Willian,All Saints EX,,3 Jul 1786,George,SCALE,,Willian,,,,Mary,HUNT,,Willian,,,,,,,,,,Michael,DRAPER,Jas,BATES,both sign x
HRT,Willian,All Saints EX,,25 Dec 1786,David,GILBERT,,Willian,,,,Jane,HUNT,,Willian,,,,,,,,,,Jas,BATES,Michael,DRAPER,both sign x
HRT,Willian,All Saints EX,,10 Oct 1787,Thomas,GATES,,Weston,,,,Phoebe,SHAMBROOK,,Willian,,,,,,,,,,Jas,BATES,Charles,SHAMBROOK,both sign x; by licence 
HRT,Willian,All Saints EX,,23 Oct 1787,Robert,ANDERSON,,Norton,,,,Sarah,BARNET,,Willian,,,,,,,,,,James,RUSH,W,ARMATAGE,both sign x 
HRT,Willian,All Saints EX,,9 Nov 1787,Thomas,HORTON,,Willian,,,,Mary,SMITH,,Willian,widow,,,,,,,,,Jas,BATES,Thomas,FIELD,both sign x 
HRT,Willian,All Saints EX,,16 Jun 1788,William,IMPEY,,Willian,,,,Mary,GILES,,Willian,,,,,,,,,,William,COOKE,Thomas,FIELD,both sign x 
HRT,Willian,All Saints EX,,10 Nov 1788,William,CATON,,Gravenhurst,,,,Ann,COOPER,,Willian,,,,,,,,,,John Crouch,PRIEST,Martha,CATON,by licence 
HRT,Willian,All Saints EX,,24 Jan 1789,Edward,LONDON,,Willian,,,,Mary,IMPEY,,Willian,,,,,,,,,,Thomas,IMPEY,Thomas,FIELD,both sign x 
HRT,Willian,All Saints EX,,7 May 1789,Robert,RALPHS,,Hitchin,,,,Mary,FOLBIGG,,Willian,,,,,,,,,,John,BARON,William,FOLBIGG,by licence 
HRT,Willian,All Saints EX,,2 Nov 1789,William,PECK,,Weston,,,,Elizabeth,BENTLEY,,Willian,,,,,,,,,,James,HIDE,James,BATES,both sign x 
HRT,Willian,All Saints EX,,23 May 1790,Francis,WILSHIRE,,Willian,,,,Ann,HUNT,,Willian,,,,,,,,,,William,GODFREY,Elisabeth,FIELD,both sign x 
HRT,Willian,All Saints EX,,9 Oct 1790,John,WATSON,,Willian,,,,Elizabeth,CHALKLEY,,Willian,,,,,,,,,,Jarman,FARM,Benj,HOOPER,both sign x 
HRT,Willian,All Saints EX,,30 Jan 1791,James,ELLIS,,Graveley,,,,Elisabeth,RAMSEY,,Willian,,,,,,,,,,William,ARMANTAGE,Joseph,WATSON,both sign x 
HRT,Willian,All Saints EX,,1 Oct 1791,John,GODDARD,,Letchworth,,,,Elizabeth,FIELD,,Willian,,,,,,,,,,William,COOKE,Thomas,FIELD,"""she signs x. [on a slip of paper at the front of the book:] Willian Herts. John Goddard who was this first day of October 1791 married to Elisabeth Field of this Parish declares that to the best of his knowledge he belongs to the Parish of Elstow in Bedf"
HRT,Willian,All Saints EX,,13 Jun 1793,Elias,EASTWAY,,Willian,,,,Mary,BATES,,Willian,,,,,,,,,,John,MARLEY,,,duplicate entry to record more than 2 witnesses 
HRT,Willian,All Saints EX,,13 Jun 1793,Elias,EASTWAY,,Willian,,,,Mary,BATES,,Willian,,,,,,,,,,William,FOLBIGG,Elizabeth,BYGRAVE,
HRT,Willian,All Saints EX,,17 Oct 1793,William,WATSON,,Weston,,,,Jane,LEE,,Willian,,,,,,,,,,Mary,BRADLEY,W,ARMATAGE,he signs x. 
HRT,Willian,All Saints EX,,17 Nov 1794,Edward,KEMPKEN,,Willian,,,,Sarah,GILES,,Willian,,,,,,,,,,Thomas,FIELD,John,GILES,both sign x 
HRT,Willian,All Saints EX,,20 Jun 1796,Robert,DAY,,Baldock,,,,Sarah,FOLBIGG,,Willian,,,,,,,,,,John,FOLBIGG,William,COOKE,by licence 
HRT,Willian,All Saints EX,,26 Sep 1796,John,ARNOLD,,Willian,,,,Elisabeth,PECK,,Willian,,,,,,,,,,Sigismund,COOKE,James,HORNETT,both sign x 
HRT,Willian,All Saints EX,,14 Nov 1796,William,WOOD,,Willian,,,,Mary,WALKER,,Willian,,,,,,,,,,Sigismund,COOKE,William,MINNIS,she signs x. 
HRT,Willian,All Saints EX,,9 Oct 1797,George,EMERY,,Eaton Socon,,,,Mary,FISHER,,Willian,,,,,,,,,,W,ARMANTAGE,Sigismund,COOKE,by licence 
HRT,Willian,All Saints EX,,5 Oct 1798,Richard,BUNYAN,,Willian,,,,Ann,BENTLEY,,Willian,,,,,,,,,,Sigismund,COOKE,John,ARNOLD,both sign x 
HRT,Willian,All Saints EX,,24 Dec 1798,John,PRATT,,South Mims Middlesex,bachelor,,,Elizabeth,COPPS,,Willian,,,,,,,,,,John,LUCAS,Elias,EASTWAY,both sign xby licence 
HRT,Willian,All Saints EX,,18 May 1799,Thomas,SMITH,,Stevenage,widower,,,Ann,SCALES,,Willian,spinster,,,,,,,,,William,ARMANTAG,William,MINNIS,both sign x 
HRT,Willian,All Saints EX,,17 Sep 1801,Joseph,HEATH,,Baldock,bachelor,,,Elizabeth,DERMER,,Willian,spinster,,,,,,,,,Thos,DERMER,James,DERMER,by licence 
HRT,Willian,All Saints EX,,22 Sep 1801,Ambrose,WHITBREAD,,Silsoe,bachelor,,,Mary,FIELD,,Willian,spinster,,,,,,,,,Thos,FIELD,?,WHITBREAD,by licence 
HRT,Willian,All Saints EX,,1 Oct 1801,John,BARKER,,Willian,,,,Sarah,GILBERT,,Willian,,,,,,,,,,William,COOKE,Edward,BALL,both sign x 
HRT,Willian,All Saints EX,,5 Oct 1801,Thomas,HOCKET,,Willian,,,,Mary,BONHEST,,Willian,,,,,,,,,,Sigismund,COOKE,John,RAINER,both sign x 
HRT,Willian,All Saints EX,,20 Feb 1802,Richard,HUDSON,,Tottenham High Cross Middlesex,bachelor,,,Elizabeth,FIELD,,Willian,spinster,,,,,,,,,J.,COLLIER,Charlotte,FIELD,by licence 
HRT,Willian,All Saints EX,,8 Jun 1802,Joseph,WALKER,,Willian,bachelor,,,Sarah,FARR,,Willian,spinster,,,,,,,,,John,GILES,Hannah,HOOPER,she signs x. 
HRT,Willian,All Saints EX,,11 Jul 1802,John,HOOPER,,Willian,,,,Susannah,GILES,,Willian,,,,,,,,,,James,GAYLOR,Ann,GILES,she signs x. 
HRT,Willian,All Saints EX,,9 Oct 1802,Edward,ANDREWS,,Hitchin,bachelor,,,Elisabeth,FOLBIGG,,Willian,widow,,,,,,,,,William,COOKE,Sigismund,COOKE,both sign xby licence 
HRT,Willian,All Saints EX,,12 Oct 1802,Benjamin,EDWARDS,,Baldock,,,,Mary,BROWN,,Willian,,,,,,,,,,John,DAVY,Ann,COOPER,both sign x 
HRT,Willian,All Saints EX,,3 Apr 1804,John,GILES,,Willian,bachelor,,,Ann,NASH,,Willian,spinster,,,,,,,,,James,BATES,Ann,GILES,he signs x. 
HRT,Willian,All Saints EX,,16 Apr 1805,John,BETTS,,Willian,bachelor,,,Susannah,BONHEST,,Willian,spinster,,,,,,,,,Sigismund,COOKE,John,DEARMER,both sign x 
HRT,Willian,All Saints EX,,27 Aug 1807,James,WELLS,,Bigleswade,bachelor,,,Ann,ARMANTAGE,,Willian,spinster,,,,,,,,,W,ARMANTAGE,Ann,EASTWELL,by licence 
HRT,Willian,All Saints EX,,4 Jan 1808,Elijah,WARREN,,Willian,bachelor,,,Elisabeth,GOODSON,,Willian,spinster,,,,,,,,,Daniel,WADE,Sarah,WADE,he signs x. 
HRT,Willian,All Saints EX,,23 Jan 1808,John,SHEPHERD,,Willian,bachelor,,,Sarah,HOOPER,,Willian,spinster,,,,,,,,,James,COOKE,David,FIELD,both sign x 
HRT,Willian,All Saints EX,,20 Oct 1808,George,GRAVES,,Letchworth,bachelor,,,Mary,DEARMER,,Willian,spinster,,,,,,,,,Sigismund,COOKE,James,GRAVES,both sign x 
HRT,Willian,All Saints EX,,24 Dec 1808,John,DEARMER,,Willian,bachelor,,,Sarah,IMPEY,,Willian,spinster,,,,,,,,,Susannah,HOOPER,James,IMPEY,both sign x 
HRT,Willian,All Saints EX,,20 Oct 1810,James,UPCHURCH,,Letchworth,bachelor,,,Elisabeth,BARNS,,Willian,spinster,,,,,,,,,James,IMPEY,Susannah,HOOPER,both sign x 
HRT,Willian,All Saints EX,,11 May 1811,John,SHARNBROOK,,Willian,bachelor,,,Joanna,WARREN,,Willian,spinster,,,,,,,,,William,NORMAN,Sarah,NORMAN,both sign x 
HRT,Willian,All Saints EX,,2 Oct 1811,James,IMPEY,,Willian,bachelor,,,Susannah,HOOPER,,Willian,spinster,,,,,,,,,Sigismund,COOKE,William,HOOPER,she signs x. 
HRT,Willian,All Saints EX,,5 Dec 1811,Israel,MUNT,,Weston,bachelor,,,Ann,MINNIS,,Willian,spinster,,,,,,,,,John,BATES,Elisabeth,BARNS,
HRT,Willian,All Saints EX,,22 Jun 1812,John,MARDELL,,Willian,bachelor,,,Peggy,FITZJOHN,,Willian,spinster,,,,,,,,,William,CROFT,Sigismund,COOKE,both sign x 
HRT,Willian,All Saints EX,1,8 Jun 1813,James,FARR,,Weston,,,,Mary,PATE,,Willian,,,,,,,,,,William,FARR,Hannah,COOKE,
HRT,Willian,All Saints EX,2,3 Oct 1814,William,SWAIN,,Weston,,,,Ann,WALKER,,Willian,,,,,,,,,,?,SWAIN,?,SMITH,both sign x 
HRT,Willian,All Saints EX,3,13 Nov 1814,Edward,STANFORD,,Much Wymondley [Great Wymondley],,,,Elisabeth,COOKE,,Willian,,,,,,,,,,Sigismund,COOKE,Lydia,COOKE,
HRT,Willian,All Saints EX,4,24 Nov 1814,John,DEAN,,Willian,,,,Ann,NORMAN,,Willian,,,,,,,,,,William,NORMAN,Lydia F.,RALPHS,he signs x. 
HRT,Willian,All Saints EX,5,2 Oct 1815,Joseph,ELLIS,,Weston,,,,Elisabeth,MINNIS,,Willian,,,,,,,,,,William,MINNIS,Wollaston,MINNIS,he signs x. 
HRT,Willian,All Saints EX,6,14 Oct 1815,William,LONDON,,Willian,,,,Sarah,WATSON,,Willian,,,,,,,,,,William,HOOPER,Rose,WATSON,both sign x 
HRT,Willian,All Saints EX,7,6 Nov 1815,William,WATSON,,Meesden,,,,Jemima,WHEREING,,Willian,,,,,,,,,,Sigismund,COOKE,William,HOOPER,she signs x. 
HRT,Willian,All Saints EX,8,2 Oct 1816,William,GENTLE,,Baldock,bachelor,,,Alice,ANSELL,,Willian,spinster,,,,,,,,,James,ENGLISH,Jane,MARDEL,
HRT,Willian,All Saints EX,9,23 Mar 1817,William,WATSON,,Willian,,,,Hester,HEAVENS,,Willian,,,,,,,,,,James,COOK,Lydia,COOKE,
HRT,Willian,All Saints EX,10,12 Apr 1817,John,WATSON,,Much Wymondley [Great Wymondley],widower,,,Lydia,COOK,,Willian,spinster,,,,,,,,,James,COOK,Hannah,COOK,by licence. 
HRT,Willian,All Saints EX,11,2 Oct 1818,William,HOOPER,,Willian,bachelor,,,Rose,WATSON,,Willian,spinster,,,,,,,,,Martha,HOOPER,Elizabeth,WATSON,both sign x 
HRT,Willian,All Saints EX,12,6 Dec 1818,John,BRIERS,,Willian,widower,,,Sarah,COLLINS,,Willian,widow,,,,,,,,,John,ELLIS,Mary,LONDON,both sign x 
HRT,Willian,All Saints EX,13,19 Dec 1818,Wollaston,MINNIS,,Willian,,,,Edith,LENNARD,,Willian,,,,,,,,,,James,COOK,Hannah,COOK,she signs x. 
HRT,Willian,All Saints EX,14,1 Jun 1819,John,ELLIS,,Willian,,,,Mary,LONDON,,Willian,,,,,,,,,,Wollaston,MINNIS,Sarah,ELLIS,she signs x. 
HRT,Willian,All Saints EX,15,2 Oct 1819,Francis,HOWARD,,Willian,,,,Rose,WALKER,,Willian,,,,,,,,,,John,HOWARD,Elizabeth,IMPEY,he signs x. 
HRT,Willian,All Saints EX,16,12 Feb 1820,John,HOWARD,,Willian,,,,Elisabeth,IMPEY,,Willian,,,,,,,,,,Wollaston,MINNIS,Martha,HOOPER,both sign x 
HRT,Willian,All Saints EX,17,18 Mar 1820,Benjamin,HOUGHTON,,Graveley,bachelor,,,Anne,FIELD,,Willian,spinster,,,,,,,,,Ambrose,EASTWAY,Wollaston,MINNIS,both sign x 
HRT,Willian,All Saints EX,18,7 Jan 1821,James,THURGOOD,,Willian,,,,Rebecca,MINNIS,,Willian,,,,,,,,,,Wollaston,MINNIS,William,MINNIS,both sign x 
HRT,Willian,All Saints EX,19,26 Apr 1821,Ambrose,EASTWAY,,Willian,,,,Mary,PENDRED,,Willian,,,,,,,,,,James,COOK,Sarah,EASTWAY,bride signed Mary Swaine Pendred 
HRT,Willian,All Saints EX,20,20 Oct 1821,William,FAULKNER,,Hitchin,,,,Sarah,BROWN,,Willian,,,,,,,,,,Mary,TITMUSS,James,BROWN,both sign x 
HRT,Willian,All Saints EX,21,3 Apr 1823,John Deacon,MAINE,,Willian,,,,Frances,COPE,,Willian,,,,,,,,,,George,MARTIN,Wollaston,MINNIS,by licence.groom signed John Deacon Main. [Duplicate entry to record more than 2 witnesses.]
HRT,Willian,All Saints EX,21,3 Apr 1823,John Deacon,MAINE,,Willian,,,,Frances,COPE,,Willian,,,,,,,,,,Sarah,BROUGH,Harriet Deacon,MAIN,by licence.groom signed John Deacon Main.
HRT,Willian,All Saints EX,22,10 May 1823,Jacob,WREN,,Willian,,,,Elisabeth,ANTHONEY,,Willian,,,,,,,,,,Sarah,HUSSUF,Wollaston,MINNIS,both sign x 
HRT,Willian,All Saints EX,23,24 Jan 1824,James,PRATT,,Willian,,,,Elisabeth,MABBIT,,Willian,,,,,,,,,,Hannah,PRATT,Wollaston,MINNIS,both sign x 
HRT,Willian,All Saints EX,24,9 Jun 1824,James,COOKE,,Willian,,,,Sarah,PETTENGALE,,Hitchin,,,,,,,,,,William,MIND,Elias,EASTWAY,she signs x. [Duplicate entry to record more than 2 witnesses.]
HRT,Willian,All Saints EX,24,9 Jun 1824,James,COOKE,,Willian,,,,Sarah,PETTENGALE,,Hitchin,,,,,,,,,,Hannah,COOKE,Ann,PETTENGALE,she signs x
HRT,Willian,All Saints EX,25,14 Sep 1824,Paitfield,MILLS,,Willian,,,,Juliana,UNDERWOOD,,Potton,,,,,,,,,,Sarah Olyffe,UNDERWOOD,James,UNDERWOOD,by licence. 
HRT,Willian,All Saints EX,26,12 Nov 1825,John,HIDE,,Baldock,,,,Jane,WATSON,,Willian,,,,,,,,,,Elisabeth,WATSON,Wollaston,MINNIS,both sign x 
HRT,Willian,All Saints EX,27,11 Feb 1826,William,MINNIS,,Willian,,,,Charlotte,HENSHAW,,Willian,,,,,,,,,,James,HOWARD,,,both sign x [Duplicate entry to record more than 2 witnesses.]
HRT,Willian,All Saints EX,27,11 Feb 1826,William,MINNIS,,Willian,,,,Charlotte,HENSHAW,,Willian,,,,,,,,,,Wollaston,MINNIS,Susan,KILBEY,both sign x
HRT,Willian,All Saints EX,28,26 Aug 1826,Joseph,HILL,,Luton,,,,Rachel,GRAVES,,Willian,,,,,,,,,,John,STRATTON,Frances,DEARMER,both sign x 
HRT,Willian,All Saints EX,29,18 Dec 1826,Edward,COLLINS,,Willian,widower,,,Elizabeth,WALKER,,Willian,widow,,,,,,,,,Thomas,ALDRIDGE,Mary,ALDRIDGE,both sign x 
HRT,Willian,All Saints EX,30,18 Jan 1827,Thomas,HAMPTON,,St Marie le Bonne [St Marylebone] Middlesex,bachelor,,,Mary Deacon,MAINE,,Willian,,,,,,,,,,John,MARR,Thomas,MAIN,by licence. [Duplicate entry to record more than 2 witnesses.]
HRT,Willian,All Saints EX,30,18 Jan 1827,Thomas,HAMPTON,,St Marie le Bonne [St Marylebone] Middlesex,bachelor,,,Mary Deacon,MAINE,,Willian,,,,,,,,,,Harriet Deacon,MAIN,Elizabeth,MOORE,by licence
HRT,Willian,All Saints EX,31,8 Mar 1827,Morton,BELLAMY,,Willian,bachelor,,,Frances,FIELD,,Willian,spinster,,,,,,,,,William,MINNIS,,,No 2nd witness 
HRT,Willian,All Saints EX,32,31 Mar 1827,Joseph,DEARMUR,,Willian,,,,Mary,BUNYAN,,Great Wymondley,,,,,,,,,,William,GILES,Elisabeth,DEARMUR,both sign x 
HRT,Willian,All Saints EX,33,20 May 1827,William,MOLE,,Willian,,,,Hannah,PRATT,,Willian,,,,,,,,,,William,MINNIS,Mary,ALDRIDGE,both sign x 
HRT,Willian,All Saints EX,38,11 Apr 1828,John,WOODS,,Willian,,,,Elizabeth,WATSON,,Willian,,,,,,,,,,Mary,WOODS,,,both sign x [Duplicate entry to record more than 2 witnesses.]
HRT,Willian,All Saints EX,38,11 Apr 1828,John,WOODS,,Willian,,,,Elizabeth,WATSON,,Willian,,,,,,,,,,Thomas,WOODS,Ann,WOODS,both sign x
HRT,Willian,All Saints EX,34,10 May 1828,Joseph,DRAPER,,Willian,,,,Sarah,MOLE,,Willian,,,,,,,,,,James,HIDE,Ann,MOLE,both sign x 
HRT,Willian,All Saints EX,35,12 Jul 1828,William,SWAINE,,Weston,,,,Elizabeth,WALKER,,Willian,,,,,,,,,,John,WALKER,Elizabeth,SWAINE,he signs x. 
HRT,Willian,All Saints EX,36,15 Nov 1828,James,HOWARD,,Willian,,,,Elizabeth,MUNNS,,Willian,,,,,,,,,,Joseph,WOOD,Mary,WATSON,he signs x. 
HRT,Willian,All Saints EX,37,7 Dec 1828,Thomas,TURNER,,Willian,,,,Sarah,EAVES,,Willian,,,,,,,,,,John,WHIST,Sarah,MARDLIN,both sign x 
HRT,Willian,All Saints EX,39,7 Nov 1829,John,WALKER,,Willian,,,,Marianne,CLARKE,,Willian,,,,,,,,,,John,HOOPER,Ann,HOOPER,both sign x 
HRT,Willian,All Saints EX,40,13 Dec 1829,John,PRATT,,Willian,,,,Ann,MOLE,,Willian,,,,,,,,,,Thomas,PRATT,Hannah,MOLE,both sign x 
HRT,Willian,All Saints EX,41,5 Jun 1830,Joshua,BROWN,,Willian,,,,Mary,WOODS,,Willian,,,,,,,,,,James,PESTELL,Ann,WOODS,she signs x. 
HRT,Willian,All Saints EX,42,10 Jul 1830,James,PESTELL,,Graveley,,,,Ann,WOODS,,Willian,,,,,,,,,,Thomas,WOODS,Susannah,HOOPER,both sign x 
HRT,Willian,All Saints EX,43,5 Nov 1831,George,ELLIS,,Willian,,,,Elizabeth,DEARMUR,,Willian,,,,,,,,,,Elizabeth,WALKER,William,DEARMUR,both sign x 
HRT,Willian,All Saints EX,44,19 Nov 1831,Elias,IMPEY,,Willian,,,,Sarah,BENTLEY,,Willian,,,,,,,,,,Thomas,IMPEY,Jane,HIDE,both sign x 
HRT,Willian,All Saints EX,45,21 Apr 1832,John,HOOPER,,Willian,,,,Lucy,BOTTOMS,,Willian,,,,,,,,,,William,DEARMER,Susannah,HOOPER,both sign x 
HRT,Willian,All Saints EX,46,27 Aug 1832,Thomas,JACKSON,,St George Hanover Square,,,,Harriet,MAINE,,Willian,,,,,,,,,,Susan,CROFT,William Deacon,MAIN,by licence.bride signed Harriet Deacon Main 
HRT,Willian,All Saints EX,47,24 Nov 1832,Thomas,FIELD,,Willian,,,,Mary,EASTWAY,,Willian,,,,,,,,,,Francis,HOWARD,Hannah,FIELD,he signs x. 
HRT,Willian,All Saints EX,48,28 Feb 1833,William,CROFT,,Much Wymondley [Great Wymondley],,,,Martha,PATE,,Willian,,,,,,,,,,Eliza,FOOT,Thomas,STALLEY,
HRT,Willian,All Saints EX,49,18 May 1833,William,DEARMUR,,Willian,,,,Elizabeth,WALKER,,Willian,,,,,,,,,,William,HOOPER,Sarah,WALKER,both sign x 
HRT,Willian,All Saints EX,50,11 Aug 1833,William,WALKER,,Willian,,,,Charlotte,COOKE,,Willian,,,,,,,,,,Thomas,IMPEY,Jane,HIDE,both sign x 
HRT,Willian,All Saints EX,51,12 Oct 1833,John,SHEPHERD,,Willian,,,,Mary,BROWN,,Willian,,,,,,,,,,James,GRAVES,Sarah,CROFT,both sign x 
HRT,Willian,All Saints EX,52,16 Nov 1833,Francis,HOWARD,,Much Wymondley [Great Wymondley],,,,Hannah,FIELD,,Willian,,,,,,,,,,Frances,BELLAMY,Marton,BELLAMY,both sign x 
HRT,Willian,All Saints EX,53,14 Dec 1833,Joseph,PRATT,,Willian,,,,Mary Anne,MOLE,,Willian,,,,,,,,,,Charles,MOLE,Maria,BULLEN,both sign x 
HRT,Willian,All Saints EX,54,25 Dec 1833,Elias,IMPEY,,Willian,,,,Mary,BRIERS,,Willian,,,,,,,,,,Benjamin,IMPEY,Sarah,GREY,both sign x 
HRT,Willian,All Saints EX,55,13 Mar 1834,Henry,STEVENS,,Willian,bachelor,,,Eliza,FARR,,Willian,spinster,,,,,,,,,John,BATES,Lydia,DEAN,by licence.bride signed Elinor Farr 
HRT,Willian,All Saints EX,56,13 Apr 1834,John,BURROWS,,Willian,,,,Elizabeth,FIELD,,Willian,,,,,,,,,,George,BURROWS,Sarah,FIELD,both sign x 
HRT,Willian,All Saints EX,57,9 May 1834,William,NORMAN,,Willian,widower,,,Elizabeth,PRATT,,Willian,widow,,,,,,,,,John,MAIN,William,MINNIS,she signs x. 
HRT,Willian,All Saints EX,58,20 Dec 1834,William,GILES,,Willian,,,,Elizabeth,HOUGH,,Willian,,,,,,,,,,William,HOUGH,Phoebe,BROWN,both sign x 
HRT,Willian,All Saints EX,59,4 Apr 1836,Edward Day,SMITH,,Willian,,,,Mary,SMITH,,Willian,,,,,,,,,,Thomas,GARDNER,Charlotte,SAUNDERS,
HRT,Willian,All Saints EX,60,4 Jun 1836,Benjamin,IMPEY,,Willian,,,,Sophia,LONDON,,Willian,widow,,,,,,,,,John,WORSLEY,Maryann,GRAVES,both sign x 
HRT,Willian,All Saints EX,61,17 Sep 1836,Thomas,WOOD,,Willian,,,,Susannah,HOOPER,,Willian,,,,,,,,,,William,HOOPER,Sarah,WALKER,both sign x 
HRT,Willian,All Saints EX,1,23 Oct 1837,John,COLBERT,20,Willian,bachelor,Labourer,,Emma,BUCK,20,Willian,spinster,,,Thomas,COLBERT,Labourer,Daniel,BUCK,Labourer,George,BUCK,Mary,BUCK,she signs x. 
HRT,Willian,All Saints EX,2,4 Nov 1837,Thomas,DEARMUR,23,Willian,bachelor,Labourer,,Hannah,GOODACRE,26,Willian,spinster,,,John,DEARMUR,Labourer,Matthew,GOODACRE,Publican,James,HOOPER,Elizabeth,GILES,both sign x 
HRT,Willian,All Saints EX,3,4 Dec 1837,William,WIGGS,21,Great Wymondley,bachelor,Labourer,,Anne,PARKER,21,Willian,spinster,Straw plaiter,,William,WIGGS,Labourer,James,PARKER,Labourer,John,HARDY,Sarah,HOWARD,both sign x 
HRT,Willian,All Saints EX,4,19 Aug 1838,Elias,IMPEY,26,Willian,widower,Labourer,,Jane,SUTTON,27,Willian,spinster,Maid servant,,James,IMPEY,Groom,,,,Jesse,IMPEY,Susannah,SUTTON,both sign x 
HRT,Willian,All Saints EX,5,1 Nov 1838,William,SWORDER,27,Stapleford Tawney Essex,bachelor,Farmer,,Esther,SWORDER,24,Willian,spinster,,,William,SWORDER,Farmer,John,SWORDER,Farmer,William,BENNETT,James,ROLFE,
HRT,Willian,All Saints EX,6,24 Nov 1838,William,HOOPER,24,Willian,bachelor,Labourer,,Sarah,WALKER,23,Willian,spinster,,,John,HOOPER,Carpenter,John,WALKER,Labourer,James,HOOPER,Elizabeth,HOOPER,both sign x 
HRT,Willian,All Saints EX,7,25 Dec 1838,Samuel,COOK,26,Hitchin,bachelor,Joiner,,Mary,HARRADINE,24,Willian,spinster,Servant,,John,COOK,Gardener,William,HARRADINE,Contractor,George,DYNES,Ann,HARRADINE,
HRT,Willian,All Saints EX,8,1 Jun 1839,John,SWORDER,49,Willian,widower,Farmer,,Elizabeth,CROFT,51,Willian,widow,,,William,SWORDER,Farmer,Richard,WALLIS,Grocer,Thos,HAILEY,?,?,wit2 illegible 
HRT,Willian,All Saints EX,9,29 Jun 1839,Jesse,IMPEY,20,Willian,bachelor,Labourer,,Susannah,SUTTON,22,Willian,spinster,Servant,,James,IMPEY,Gardener,William,SUTTON,Labourer,Samuel,ANDREWS,Mary,SUTTON,both sign x 
HRT,Willian,All Saints EX,10,2 Nov 1839,James,BRADFORD,20,Willian,bachelor,Labourer,,Susan,KILBY,20,Willian,spinster,Servant,,Thomas,BRADFORD,Labourer,William,KILBY,Labourer,Isaac,CROFT,Sarah,LONDON,both sign x 
HRT,Willian,All Saints EX,11,11 Dec 1841,Daniel,FIELD,23,Stevenage,bachelor,Labourer,,Lydia,HOWARD,21,Willian,spinster,,,William,FIELD,Labourer,John,HOWARD,Labourer,George,WILTSHERE,Sophia,HOWARD,both sign x 
HRT,Willian,All Saints EX,12,11 Nov 1843,Charles,IMPEY,23,Willian,bachelor,Labourer,,Sophia,DEARMUR,24,Willian,spinster,,,James,IMPEY,Labourer,John,DEARMUR,Labourer,James,DEARMUR,William,PRATT,both sign x 
HRT,Willian,All Saints EX,13,19 Oct 1844,Jesse,IMPEY,25,Willian,widower,Labourer,,Charlotte,EARL,23,Willian,spinster,Servant,,James,IMPEY,Labourer,Robert,EARL,Labourer,George,PIERCE,Mary,IMPEY,both sign x 
HRT,Willian,All Saints EX,14,21 Oct 1844,William,UPCHURCH,22,Willian,bachelor,Labourer,,Elizabeth,PARKER,23,Willian,spinster,Servant,,William,UPCHURCH,Labourer,James,PARKER,Labourer,William,WIGGS,Sarah,PARKER,she signs x. 
HRT,Willian,All Saints EX,15,10 May 1845,William,PRATT,24,Willian,bachelor,Labourer,,Sophia,HOWARD,22,Willian,spinster,Servant,,John,PRATT,Labourer,Francis,HOWARD,Labourer,William,HOWARD,Mary,BALL,both sign x 
HRT,Willian,All Saints EX,16,7 Feb 1846,Josiah,COPSE,24,Willian,bachelor,Labourer,,Emma,HOWARD,19,Willian,spinster,Labourer,,John,COPSE,Labourer,Francis,HOWARD,Labourer,William,PRATT,Elisabeth,COPSE,both sign x 
HRT,Willian,All Saints EX,17,23 Jun 1847,Charles,HILSDON,25,Willian,bachelor,Labourer,,Mary,IMPEY,22,Willian,spinster,Dressmaker,,John,HILSDON,Labourer,James,IMPEY,Gardener,George,PEGGOTT,Martha,HILSDON,both sign x 
HRT,Willian,All Saints EX,18,2 Oct 1847,George,WEBSTER,22,Willian,bachelor,Labourer,,Sarah,DEARMUR,20,Willian,spinster,Labourer,,Thomas,WEBSTER,Labourer,Joseph,DEARMUR,Labourer,William,JAMES,Elizabeth,DEARMUR,both sign x 
HRT,Willian,All Saints EX,19,10 Jul 1848,John,SMITH,24,Shefford,bachelor,Grocer,,Ann,SUTTON,27,Willian,spinster,Servant,,Thomas,SMITH,Shoe maker,William,SUTTON,Labourer,Elias,IMPEY,Emma,WATSON,both sign x 
HRT,Willian,All Saints EX,20,29 Jul 1848,James,DEARMER,26,Willian,bachelor,Labourer,,Ann,HOOPER,29,Willian,widower [sic],Servant,,John,DEARMER,Labourer,William,BRACEY,Tailor,William,BRACEY,Sarah,BRACEY,both sign x 
HRT,Willian,All Saints EX,21,14 Oct 1848,John Thos,MAITLAND,22,Brighton Sussex,bachelor,Esquire,,Mary Jane,PYM,24,,spinster,Gentlewoman,Willian Rectory,Charles David,MAITLAND,Clerk,William W.,PYM,Clerk,Edward,MAITLAND,Wollaston Frank,PYM,
HRT,Willian,All Saints EX,22,19 Jan 1850,William,ELLIS,46,Willian,widower,Blacksmith,,Hannah,WALLIS,36,Willian,widow,Domestic servant,,John,ELLIS,Parish Clerk,George,BEDFORD,Smith,Joseph,ELLIS,Mary,ELLIS,
HRT,Willian,All Saints EX,23,6 Jul 1850,Charles,WABY,27,Great Wymondley,bachelor,Labourer,,Jane,HIDE,24,Willian,spinster,,,John,WABY,Labourer,John,HIDE,Labourer,Plumer,CRAFT,Martha,HOOPER,both sign x 
HRT,Willian,All Saints EX,24,3 Nov 1850,Plumer,CRAFT,23,Clothall,bachelor,Stableman,,Martha,HOOPER,25,Willian,spinster,Servant,,Timothy,CRAFT,Blacksmith,William,HOOPER,Labourer,Daniel,CRAFT,Rose,LONDON,both sign x 
HRT,Willian,All Saints EX,25,15 Dec 1850,James,BROWN,24,Willian,bachelor,Labourer,,Mary Ann,MINNIS,23,Willian,spinster,Servant,,James,BROWN,Labourer,William,MINNIS,Labourer,George,MINNIS,Martha,BROWN,both sign x 
HRT,Willian,All Saints EX,26,16 Dec 1850,Edward,PALMER,72,Willian,widower,Labourer,,Elizabeth,COLLINS,67,Willian,widow,pauper,,Samuel,PALMER,Labourer,John,DARTON,Labourer,James,DRAPER,Martha,WALKER,both sign x 
HRT,Willian,All Saints EX,27,11 Oct 1851,William,KILBY,35,Hitchin,bachelor,Labourer,,Emma,WATSON,28,Willian,spinster,,,William,KILBY,Labourer,Joseph,WATSON,Labourer,William,WATSON,Jane,WATSON,both sign x 
HRT,Willian,All Saints EX,28,25 Oct 1851,William,HIDE,23,Willian,bachelor,Labourer,,Ann,WALLIS,21,Willian,spinster,Servant,,John,HIDE,Labourer,Richard,WALLIS,Labourer,Henry,HIDE,Elisabeth,WALLIS,both sign x 
HRT,Willian,All Saints EX,29,2 Oct 1852,George,DEARMER,23,Willian,bachelor,Labourer,,Mary Anne,COPSE,22,Willian,spinster,,,Joseph,DEARMER,Labourer,John,COPSE,Labourer,James,CHEESUM,Elizabeth,COPSE,both sign x
HRT,Willian,All Saints EX,30,18 Dec 1852,Henry,PALLETT,of full age,Much Wymondley [Great Wymondley],widower,Farmer,,Penelope,RALPHS,of full age,Willian,spinster,,,John,PALLETT,Farmer,,,,Edward,NORMAN,Alice Frances,PAGE,by licence 
HRT,Willian,All Saints EX,31,11 Dec 1853,George,MINNIS,of full age,Willian,bachelor,Labourer,,Jane,CASTLES,of full age,Bygrave,spinster,,,William,MINNIS,Labourer,Joseph,CASTLES,Labourer,G.,DARSON,Sarah,ALDRIDGE,both sign x
HRT,Willian,All Saints EX,32,22 Oct 1854,Daniel,WATSON,21,Willian,bachelor,Labourer,,Sarah,ALDRIDGE,22,Baldock,spinster,Straw plaiter,,Joseph,WATSON,Labourer,William,ALDRIDGE,Labourer,George,ALDRIDGE,Martha,CLEMENTS,both sign x 
HRT,Willian,All Saints EX,33,18 Nov 1854,George,GILBERT,of full age,Willian,bachelor,Corporal,,Sophia,SHEPHERD,of full age,Willian,spinster,,,John,GILBERT,Baker,John,SHEPHERD,Labourer,George Andrew,MAIN,Lydia,SHEPHERD,
HRT,Willian,All Saints EX,34,6 Jan 1855,William,ELLIS,of full age,Little Wymondley,bachelor,Labourer,,Eliza,MOLE,of full age,Willian,spinster,,,Joseph,ELLIS,Labourer,William,MOLE,Labourer,George,MOLE,Mary,GILES,both sign x
HRT,Willian,All Saints EX,35,2 Jun 1855,Thomas,MOLE,of full age,Willian,bachelor,Labourer,,Hannah,WALKER,of full age,Willian,spinster,,,Thomas,MOLE,Labourer,John,WALKER,Labourer,Thomas,BRACY,Sarah,TAYLOR,both sign x
HRT,Willian,All Saints EX,36,4 Nov 1855,James,EASTWAY,of full age,Willian,bachelor,Labourer,,Catherine,PRATT,of full age,Willian,spinster,,,Ambrose,EASTWAY,Carpenter,John,PRATT,Labourer,Elizabeth,PRATT,John,WALKER,both sign x
HRT,Willian,All Saints EX,37,16 Feb 1856,George,HIDE,of full age,Willian,bachelor,Labourer,,Mary Ann,HOOPER,of full age,Willian,spinster,,,John,HIDE,Labourer,William,HOOPER,Deceased,Plummer,CRAFT,Martha,CRAFT,he signs x
HRT,Willian,All Saints EX,38,23 Feb 1856,John,PRATT,of full age,Willian,bachelor,Labourer,,Alice,KNIGHT,of full age,Willian,spinster,,,Thomas,PRATT,Labourer,George,KNIGHT,Clock cleaner,Arthur,ALDRIDGE,James,PRATT,he signs x
HRT,Willian,All Saints EX,39,22 Jun 1856,John,WALKER,20,Willian,bachelor,Labourer,,Elizabeth,PRATT,20,Willian,spinster,,,John,WALKER,Deceased,John,PRATT,Labourer,John,PRATT,Catherine,EASTWAY,both sign x 
HRT,Willian,All Saints EX,40,25 Apr 1857,George,MOLE,of full age,Willian,bachelor,Labourer,,Emma,ROOK,of full age,Willian,spinster,,,William,MOLE,Labourer,Thomas,ROOK,Labourer,Thomas,MOLE,Mary,GILES,both sign x 
HRT,Willian,All Saints EX,41,31 Oct 1857,William,BARR,of full age,Stapleford,bachelor,Labourer,,Emma,WOOD,of full age,Willian,spinster,,,James,BARR,Deceased,Thomas,WOOD,Deceased,George,WOOD,Annie,GRIGGS,
HRT,Willian,All Saints EX,42,16 Jan 1858,Henry,HIDE,22,Willian,bachelor,Labourer,,Eliza,WALDOCK,20,Willian,spinster,,,John,HIDE,Labourer,James,WALDOCK,Labourer,Thomas,HIDE,Elizabeth,HIDE,both sign x 
HRT,Willian,All Saints EX,43,23 Jun 1858,James,ELLIS,of full age,Willian,bachelor,Engineer,,Elizabeth,IMPEY,of full age,Willian,spinster,,,William,ELLIS,Blacksmith,Benjamin,IMPEY,Publican,Susan,IMPEY,,,[Duplicate entry to record more than 2 witnesses.]
HRT,Willian,All Saints EX,43,23 Jun 1858,James,ELLIS,of full age,Willian,bachelor,Engineer,,Elizabeth,IMPEY,of full age,Willian,spinster,,,William,ELLIS,Blacksmith,Benjamin,IMPEY,Publican,Hannah,ELLIS,Charles,ELLIS,
HRT,Willian,All Saints EX,44,25 Jul 1858,James,DEARMER,of full age,Willian,bachelor,Labourer,,Susan,HOOPER,of full age,Willian,spinster,,,William,DEARMER,Labourer,John,HOOPER,Carpenter,Charles,MINNIS,Jane,DEARMER,he signs x. 
HRT,Willian,All Saints EX,45,29 Jul 1858,Stephen,DICKINS,of full age,Cold Higham,bachelor,Farmer,,Elizabeth,DEAN,of full age,Willian,spinster,,,John,DICKINS,Farmer,John,DEAN,Gardener,Elizabeth,FOSTER,,,by licence. [Duplicate entry to record more than 2 witnesses.]
HRT,Willian,All Saints EX,45,29 Jul 1858,Stephen,DICKINS,of full age,Cold Higham,bachelor,Farmer,,Elizabeth,DEAN,of full age,Willian,spinster,,,John,DICKINS,Farmer,John,DEAN,Gardener,Emma,BELLAMY,John,BELLON,by licence. [Duplicate entry to record more than 2 witnesses.]
HRT,Willian,All Saints EX,45,29 Jul 1858,Stephen,DICKINS,of full age,Cold Higham,bachelor,Farmer,,Elizabeth,DEAN,of full age,Willian,spinster,,,John,DICKINS,Farmer,John,DEAN,Gardener,Priscilla,DINE,Samuel William,SMITH,by licence
HRT,Willian,All Saints EX,46,1 Aug 1858,John,HULL,of full age,Willian,bachelor,Labourer,,Mary,GILES,of full age,Willian,spinster,,,Thomas,HULL,Labourer,William,GILES,Labourer,Edward,CROFT,Emma,HULL,he signs x. 
HRT,Willian,All Saints EX,47,15 Oct 1859,Charles,MINNIS,full age,Willian,bachelor,Labourer,,Jane,DEARMER,20,Willian,spinster,,,William,MINNIS,Labourer,William,DEARMER,Labourer,William,WALKER,Emma,MOORE,he signs x. 
HRT,Willian,All Saints EX,48,14 Jun 1860,William Warlaw,HARRY,full age,Mold,bachelor,Clerk,,Anchoretta,WHYTE,full age,Willian,spinster,,,Nun Morgan,HARRY,Clerk,Samuel Solomon,WHYTE,Gentleman,Samuel Solomon,WHYTE,Mary ?,WHYTE,
HRT,Willian,All Saints EX,49,5 Jun 1861,William,PRING,full age,Mold,widower,Stationer,,Harriet,WHYTE,full age,Willian,spinster,,,Francis,PRING,Gentleman,Samuel Solomon,WHYTE,Gentleman,Samuel Solomon,WHYTE,Mary ?,WHYTE,
HRT,Willian,All Saints EX,50,8 Mar 1862,Joshua,WALKER,of full age,Willian,bachelor,Labourer,,Eliza,PRATT,of full age,Willian,spinster,,,John,WALKER,Labourer,Thomas,PRATT,Labourer,Alfred,ALDRICH,Betsy,MOLES,both sign x 
HRT,Willian,All Saints EX,51,21 Feb 1863,Alfred,ALDRIDGE,21,Graveley,bachelor,Labourer,,Betsy,MOLES,20,Willian,spinster,,,Thomas,ALDRIDGE,Labourer,William,MOLES,Labourer,Elizabeth,HIDE,John,HOOPER,both sign x; Groom belongs to Graveley but is residing in Willian. 
HRT,Willian,All Saints EX,52,9 Jun 1864,John,BLOW,25,Stevenage,bachelor,Baker,,Susan Hooper,IMPEY,21,Willian,spinster,,,Joseph,BLOW,Farmer,Benjamin,IMPEY,Gardener,John Robert,HART,,,[Duplicate entry to record more than 2 witnesses.]
HRT,Willian,All Saints EX,52,9 Jun 1864,John,BLOW,25,Stevenage,bachelor,Baker,,Susan Hooper,IMPEY,21,Willian,spinster,,,Joseph,BLOW,Farmer,Benjamin,IMPEY,Gardener,Elizabeth,ELLIS,James,ELLIS,
HRT,Willian,All Saints EX,53,10 Mar 1866,Daniel,STUDMAN,of full age,Baldock,bachelor,Servant,,Rachel,IMPEY,of full age,Willian,spinster,,,George,STUDMAN,Servant,Thomas,IMPEY,Farm servant,Thomas,IMPEY,Matilder,STUDMAN,
HRT,Willian,All Saints EX,54,20 May 1866,George,WATSON,of full age,Willian,bachelor,Labourer,,Eliza,DRAGE,minor,Willian,spinster,,,Joseph,WATSON,Labourer,John,DRAGE,Labourer,Mary,CROSS,James,YOUNG,
HRT,Willian,All Saints EX,55,16 Mar 1867,William,KIDDLE,23,Shephall,bachelor,gardener,,Emily,DEARMER,19,Willian,spinster,,,Samuel,KIDDLE,Labourer,William,DEARMER,Labourer,Charles,DEARMER,Mary,CROSS,bride signed Emilia Dearmer 
HRT,Willian,All Saints EX,56,6 Jul 1867,James,WORBEY,19,Hitchin,bachelor,Labourer,,Elizabeth Field,BURROWS,19,Willian,spinster,,,John,WORBEY,Labourer,John,BURROWS,Labourer,William,WORBERY,Emma,WORBOY,
HRT,Willian,All Saints EX,57,20 Jul 1867,John,HOOPER,28,Willian,bachelor,Labourer,,Elizabeth,HIDE,23,Willian,spinster,,,William,HOOPER,Labourer,John,HIDE,Labourer,Charles,DEARMER,Mary,CROSS,he signs x 
HRT,Willian,All Saints EX,58,18 Aug 1867,William,WREN,30,Norton,bachelor,Labourer,,Emma,COPSE,37,Willian,widow,,,Jacob,WREN,Labourer,John,HOWARD,Labourer,Sophia,FIELD,Benjamin,IMPEY,she signs x 
HRT,Willian,All Saints EX,59,12 Oct 1867,Arthur James,WOOD,28,Willian,bachelor,Labourer,,Mary,ODELL,30,Graveley,spinster,,,Joseph,WOOD,Labourer,Joseph,ODELL,Labourer,Maria,WORBYS,George,BUNCH,she signs x 
HRT,Willian,All Saints EX,60,19 Dec 1867,Charles,DEARMER,24,Brixton Surrey,bachelor,Labourer,,Mary,CROSS,20,Willian,spinster,,,William,DEARMER,Labourer,James,CROSS,Groom,John,DRAGE,Ruth,MIZEN,
HRT,Willian,All Saints EX,61,31 Aug 1868,Alfred,ELLIS,21,Willian,bachelor,Joiner,,Matilda,PRIME,23,St Ippolyts,spinster,,,William,ELLIS,Blacksmith,William,PRIME,Labourer,Joseph,PRIME,Elizabeth,PRIME,
HRT,Willian,All Saints EX,62,11 Oct 1868,Edward,HOOPER,27,Willian,bachelor,Labourer,,Sarah,WATSON,27,Willian,spinster,,,William,HOOPER,Labourer,Joseph,WATSON,Labourer,Emma,WALKER,Sarah Jane,KILBEY,he signs x 
HRT,Willian,All Saints EX,63,27 Nov 1869,Thomas William,WALKER,of full age,Willian,bachelor,Labourer,,Sarah Ann,MUNT,of full age,Willian,spinster,,,John,WALKER,Labourer,Charles,MUNT,bricklayer,Emma,MUNT,Michael,TURNER,both sign x
HRT,Willian,All Saints EX,64,28 Jan 1871,William,PRATT,of full age,Wilbury,bachelor,Labourer,,Emma,WALKER,of full age,Willian,spinster,,,Thomas,PRATT,Labourer,William,WALKER,Labourer,Alfred,PRATT,Maria,WALKER,
HRT,Willian,All Saints EX,65,16 Oct 1871,James,HOWARD,23,Willian,bachelor,Labourer,,Sarah,COPSE,21,Willian,spinster,,,William,HOWARD,Labourer,Josiah,COPSE,Labourer,Josiah,COPSE,Sophia,COPSE,he signs x 
HRT,Willian,All Saints EX,66,5 Jun 1872,William,HIDE,of full age,Willian,widower,Labourer,,Sarah,WESTWOOD,of full age,Willian,spinster,,,John,HIDE,Labourer,William,WESTWOOD,Whitesmith,Elizabeth,HOOPER,Alfred,ELLIS,he signs x 
HRT,Willian,All Saints EX,67,14 Aug 1872,Edward,CHAPMAN,of full age,Willian,bachelor,Blacksmith,,Jane,IMPEY,of full age,Willian,spinster,,,William,CHAPMAN,Labourer,Thomas,IMPEY,Farm servant,Lucy,IMPEY,,,[Duplicate entry to record more than two witnesses.]
HRT,Willian,All Saints EX,67,14 Aug 1872,Edward,CHAPMAN,of full age,Willian,bachelor,Blacksmith,,Jane,IMPEY,of full age,Willian,spinster,,,William,CHAPMAN,Labourer,Thomas,IMPEY,Farm servant,William,COBB,Elizabeth,CHAPMAN,
HRT,Willian,All Saints EX,68,22 Feb 1873,William,WATSON,23,Willian,bachelor,Shepherd,,Georgiana,WHEELER,19,Norton,spinster,,,James,WATSON,Shepherd,Francis,WHEELER,Labourer,Jane,WATSON,Selinar,WATSON,he signs x 
HRT,Willian,All Saints EX,69,3 Jun 1873,William Dearmer,HOOPER,24,Willian,bachelor,Labourer,,Sophia,COPSE,20,Willian,spinster,,,James,DEARMER,Labourer,Josiah,COPSE,Shepherd,Charles,DEARMER,Sarah,HOWARD,he sign x 
HRT,Willian,All Saints EX,70,25 Jun 1873,George,HAGGAR,27,Graveley,bachelor,Groom,,Selinar Cranwell,WATSON,27,Willian,spinster,,,Richard,HAGGAR,Labourer,James,WATSON,Labourer,Jane,WATSON,Fanny G.,CHAPMAN,In the name box the 'Watson' is in brackets but the bride signed herself Selinar Cranwell Watson with no brackets. He signed x. 
HRT,Willian,All Saints EX,71,13 Dec 1873,John,KIMPTON,26,Weston,bachelor,Labourer,,Sarah,PRATT,22,Willian,spinster,,,Robert,KIMPTON,Labourer,John,PRATT,Labourer,John,PRATT,Priscilla,NASH,both sign x. 
HRT,Willian,All Saints EX,72,18 Jul 1874,Josiah,COPSE,19,Willian,bachelor,Shepherd,,Susan,WALDOCK,17,Willian,spinster,,,Josiah,COPSE,Shepherd,Henry,HIDE,Labourer,Hannah,WALDOCK,William,DEARMER,she signs x 
HRT,Willian,All Saints EX,74,21 Oct 1874,Benjamin Hooper,IMPEY,27,Willian,bachelor,Engineer,,Sarah,SHARPE,32,Willian,spinster,,,Benjamin Hooper,IMPEY,Gardener,Samuel,SHARPE,Gardener,George,MAIN,,,[Duplicate entry to record more than 2 witnesses.]
HRT,Willian,All Saints EX,74,21 Oct 1874,Benjamin Hooper,IMPEY,27,Willian,bachelor,Engineer,,Sarah,SHARPE,32,Willian,spinster,,,Benjamin Hooper,IMPEY,Gardener,Samuel,SHARPE,Gardener,Charles,IMPEY,James Cook,ELLIS,
HRT,Willian,All Saints EX,73,21 Oct 1874,Amos,SHARPE,38,Willian,bachelor,Gentleman,,Sophia,IMPEY,29,Willian,spinster,,,William,SHARPE,Millwright,Benjamin Hooper,IMPEY,Gardener,Geo,SHARPE,Charles,IMPEY,
HRT,Willian,All Saints EX,73,21 Oct 1874,Amos,SHARPE,38,Willian,bachelor,Gentleman,,Sophia,IMPEY,29,Willian,spinster,,,William,SHARPE,Millwright,Benjamin Hooper,IMPEY,Gardener,George,MAIN,,,[Duplicate entry to record more than 2 witnesses.]
HRT,Willian,All Saints EX,75,27 Mar 1875,Alfred James,CLARK,25,Willian,bachelor,Coachman,,Sarah Ann,HOWARD,29,Willian,spinster,,,William,CLARK,Labourer,William,HOWARD,Labourer,Emma,HOWARD,Annie,CLARK,both sign x. 
HRT,Willian,All Saints EX,76,4 Nov 1876,Henry,BRAY,24,Willian,bachelor,Labourer,,Eliza,HOOPER,24,Willian,spinster,,,Henry,BRAY,Labourer,William,HOOPER,Labourer,James,HOOPER,Ann,WATSON,both sign x. 
HRT,Willian,All Saints EX,77,7 Dec 1876,John William,COLE,30,Willian,bachelor,Farmer,,Emily Ann,SAVILL,33,Baldock,spinster,,,Charles,COLE,Farmer,Richard,SAVILL,Farmer,N.G.,NEWMAN,,,by licence. [Duplicate entry to record more than two witnesses.]
HRT,Willian,All Saints EX,77,7 Dec 1876,John William,COLE,30,Willian,bachelor,Farmer,,Emily Ann,SAVILL,33,Baldock,spinster,,,Charles,COLE,Farmer,Richard,SAVILL,Farmer,Henry,SAVILL,William Richard,HAN?,by licence
HRT,Willian,All Saints EX,78,16 Sep 1877,James,WATSON,50,Willian,widower,Labourer,,Sarah,CHAPMAN,45,Willian,widow,,,Joseph,WATSON,Labourer,Thomas,ROOK,Labourer,Walter,DRAPER,Eliza,MOLES,both sign x. 
HRT,Willian,All Saints EX,79,2 Oct 1877,James,BIGG,22,Willian,bachelor,Labourer,,Priscilla,KNIGHT,21,Willian,spinster,,,John,BIGG,Labourer,John,PRATT,Labourer,Kate Elizabeth,PRATT,,,both sign x. [Duplicate entry to record more than two witnesses.]
HRT,Willian,All Saints EX,79,2 Oct 1877,James,BIGG,22,Willian,bachelor,Labourer,,Priscilla,KNIGHT,21,Willian,spinster,,,John,BIGG,Labourer,John,PRATT,Labourer,George,PRATT,William,EASTWAY,both sign x
HRT,Willian,All Saints EX,80,27 Feb 1878,Alfred James,DRAGE,23,Willian,bachelor,Warehouseman,,Rosina,BROWN,24,Baldock,spinster,,,William,DRAGE,Farm bailiff,James,BROWN,Straw plait dealer,John,SHARMAN,Mary Ann,ALBONE,
HRT,Willian,All Saints EX,81,27 May 1878,George,MINNIS,21,Willian,bachelor,Ostler,,Eliza,MOLES,18,Willian,spinster,,,William,MINNIS,Labourer,Thomas,MOLES,Labourer,William,MOLES,Elizabeth,JEEVES,
HRT,Willian,All Saints EX,82,10 May 1879,George Thomas,PRATT,21,Willian,bachelor,Labourer,,Louisa,WORBEY,23,Willian,spinster,,,John,PRATT,Labourer,Thomas,WORBEY,Labourer,Annie,PRATT,,,[Duplicate entry to record more than 2 witnesses.]
HRT,Willian,All Saints EX,82,10 May 1879,George Thomas,PRATT,21,Willian,bachelor,Labourer,,Louisa,WORBEY,23,Willian,spinster,,,John,PRATT,Labourer,Thomas,WORBEY,Labourer,William,EASTWAY,Kate Elizabeth,PRATT,
HRT,Willian,All Saints EX,83,1 Aug 1881,James,WILLSHER,42,Willian in Baldock,bachelor,Labourer,,Elizth,PAYNE,38,Willian in Baldock,widow,,,James,DEARMER,Labourer,Robert,CURRELL,Labourer,Edward,CHAPMAN,F.E.,DENMAN,[Duplicate entry to record variations in bride's name and condition:] original gives 'Elizabeth Currell (or Elizth Payne)' and 'spinster or widow'. She signs x. 
HRT,Willian,All Saints EX,83,1 Aug 1881,James,WILLSHER,42,Willian in Baldock,bachelor,Labourer,,Elizabeth,CURRELL,38,Willian in Baldock,spinster,,,James,DEARMER,Labourer,Robert,CURRELL,Labourer,Edward,CHAPMAN,F.E.,DENMAN,[Duplicate entry to record variations in bride's name and condition:] original gives 'Elizabeth Currell (or Elizth Payne)' and 'spinster or widow'. She signs x. 
HRT,Willian,All Saints EX,84,25 Sep 1881,Charles Henry,JAMES,24,London,bachelor,Police Constable,Snow Hill,Sarah,DEARMER,25,Willian,spinster,,,Daniel,JAMES,Farmer,James,DEARMER,Labourer,Geo,JAMES,Mary,DEARMER,
HRT,Willian,All Saints EX,85,3 Dec 1881,George,ELLIS,26,Ashwell,bachelor,Labourer,,Emily Louisa,WATSON,25,Willian,spinster,,,William,ELLIS,Labourer,Thomas,WATSON,Coachman,William,KING,Annie Maria,WOOD,
HRT,Willian,All Saints EX,86,24 Dec 1881,Joseph,TASKER,22,Willian,bachelor,Labourer,,Elizabeth,WALKER,20,Willian,spinster,,,Joseph,TASKER,Soldier,Joshua,WALKER,Labourer,G.,Holder?,Kate Elizabeth,PRATT,"he signs x, Witness 1 illegible "
HRT,Willian,All Saints EX,87,4 Feb 1882,William,SHARPE,27,Marylebone London,bachelor,Soldier,High Street,Annie Maria,WOOD,19,Willian,spinster,,,John,SHARPE,no occupation,Frederick,WOOD,Labourer,George,WOOD,Kate Elizabeth,PRATT,by banns
HRT,Willian,All Saints EX,88,29 Apr 1882,Charles,BROWN,25,Hitchin,bachelor,Labourer,,Sarah Jane,WALKER,22,Willian,spinster,,,George,BROWN,Labourer,John,WALKER,Shepherd,Elizabeth,TASKER,Joseph,TASKER,by banns; he signs x
HRT,Willian,All Saints EX,89,20 May 1882,George,HAYDON,31,Willian,bachelor,Labourer,,Emma,HOOPER,24,Willian,spinster,,,George,HAYDON,Miller,William,HOOPER,Labourer,James,HOOPER,Silvany,TOFTS,by banns
HRT,Willian,All Saints EX,90,25 Dec 1882,George,TRIGG,24,Baldock,bachelor,Groom,,Elizabeth Annie,PATES,21,Willian,spinster,,,William,TRIGG,Farm labourer,William Russell,PATES,Groom,H.,LENNELLS,Elizabeth,TRIGG,by banns; she signs 'Elisabeth Annie'
HRT,Willian,All Saints EX,91,3 Oct 1885,Thomas,MOLES,28,Willian,bachelor,Labourer,,Hannah,TURNER,26,Willian,spinster,,,Thomas,MOLES,Labourer,Thomas,TURNER,Labourer,George,WOOD,Elizabeth,TURNER,by banns
HRT,Willian,All Saints EX,92,3 Jun 1886,Frank,GRAY,31,Willian,bachelor,Baker,,Lavinia Elizabeth,KINGSLEY,20,Pirton,spinster,,,George,GRAY,Farmer,Abraham,KINGSLEY,Dealer,Samuel Aubrey,ELLIS,,,by banns; [duplicate entry to record more than two witnesses]
HRT,Willian,All Saints EX,92,3 Jun 1886,Frank,GRAY,31,Willian,bachelor,Baker,,Lavinia Elizabeth,KINGSLEY,20,Pirton,spinster,,,George,GRAY,Farmer,Abraham,KINGSLEY,Dealer,George,KINGSLEY,Mary,ELLIS,by banns
HRT,Willian,All Saints EX,93,24 Jul 1886,Thomas,WORBY,19,Willian,bachelor,Labourer,,Henrietta,WESLEY,19,Willian,spinster,,,Thomas,WORBY,Horse-keeper,Henry,WESLEY,Chimney sweeper,George,PARKER,Mary,PARKER,by banns; both sign x
HRT,Willian,All Saints EX,94,5 Feb 1888,Charles,BRAYSHER,23,St Marylebone London,bachelor,gardener,St Stephen the Martyr,Jane,COLLIS,25,Willian,spinster,,,Charles,BRAYSHER,Gardener,Joseph,COLLIS,Gardener,Joseph,COLLIS,Emily,BRAYSHER,by banns
HRT,Willian,All Saints EX,95,27 Jul 1889,John,WOMWELL,26,Gt Wymondley,bachelor,Miller,,Annie Maria,WALKER,20,Willian,spinster,,,Joshua,WALKER,Labourer,James,WOMWELL,Miller,Alfred,WALKER,Elizabeth,PRATT,by banns; [fathers seem to be the wrong way around]
HRT,Willian,All Saints EX,96,15 Mar 1890,Walter,ENDERSBY,26,Willian,bachelor,Soldier,,Sarah,HOOPER,28,Willian,spinster,,,James,ENDERSBY,Cab driver,William,HOOPER,Labourer,Frederick,HART,Jane,HOOPER,by banns; she signs x
HRT,Willian,All Saints EX,97,6 Apr 1890,George,WALKER,22,Willian,bachelor,Shepherd,,Louisa Jane,FINERAL,27,Baldock,spinster,,,John,WALKER,Shepherd,James,TRIGG,Malt maker,Frederick,TRIGG,Florence,TRIGG,by banns; he signs X; [duplicate entry to record more than two witnesses]
HRT,Willian,All Saints EX,97,6 Apr 1890,George,WALKER,22,Willian,bachelor,Shepherd,,Louisa Jane,FINERAL,27,Baldock,spinster,,,John,WALKER,Shepherd,James,TRIGG,Malt maker,Alice Rosa,TRIGG,S.,STOTEN,by banns; he signs x
HRT,Willian,All Saints EX,98,30 Apr 1890,Charles Henry,CHINN,26,Acton Middlesex,bachelor,Railway guard,,Mary Elizabeth,IMPEY,24,Willian,spinster,,,Richard,CHINN,Gardener,Edward,IMPEY,Servant at The Rectory,Edward Albert,IMPEY,,,by banns; [duplicate entry to record more than two witnesses]
HRT,Willian,All Saints EX,98,30 Apr 1890,Charles Henry,CHINN,26,Acton Middlesex,bachelor,Railway guard,,Mary Elizabeth,IMPEY,24,Willian,spinster,,,Richard,CHINN,Gardener,Edward,IMPEY,Servant at The Rectory,Edward,IMPEY,Florence Annie,IMPEY,by banns
HRT,Willian,All Saints EX,99,25 Dec 1890,Thomas,HOOPER,20,Willian,bachelor,Labourer,,Sarah,ROLLINS,19,Willian,spinster,,,John,HOOPER,Labourer,Isaac,ROLLINS,Horse keeper,William Edward,KINGHIS?,Jane,HOOPER,by banns
HRT,Willian,All Saints EX,100,23 Sep 1891,James,RICKETT,23,Steeple Aston Oxfordshire,bachelor,gardener,,Eliza Ann,MINNIS,28,Willian,spinster,,,James,RICKETT,Bailiff,Charles,MINNIS,Labourer,William,MINNIS,Elizabeth Jane,MINNIS,by banns
HRT,Willian,All Saints EX,101,2 Oct 1893,Leonard David,GRAY,19,Letchworth,bachelor,Labourer,,Nellie Clarissa,WATSON,18,Willian,spinster,,,Samuel,GRAY,Labourer,George,WATSON,Labourer,George Hedley Watson,DRAGE,Emily Jane,WATSON,by banns
HRT,Willian,All Saints EX,102,28 Nov 1893,Richard William,CURTIS,25,Roxley,bachelor,Coachman,,Emily Jane,WATSON,25,Willian,spinster,,,William,CURTIS,Gardener,George,WATSON,Labourer,Leonard David,GRAY,Nelly Clarissa,GRAY,by banns
HRT,Willian,All Saints EX,103,3 Aug 1895,Tom,BONFIELD,25,Camden Town,bachelor,Horsekeeper,,Mary,WATSON,29,Willian,spinster,,,George,BONFIELD,Shepherd,George,WATSON,Farm labourer,George Hedley Watson,DRAGE,Agnes,WATSON,by banns
HRT,Willian,All Saints EX,104,1 Aug 1896,James,MATTHEWS,24,East Barnet,bachelor,Labourer,,Alice Annie,WORBEY,21,Willian,spinster,,,John,MATTHEWS,Shoemaker,James,WORBEY,Farm labourer,James,WORBEY,Lilian,WORBEY,by banns
HRT,Willian,All Saints EX,105,29 Jun 1897,Francis George,STUDMAN,28,Hertford,bachelor,Butcher,,Florence Annie,IMPEY,28,Willian,spinster,,,Daniel,STUDMAN,Gardener,Edward,IMPEY,The Rector's servant,Alfred,WORSFOLD,,,by banns; [duplicate entry to record more than two witnesses]
HRT,Willian,All Saints EX,105,29 Jun 1897,Francis George,STUDMAN,28,Hertford,bachelor,Butcher,,Florence Annie,IMPEY,28,Willian,spinster,,,Daniel,STUDMAN,Gardener,Edward,IMPEY,The Rector's servant,Edward,IMPEY,Bessie,IMPEY,by banns
HRT,Willian,All Saints EX,106,2 Oct 1897,Francis George,HIDE,22,Willian,bachelor,Blacksmith,,Emily Mary,COPSE,21,Willian,spinster,,,George,HIDE,Labourer,Josiah,COPSE,Labourer,Jane,HOOPER,,,by banns; [duplicate entry to record more than two witnesses]
HRT,Willian,All Saints EX,106,2 Oct 1897,Francis George,HIDE,22,Willian,bachelor,Blacksmith,,Emily Mary,COPSE,21,Willian,spinster,,,George,HIDE,Labourer,Josiah,COPSE,Labourer,George,BRACEY,Norman,TURNER,by banns
HRT,Willian,All Saints EX,107,23 Oct 1897,William,WORBEY,28,Hitchin,bachelor,Labourer,St Saviours,Charlotte,WALKER,22,Willian,spinster,,,William,WORBEY,Harness maker,Joshua,WALKER,Labourer,Henry,WALKER,Ada Lilly,WORBEY,by banns
HRT,Willian,All Saints EX,108,23 Oct 1897,Alfred Frederick,CHAPMAN,18,Willian,bachelor,Labourer,,Sarah Jane,MACLAUGHLIN,22,Willian,spinster,,,F.,GARRATT,Publican,Henry,MACLAUGHLIN,Builder,Bertram,WORBEY,Ada Lilly,WORBEY,by banns; she signs McLaughlin
HRT,Willian,All Saints EX,109,25 Dec 1897,Harry,KITSON,24,St Peter's Parish Worcester,bachelor,Manager of travelling bazaar,,Agnes,WATSON,23,Willian,spinster,,,John,KITSON,Labourer,George,WATSON,Labourer,George Hedley Watson,DRAGE,Lizzie,WATSON,by banns
HRT,Willian,All Saints EX,110,2 Jul 1898,Norman,TURNER,22,Hitchin,bachelor,Carpenter,Bedford St,Jane,HOOPER,23,Willian,spinster,,,Henry,TURNER,Carpenter,John,HOOPER,Labourer,Thomas,HOOPER,Mary,HOOPER,by banns
HRT,Willian,All Saints EX,111,25 Aug 1898,Edward James,ROWE,26,Hatfield,bachelor,Railway servant,,Bertha Betsy,WOOD,26,Willian,spinster,,,Thomas,ROWE,Police constable,Arthur James,WOOD,Farm labourer,Ada Lily,WOOD,Arthur James,WOOD,by banns
HRT,Willian,All Saints EX,112,11 Sep 1898,Charles,WORBEY,31,Hitchin,bachelor,Labourer,,Lizzie Gertrude,WATSON,26,Willian,spinster,,,Thomas,WORBEY,Labourer,George,WATSON,Labourer,George Hedley Watson,DRAGE,Emily,WEBB,by banns
HRT,Willian,All Saints EX,113,29 Sep 1898,Charles Howlett,MYNOTT,26,St Thomas City of London,bachelor,Police Officer,,Emma Jane,DEARMER,25,Willian,spinster,,,Charles,MYNOTT,Farmer,William,DEARMER,Labourer,William,DEARMER,Lizzie,MYNOTT,by banns
HRT,Willian,All Saints EX,114,26 Apr 1899,Arthur,SPICER,22,Baldock,bachelor,Engine driver,,Annie,MINNIS,21,Willian,spinster,,,Frederick,SPICER,Labourer,Charles,MINNIS,Labourer,Florence,TICKNER,Susannah,WILBY,by banns
HRT,Willian,All Saints EX,115,4 Aug 1900,Charles Edwin,DEARMER,26,Hornsey,bachelor,gardener,,Lucy,WALLMAN,26,Willian,spinster,,,James,DEARMER,Farm labourer,Frederick John,WALLMAN,Postman,Beatrice,WALLMAN,Alfred,WALLMAN,by banns
HRT,Willian,All Saints EX,116,25 Dec 1900,Frederick,STONE,26,Poplar Middlesex,bachelor,platelayer,,Edith Emma,WORBEY,23,Willian,spinster,,,William,STONE,Farm labourer,James,WORBEY,Farm labourer,James,WORBEY,Francis Edward,URIDGE,by banns
HRT,Willian,All Saints EX,117,19 Jun 1901,William George,FIELD,26,Hitchin,bachelor,Coachman,,Bessie Marion Susan,IMPEY,24,Willian,spinster,,,Samuel William,FIELD,Bailiff on farm,Edward,IMPEY,The Rectory servant,Beatrice May,IMPEY,,,by banns; [duplicate entry to record more than two witnesses]
HRT,Willian,All Saints EX,117,19 Jun 1901,William George,FIELD,26,Hitchin,bachelor,Coachman,,Bessie Marion Susan,IMPEY,24,Willian,spinster,,,Samuel William,FIELD,Bailiff on farm,Edward,IMPEY,The Rectory servant,Edward,IMPEY,Arthur William,BELL,by banns
HRT,Willian,All Saints EX,118,26 Oct 1901,James,PAYNE,25,Willian,bachelor,Carter,,Maria,BURN,18,Baldock,spinster,,,George,PAYNE,Blacksmith,Charles,BURN,Labourer,James,CASTLE,Lizzie,CASTLE,by banns
HRT,Willian,All Saints EX,119,7 Apr 1902,George,MYNOTT,39,Willian,widower,Farm servant,,Martha Maria,CLEMENTS,39,Willian,spinster,,,Charles,MYNOTT,Farm labourer,Simeon,ANDERSON,Farm labourer,Edward,WARD,Susan,CLEMENTS,by banns; she signs x
HRT,Willian,All Saints EX,120,11 Jun 1902,Elijah,JAMES,46,Stoke Newington,widower,Ticket collector,58 Darville Road,Elizabeth Susan,DEARMER,36,Willian,spinster,,,John,JAMES,deceased labr,James,DEARMER,Labr,John,DEARMER,Eliza Ann,DEARMER,by banns; both literate
HRT,Willian,All Saints EX,121,24 Jan 1903,George,WALKER,26,Willian,bachelor,Labourer,,Teresa Agnes,ALSOP,32,Willian,widow,,,Joshua,WALKER,Farm Labourer,William Francis,ALSOP,Pilot,Henry,WALKER,Kate Victoria,TASKER,by banns; both literate
HRT,Willian,All Saints EX,122,23 Feb 1903,Joseph Charles,HEMMINGS,24,Willian,bachelor,Hay binder,,Victoria Ellen Eliza,HALL,22,Willian,spinster,,,Joseph,HEMMINGS,Labourer,David,HALL,Stockman,David,HALL,Rose Florence Sarah,HALL,by banns; both literate
HRT,Willian,All Saints EX,124,25 Jun 1903,Arthur,UPCHURCH,37,Willian,bachelor,Labourer,,Ada Liller,WOOD,35,Willian,spinster,,,William,UPCHURCH,Railway servant,Arthur,WOOD,Farm labourer,Arthur,WOOD,Fanny Alice,WOOD,by banns; both literate
HRT,Willian,All Saints EX,124,25 Jun 1903,Arthur,UPCHURCH,37,Willian,bachelor,Labourer,,Ada Liller,WOOD,35,Willian,spinster,,,William,UPCHURCH,Railway servant,Arthur,WOOD,Farm labourer,James,UPCHURCH,,,by banns; both literate [duplicate entry to record more than two witnesses]
HRT,Willian,All Saints EX,123,28 Apr 1903,Algernon Montague,LIVESEY,33,Willian,bachelor,Gentleman,,Evelyn,BERTIE,31,Willian,spinster,,,Joseph Montague,LIVESEY,Gentleman,Montague Peregrin,BERTIE,Nobleman,Felicia,LINDSEY,Frances Emily,DENMAN,by licence; both literate
HRT,Willian,All Saints EX,125,21 Apr 1904,James Benson,MEADOWS,37,Willian,bachelor,Master Mariner,,Bessie Louisa,NICKELS,29,Willian,spinster,,,Samuel,MEADOWS,Licenced Victualler,Alfred John,NICKELS,Licenced Victualler,William Henry,MEADOWS,Alfred Charles,NICKELS,by banns; both literate
HRT,Willian,All Saints EX,126,18 Aug 1904,Arthur,KING,26,Luton,bachelor,Engineer,,Fanny Alice,WOOD,27,Willian,spinster,,,Joseph,KING,Labourer,Arthur,WOOD,Labourer,Arthur,WOOD,Ruth Elizabeth,WOOD,by banns; both literate
HRT,Willian,All Saints EX,126,18 Aug 1904,Arthur,KING,26,Luton,bachelor,Engineer,,Fanny Alice,WOOD,27,Willian,spinster,,,Joseph,KING,Labourer,Arthur,WOOD,Labourer,Eliza,KING,,,by banns; both literate [duplicate entry to record more than two witnesses]
HRT,Willian,All Saints EX,127,2 Mar 1905,Frank,PETTENGELL,28,Hitchin St Saviours,bachelor,Gardener,,Gertrude,MOUNTJOY,21,Willian,spinster,,,Frederic,PETTENGELL,Horse keeper,John,MOUNTJOY,Master Mariner,Frank Edward,URIDGE,L,URIDGE,by licence; both literate
HRT,Willian,All Saints EX,128,5 Aug 1905,George,WALKER,37,Willian,widower,Shepherd,,Lucy,DEARMER,46,Willian,spinster,,,John,WALKER,Shepherd,James,DEARMER,Stockman,S,HAYDEN,A,HAYDEN,by banns; both literate
HRT,Willian,All Saints EX,129,7 Aug 1905,Herbert Charles,WISBEY,28,Willian,bachelor,Packer,,Annie Elizabeth,MABBITT,24,Willian,spinster,,,George,WISBEY,Labourer,George,MABBITT,Labourer,Alice Jane,MABBITT,Willian John,MABBITT,by banns; both literate
HRT,Willian,All Saints EX,130,23 Dec 1905,Frederick,ANDERSON,22,Willian,bachelor,Stockman,,Lilian Lizzie,WORBEY,25,Willian,spinster,,,John,ANDERSON,Labourer,James,WORBEY,Labourer,James,WORBEY,Frances Emily,DENMAN,by banns; both literate
HRT,Willian,All Saints EX,131,14 Apr 1906,George,LAKE,23,Gt Wymondley,bachelor,Labourer,,Mary Ann Louise,HOOPER,23,Willian,spinster,,,Herbert,LAKE,Labourer,John,HOOPER,Labourer,Thomas,HOOPER,Clara,HOOPER,by banns; both literate; bride's age smudged
HRT,Willian,All Saints EX,132,6 Oct 1906,William,SCALES,24,Willian,bachelor,Farm Labourer,,Mabel Eva,WORBEY,21,Willian,spinster,,,Richard,SCALES,Farm Labourer,James,WORBEY,Farm Labourer,James,WORBEY,Ada,SCALES,by banns; both literate
HRT,Willian,All Saints EX,133,13 Oct 1906,John George,BARNES,25,William,bachelor,Farm Labourer,,Alice Jane,MABBITT,22,Willian,spinster,,,William,BARNES,Farm Labourer,George,MABBITT,Farm Labourer,Ethel Mary,MABBITT,Albert Edward,CLARKE,by banns; both literate
HRT,Willian,All Saints EX,134,24 Nov 1906,Charles,HOOPER,26,Willian,bachelor,Gardener,,Mary,FOLBIGG,27,Willian,spinster,,,John,HOOPER,Labourer,Nimrod,FOLBIGG,Labourer,Clara,HOOPER,Winnie,FOLBIGG,by banns; both literate
HRT,Willian,All Saints EX,135,9 Jan 1908,Paul,HYDE,27,Shillington,bachelor,Labourer,,Emma Jane,BUCKINGHAM,27,Willian,spinster,Domestic servant,,George,HYDE,Labourer,Joseph,BUCKINGHAM,Gardener,Walter James,WARD,Alice,BUCKINGHAM,by banns; both literate
HRT,Willian,All Saints EX,135,9 Jan 1908,Paul,HYDE,27,Shillington,bachelor,Labourer,,Emma Jane,BUCKINGHAM,27,Willian,spinster,Domestic servant,,George,HYDE,Labourer,Joseph,BUCKINGHAM,Gardener,Georgina,ASHTON,Charles,HYDE,by banns; both literate [duplicate entry to record more than two witnesses]
HRT,Willian,All Saints EX,136,26 Jan 1908,Arthur Henry,WORBEY,24,Willian,bachelor,Labourer,,Maud Keturah,MITCHELL,23,Willian,spinster,Domestic servant,,James,WORBEY,Labourer,Samuel,MITCHELL,Gardener,Ada Jane,WELCH,William,SCALES,by banns; both literate
HRT,Willian,All Saints EX,137,13 Feb 1908,George,DEVEREUX,24,Willian,bachelor,Hairdresser,,Lily,ROBERTS,21,Willian,spinster,No occupation,,Thomas,DEVEREUX,Platelayer,Richard,ROBERTS,Commercial traveller,Robert,ADAMS,Emily,ADAMS,by banns; both literate
HRT,Willian,All Saints EX,138,27 Jun 1908,Robert Morrison,ABRAHAM,29,Battersea London,bachelor,Civil engineer,,Mary Price,OWEN,29,Willian,spinster,No occupation,,William,ABRAHAM,Merchant,Price,OWEN,Gentleman,Eliza Ann,ABRAHAM,Price,OWEN,by banns; both literate
HRT,Willian,All Saints EX,138,27 Jun 1908,Robert Morrison,ABRAHAM,29,Battersea London,bachelor,Civil engineer,,Mary Price,OWEN,29,Willian,spinster,No occupation,,William,ABRAHAM,Merchant,Price,OWEN,Gentleman,[illegible],ABRAHAM,Robert,MORRISON,by banns; both literate [duplicate entry to record more than two witnesses]
HRT,Willian,All Saints EX,138,27 Jun 1908,Robert Morrison,ABRAHAM,29,Battersea London,bachelor,Civil engineer,,Mary Price,OWEN,29,Willian,spinster,No occupation,,William,ABRAHAM,Merchant,Price,OWEN,Gentleman,Hilda,CLARK,,,by banns; both literate [duplicate entry to record more than two witnesses]
HRT,Willian,All Saints EX,139,22 Aug 1908,Walter James,WARD,25,Willian,bachelor,gardener,,Alice,BUCKINGHAM,24,Willian,spinster,Domestic servant,,Walter,WARD,Deceased,Joseph,BUCKINGHAM,Gardener,Ernest George,WARD,Nora Annie,COLLIS,by banns; both literate
HRT,Willian,All Saints EX,140,7 Feb 1909,George Frederick,TINDALL,25,Willian,bachelor,Carman,,Sarah,MONK,18,Willian,spinster,Domestic servant,,George Henry,TINDALL,Carman,Harry,MONK,Labourer,John,CROUTHER,Alice,MONK,by banns; both literate
HRT,Willian,All Saints EX,141,22 May 1909,Frederick,BROWN,21,Willian,bachelor,Labourer,,Agnes,CANNON,18,Willian,spinster,Domestic servant,,Charles,BROWN,Labourer,Henry,CANNON,Labourer,Herbert Charles,BROWN,Maud,FOSTER,by banns; both literate
HRT,Willian,All Saints EX,142,7 Dec 1909,William Johnson,ROBINSON,21,Bedford,bachelor,Labourer,,Esther Amy,WESTALL,19,Willian,spinster,Domestic servant,,Tom,ROBINSON,Groom,Edward,WESTALL,Gardener,Edward,WESTALL,Florence Emily,WESTALL,by banns; both literate
HRT,Willian,All Saints EX,143,27 Dec 1909,Frederick Thomas,JOINER,24,,bachelor,Labourer,Boreham Wood,Ethel Mary,MABBITT,22,Willian,spinster,Domestic servant,,George,JOINER,Platelayer,George,MABBITT,Labourer,George,MABBITT,William John,MABBITT,by banns; both literate
HRT,Willian,All Saints EX,144,26 Mar 1910,Robert George,BRIARS,23,Willian,bachelor,Road foreman,,Rose Florence Sarah,HALL,21,Willian,spinster,School teacher,,Edward,BRIARS,Dealer,David,HALL,Stockman,David,HALL,Lily Rose,GRAY,by banns; both literate
HRT,Willian,All Saints EX,145,2 Apr 1910,Albert,SMITH,26,Willian,bachelor,gardener,,Clara,HOOPER,24,Willian,spinster,Domestic servant,,George,SMITH,Labourer,John,HOOPER,Deceased labourer,Thomas,HOOPER,Henry,SMITH,by banns; both literate
HRT,Willian,All Saints EX,146,12 Oct 1910,Francis,BARKER,23,Willian,bachelor,Labourer,,Winifred Adelaide Henrietta,BURROWS,25,Willian,spinster,Domestic servant,,Francis,BARKER,Bailiff,William,BURROWS,Deceased tradesman,Francis,BARKER,Albert Victor,FOX,by banns; both literate
HRT,Willian,All Saints EX,147,23 Sep 1911,Thomas Gill,BLACK,22,,bachelor,Chauffeur,15 Medina Road; Finsbury Park; N,Beatrice May,WOOD,19,Willian,spinster,Domestic servant,,Thomas George Duncan,BLACK,Cooper,George Walter,WOOD,Labourer,Charles Edward,FILER,George Wood,WALTER,by banns; both literate
HRT,Willian,All Saints EX,148,21 Oct 1911,Albert Vincent,CRAWLEY,25,Willian,bachelor,Labourer,,Caroline Mary,DEARMER,25,Willian,spinster,Domestic servant,,Henry Charles,CRAWLEY,Labourer,William,DEARMER,Labourer,Minnie,CRAWLEY,Alfred,DEARMER,by banns; both literate
HRT,Willian,All Saints EX,149,11 Nov 1911,George Bradley,SIMPKINS,21,Willian,bachelor,Painter,,Eliza Ann,BURTON,21,Willian,spinster,Tailoress,,James,SIMPKINS,Gardener,William,BURTON,Painter,Harry,RITSON,Alice,BURTON,by banns; both literate
HRT,Willian,All Saints EX,150,11 Nov 1911,Percy,BROWN,21,Willian,bachelor,Dairyman,,Bessie Malinda,SWAIN,21,Weston,spinster,Domestic servant,,Charles,BROWN,Labourer,Thomas,SWAIN,Labourer,Ernest George,BURTON,?,BROWN,by banns; both literate
